,data,vazao,chuva_media,mes,evaporacao,evap_inicial,retencao,evap_n_atendida,ret_corrig,escoamento,reserv_solo,S1,RE,Solo,C,S2,vazao_calc,Ps,rec_solo,rec_rio,perdas,reserv_solo_corrig,profundo,Fg,profundo_corrigido,S3,volume_precipitado,lamina_Q_observada,evaporacao_potencial,evaporacao_real_maxima,evaporacao_real,solo_inicio,solo_fim,armazenamento_sup_inicio,armazenamento_sup_fim,escoado,balanco
0,0.0,0.000,0.000,0.000,0.000,0.0,0.0,0.0,0.0,0.0,0.0,0.0,0.0,0.0,0.0,0.0,0.0,0.0,0.0,0.0,,0.0,0.0,0.0,0.0,0.0,,,,,,,,,,,
1,4/1/1967,0.000,2.810,4.000,4.235,2.81,0.0,1.4250000000000003,0.0,0.0,0,0.0,0,0,0,0.0,0.0,0.0,0.0,0.0,0.0,0.0,0.0,0.0,0,0.0,30877.76300000004,6448.054468508207,41614.556999999986,24429.708531491833,15647.589334315759,0.0,0.0,0.0,0.4950258421240201,6158.938617957041,-0.006432980306271929
2,4/2/1967,0.000,1.841,4.000,4.235,1.841,0.0,2.394,0.0,0.0,0.0,0.0,0.0,0.0,0,0.0,0.0,0.0,0.0,0.0,0.0,0.0,0,0.0,0,0.0,,,,,,,,,,,
3,4/3/1967,0.000,2.566,4.000,4.235,2.566,0.0,1.6690000000000005,0.0,0.0,0.0,0.0,0.0,0.0,0,0.0,0.0,0.0,0.0,0.0,0.0,0.0,0,0.0,0,0.0,,,,,,,,,,,
4,4/4/1967,0.000,12.369,4.000,4.235,4.235,8.134,0.0,0,8.04455855428157,0.0,8.04455855428157,0.0,0.0,0.6707120978727121,7.373846456408858,1.3700796405021416,0.08944144571843,0.08944144571843,0.0,0.3511344190796129,0.08944144571843,0,0.0,0,7.373846456408858,,,,,,,,,,,
5,4/5/1967,0.000,15.261,4.000,4.235,4.235,11.026,0.0,0,11.026,0.08944144571843,18.400244605668263,0.0,0.08944144571843,2.663208114858212,15.737036490810052,4.872471397767678,0.0,0.0,0.00039814925940304455,1.5266806800634984,0.08904329645902696,0,0.0,0,15.737036490810052,,,,,,,,,,,
6,4/6/1967,0.000,13.043,4.000,4.235,4.235,8.808,0.0,0,8.807601850740596,0.08904329645902696,24.545034718445667,0.0,0.08904329645902696,4.304987182538265,20.2400475359074,7.536520255044711,0.0003981492594030382,0.0003981492594030382,0.0003963768950199571,2.5470575132807647,0.08904506882341005,0,0.0,0,20.2400475359074,,,,,,,,,,,
7,4/7/1967,0.000,4.837,4.000,4.235,4.235,0.6019999999999994,0.0,0,0.601603623671081,0.08904506882341005,20.842047544363197,0.0,0.08904506882341005,3.27793055549344,17.564116988869756,5.886293607230742,0.00039637632891838834,0.00039637632891838834,0.000396384784713162,1.9049242045604273,0.08904506036761528,0,0.0,0,17.564116988869756,,,,,,,,,,,
8,4/8/1967,0.000,4.951,4.000,4.235,4.235,0.7159999999999993,0.0,0,0.7156036146934251,0.08904506036761528,18.280116988310255,0.0,0.08904506036761528,2.6342929086606452,15.645824079649609,4.824218372498475,0.00039638530657419894,0.00039638530657419894,0.00039638474707212883,1.5090207245494796,0.08904506092711735,0,0.0,0,15.645824079649609,,,,,,,,,,,
9,4/9/1967,3.447,2.342,4.000,4.235,2.342,0.0,1.8930000000000002,0.0,0.0,0.08904506092711735,15.645824079649609,0.08904506092711735,0.0,2.0324967012005892,13.61332737844902,3.806599122613882,0.0,0.0,0.0,1.1445891112046258,0.0,0,0.0,0,13.61332737844902,,,,,,,,,,,
10,4/10/1967,2.644,1.315,4.000,4.235,1.315,0.0,2.9200000000000004,0.0,0.0,0.0,13.61332737844902,0.0,0.0,1.6117818438845937,12.001545534564427,3.0775888997289065,0.0,0.0,0.0,0.89391940160036,0.0,0,0.0,0,12.001545534564427,,,,,,,,,,,
11,4/11/1967,2.396,1.338,4.000,4.235,1.338,0.0,2.8970000000000002,0.0,0.0,0.0,12.001545534564427,0.0,0.0,1.3064548538896195,10.695090680674808,2.537221389220685,0.0,0.0,0.0,0.7146357375540376,0.0,0,0.0,0,10.695090680674808,,,,,,,,,,,
12,4/12/1967,0.000,5.083,4.000,4.235,4.235,0.8479999999999999,0.0,0,0.7585585553225008,0.0,11.45364923599731,0.0,0.0,1.2085712054471685,10.245078030550141,2.3616114649415016,0.08944144467749901,0.08944144467749901,0.0,0.6577139502436918,0.08944144467749901,0,0.0,0,10.245078030550141,,,,,,,,,,,
13,4/13/1967,0.000,1.231,4.000,4.235,1.231,0.0,3.0040000000000004,0.0,0.0,0.08944144467749901,10.245078030550141,0.08944144467749901,0.0,1.0035936287691887,9.241484401780953,1.9895345132095652,0.0,0.0,0.0,0.5395251156590725,0.0,0,0.0,0,9.241484401780953,,,,,,,,,,,
14,4/14/1967,1.307,0.702,4.000,4.235,0.702,0.0,3.5330000000000004,0.0,0.0,0.0,9.241484401780953,0.0,0.0,0.8451529974415977,8.396331404339355,1.6973389480566732,0.0,0.0,0.0,0.44924050804334026,0.0,0,0.0,0,8.396331404339355,,,,,,,,,,,
15,4/15/1967,1.194,0.934,4.000,4.235,0.934,0.0,3.301,0.0,0.0,0.0,8.396331404339355,0.0,0.0,0.7203027362321839,7.676028668107171,1.4637736964566428,0.0,0.0,0.0,0.3788704673601633,0.0,0,0.0,0,7.676028668107171,,,,,,,,,,,
16,4/16/1967,0.981,1.896,4.000,4.235,1.896,0.0,2.3390000000000004,0.0,0.0,0.0,7.676028668107171,0.0,0.0,0.620288064724466,7.055740603382705,1.27421852297376,0.0,0.0,0.0,0.3230704535658327,0.0,0,0.0,0,7.055740603382705,,,,,,,,,,,
17,4/17/1967,11.947,17.782,4.000,4.235,4.235,13.547,0.0,0,13.45755855428157,0.0,20.513299157664274,0.0,0.0,3.1922113266662775,17.321087830997996,5.7462196951258635,0.08944144571843,0.08944144571843,0.0,1.8518778907716482,0.08944144571843,0,0.0,0,17.321087830997996,,,,,,,,,,,
18,4/18/1967,48.943,19.409,4.000,4.235,4.235,15.174,0.0,0,15.174,0.08944144571843,32.4954859802574,0.0,0.08944144571843,6.871805185569013,25.623680794688386,11.485415513259861,0.0,0.0,0.00039814925940304455,4.192776666937361,0.08904329645902696,0,0.0,0,25.623680794688386,,,,,,,,,,,
19,4/19/1967,16.717,10.161,4.000,4.235,4.235,5.925999999999999,0.0,0,5.9256018507405965,0.08904329645902696,31.549679022324,0.0,0.08904329645902696,6.5417009526728425,25.00797806965116,10.989025538496591,0.0003981492594030382,0.0003981492594030382,0.0003963768950199571,3.9784577878421348,0.08904506882341005,0,0.0,0,25.00797806965116,,,,,,,,,,,
20,4/20/1967,7.998,5.696,4.000,4.235,4.235,1.4609999999999994,0.0,0,1.4606036231049795,0.08904506882341005,26.468978077540854,0.0,0.08904506882341005,4.881962081960977,21.587015995579875,8.443693509476537,0.00039637689501994855,0.00039637689501994855,0.000396384784713162,2.9124298792856016,0.08904506093371685,0,0.0,0,21.587015995579875,,,,,,,,,,,
21,4/21/1967,8.721,2.033,4.000,4.235,2.033,0.0,2.2020000000000004,0.0,0.0,0.08904506093371685,21.587015995579875,0.08904506093371685,0.0,3.4755227344942505,18.111493261085624,6.207702566988332,0.0,0.0,0.0,2.027546194773534,0.0,0,0.0,0,18.111493261085624,,,,,,,,,,,
22,4/22/1967,8.967,0.265,4.000,4.235,0.265,0.0,3.97,0.0,0.0,0.0,18.111493261085624,0.0,0.0,2.593917798674051,15.517575462411573,4.756749746290388,0.0,0.0,0.0,1.4843829967686655,0.0,0,0.0,0,15.517575462411573,,,,,,,,,,,
23,4/23/1967,1.797,0.304,4.000,4.235,0.304,0.0,3.9310000000000005,0.0,0.0,0.0,15.517575462411573,0.0,0.0,2.0048053912065322,13.51277007120504,3.7591039397567667,0.0,0.0,0.0,1.1279762814993262,0.0,0,0.0,0,13.51277007120504,,,,,,,,,,,
24,4/24/1967,1.463,0.566,4.000,4.235,0.566,0.0,3.6690000000000005,0.0,0.0,0.0,13.51277007120504,0.0,0.0,1.591987877735677,11.920782193469362,3.042870179893302,0.0,0.0,0.0,0.8822237441684928,0.0,0,0.0,0,11.920782193469362,,,,,,,,,,,
25,4/25/1967,1.345,0.650,4.000,4.235,0.65,0.0,3.5850000000000004,0.0,0.0,0.0,11.920782193469362,0.0,0.0,1.2918349590710503,10.628947234398312,2.5110710570097665,0.0,0.0,0.0,0.7061155337465478,0.0,0,0.0,0,10.628947234398312,,,,,,,,,,,
26,4/26/1967,1.194,0.971,4.000,4.235,0.971,0.0,3.2640000000000002,0.0,0.0,0.0,10.628947234398312,0.0,0.0,1.067045314680179,9.561901919718133,2.1053811249867507,0.0,0.0,0.0,0.5759550210885797,0.0,0,0.0,0,9.561901919718133,,,,,,,,,,,
27,4/27/1967,3.008,9.603,4.000,4.235,4.235,5.367999999999999,0.0,0,5.278558554281569,0.0,14.840460473999702,0.0,0.0,1.8611358397672024,12.9793246342325,3.5116287794568457,0.08944144571843,0.08944144571843,0.0,1.04203150382469,0.08944144571843,0,0.0,0,12.9793246342325,,,,,,,,,,,
28,4/28/1967,11.579,7.570,4.000,4.235,4.235,3.335,0.0,0,3.335,0.08944144571843,16.314722783491902,0.0,0.08944144571843,2.1793748894625833,14.13534789402932,4.057470389009039,0.0,0.0,0.00039814925940304455,1.2329503675888016,0.08904329645902696,0,0.0,0,14.13534789402932,,,,,,,,,,,
29,4/29/1967,6.999,7.769,4.000,4.235,4.235,3.534,0.0,0,3.5336018507405966,0.08904329645902696,17.669346121664933,0.0,0.08904329645902696,2.489238876144591,15.180107245520343,4.581318993059011,0.0003981492594030382,0.0003981492594030382,0.0003963768950199571,1.4206241428609538,0.08904506882341005,0,0.0,0,15.180107245520343,,,,,,,,,,,
30,4/30/1967,4.968,4.235,4.000,4.235,4.235,0.0,0.0,0.0,0.0,0.08904506882341005,15.180503630305056,0.0,0.08904506882341005,1.9327517631386175,13.24775186716644,3.6352146869378776,0.0,0.0,0.000396384784713162,1.0848204186947221,0.0886486840386969,0,0.0,0,13.24775186716644,,,,,,,,,,,
31,5/1/1967,3.850,4.392,5.000,3.714,3.714,0.6780000000000004,0.0,0,0.6772072385276815,0.0886486840386969,13.925353725969023,0.0,0.0886486840386969,1.673822896513985,12.251530829455039,3.1861486959291976,0.0007927614723188477,0.0007927614723188477,0.00039462027490225166,0.9306383585979779,0.0890468252361135,0,0.0,0,12.251530829455039,,,,,,,,,,,
32,5/2/1967,2.445,7.180,5.000,3.714,3.714,3.4659999999999997,0.0,0,3.465605379517683,0.0890468252361135,15.717532601576119,0.0,0.0890468252361135,2.048046099045855,13.669486502530264,3.8332408572005,0.0003946204823165007,0.0003946204823165007,0.0003963926033973466,1.153924196066529,0.08904505311503266,0,0.0,0,13.669486502530264,,,,,,,,,,,
33,5/3/1967,2.955,3.229,5.000,3.714,3.229,0.0,0.4849999999999999,0.0,0.0,0.08904505311503266,13.669698951463918,0.04131988643787876,0.0477251666771539,1.622920932112837,12.04677801935108,3.097109064567124,0.0,0.0,0.00021244893365448197,0.9005053173091068,0.04751271774349942,0,0.0,0,12.04677801935108,,,,,,,,,,,
34,5/4/1967,2.798,1.638,5.000,3.714,1.638,0.0,2.076,0.0,0.0,0.04751271774349942,12.04677801935108,0.04751271774349942,0.0,1.3146716300688364,10.732106389282244,2.551906754116632,0.0,0.0,0.0,0.7194270816000128,0.0,0,0.0,0,10.732106389282244,,,,,,,,,,,
35,5/5/1967,3.062,5.435,5.000,3.714,3.714,1.7209999999999996,0.0,0,1.6315585542815696,0.0,12.363664943563814,0.0,0.0,1.3728122840698795,10.990852659493934,2.6555795325498632,0.08944144571843,0.08944144571843,0.0,0.7533855604148161,0.08944144571843,0,0.0,0,10.990852659493934,,,,,,,,,,,
36,5/6/1967,14.552,15.969,5.000,3.714,3.714,12.254999999999999,0.0,0,12.254999999999999,0.08944144571843,23.246250808753338,0.0,0.08944144571843,3.932064593066784,19.314186215686554,6.942951637403202,0.0,0.0,0.00039814925940304455,2.312587664381926,0.08904329645902696,0,0.0,0,19.314186215686554,,,,,,,,,,,
37,5/7/1967,28.738,10.749,5.000,3.714,3.714,7.035,0.0,0,7.034601850740597,0.08904329645902696,26.34918444332217,0.0,0.08904329645902696,4.845192921471875,21.503991521850295,8.386261686191938,0.0003981492594030382,0.0003981492594030382,0.0003963768950199571,2.8890569683513214,0.08904506882341005,0,0.0,0,21.503991521850295,,,,,,,,,,,
38,5/8/1967,21.518,13.846,5.000,3.714,3.714,10.132,0.0,0,10.13160362310498,0.08904506882341005,31.63599152973999,0.0,0.08904506882341005,6.571555738951247,25.064435790788743,11.034042469897098,0.00039637689501995115,0.00039637689501995115,0.000396384784713162,3.9978121579271493,0.08904506093371685,0,0.0,0,25.064435790788743,,,,,,,,,,,
39,5/9/1967,8.477,10.147,5.000,3.714,3.714,6.433,0.0,0,6.432603615215287,0.08904506093371685,31.49743579075362,0.0,0.08904506093371685,6.52365687460674,24.97377891614688,10.961805466100442,0.0003963847847131611,0.0003963847847131611,0.0003963847495921342,3.9667629228405756,0.08904506096883787,0,0.0,0,24.97377891614688,,,,,,,,,,,
40,5/10/1967,7.763,5.073,5.000,3.714,3.714,1.3590000000000004,0.0,0,1.3586036152504084,0.08904506096883787,26.33277891614704,0.0,0.08904506096883787,4.840166108955696,21.492612807191342,8.378406145504139,0.00039638474959211213,0.00039638474959211213,0.00039638474974847566,2.8858624985577537,0.0890450609686815,0,0.0,0,21.492612807191342,,,,,,,,,,,
41,5/11/1967,6.054,3.899,5.000,3.714,3.714,0.18500000000000005,0.0,0,0.1846099609891638,0.0890450609686815,21.677619152930255,0.0,0.0890450609686815,3.4998686712560514,18.177750481674202,6.247165827376358,0.0003900390108362708,0.0003900390108362708,0.0003963847497477796,2.042687135869688,0.08903871522977,0,0.0,0,18.177750481674202,,,,,,,,,,,
42,5/12/1967,2.902,2.154,5.000,3.714,2.154,0.0,1.56,0.0,0.0,0.08903871522977,18.177750481674202,0.08903871522977,0.0,2.609752612783065,15.567997868891137,4.783223234750948,0.0,0.0,0.0,1.4940427421140263,0.0,0,0.0,0,15.567997868891137,,,,,,,,,,,
43,5/13/1967,2.299,1.794,5.000,3.714,1.794,0.0,1.92,0.0,0.0,0.0,15.567997868891137,0.0,0.0,2.015674417650231,13.552323451240905,3.77775378828792,0.0,0.0,0.0,1.1344951408963528,0.0,0,0.0,0,13.552323451240905,,,,,,,,,,,
44,5/14/1967,2.494,5.853,5.000,3.714,3.714,2.139,0.0,0,2.0495585542815697,0.0,15.601882005522475,0.0,0.0,2.022991664196783,13.578890341325693,3.7903036512459676,0.08944144571843,0.08944144571843,0.0,1.1388850714280239,0.08944144571843,0,0.0,0,13.578890341325693,,,,,,,,,,,
45,5/15/1967,12.698,9.554,5.000,3.714,3.714,5.84,0.0,0,5.84,0.08944144571843,19.419288490585096,0.0,0.08944144571843,2.9135421195189815,16.505746371066113,5.288016971332527,0.0,0.0,0.00039814925940304455,1.6800866771057255,0.08904329645902696,0,0.0,0,16.505746371066113,,,,,,,,,,,
46,5/16/1967,5.365,0.915,5.000,3.714,0.915,0.0,2.799,0.0,0.0,0.08904329645902696,16.505746371066113,0.08904329645902696,0.0,2.2220699374714603,14.283676433594653,4.130073766573137,0.0,0.0,0.0,1.2587103278928722,0.0,0,0.0,0,14.283676433594653,,,,,,,,,,,
47,5/17/1967,2.544,2.270,5.000,3.714,2.27,0.0,1.444,0.0,0.0,0.0,14.283676433594653,0.0,0.0,1.7462206410584051,12.537455792536248,3.312345487517126,0.0,0.0,0.0,0.9736000933407887,0.0,0,0.0,0,12.537455792536248,,,,,,,,,,,
48,5/18/1967,1.753,0.675,5.000,3.714,0.675,0.0,3.0389999999999997,0.0,0.0,0.0,12.537455792536248,0.0,0.0,1.4051244880134772,11.13233130452277,2.713019926704539,0.0,0.0,0.0,0.7722995156068418,0.0,0,0.0,0,11.13233130452277,,,,,,,,,,,
49,5/19/1967,1.626,2.338,5.000,3.714,2.338,0.0,1.376,0.0,0.0,0.0,11.13233130452277,0.0,0.0,1.1525930130269095,9.979738291495861,2.260605630409957,0.0,0.0,0.0,0.6252958554921497,0.0,0,0.0,0,9.979738291495861,,,,,,,,,,,
50,5/20/1967,1.929,2.303,5.000,3.714,2.303,0.0,1.411,0.0,0.0,0.0,9.979738291495861,0.0,0.0,0.9606481827947596,9.019090108701102,1.910761294154255,0.0,0.0,0.0,0.5149539026507868,0.0,0,0.0,0,9.019090108701102,,,,,,,,,,,
51,5/21/1967,1.626,3.629,5.000,3.714,3.629,0.0,0.08499999999999996,0.0,0.0,0.0,9.019090108701102,0.0,0.0,0.8115282724284687,8.207561836272633,1.6347434136046721,0.0,0.0,0.0,0.4302164930996291,0.0,0,0.0,0,8.207561836272633,,,,,,,,,,,
52,5/22/1967,1.384,2.301,5.000,3.714,2.301,0.0,1.4129999999999998,0.0,0.0,0.0,8.207561836272633,0.0,0.0,0.6935153058633762,7.514046530409257,1.413232234801344,0.0,0.0,0.0,0.363872076490323,0.0,0,0.0,0,7.514046530409257,,,,,,,,,,,
53,5/23/1967,1.269,1.784,5.000,3.714,1.784,0.0,1.93,0.0,0.0,0.0,7.514046530409257,0.0,0.0,0.598626003607282,6.9154205268019755,1.2328423790236704,0.0,0.0,0.0,0.31105957742365686,0.0,0,0.0,0,6.9154205268019755,,,,,,,,,,,
54,5/24/1967,1.121,0.962,5.000,3.714,0.962,0.0,2.752,0.0,0.0,0.0,6.9154205268019755,0.0,0.0,0.5212708457032552,6.39414968109872,1.0840576781484097,0.0,0.0,0.0,0.2684091680174726,0.0,0,0.0,0,6.39414968109872,,,,,,,,,,,
55,5/25/1967,1.050,3.016,5.000,3.714,3.016,0.0,0.698,0.0,0.0,0.0,6.39414968109872,0.0,0.0,0.45744312911883206,5.9367065519798885,0.9599605709147783,0.0,0.0,0.0,0.23352769974028445,0.0,0,0.0,0,5.9367065519798885,,,,,,,,,,,
56,5/26/1967,1.626,6.626,5.000,3.714,3.714,2.9120000000000004,0.0,0,2.8225585542815703,0.0,8.75926510626146,0.0,0.0,0.7729390150371286,7.98632609122433,1.5626316782825105,0.08944144571843,0.08944144571843,0.0,0.4084476454908565,0.08944144571843,0,0.0,0,7.98632609122433,,,,,,,,,,,
57,5/27/1967,1.711,4.593,5.000,3.714,3.714,0.879,0.0,0,0.879,0.08944144571843,8.865724240483734,0.0,0.08944144571843,0.7886593857239271,8.077064854759808,1.592044492244275,0.0,0.0,0.00039814925940304455,0.41730733557573846,0.08904329645902696,0,0.0,0,8.077064854759808,,,,,,,,,,,
58,5/28/1967,1.544,2.198,5.000,3.714,2.198,0.0,1.516,0.0,0.0,0.08904329645902696,8.077064854759808,0.08904329645902696,0.0,0.675235180541655,7.401829674218153,1.3786486640742204,0.0,0.0,0.0,0.3536587357047916,0.0,0,0.0,0,7.401829674218153,,,,,,,,,,,
59,5/29/1967,1.231,4.422,5.000,3.714,3.714,0.7079999999999997,0.0,0,0.6185585781046556,0.0,8.020388252322808,0.0,0.0,0.6673568127474948,7.353031439575314,1.3637199204817068,0.08944142189534411,0.08944142189534411,0.0,0.3492625692977306,0.08944142189534411,0,0.0,0,7.353031439575314,,,,,,,,,,,
60,5/30/1967,1.157,2.335,5.000,3.714,2.335,0.0,1.379,0.0,0.0,0.08944142189534411,7.353031439575314,0.08944142189534411,0.0,0.5773996055327917,6.775631834042522,1.1921795941220434,0.0,0.0,0.0,0.29931796988832254,0.0,0,0.0,0,6.775631834042522,,,,,,,,,,,
61,5/31/1967,1.086,7.566,5.000,3.714,3.714,3.852,0.0,0,3.76255855428157,0.0,10.538190388324091,0.0,0.0,1.0519033677727652,9.486287020551327,2.077792730268106,0.08944144571843,0.08944144571843,0.0,0.5672482002024392,0.08944144571843,0,0.0,0,9.486287020551327,,,,,,,,,,,
62,6/1/1967,8.967,17.901,6.000,3.269,3.269,14.632,0.0,0,14.632,0.08944144571843,24.118685169810732,0.0,0.08944144571843,4.181080145262145,19.93760502454859,7.339962978736428,0.0,0.0,0.00039814925940304455,2.4689984079463767,0.08904329645902696,0,0.0,0,19.93760502454859,,,,,,,,,,,
63,6/2/1967,6.411,5.323,6.000,3.269,3.269,2.0540000000000003,0.0,0,2.053601850740597,0.08904329645902696,21.991603252184206,0.0,0.08904329645902696,3.5847642343986363,18.40683901778557,6.384545034428558,0.0003981492594030382,0.0003981492594030382,0.0003963768950199571,2.0955383369136666,0.08904506882341005,0,0.0,0,18.40683901778557,,,,,,,,,,,
64,6/3/1967,5.432,9.035,6.000,3.269,3.269,5.766,0.0,0,5.76560362310498,0.08904506882341005,24.172839025675263,0.0,0.08904506882341005,4.196738201092371,19.976100824582893,7.364837419031489,0.00039637689501995115,0.00039637689501995115,0.000396384784713162,2.4788543807036363,0.08904506093371685,0,0.0,0,19.976100824582893,,,,,,,,,,,
65,6/4/1967,3.560,9.422,6.000,3.269,3.269,6.1530000000000005,0.0,0,6.152603615215288,0.08904506093371685,26.129100824547773,0.0,0.08904506093371685,4.777931136189852,21.35116968835792,8.281072005736345,0.0003963847847131611,0.0003963847847131611,0.0003963847495921342,2.8463311829624622,0.08904506096883787,0,0.0,0,21.35116968835792,,,,,,,,,,,
66,6/5/1967,2.695,3.210,6.000,3.269,3.21,0.0,0.05900000000000016,0.0,0.0,0.08904506096883787,21.35154369741282,0.005026543310154447,0.08401851765868341,3.4125674509113053,17.938976246501515,6.105516769861878,0.0,0.0,0.0003740090548989576,1.9884262408210076,0.08364450860378446,0,0.0,0,17.938976246501515,,,,,,,,,,,
67,6/6/1967,1.753,7.490,6.000,3.269,3.269,4.221,0.0,0,4.2152030628853545,0.08364450860378446,22.154551653537684,0.0,0.08364450860378446,3.629142773773794,18.52540887976389,6.456217875557618,0.005796937114645544,0.005796937114645544,0.000372344150815376,2.123198840691903,0.08906910156761463,0,0.0,0,18.52540887976389,,,,,,,,,,,
68,6/7/1967,25.775,12.680,6.000,3.269,3.269,9.411,0.0,0,9.410627655849185,0.08906910156761463,27.936433027379728,0.0,0.08906910156761463,5.341345874516995,22.59508715286273,9.157151910703668,0.00037234415081537444,0.00037234415081537444,0.00039649176665234714,3.2053960614784462,0.08904495395177765,0,0.0,0,22.59508715286273,,,,,,,,,,,
69,6/8/1967,22.822,5.155,6.000,3.269,3.269,1.8860000000000001,0.0,0,1.8856035082333478,0.08904495395177765,24.481087045369442,0.0,0.08904495395177765,4.286310304802399,20.194776740567043,7.506933620057059,0.00039649176665235337,0.00039649176665235337,0.0003963842733612379,2.535281860738776,0.08904506144506877,0,0.0,0,20.194776740567043,,,,,,,,,,,
70,6/9/1967,9.216,2.647,6.000,3.269,2.647,0.0,0.6220000000000003,0.0,0.0,0.08904506144506877,20.194937232399123,0.05299169415091259,0.03605336729415618,3.110068521879001,17.084868710520123,5.611613415156799,0.0,0.0,0.0001604918320791003,1.801132649477631,0.03589287546207708,0,0.0,0,17.084868710520123,,,,,,,,,,,
71,6/10/1967,3.969,1.647,6.000,3.269,1.647,0.0,1.622,0.0,0.0,0.03589287546207708,17.084868710520123,0.03589287546207708,0.0,2.3535234024990865,14.731345308021037,4.3527450312370695,0.0,0.0,0.0,1.3382246473470758,0.0,0,0.0,0,14.731345308021037,,,,,,,,,,,
72,6/11/1967,3.792,2.309,6.000,3.269,2.309,0.0,0.96,0.0,0.0,0.0,14.731345308021037,0.0,0.0,1.838384970607823,12.892960337413214,3.472271826560127,0.0,0.0,0.0,1.028460833596296,0.0,0,0.0,0,12.892960337413214,,,,,,,,,,,
73,6/12/1967,3.335,6.853,6.000,3.269,3.269,3.5839999999999996,0.0,0,3.4945585542815696,0.0,16.387518891694782,0.0,0.0,2.195606226483096,14.191912665211685,4.085088570609454,0.08944144571843,0.08944144571843,0.0,1.2427396306543201,0.08944144571843,0,0.0,0,14.191912665211685,,,,,,,,,,,
74,6/13/1967,3.391,5.848,6.000,3.269,3.269,2.5789999999999997,0.0,0,2.5789999999999997,0.08944144571843,16.77131081447109,0.0,0.08944144571843,2.281974519403306,14.489336295067783,4.23170714744296,0.0,0.0,0.00039814925940304455,1.2949084339483454,0.08904329645902696,0,0.0,0,14.489336295067783,,,,,,,,,,,
75,6/14/1967,8.156,4.460,6.000,3.269,3.269,1.1909999999999998,0.0,0,1.190601850740598,0.08904329645902696,15.680334522703403,0.0,0.08904329645902696,2.039974087324383,13.64036043537902,3.819413090870647,0.0003981492594019545,0.0003981492594019545,0.0003963768950199571,1.1490775774798443,0.08904506882340897,0,0.0,0,13.64036043537902,,,,,,,,,,,
76,6/15/1967,7.225,5.046,6.000,3.269,3.269,1.7770000000000001,0.0,0,1.776603623104979,0.08904506882340897,15.417360443268711,0.0,0.08904506882340897,1.9832729473905573,13.434087495878154,3.722127557656466,0.0003963768950210333,0.0003963768950210333,0.0003963847847131572,1.1150687570036981,0.08904506093371685,0,0.0,0,13.434087495878154,,,,,,,,,,,
77,6/16/1967,5.165,2.228,6.000,3.269,2.228,0.0,1.041,0.0,0.0,0.08904506093371685,13.434089082350974,0.08868867091351597,0.00035639002020088073,1.5765684009335987,11.857520681417375,3.0157959476639977,0.0,0.0,1.5864728198638459e-06,0.8731194625092131,0.00035480354738101687,0,0.0,0,11.857520681417375,,,,,,,,,,,
78,6/17/1967,3.335,5.227,6.000,3.269,3.269,1.9580000000000002,0.0,0,1.8689133578289512,0.00035480354738101687,13.72643561865695,0.0,0.00035480354738101687,1.6341631278698268,12.092272490787124,3.1167969832673537,0.08908664217104899,0.08908664217104899,1.5794106243322534e-06,0.9071552111498512,0.08943986630780568,0,0.0,0,12.092272490787124,,,,,,,,,,,
79,6/18/1967,2.850,2.909,6.000,3.269,2.909,0.0,0.3600000000000003,0.0,0.0,0.08943986630780568,12.092533524676757,0.030800429164778202,0.058639437143027474,1.323004368490729,10.769529156186028,2.5667907425767935,0.0,0.0,0.0002610338896333036,0.7242880579851101,0.05837840325339417,0,0.0,0,10.769529156186028,,,,,,,,,,,
80,6/19/1967,1.797,1.475,6.000,3.269,1.475,0.0,1.794,0.0,0.0,0.05837840325339417,10.769529156186028,0.05837840325339417,0.0,1.0906706807723818,9.678858475413646,2.148356699276841,0.0,0.0,0.0,0.5895561273710433,0.0,0,0.0,0,9.678858475413646,,,,,,,,,,,
81,6/20/1967,1.544,0.982,6.000,3.269,0.982,0.0,2.287,0.0,0.0,0.0,9.678858475413646,0.0,0.0,0.9128638535736527,8.765994621839994,1.8227479191263098,0.0,0.0,0.0,0.487699117306318,0.0,0,0.0,0,8.765994621839994,,,,,,,,,,,
82,6/21/1967,1.840,5.656,6.000,3.269,3.269,2.3869999999999996,0.0,0,2.2975585542815695,0.0,11.063553176121562,0.0,0.0,1.140749159340194,9.922804016781368,2.2391786610807243,0.08944144571843,0.08944144571843,0.0,0.6184499456616741,0.08944144571843,0,0.0,0,9.922804016781368,,,,,,,,,,,
83,6/22/1967,5.033,15.017,6.000,3.269,3.269,11.748,0.0,0,11.748,0.08944144571843,21.67120216604077,0.0,0.08944144571843,3.498142129002721,18.17306003703805,6.244368190298641,0.0,0.0,0.00039814925940304455,2.041613155947022,0.08904329645902696,0,0.0,0,18.17306003703805,,,,,,,,,,,
84,6/23/1967,5.298,9.171,6.000,3.269,3.269,5.901999999999999,0.0,0,5.9016018507405965,0.08904329645902696,24.075058264673665,0.0,0.08904329645902696,4.168482887071489,19.906575377602174,7.319943376347829,0.0003981492594030382,0.0003981492594030382,0.0003963768950199571,2.461070818490718,0.08904506882341005,0,0.0,0,19.906575377602174,,,,,,,,,,,
85,6/24/1967,4.773,5.472,6.000,3.269,3.269,2.2030000000000003,0.0,0,2.2026036231049804,0.08904506882341005,22.10957538549187,0.0,0.08904506882341005,3.616871795143471,18.4927035903484,6.436409425019121,0.00039637689501995115,0.00039637689501995115,0.000396384784713162,2.115548278609965,0.08904506093371685,0,0.0,0,18.4927035903484,,,,,,,,,,,
86,6/25/1967,3.969,3.036,6.000,3.269,3.036,0.0,0.2330000000000001,0.0,0.0,0.08904506093371685,18.49301161006582,0.019850586285157762,0.06919447464855909,2.685623831105505,15.807387778960315,4.909840964376978,0.0,0.0,0.0003080197174231245,1.5403797648088977,0.06888645493113596,0,0.0,0,15.807387778960315,,,,,,,,,,,
87,6/26/1967,3.560,1.495,6.000,3.269,1.495,0.0,1.774,0.0,0.0,0.06888645493113596,15.807387778960315,0.06888645493113596,0.0,2.0675973029380033,13.739790476022312,3.8667107666987417,0.0,0.0,0.0,1.1656683822710463,0.0,0,0.0,0,13.739790476022312,,,,,,,,,,,
88,6/27/1967,3.447,2.457,6.000,3.269,2.457,0.0,0.8120000000000003,0.0,0.0,0.0,13.739790476022312,0.0,0.0,1.6368138636562273,12.102976612366085,3.121437206141592,0.0,0.0,0.0,0.9087235925888152,0.0,0,0.0,0,12.102976612366085,,,,,,,,,,,
89,6/28/1967,2.644,2.297,6.000,3.269,2.297,0.0,0.972,0.0,0.0,0.0,12.102976612366085,0.0,0.0,1.324909156468,10.778067455898086,2.5701918716611227,0.0,0.0,0.0,0.7253995162128437,0.0,0,0.0,0,10.778067455898086,,,,,,,,,,,
90,6/29/1967,5.365,4.626,6.000,3.269,3.269,1.3570000000000002,0.0,0,1.2675585542815822,0.0,12.045626010179667,0.0,0.0,1.3144621044048017,10.731163905774865,2.5515323863086645,0.08944144571841814,0.08944144571841814,0.0,0.7193048790313284,0.08944144571841814,0,0.0,0,10.731163905774865,,,,,,,,,,,
91,6/30/1967,1.840,11.021,6.000,3.269,3.269,7.752000000000001,0.0,0,7.751999999999989,0.08944144571841814,18.48356205503426,0.0,0.08944144571841814,2.683337054895035,15.800225000139225,4.906030128579363,1.186634431088806e-14,1.186634431088806e-14,0.00039814925940299175,1.5389818844132852,0.08904329645902702,0,0.0,0,15.800225000139225,,,,,,,,,,,
92,7/1/1967,14.452,20.642,7.000,3.463,3.463,17.179,0.0,0,17.178601850740595,0.08904329645902702,32.97922322777484,0.0,0.08904329645902702,7.04314260995552,25.936080617819318,11.74190662336768,0.0003981492594029883,0.0003981492594029883,0.0003963768950199574,4.304286303817093,0.08904506882341005,0,0.0,0,25.936080617819318,,,,,,,,,,,
93,7/2/1967,41.872,12.173,7.000,3.463,3.463,8.71,0.0,0,8.70960362310498,0.08904506882341005,34.64608062570901,0.0,0.08904506882341005,7.6463815349321935,26.99969909077682,12.638968104502014,0.00039637689501995115,0.00039637689501995115,0.000396384784713162,4.69828131522788,0.08904506093371685,0,0.0,0,26.99969909077682,,,,,,,,,,,
94,7/3/1967,20.473,2.104,7.000,3.463,2.104,0.0,1.359,0.0,0.0,0.08904506093371685,26.99969909077682,0.08904506093371685,0.0,5.046194488133758,21.95350460264306,8.699615790106895,0.0,0.0,0.0,3.01696718016851,0.0,0,0.0,0,21.95350460264306,,,,,,,,,,,
95,7/4/1967,7.074,9.507,7.000,3.463,3.463,6.044,0.0,0,5.9545585542815695,0.0,27.90806315692463,0.0,0.0,5.332308572473411,22.575754584451218,9.14318698434103,0.08944144571843,0.08944144571843,0.0,3.1996161458082946,0.08944144571843,0,0.0,0,22.575754584451218,,,,,,,,,,,
96,7/5/1967,16.611,11.097,7.000,3.463,3.463,7.6339999999999995,0.0,0,7.6339999999999995,0.08944144571843,30.210152733710622,0.0,0.08944144571843,6.085374539484547,24.124778194226074,10.297781956342051,0.0,0.0,0.00039814925940304455,3.6833672714113526,0.08904329645902696,0,0.0,0,24.124778194226074,,,,,,,,,,,
97,7/6/1967,14.854,4.048,7.000,3.463,3.463,0.585,0.0,0,0.5846018515722221,0.08904329645902696,24.709776422693317,0.0,0.08904329645902696,4.353251963996777,20.35652445869654,7.612911417351919,0.0003981484277778509,0.0003981484277778509,0.0003963768950199571,2.577503687989163,0.08904506799178487,0,0.0,0,20.35652445869654,,,,,,,,,,,
98,7/7/1967,8.802,3.389,7.000,3.463,3.389,0.0,0.07400000000000029,0.0,0.0,0.08904506799178487,20.356892779044607,0.006304478525446293,0.08274058946633858,3.151748780555334,17.205143998489273,5.679960912769718,0.0,0.0,0.00036832034806662245,1.826870524957577,0.08237226911827196,0,0.0,0,17.205143998489273,,,,,,,,,,,
99,7/8/1967,6.339,4.847,7.000,3.463,3.463,1.3840000000000003,0.0,0,1.3769308233998425,0.08237226911827196,18.58244150265642,0.0,0.08237226911827196,2.7073042727375656,15.875137229918852,4.945954047270098,0.007069176600157774,0.007069176600157774,0.0003666807673037236,1.5536366558210717,0.08907476495112601,0,0.0,0,15.875137229918852,,,,,,,,,,,
100,7/9/1967,5.033,4.509,7.000,3.463,3.463,1.0460000000000003,0.0,0,1.0456333192327218,0.08907476495112601,16.92116706612882,0.0,0.08907476495112601,2.316059081014189,14.605107985114632,4.289414410350051,0.0003666807672784518,0.0003666807672784518,0.0003965169772460787,1.3155324983850698,0.0890449287411584,0,0.0,0,14.605107985114632,,,,,,,,,,,
101,7/10/1967,3.560,3.562,7.000,3.463,3.463,0.09899999999999975,0.0,0,0.09864690459462543,0.0890449287411584,14.704151273870393,0.0,0.0890449287411584,1.8327323600310266,12.871418913839365,3.4624859961280103,0.00035309540537432373,0.00035309540537432373,0.00039638416113597913,1.025090815127366,0.08900163998539674,0,0.0,0,12.871418913839365,,,,,,,,,,,
102,7/11/1967,6.483,9.537,7.000,3.463,3.463,6.074000000000001,0.0,0,6.0735601942669675,0.08900163998539674,18.94537529956725,0.0,0.08900163998539674,2.796004072292913,16.149371227274337,5.093391565721345,0.00043980573303325734,0.00043980573303325734,0.00039619146091843976,1.607945943671278,0.08904525425751156,0,0.0,0,16.149371227274337,,,,,,,,,,,
103,7/12/1967,18.890,13.714,7.000,3.463,3.463,10.251000000000001,0.0,0,10.250603808539083,0.08904525425751156,26.400371421423593,0.0,0.08904525425751156,4.860890519782811,21.539480901640783,8.41078674820989,0.0003961914609184428,0.0003961914609184428,0.00039638561017444105,2.89903397775614,0.08904506010825557,0,0.0,0,21.539480901640783,,,,,,,,,,,
104,7/13/1967,18.557,7.660,7.000,3.463,3.463,4.197,0.0,0,4.196603614389826,0.08904506010825557,25.736480900776527,0.0,0.08904506010825557,4.658874909994015,21.077605990782512,8.094464582291106,0.00039638561017443736,0.00039638561017443736,0.00039638474591758714,2.7708020375780253,0.08904506097251241,0,0.0,0,21.077605990782512,,,,,,,,,,,
105,7/14/1967,6.483,2.087,7.000,3.463,2.087,0.0,1.376,0.0,0.0,0.08904506097251241,21.077605990782512,0.08904506097251241,0.0,3.339908593964839,17.737697396817673,5.987327468529285,0.0,0.0,0.0,1.9433356079846411,0.0,0,0.0,0,17.737697396817673,,,,,,,,,,,
106,7/15/1967,3.969,1.378,7.000,3.463,1.378,0.0,2.085,0.0,0.0,0.0,17.737697396817673,0.0,0.0,2.5053083208072615,15.232389076010412,4.608298025041578,0.0,0.0,0.0,1.4304005982971635,0.0,0,0.0,0,15.232389076010412,,,,,,,,,,,
107,7/16/1967,3.116,0.241,7.000,3.463,0.241,0.0,3.222,0.0,0.0,0.0,15.232389076010412,0.0,0.0,1.9437742229028883,13.288614853107523,3.6541957240513225,0.0,0.0,0.0,1.0914154600794472,0.0,0,0.0,0,13.288614853107523,,,,,,,,,,,
108,7/17/1967,2.695,0.523,7.000,3.463,0.523,0.0,2.94,0.0,0.0,0.0,13.288614853107523,0.0,0.0,1.5482174877380501,11.740397365369473,2.9659504001961925,0.0,0.0,0.0,0.8563952634746707,0.0,0,0.0,0,11.740397365369473,,,,,,,,,,,
109,7/18/1967,2.299,0.682,7.000,3.463,0.682,0.0,2.781,0.0,0.0,0.0,11.740397365369473,0.0,0.0,1.2594195731181999,10.480977792251274,2.4529928602075475,0.0,0.0,0.0,0.6872471670864879,0.0,0,0.0,0,10.480977792251274,,,,,,,,,,,
110,7/19/1967,2.157,1.125,7.000,3.463,1.125,0.0,2.338,0.0,0.0,0.0,10.480977792251274,0.0,0.0,1.0424025041772622,9.438575288074011,2.060464288993041,0.0,0.0,0.0,0.5617892790430402,0.0,0,0.0,0,9.438575288074011,,,,,,,,,,,
111,7/20/1967,1.974,1.460,7.000,3.463,1.46,0.0,2.003,0.0,0.0,0.0,9.438575288074011,0.0,0.0,0.8754066714005165,8.563168616673494,1.7534759731980258,0.0,0.0,0.0,0.46639995035420095,0.0,0,0.0,0,8.563168616673494,,,,,,,,,,,
112,7/21/1967,1.840,1.378,7.000,3.463,1.378,0.0,2.085,0.0,0.0,0.0,8.563168616673494,0.0,0.0,0.7443147137737867,7.818853902899707,1.5089444543577495,0.0,0.0,0.0,0.39234614793579553,0.0,0,0.0,0,7.818853902899707,,,,,,,,,,,
113,7/22/1967,1.753,0.658,7.000,3.463,0.658,0.0,2.805,0.0,0.0,0.0,7.818853902899707,0.0,0.0,0.6396429367213526,7.1792109661783545,1.3110874224386289,0.0,0.0,0.0,0.33382547708506405,0.0,0,0.0,0,7.1792109661783545,,,,,,,,,,,
114,7/23/1967,1.753,1.235,7.000,3.463,1.235,0.0,2.2279999999999998,0.0,0.0,0.0,7.1792109661783545,0.0,0.0,0.5548304705816622,6.624380495596692,1.14881103817146,0.0,0.0,0.0,0.2868647596130875,0.0,0,0.0,0,6.624380495596692,,,,,,,,,,,
115,7/24/1967,1.753,1.198,7.000,3.463,1.198,0.0,2.265,0.0,0.0,0.0,6.624380495596692,0.0,0.0,0.4852228313123518,6.13915766428434,1.0141295504779955,0.0,0.0,0.0,0.24867222640119127,0.0,0,0.0,0,6.13915766428434,,,,,,,,,,,
116,7/25/1967,1.711,1.064,7.000,3.463,1.064,0.0,2.399,0.0,0.0,0.0,6.13915766428434,0.0,0.0,0.42744517873193083,5.711712485552409,0.901174729792794,0.0,0.0,0.0,0.21724183009401685,0.0,0,0.0,0,5.711712485552409,,,,,,,,,,,
117,7/26/1967,1.753,3.323,7.000,3.463,3.323,0.0,0.14000000000000012,0.0,0.0,0.0,5.711712485552409,0.0,0.0,0.3790033143601423,5.332709171192267,0.8055556935758571,0.0,0.0,0.0,0.19110356672416892,0.0,0,0.0,0,5.332709171192267,,,,,,,,,,,
118,7/27/1967,1.711,3.695,7.000,3.463,3.463,0.23199999999999976,0.0,0,0.1435519867184516,0.0,5.476261157910718,0.0,0.0,0.3533236403602843,5.122937517550434,0.7544925501201682,0.08844801328154818,0.08844801328154818,0.0,0.17733461701729233,0.08844801328154818,0,0.0,0,5.122937517550434,,,,,,,,,,,
119,7/28/1967,1.840,5.039,7.000,3.463,3.463,1.5759999999999996,0.0,0,1.5750065675631177,0.08844801328154818,6.698337812101089,0.0,0.08844801328154818,0.49428510296387934,6.204052709137209,1.0317468413066,0.0009934324368818255,0.0009934324368818255,0.00039372698753753114,0.2536251800662367,0.08904771873089247,0,0.0,0,6.204052709137209,,,,,,,,,,,
120,7/29/1967,7.074,9.864,7.000,3.463,3.463,6.401000000000001,0.0,0,6.400606273012463,0.08904771873089247,12.605055378730468,0.0,0.08904771873089247,1.4177741101605057,11.187281268569961,2.7354731722270005,0.00039372698753753623,0.00039372698753753623,0.0003963965807959862,0.7797118100297608,0.08904504913763402,0,0.0,0,11.187281268569961,,,,,,,,,,,
121,7/30/1967,3.560,6.640,7.000,3.463,3.463,3.1769999999999996,0.0,0,3.1766036034192036,0.08904504913763402,14.364281256686246,0.0,0.08904504913763402,1.7626751355105053,12.60160612117574,3.340956491205759,0.00039639658079599065,0.00039639658079599065,0.0003963846970817839,0.9833809333012397,0.08904506102134822,0,0.0,0,12.60160612117574,,,,,,,,,,,
122,7/31/1967,3.675,10.786,7.000,3.463,3.463,7.3229999999999995,0.0,0,7.322603615302918,0.08904506102134822,19.924606121228642,0.0,0.08904506102134822,3.040992526661221,16.88361359456742,5.498127488022708,0.00039638469708178645,0.00039638469708178645,0.0003963847499822259,1.7585277936717931,0.08904506096844778,0,0.0,0,16.88361359456742,,,,,,,,,,,
123,8/1/1967,4.583,7.017,8.000,3.792,3.792,3.2250000000000005,0.0,0,3.224603615250018,0.08904506096844778,20.108613594567185,0.0,0.08904506096844778,3.0879433630170388,17.020670231550145,5.575293027161846,0.0003963847499822282,0.0003963847499822282,0.00039638474974673914,1.7874793961495963,0.08904506096868327,0,0.0,0,17.020670231550145,,,,,,,,,,,
124,8/2/1967,11.947,3.917,8.000,3.792,3.792,0.125,0.0,0,0.12462788773063885,0.08904506096868327,17.145694504030534,0.0,0.08904506096868327,2.3675050482116338,14.7781894558189,4.376353746612893,0.00037211226936115384,0.00037211226936115384,0.00039638474974778746,1.3466994464238116,0.08902078848829663,0,0.0,0,14.7781894558189,,,,,,,,,,,
125,8/3/1967,3.280,1.708,8.000,3.792,1.708,0.0,2.0839999999999996,0.0,0.0,0.08902078848829663,14.7781894558189,0.08902078848829663,0.0,1.8481384163974588,12.930051039421441,3.4891501761732426,0.0,0.0,0.0,1.0342773229990454,0.0,0,0.0,0,12.930051039421441,,,,,,,,,,,
126,8/4/1967,2.695,2.208,8.000,3.792,2.208,0.0,1.5839999999999996,0.0,0.0,0.0,12.930051039421441,0.0,0.0,1.4792202496140539,11.450830789807387,2.8442781689289087,0.0,0.0,0.0,0.8157786596528706,0.0,0,0.0,0,11.450830789807387,,,,,,,,,,,
127,8/5/1967,2.347,1.075,8.000,3.792,1.075,0.0,2.7169999999999996,0.0,0.0,0.0,11.450830789807387,0.0,0.0,1.208075582693818,10.24275520711357,2.360719063140063,0.0,0.0,0.0,0.6574264845111626,0.0,0,0.0,0,10.24275520711357,,,,,,,,,,,
128,8/6/1967,1.929,4.205,8.000,3.792,3.792,0.41300000000000026,0.0,0,0.32357600353487026,0.0,10.566331210648439,0.0,0.0,1.0565891448931903,9.50974206575525,2.086333898112968,0.08942399646512998,0.08942399646512998,0.0,0.5699417087617149,0.08942399646512998,0,0.0,0,9.50974206575525,,,,,,,,,,,
129,8/7/1967,3.062,9.196,8.000,3.792,3.792,5.404,0.0,0,5.4039825507467,0.08942399646512998,14.914122688085872,0.0,0.08942399646512998,1.8765578781934866,13.037564809892386,3.538280859144168,1.7449253300016414e-05,1.7449253300016414e-05,0.0003980715839224803,1.0512368162230175,0.08904337413450752,0,0.0,0,13.037564809892386,,,,,,,,,,,
130,8/8/1967,2.157,1.749,8.000,3.792,1.749,0.0,2.0429999999999997,0.0,0.0,0.08904337413450752,13.037564809892386,0.08904337413450752,0.0,1.499776618356888,11.537788191535498,2.880582796997451,0.0,0.0,0.0,0.8278667989405619,0.0,0,0.0,0,11.537788191535498,,,,,,,,,,,
131,8/9/1967,1.797,0.994,8.000,3.792,0.994,0.0,2.798,0.0,0.0,0.0,11.537788191535498,0.0,0.0,1.2234044280644971,10.314383763471,2.3883043359224136,0.0,0.0,0.0,0.6663209320672538,0.0,0,0.0,0,10.314383763471,,,,,,,,,,,
132,8/10/1967,1.711,0.552,8.000,3.792,0.552,0.0,3.2399999999999998,0.0,0.0,0.0,10.314383763471,0.0,0.0,1.0149342802201284,9.299449483250871,2.0102861714605935,0.0,0.0,0.0,0.5460253428172019,0.0,0,0.0,0,9.299449483250871,,,,,,,,,,,
133,8/11/1967,1.503,0.944,8.000,3.792,0.944,0.0,2.848,0.0,0.0,0.0,9.299449483250871,0.0,0.0,0.854006502250795,8.445442981000076,1.7137846765749478,0.0,0.0,0.0,0.4542579674208973,0.0,0,0.0,0,8.445442981000076,,,,,,,,,,,
134,8/12/1967,1.384,2.475,8.000,3.792,2.475,0.0,1.3169999999999997,0.0,0.0,0.0,8.445442981000076,0.0,0.0,0.7273383744730503,7.718104606527025,1.4770219093310282,0.0,0.0,0.0,0.3828158961026963,0.0,0,0.0,0,7.718104606527025,,,,,,,,,,,
135,8/13/1967,1.668,2.346,8.000,3.792,2.346,0.0,1.4459999999999997,0.0,0.0,0.0,7.718104606527025,0.0,0.0,0.6259652323307272,7.092139374196298,1.2850425824231648,0.0,0.0,0.0,0.32622285714254345,0.0,0,0.0,0,7.092139374196298,,,,,,,,,,,
136,8/14/1967,1.668,2.517,8.000,3.792,2.517,0.0,1.275,0.0,0.0,0.0,7.092139374196298,0.0,0.0,0.5436606260461441,6.5484787481501545,1.1272947449832307,0.0,0.0,0.0,0.280713694154387,0.0,0,0.0,0,6.5484787481501545,,,,,,,,,,,
137,8/15/1967,1.345,0.881,8.000,3.792,0.881,0.0,2.9109999999999996,0.0,0.0,0.0,6.5484787481501545,0.0,0.0,0.47599217731902715,6.072486570831128,0.9961581052051948,0.0,0.0,0.0,0.24363349862518777,0.0,0,0.0,0,6.072486570831128,,,,,,,,,,,
138,8/16/1967,1.269,3.441,8.000,3.792,3.441,0.0,0.351,0.0,0.0,0.0,6.072486570831128,0.0,0.0,0.4197364802683395,5.6527500905627885,0.8860171458140824,0.0,0.0,0.0,0.21306871114042594,0.0,0,0.0,0,5.6527500905627885,,,,,,,,,,,
139,8/17/1967,2.695,12.701,8.000,3.792,3.792,8.909,0.0,0,8.81955855428157,0.0,14.47230864484436,0.0,0.0,1.784824305101064,12.687484339743296,3.3794287290428726,0.08944144571843,0.08944144571843,0.0,0.9965562680120575,0.08944144571843,0,0.0,0,12.687484339743296,,,,,,,,,,,
140,8/18/1967,2.955,5.311,8.000,3.792,3.792,1.5190000000000001,0.0,0,1.5190000000000001,0.08944144571843,14.2068824890027,0.0,0.08944144571843,1.73060156393265,12.47628092507005,3.28516306189221,0.0,0.0,0.00039814925940304455,0.9643214479887608,0.08904329645902696,0,0.0,0,12.47628092507005,,,,,,,,,,,
141,8/19/1967,4.029,9.833,8.000,3.792,3.792,6.041,0.0,0,6.040601850740598,0.08904329645902696,18.517279152705665,0.0,0.08904329645902696,2.6915001044552844,15.82577904825038,4.919632037259601,0.0003981492594030382,0.0003981492594030382,0.0003963768950199571,1.5439722232239659,0.08904506882341005,0,0.0,0,15.82577904825038,,,,,,,,,,,
142,8/20/1967,8.721,6.480,8.000,3.792,3.792,2.6880000000000006,0.0,0,2.6876036231049807,0.08904506882341005,18.513779056140077,0.0,0.08904506882341005,2.6906522552081595,15.823126800931917,4.91821948376457,0.00039637689501995115,0.00039637689501995115,0.000396384784713162,1.5434538588868916,0.08904506093371685,0,0.0,0,15.823126800931917,,,,,,,,,,,
143,8/21/1967,2.445,2.179,8.000,3.792,2.179,0.0,1.613,0.0,0.0,0.08904506093371685,15.823126800931917,0.08904506093371685,0.0,2.0710295333875184,13.752097267544398,3.872583196309856,0.0,0.0,0.0,1.1677308402135356,0.0,0,0.0,0,13.752097267544398,,,,,,,,,,,
144,8/22/1967,1.884,0.620,8.000,3.792,0.62,0.0,3.1719999999999997,0.0,0.0,0.0,13.752097267544398,0.0,0.0,1.6392580955820255,12.112839171962372,3.125715300440925,0.0,0.0,0.0,0.9101699384024325,0.0,0,0.0,0,12.112839171962372,,,,,,,,,,,
145,8/23/1967,1.544,0.513,8.000,3.792,0.513,0.0,3.279,0.0,0.0,0.0,12.112839171962372,0.0,0.0,1.3267090641808816,10.78613010778149,2.573405315616874,0.0,0.0,0.0,0.7264498726369153,0.0,0,0.0,0,10.78613010778149,,,,,,,,,,,
146,8/24/1967,1.384,1.467,8.000,3.792,1.467,0.0,2.3249999999999997,0.0,0.0,0.0,10.78613010778149,0.0,0.0,1.0934741881998495,9.692655919581641,2.153450848445448,0.0,0.0,0.0,0.5911713999553653,0.0,0,0.0,0,9.692655919581641,,,,,,,,,,,
147,8/25/1967,1.269,3.342,8.000,3.792,3.342,0.0,0.44999999999999973,0.0,0.0,0.0,9.692655919581641,0.0,0.0,0.9150337327409789,8.777622186840663,1.8267531565162725,0.0,0.0,0.0,0.4889347555505176,0.0,0,0.0,0,8.777622186840663,,,,,,,,,,,
148,8/26/1967,1.307,1.756,8.000,3.792,1.756,0.0,2.0359999999999996,0.0,0.0,0.0,8.777622186840663,0.0,0.0,0.7756406902265884,8.001981496614075,1.5676901009231978,0.0,0.0,0.0,0.40996941922198005,0.0,0,0.0,0,8.001981496614075,,,,,,,,,,,
149,8/27/1967,1.463,2.184,8.000,3.792,2.184,0.0,1.6079999999999997,0.0,0.0,0.0,8.001981496614075,0.0,0.0,0.6648061310981043,7.337175365515971,1.3588834976153852,0.0,0.0,0.0,0.34784000658945097,0.0,0,0.0,0,7.337175365515971,,,,,,,,,,,
150,8/28/1967,1.307,4.463,8.000,3.792,3.792,0.6710000000000003,0.0,0,0.5815586087712796,0.0,7.9187339742872505,0.0,0.0,0.6533191176900601,7.26541485659719,1.3370834732330639,0.08944139122872061,0.08944139122872061,0.0,0.3414379539265952,0.08944139122872061,0,0.0,0,7.26541485659719,,,,,,,,,,,
151,8/29/1967,1.345,4.507,8.000,3.792,3.792,0.7149999999999999,0.0,0,0.7149999455102967,0.08944139122872061,7.980812951124329,0.0,0.08944139122872061,0.6618775719713338,7.318935379152995,1.3533286712658086,5.4489703193273875e-08,5.4489703193273875e-08,0.00039814901684169876,0.34620713747836873,0.0890432967015821,0,0.0,0,7.318935379152995,,,,,,,,,,,
152,8/30/1967,1.503,3.481,8.000,3.792,3.481,0.0,0.31099999999999994,0.0,0.0,0.0890432967015821,7.319213811824201,0.02649534499816244,0.06254795170341967,0.5729804905380533,6.746233321286148,1.1836988661880936,0.0,0.0,0.00027843267120583257,0.2968770255542431,0.06226951903221384,0,0.0,0,6.746233321286148,,,,,,,,,,,
153,8/31/1967,1.585,3.925,8.000,3.792,3.792,0.133,0.0,0,0.10745032579753475,0.06226951903221384,6.853960840309786,0.0,0.06226951903221384,0.5135725574304679,6.340388282879318,1.069157356993064,0.025549674202465265,0.025549674202465265,0.0002771932261035787,0.2641864514613425,0.08754200000857552,0,0.0,0,6.340388282879318,,,,,,,,,,,
154,9/1/1967,1.753,3.802,9.000,4.609,3.802,0.0,0.8069999999999999,0.0,0.0,0.08754200000857552,6.340476865988472,0.06764242425438625,0.01989957575418927,0.45106138439165716,5.8894154815968145,0.9474804410855717,0.0,0.0,8.858310915397751e-05,0.23005700543963264,0.019810992645035292,0,0.0,0,5.8894154815968145,,,,,,,,,,,
155,9/2/1967,1.463,3.010,9.000,4.609,3.01,0.0,1.5990000000000002,0.0,0.0,0.019810992645035292,5.8894154815968145,0.019810992645035292,0.0,0.3988590348789496,5.490556446717865,0.8448563103636882,0.0,0.0,0.0,0.20179222898088203,0.0,0,0.0,0,5.490556446717865,,,,,,,,,,,
156,9/3/1967,1.423,1.599,9.000,4.609,1.599,0.0,3.01,0.0,0.0,0.0,5.490556446717865,0.0,0.0,0.35486217702640943,5.135694269691456,0.7575596247750569,0.0,0.0,0.0,0.17815774373941215,0.0,0,0.0,0,5.135694269691456,,,,,,,,,,,
157,9/4/1967,1.231,0.599,9.000,4.609,0.599,0.0,4.01,0.0,0.0,0.0,5.135694269691456,0.0,0.0,0.31746636164760705,4.818227908043848,0.6827155618111946,0.0,0.0,0.0,0.15821966673315385,0.0,0,0.0,0,4.818227908043848,,,,,,,,,,,
158,9/5/1967,1.121,0.521,9.000,4.609,0.521,0.0,4.088,0.0,0.0,0.0,4.818227908043848,0.0,0.0,0.28543770615915864,4.53279020188469,0.6180903996444362,0.0,0.0,0.0,0.14126514175971036,0.0,0,0.0,0,4.53279020188469,,,,,,,,,,,
159,9/6/1967,1.423,2.136,9.000,4.609,2.136,0.0,2.473,0.0,0.0,0.0,4.53279020188469,0.0,0.0,0.25781517436802753,4.274975027516662,0.5619274836662826,0.0,0.0,0.0,0.12674288077909357,0.0,0,0.0,0,4.274975027516662,,,,,,,,,,,
160,9/7/1967,1.194,1.506,9.000,4.609,1.506,0.0,3.1029999999999998,0.0,0.0,0.0,4.274975027516662,0.0,0.0,0.23384158611948308,4.04113344139718,0.5128301612031234,0.0,0.0,0.0,0.11422147960339847,0.0,0,0.0,0,4.04113344139718,,,,,,,,,,,
161,9/8/1967,1.015,0.075,9.000,4.609,0.075,0.0,4.534,0.0,0.0,0.0,4.04113344139718,0.0,0.0,0.21291410354645682,3.8282193378507228,0.4696769072432688,0.0,0.0,0.0,0.1033597014793523,0.0,0,0.0,0,3.8282193378507228,,,,,,,,,,,
162,9/9/1967,0.981,0.246,9.000,4.609,0.246,0.0,4.3629999999999995,0.0,0.0,0.0,3.8282193378507228,0.0,0.0,0.19454816213587964,3.633671175714843,0.43155890183700224,0.0,0.0,0.0,0.0938849685269147,0.0,0,0.0,0,3.633671175714843,,,,,,,,,,,
163,9/10/1967,0.981,0.200,9.000,4.609,0.2,0.0,4.409,0.0,0.0,0.0,3.633671175714843,0.0,0.0,0.1783508366534517,3.4553203390613914,0.39773351679134006,0.0,0.0,0.0,0.0855775771166504,0.0,0,0.0,0,3.4553203390613914,,,,,,,,,,,
164,9/11/1967,0.947,0.073,9.000,4.609,0.073,0.0,4.536,0.0,0.0,0.0,3.4553203390613914,0.0,0.0,0.16400092799165977,3.2913194110697317,0.36758924009415533,0.0,0.0,0.0,0.07825896626485475,0.0,0,0.0,0,3.2913194110697317,,,,,,,,,,,
165,9/12/1967,0.914,0.479,9.000,4.609,0.479,0.0,4.13,0.0,0.0,0.0,3.2913194110697317,0.0,0.0,0.15123390391209615,3.1400855071576355,0.34061893314183217,0.0,0.0,0.0,0.07178289625640036,0.0,0,0.0,0,3.1400855071576355,,,,,,,,,,,
166,9/13/1967,0.981,0.832,9.000,4.609,0.832,0.0,3.777,0.0,0.0,0.0,3.1400855071576355,0.0,0.0,0.13983038989402458,3.000255117263611,0.31639923329402914,0.0,0.0,0.0,0.06602874394666693,0.0,0,0.0,0,3.000255117263611,,,,,,,,,,,
167,9/14/1967,1.086,0.628,9.000,4.609,0.628,0.0,3.981,0.0,0.0,0.0,3.000255117263611,0.0,0.0,0.12960728698371374,2.8706478302798972,0.29457453991081156,0.0,0.0,0.0,0.06089635594488762,0.0,0,0.0,0,2.8706478302798972,,,,,,,,,,,
168,9/15/1967,1.050,0.035,9.000,4.609,0.035,0.0,4.574,0.0,0.0,0.0,2.8706478302798972,0.0,0.0,0.12041085468972182,2.7502369755901754,0.2748444548704266,0.0,0.0,0.0,0.05630206106918896,0.0,0,0.0,0,2.7502369755901754,,,,,,,,,,,
169,9/16/1967,0.981,0.204,9.000,4.609,0.204,0.0,4.405,0.0,0.0,0.0,2.7502369755901754,0.0,0.0,0.11211127860107095,2.6381256969891043,0.2569538520568313,0.0,0.0,0.0,0.05217555430465607,0.0,0,0.0,0,2.6381256969891043,,,,,,,,,,,
170,9/17/1967,0.947,0.439,9.000,4.609,0.439,0.0,4.17,0.0,0.0,0.0,2.6381256969891043,0.0,0.0,0.10459837035287013,2.533527326636234,0.24068496575533035,0.0,0.0,0.0,0.04845744218880052,0.0,0,0.0,0,2.533527326636234,,,,,,,,,,,
171,9/18/1967,0.914,3.777,9.000,4.609,3.777,0.0,0.8319999999999999,0.0,0.0,0.0,2.533527326636234,0.0,0.0,0.09777813877050529,2.4357491878657287,0.22585104261742892,0.0,0.0,0.0,0.04509729466554069,0.0,0,0.0,0,2.4357491878657287,,,,,,,,,,,
172,9/19/1967,0.914,2.158,9.000,4.609,2.158,0.0,2.451,0.0,0.0,0.0,2.4357491878657287,0.0,0.0,0.09157003676306863,2.34417915110266,0.21229121417087563,0.0,0.0,0.0,0.042052087990373854,0.0,0,0.0,0,2.34417915110266,,,,,,,,,,,
173,9/20/1967,1.015,0.705,9.000,4.609,0.705,0.0,3.904,0.0,0.0,0.0,2.34417915110266,0.0,0.0,0.08590473641317066,2.2582744146894895,0.199866329206185,0.0,0.0,0.0,0.03928495193611625,0.0,0,0.0,0,2.2582744146894895,,,,,,,,,,,
174,9/21/1967,0.914,0.174,9.000,4.609,0.174,0.0,4.435,0.0,0.0,0.0,2.2582744146894895,0.0,0.0,0.08072231991735951,2.17755209477213,0.18845554633075567,0.0,0.0,0.0,0.03676415553649546,0.0,0,0.0,0,2.17755209477213,,,,,,,,,,,
175,9/22/1967,0.881,0.097,9.000,4.609,0.097,0.0,4.512,0.0,0.0,0.0,2.17755209477213,0.0,0.0,0.07597080015866986,2.10158129461346,0.1779535325062158,0.0,0.0,0.0,0.034462281113364135,0.0,0,0.0,0,2.10158129461346,,,,,,,,,,,
176,9/23/1967,0.817,0.228,9.000,4.609,0.228,0.0,4.381,0.0,0.0,0.0,2.10158129461346,0.0,0.0,0.07160490424893706,2.0299763903645234,0.16826814766697218,0.0,0.0,0.0,0.032355547892895825,0.0,0,0.0,0,2.0299763903645234,,,,,,,,,,,
177,9/24/1967,0.785,0.157,9.000,4.609,0.157,0.0,4.452,0.0,0.0,0.0,2.0299763903645234,0.0,0.0,0.06758506813495169,1.9623913222295717,0.15931852153828,0.0,0.0,0.0,0.03042325520319291,0.0,0,0.0,0,1.9623913222295717,,,,,,,,,,,
178,9/25/1967,0.754,0.223,9.000,4.609,0.223,0.0,4.386,0.0,0.0,0.0,1.9623913222295717,0.0,0.0,0.0638766015826326,1.898514720646939,0.1510334486689764,0.0,0.0,0.0,0.028647321824809113,0.0,0,0.0,0,1.898514720646939,,,,,,,,,,,
179,9/26/1967,0.694,0.079,9.000,4.609,0.079,0.0,4.53,0.0,0.0,0.0,1.898514720646939,0.0,0.0,0.060448991446495404,1.8380657292004436,0.14335004301582266,0.0,0.0,0.0,0.02701190308490397,0.0,0,0.0,0,1.8380657292004436,,,,,,,,,,,
180,9/27/1967,0.665,0.062,9.000,4.609,0.062,0.0,4.547,0.0,0.0,0.0,1.8380657292004436,0.0,0.0,0.05727531775806474,1.780790411442379,0.13621260529406287,0.0,0.0,0.0,0.025503071141595744,0.0,0,0.0,0,1.780790411442379,,,,,,,,,,,
181,9/28/1967,0.552,0.045,9.000,4.609,0.045,0.0,4.564,0.0,0.0,0.0,1.780790411442379,0.0,0.0,0.05433176230996072,1.7264586491324183,0.12957166557498626,0.0,0.0,0.0,0.02410854688678029,0.0,0,0.0,0,1.7264586491324183,,,,,,,,,,,
182,9/29/1967,0.754,0.569,9.000,4.609,0.569,0.0,4.04,0.0,0.0,0.0,1.7264586491324183,0.0,0.0,0.051597193428932334,1.674861455703486,0.12338317088375993,0.0,0.0,0.0,0.022817474215885123,0.0,0,0.0,0,1.674861455703486,,,,,,,,,,,
183,9/30/1967,0.607,3.068,9.000,4.609,3.068,0.0,1.541,0.0,0.0,0.0,1.674861455703486,0.0,0.0,0.04905281378635255,1.6258086419171334,0.11760779329130137,0.0,0.0,0.0,0.021620229229269667,0.0,0,0.0,0,1.6258086419171334,,,,,,,,,,,
184,10/1/1967,0.817,2.288,10.000,5.054,2.288,0.0,2.7660000000000005,0.0,0.0,0.0,1.6258086419171334,0.0,0.0,0.046681860587241414,1.579126781329892,0.1122103385499965,0.0,0.0,0.0,0.020508258359816997,0.0,0,0.0,0,1.579126781329892,,,,,,,,,,,
185,10/2/1967,0.947,1.015,10.000,5.054,1.015,0.0,4.039000000000001,0.0,0.0,0.0,1.579126781329892,0.0,0.0,0.04446934945846843,1.5346574318714234,0.10715923895789403,0.0,0.0,0.0,0.019473940553006854,0.0,0,0.0,0,1.5346574318714234,,,,,,,,,,,
186,10/3/1967,1.050,1.449,10.000,5.054,1.449,0.0,3.6050000000000004,0.0,0.0,0.0,1.5346574318714234,0.0,0.0,0.042401854937010555,1.4922555769344128,0.10242611705034227,0.0,0.0,0.0,0.018510469526202025,0.0,0,0.0,0,1.4922555769344128,,,,,,,,,,,
187,10/4/1967,1.050,2.113,10.000,5.054,2.113,0.0,2.9410000000000003,0.0,0.0,0.0,1.4922555769344128,0.0,0.0,0.04046732172673688,1.451788255207676,0.09798540906582089,0.0,0.0,0.0,0.0176117528538423,0.0,0,0.0,0,1.451788255207676,,,,,,,,,,,
188,10/5/1967,1.384,3.067,10.000,5.054,3.067,0.0,1.987,0.0,0.0,0.0,1.451788255207676,0.0,0.0,0.03865490191376076,1.4131333532939152,0.09381403903272309,0.0,0.0,0.0,0.016772325203625354,0.0,0,0.0,0,1.4131333532939152,,,,,,,,,,,
189,10/6/1967,1.269,5.414,10.000,5.054,5.054,0.35999999999999943,0.0,0,0.27061562026737357,0.0,1.6837489735612887,0.0,0.0,0.049487405384159515,1.6342615681771293,0.11859546967650364,0.08938437973262588,0.08938437973262588,0.0,0.02182444055044832,0.08938437973262588,0,0.0,0,1.6342615681771293,,,,,,,,,,,
190,10/7/1967,1.463,16.052,10.000,5.054,5.054,10.998,0.0,0,10.997942934014196,0.08938437973262588,12.632602397421069,0.0,0.08938437973262588,1.4229418639391274,11.20966053348194,2.7446406250131155,5.70659858041316e-05,5.70659858041316e-05,0.00039789522974372366,0.7827412112665125,0.08904355048868628,0,0.0,0,11.20966053348194,,,,,,,,,,,
191,10/8/1967,1.384,2.852,10.000,5.054,2.852,0.0,2.2020000000000004,0.0,0.0,0.08904355048868628,11.20966053348194,0.08904355048868628,0.0,1.1659677713661578,10.043692762115782,2.284778335282959,0.0,0.0,0.0,0.633032213927409,0.0,0,0.0,0,10.043692762115782,,,,,,,,,,,
192,10/9/1967,1.194,2.703,10.000,5.054,2.703,0.0,2.3510000000000004,0.0,0.0,0.0,10.043692762115782,0.0,0.0,0.9709304986250402,9.072762263490741,1.9296494575756071,0.0,0.0,0.0,0.5208304633377765,0.0,0,0.0,0,9.072762263490741,,,,,,,,,,,
193,10/10/1967,1.050,0.676,10.000,5.054,0.676,0.0,4.378,0.0,0.0,0.0,9.072762263490741,0.0,0.0,0.819593168538592,8.253169094952149,1.6497768894259184,0.0,0.0,0.0,0.43477475852557906,0.0,0,0.0,0,8.253169094952149,,,,,,,,,,,
194,10/11/1967,0.947,0.103,10.000,5.054,0.103,0.0,4.9510000000000005,0.0,0.0,0.0,8.253169094952149,0.0,0.0,0.6999499981984607,7.553219096753688,1.4253876339445057,0.0,0.0,0.0,0.3674714633963366,0.0,0,0.0,0,7.553219096753688,,,,,,,,,,,
195,10/12/1967,0.849,0.000,10.000,5.054,0.0,0.0,5.054,0.0,0.0,0.0,7.553219096753688,0.0,0.0,0.6038363437560879,6.9493827529976,1.2428055471949853,0.0,0.0,0.0,0.3139459605823076,0.0,0,0.0,0,6.9493827529976,,,,,,,,,,,
196,10/13/1967,0.754,0.587,10.000,5.054,0.587,0.0,4.4670000000000005,0.0,0.0,0.0,6.9493827529976,0.0,0.0,0.5255445033175294,6.42383824968007,1.092321886856511,0.0,0.0,0.0,0.2707551591239599,0.0,0,0.0,0,6.42383824968007,,,,,,,,,,,
197,10/14/1967,0.580,0.689,10.000,5.054,0.689,0.0,4.365,0.0,0.0,0.0,6.42383824968007,0.0,0.0,0.4609885157983312,5.962849733881739,0.9668880072590498,0.0,0.0,0.0,0.23545722850799256,0.0,0,0.0,0,5.962849733881739,,,,,,,,,,,
198,10/15/1967,0.552,1.590,10.000,5.054,1.59,0.0,3.4640000000000004,0.0,0.0,0.0,5.962849733881739,0.0,0.0,0.40718229557686125,5.555667438304877,0.8612854811752892,0.0,0.0,0.0,0.20628330641202935,0.0,0,0.0,0,5.555667438304877,,,,,,,,,,,
199,10/16/1967,0.694,1.128,10.000,5.054,1.128,0.0,3.926,0.0,0.0,0.0,5.555667438304877,0.0,0.0,0.3619035525866402,5.193763885718237,0.7715838276529674,0.0,0.0,0.0,0.18192790639335996,0.0,0,0.0,0,5.193763885718237,,,,,,,,,,,
200,10/17/1967,0.754,2.168,10.000,5.054,2.168,0.0,2.886,0.0,0.0,0.0,5.193763885718237,0.0,0.0,0.3234715689448954,4.870292316773342,0.6947770928811451,0.0,0.0,0.0,0.161411463781814,0.0,0,0.0,0,4.870292316773342,,,,,,,,,,,
201,10/18/1967,0.817,0.869,10.000,5.054,0.869,0.0,4.1850000000000005,0.0,0.0,0.0,4.870292316773342,0.0,0.0,0.29059679856668225,4.57969551820666,0.6285347947408929,0.0,0.0,0.0,0.14398802867767546,0.0,0,0.0,0,4.57969551820666,,,,,,,,,,,
202,10/19/1967,0.881,1.636,10.000,5.054,1.636,0.0,3.418,0.0,0.0,0.0,4.57969551820666,0.0,0.0,0.2622769467815131,4.317418571425147,0.5710278170893585,0.0,0.0,0.0,0.1290819565655977,0.0,0,0.0,0,4.317418571425147,,,,,,,,,,,
203,10/20/1967,0.881,0.790,10.000,5.054,0.79,0.0,4.264,0.0,0.0,0.0,4.317418571425147,0.0,0.0,0.2377238217009786,4.079694749724169,0.5208045124844809,0.0,0.0,0.0,0.11624365931876714,0.0,0,0.0,0,4.079694749724169,,,,,,,,,,,
204,10/21/1967,0.817,0.852,10.000,5.054,0.852,0.0,4.202,0.0,0.0,0.0,4.079694749724169,0.0,0.0,0.21631097784857975,3.863383771875589,0.47670110762978524,0.0,0.0,0.0,0.10511814719050823,0.0,0,0.0,0,3.863383771875589,,,,,,,,,,,
205,10/22/1967,0.785,0.384,10.000,5.054,0.384,0.0,4.67,0.0,0.0,0.0,3.863383771875589,0.0,0.0,0.1975356700905828,3.665848101785006,0.43777596460245344,0.0,0.0,0.0,0.0954223166304973,0.0,0,0.0,0,3.665848101785006,,,,,,,,,,,
206,10/23/1967,0.754,0.117,10.000,5.054,0.117,0.0,4.937,0.0,0.0,0.0,3.665848101785006,0.0,0.0,0.1809908225728015,3.484857279212205,0.40326070213813636,0.0,0.0,0.0,0.08692832041741708,0.0,0,0.0,0,3.484857279212205,,,,,,,,,,,
207,10/24/1967,0.694,0.211,10.000,5.054,0.211,0.0,4.843,0.0,0.0,0.0,3.484857279212205,0.0,0.0,0.1663441141816482,3.3185131650305566,0.372523409200627,0.0,0.0,0.0,0.07945123373216156,0.0,0,0.0,0,3.3185131650305566,,,,,,,,,,,
208,10/25/1967,0.636,0.598,10.000,5.054,0.598,0.0,4.456,0.0,0.0,0.0,3.3185131650305566,0.0,0.0,0.15332219192173271,3.1651909731088237,0.34504064888210434,0.0,0.0,0.0,0.07283979776062094,0.0,0,0.0,0,3.1651909731088237,,,,,,,,,,,
209,10/26/1967,0.607,0.648,10.000,5.054,0.648,0.0,4.406000000000001,0.0,0.0,0.0,3.1651909731088237,0.0,0.0,0.141698626962302,3.0234923461465217,0.3203759319327359,0.0,0.0,0.0,0.06696939689308135,0.0,0,0.0,0,3.0234923461465217,,,,,,,,,,,
210,10/27/1967,0.694,0.269,10.000,5.054,0.269,0.0,4.785,0.0,0.0,0.0,3.0234923461465217,0.0,0.0,0.13128463481357094,2.8922077113329507,0.2981630066228788,0.0,0.0,0.0,0.06173667662072592,0.0,0,0.0,0,2.8922077113329507,,,,,,,,,,,
211,10/28/1967,0.636,0.259,10.000,5.054,0.259,0.0,4.795,0.0,0.0,0.0,2.8922077113329507,0.0,0.0,0.12192185941084516,2.7702858519221056,0.27809277227843143,0.0,0.0,0.0,0.05705538010070309,0.0,0,0.0,0,2.7702858519221056,,,,,,,,,,,
212,10/29/1967,0.607,0.090,10.000,5.054,0.09,0.0,4.964,0.0,0.0,0.0,2.7702858519221056,0.0,0.0,0.11347671401330824,2.6568091379087972,0.2599029460922227,0.0,0.0,0.0,0.052853099320954375,0.0,0,0.0,0,2.6568091379087972,,,,,,,,,,,
213,10/30/1967,0.580,0.002,10.000,5.054,0.002,0.0,5.0520000000000005,0.0,0.0,0.0,2.6568091379087972,0.0,0.0,0.10583590758249353,2.5509732303263037,0.24336984111795293,0.0,0.0,0.0,0.04906871930122282,0.0,0,0.0,0,2.5509732303263037,,,,,,,,,,,
214,10/31/1967,0.552,0.093,10.000,5.054,0.093,0.0,4.961,0.0,0.0,0.0,2.5509732303263037,0.0,0.0,0.09890288188855788,2.4520703484377457,0.22830177699235027,0.0,0.0,0.0,0.045650392180138596,0.0,0,0.0,0,2.4520703484377457,,,,,,,,,,,
215,11/1/1967,0.473,0.071,11.000,5.054,0.071,0.0,4.9830000000000005,0.0,0.0,0.0,2.4520703484377457,0.0,0.0,0.09259495407890948,2.3594753943588365,0.21453376350551925,0.0,0.0,0.0,0.04255391986668379,0.0,0,0.0,0,2.3594753943588365,,,,,,,,,,,
216,11/2/1967,0.473,0.002,11.000,5.054,0.002,0.0,5.0520000000000005,0.0,0.0,0.0,2.3594753943588365,0.0,0.0,0.08684100996160787,2.2726343843972288,0.2019231839385407,0.0,0.0,0.0,0.03974145420589997,0.0,0,0.0,0,2.2726343843972288,,,,,,,,,,,
217,11/3/1967,0.473,0.064,11.000,5.054,0.064,0.0,4.99,0.0,0.0,0.0,2.2726343843972288,0.0,0.0,0.0815796303452739,2.191054754051955,0.1903462692352645,0.0,0.0,0.0,0.03718044573521908,0.0,0,0.0,0,2.191054754051955,,,,,,,,,,,
218,11/4/1967,0.448,0.011,11.000,5.054,0.011,0.0,5.043,0.0,0.0,0.0,2.191054754051955,0.0,0.0,0.07675756025945506,2.1142971937925,0.17969520190960675,0.0,0.0,0.0,0.03484278843240837,0.0,0,0.0,0,2.1142971937925,,,,,,,,,,,
219,11/5/1967,0.448,0.212,11.000,5.054,0.212,0.0,4.8420000000000005,0.0,0.0,0.0,2.1142971937925,0.0,0.0,0.07232845142014098,2.041968742372359,0.16987572456116518,0.0,0.0,0.0,0.032704120006343734,0.0,0,0.0,0,2.041968742372359,,,,,,,,,,,
220,11/6/1967,0.448,0.043,11.000,5.054,0.043,0.0,5.011,0.0,0.0,0.0,2.041968742372359,0.0,0.0,0.06825182378356562,1.9737169185887933,0.16080515513841345,0.0,0.0,0.0,0.030743246400236457,0.0,0,0.0,0,1.9737169185887933,,,,,,,,,,,
221,11/7/1967,0.448,0.046,11.000,5.054,0.046,0.0,5.008,0.0,0.0,0.0,1.9737169185887933,0.0,0.0,0.06449220378545445,1.9092247148033388,0.1524107319124472,0.0,0.0,0.0,0.028941666073730037,0.0,0,0.0,0,1.9092247148033388,,,,,,,,,,,
222,11/8/1967,0.448,0.073,11.000,5.054,0.073,0.0,4.981,0.0,0.0,0.0,1.9092247148033388,0.0,0.0,0.06101840585398126,1.8482063089493574,0.14462822714090073,0.0,0.0,0.0,0.02728317488542946,0.0,0,0.0,0,1.8482063089493574,,,,,,,,,,,
223,11/9/1967,0.448,0.543,11.000,5.054,0.543,0.0,4.511,0.0,0.0,0.0,1.8482063089493574,0.0,0.0,0.05780293071002278,1.7904033782393347,0.137400780804081,0.0,0.0,0.0,0.025753536429822907,0.0,0,0.0,0,1.7904033782393347,,,,,,,,,,,
224,11/10/1967,0.424,0.058,11.000,5.054,0.058,0.0,4.996,0.0,0.0,0.0,1.7904033782393347,0.0,0.0,0.05482145933755112,1.7355819189017836,0.13067791546065693,0.0,0.0,0.0,0.024340205797332325,0.0,0,0.0,0,1.7355819189017836,,,,,,,,,,,
225,11/11/1967,0.424,0.023,11.000,5.054,0.023,0.0,5.031000000000001,0.0,0.0,0.0,1.7355819189017836,0.0,0.0,0.05205242569582801,1.6835294932059557,0.1244147008482885,0.0,0.0,0.0,0.023032097147436797,0.0,0,0.0,0,1.6835294932059557,,,,,,,,,,,
226,11/12/1967,0.424,0.108,11.000,5.054,0.108,0.0,4.946000000000001,0.0,0.0,0.0,1.6835294932059557,0.0,0.0,0.04947665453239613,1.6340528386735595,0.11857104283053736,0.0,0.0,0.0,0.021819387378223677,0.0,0,0.0,0,1.6340528386735595,,,,,,,,,,,
227,11/13/1967,0.400,0.015,11.000,5.054,0.015,0.0,5.039000000000001,0.0,0.0,0.0,1.6340528386735595,0.0,0.0,0.04707705325031591,1.5869757854232436,0.11311107602994695,0.0,0.0,0.0,0.020693349664886482,0.0,0,0.0,0,1.5869757854232436,,,,,,,,,,,
228,11/14/1967,0.400,0.004,11.000,5.054,0.004,0.0,5.050000000000001,0.0,0.0,0.0,1.5869757854232436,0.0,0.0,0.044838348841761674,1.542137436581482,0.1080026432643109,0.0,0.0,0.0,0.01964621181732008,0.0,0,0.0,0,1.542137436581482,,,,,,,,,,,
229,11/15/1967,0.376,0.848,11.000,5.054,0.848,0.0,4.206,0.0,0.0,0.0,1.542137436581482,0.0,0.0,0.04274686254203189,1.49939057403945,0.10321684792904344,0.0,0.0,0.0,0.0186710353431002,0.0,0,0.0,0,1.49939057403945,,,,,,,,,,,
230,11/16/1967,0.331,0.038,11.000,5.054,0.038,0.0,5.016,0.0,0.0,0.0,1.49939057403945,0.0,0.0,0.04079031617404785,1.458600257865402,0.09872766790427502,0.0,0.0,0.0,0.017761611850012717,0.0,0,0.0,0,1.458600257865402,,,,,,,,,,,
231,11/17/1967,0.331,1.281,11.000,5.054,1.281,0.0,3.7730000000000006,0.0,0.0,0.0,1.458600257865402,0.0,0.0,0.03895766521317822,1.4196425926522238,0.09451162153494225,0.0,0.0,0.0,0.016912374022631897,0.0,0,0.0,0,1.4196425926522238,,,,,,,,,,,
232,11/18/1967,0.331,0.146,11.000,5.054,0.146,0.0,4.908,0.0,0.0,0.0,1.4196425926522238,0.0,0.0,0.0372389544594802,1.3824036381927436,0.09054747783190434,0.0,0.0,0.0,0.01611831889154778,0.0,0,0.0,0,1.3824036381927436,,,,,,,,,,,
233,11/19/1967,0.331,0.007,11.000,5.054,0.007,0.0,5.047000000000001,0.0,0.0,0.0,1.3824036381927436,0.0,0.0,0.03562519290089028,1.3467784452918532,0.08681600434694725,0.0,0.0,0.0,0.015374941505927194,0.0,0,0.0,0,1.3467784452918532,,,,,,,,,,,
234,11/20/1967,0.353,0.071,11.000,5.054,0.071,0.0,4.9830000000000005,0.0,0.0,0.0,1.3467784452918532,0.0,0.0,0.034108244919040145,1.312670200372813,0.08329974724310579,0.0,0.0,0.0,0.014678177438986967,0.0,0,0.0,0,1.312670200372813,,,,,,,,,,,
235,11/21/1967,0.331,0.017,11.000,5.054,0.017,0.0,5.037,0.0,0.0,0.0,1.312670200372813,0.0,0.0,0.0326807354547008,1.2799894649181123,0.07998283896022984,0.0,0.0,0.0,0.014024352816371568,0.0,0,0.0,0,1.2799894649181123,,,,,,,,,,,
236,11/22/1967,0.331,0.516,11.000,5.054,0.516,0.0,4.538,0.0,0.0,0.0,1.2799894649181123,0.0,0.0,0.03133596713243365,1.2486534977856787,0.07685082960064643,0.0,0.0,0.0,0.013410140770911126,0.0,0,0.0,0,1.2486534977856787,,,,,,,,,,,
237,11/23/1967,0.353,0.172,11.000,5.054,0.172,0.0,4.882000000000001,0.0,0.0,0.0,1.2486534977856787,0.0,0.0,0.030067847659728142,1.2185856501259504,0.07389053876012408,0.0,0.0,0.0,0.0128325234029007,0.0,0,0.0,0,1.2185856501259504,,,,,,,,,,,
238,11/24/1967,0.376,0.559,11.000,5.054,0.559,0.0,4.495,0.0,0.0,0.0,1.2185856501259504,0.0,0.0,0.028870826077343006,1.1897148240486075,0.07108992502825368,0.0,0.0,0.0,0.012288758470106529,0.0,0,0.0,0,1.1897148240486075,,,,,,,,,,,
239,11/25/1967,0.353,0.063,11.000,5.054,0.063,0.0,4.9910000000000005,0.0,0.0,0.0,1.1897148240486075,0.0,0.0,0.027739836654809724,1.1619749873937977,0.06843797079834774,0.0,0.0,0.0,0.011776350151915669,0.0,0,0.0,0,1.1619749873937977,,,,,,,,,,,
240,11/26/1967,0.376,0.204,11.000,5.054,0.204,0.0,4.8500000000000005,0.0,0.0,0.0,1.1619749873937977,0.0,0.0,0.026670249406167724,1.13530473798763,0.06592458037492062,0.0,0.0,0.0,0.01129302333199244,0.0,0,0.0,0,1.13530473798763,,,,,,,,,,,
241,11/27/1967,0.376,0.103,11.000,5.054,0.103,0.0,4.9510000000000005,0.0,0.0,0.0,1.13530473798763,0.0,0.0,0.025657826352469593,1.1096469116351604,0.0635404896587769,0.0,0.0,0.0,0.010836700927172023,0.0,0,0.0,0,1.1096469116351604,,,,,,,,,,,
242,11/28/1967,0.376,0.047,11.000,5.054,0.047,0.0,5.007000000000001,0.0,0.0,0.0,1.1096469116351604,0.0,0.0,0.024698682784660923,1.0849482288504995,0.061277185935444484,0.0,0.0,0.0,0.010405483860074841,0.0,0,0.0,0,1.0849482288504995,,,,,,,,,,,
243,11/29/1967,0.353,0.919,11.000,5.054,0.919,0.0,4.135,0.0,0.0,0.0,1.0849482288504995,0.0,0.0,0.023789252887350634,1.0611589759631488,0.05912683650007157,0.0,0.0,0.0,0.009997633331463633,0.0,0,0.0,0,1.0611589759631488,,,,,,,,,,,
244,11/30/1967,0.353,0.042,11.000,5.054,0.042,0.0,5.0120000000000005,0.0,0.0,0.0,1.0611589759631488,0.0,0.0,0.022926259174197636,1.0382327167889511,0.05708222502742886,0.0,0.0,0.0,0.009611555097633735,0.0,0,0.0,0,1.0382327167889511,,,,,,,,,,,
245,12/1/1967,0.353,0.005,12.000,5.337,0.005,0.0,5.332,0.0,0.0,0.0,1.0382327167889511,0.0,0.0,0.022106685261968458,1.0161260315269827,0.05513669474461671,0.0,0.0,0.0,0.009245785499710633,0.0,0,0.0,0,1.0161260315269827,,,,,,,,,,,
246,12/2/1967,0.331,0.010,12.000,5.337,0.01,0.0,5.327,0.0,0.0,0.0,1.0161260315269827,0.0,0.0,0.021327751575076707,0.994798279951906,0.053284097590822206,0.0,0.0,0.0,0.008898979026921092,0.0,0,0.0,0,0.994798279951906,,,,,,,,,,,
247,12/3/1967,0.353,0.030,12.000,5.337,0.03,0.0,5.3069999999999995,0.0,0.0,0.0,0.994798279951906,0.0,0.0,0.020586893627496005,0.97421138632441,0.05151874865658937,0.0,0.0,0.0,0.008569897225765887,0.0,0,0.0,0,0.97421138632441,,,,,,,,,,,
248,12/4/1967,0.353,0.562,12.000,5.337,0.562,0.0,4.7749999999999995,0.0,0.0,0.0,0.97421138632441,0.0,0.0,0.01988174257590658,0.9543296437485034,0.04983538528751949,0.0,0.0,0.0,0.008257398792425366,0.0,0,0.0,0,0.9543296437485034,,,,,,,,,,,
249,12/5/1967,0.331,0.281,12.000,5.337,0.281,0.0,5.056,0.0,0.0,0.0,0.9543296437485034,0.0,0.0,0.019210107778084056,0.9351195359704193,0.04822913031656722,0.0,0.0,0.0,0.007960430707392377,0.0,0,0.0,0,0.9351195359704193,,,,,,,,,,,
250,12/6/1967,0.331,0.721,12.000,5.337,0.721,0.0,4.616,0.0,0.0,0.0,0.9351195359704193,0.0,0.0,0.018569961124938878,0.9165495748454804,0.046695458957182134,0.0,0.0,0.0,0.00767802028984596,0.0,0,0.0,0,0.9165495748454804,,,,,,,,,,,
251,12/7/1967,0.331,0.431,12.000,5.337,0.431,0.0,4.906,0.0,0.0,0.0,0.9165495748454804,0.0,0.0,0.01795942294415615,0.8985901519013242,0.04523016894817052,0.0,0.0,0.0,0.007409268065146066,0.0,0,0.0,0,0.8985901519013242,,,,,,,,,,,
252,12/8/1967,0.331,0.061,12.000,5.337,0.061,0.0,5.276,0.0,0.0,0.0,0.8985901519013242,0.0,0.0,0.017376749298811663,0.8812134026025126,0.043829353591740804,0.0,0.0,0.0,0.007153341352455411,0.0,0,0.0,0,0.8812134026025126,,,,,,,,,,,
253,12/9/1967,0.331,0.079,12.000,5.337,0.079,0.0,5.258,0.0,0.0,0.0,0.8812134026025126,0.0,0.0,0.01682032052627044,0.8643930820762421,0.04248937736994232,0.0,0.0,0.0,0.006909468491221182,0.0,0,0.0,0,0.8643930820762421,,,,,,,,,,,
254,12/10/1967,0.331,0.026,12.000,5.337,0.026,0.0,5.311,0.0,0.0,0.0,0.8643930820762421,0.0,0.0,0.01628863088162977,0.8481044511946123,0.04120685386261401,0.0,0.0,0.0,0.006676933635362972,0.0,0,0.0,0,0.8481044511946123,,,,,,,,,,,
255,12/11/1967,0.331,0.022,12.000,5.337,0.022,0.0,5.3149999999999995,0.0,0.0,0.0,0.8481044511946123,0.0,0.0,0.015780279166386392,0.832324172028226,0.039978625722872085,0.0,0.0,0.0,0.006455072052753951,0.0,0,0.0,0,0.832324172028226,,,,,,,,,,,
256,12/12/1967,0.331,0.000,12.000,5.337,0.0,0.0,5.337,0.0,0.0,0.0,0.832324172028226,0.0,0.0,0.015293960237254604,0.8170302117909714,0.03880174649479649,0.0,0.0,0.0,0.006243265875151242,0.0,0,0.0,0,0.8170302117909714,,,,,,,,,,,
257,12/13/1967,0.331,0.030,12.000,5.337,0.03,0.0,5.3069999999999995,0.0,0.0,0.0,0.8170302117909714,0.0,0.0,0.0148284573024502,0.8022017544885212,0.03767346408292967,0.0,0.0,0.0,0.006040940250298925,0.0,0,0.0,0,0.8022017544885212,,,,,,,,,,,
258,12/14/1967,0.331,0.550,12.000,5.337,0.55,0.0,4.787,0.0,0.0,0.0,0.8022017544885212,0.0,0.0,0.014382634923546422,0.7878191195649747,0.036591205704990006,0.0,0.0,0.0,0.005847559853636107,0.0,0,0.0,0,0.7878191195649747,,,,,,,,,,,
259,12/15/1967,0.331,0.042,12.000,5.337,0.042,0.0,5.295,0.0,0.0,0.0,0.7878191195649747,0.0,0.0,0.013955432650425557,0.7738636869145492,0.03555256417825982,0.0,0.0,0.0,0.005662625722014594,0.0,0,0.0,0,0.7738636869145492,,,,,,,,,,,
260,12/16/1967,0.331,0.032,12.000,5.337,0.032,0.0,5.305,0.0,0.0,0.0,0.7738636869145492,0.0,0.0,0.013545859225083362,0.7603178276894659,0.0345552854068086,0.0,0.0,0.0,0.005485672376168806,0.0,0,0.0,0,0.7603178276894659,,,,,,,,,,,
261,12/17/1967,0.331,0.196,12.000,5.337,0.196,0.0,5.141,0.0,0.0,0.0,0.7603178276894659,0.0,0.0,0.013152987297253841,0.747164840392212,0.033597256951368795,0.0,0.0,0.0,0.0053162652024721,0.0,0,0.0,0,0.747164840392212,,,,,,,,,,,
262,12/18/1967,0.331,0.088,12.000,5.337,0.088,0.0,5.249,0.0,0.0,0.0,0.747164840392212,0.0,0.0,0.012775948601147174,0.7343888917910648,0.03267649757656811,0.0,0.0,0.0,0.005153998067833162,0.0,0,0.0,0,0.7343888917910648,,,,,,,,,,,
263,12/19/1967,0.331,0.020,12.000,5.337,0.02,0.0,5.317,0.0,0.0,0.0,0.7343888917910648,0.0,0.0,0.012413929548151657,0.7219749622429131,0.03179114768156943,0.0,0.0,0.0,0.00499849114449727,0.0,0,0.0,0,0.7219749622429131,,,,,,,,,,,
264,12/20/1967,0.331,0.006,12.000,5.337,0.006,0.0,5.3309999999999995,0.0,0.0,0.0,0.7219749622429131,0.0,0.0,0.012066167195241654,0.7099087950476715,0.030939460530176974,0.0,0.0,0.0,0.004849388924074275,0.0,0,0.0,0,0.7099087950476715,,,,,,,,,,,
265,12/21/1967,0.331,0.000,12.000,5.337,0.0,0.0,5.337,0.0,0.0,0.0,0.7099087950476715,0.0,0.0,0.011731945553145506,0.698176849494526,0.03011979420530756,0.0,0.0,0.0,0.004706358402364846,0.0,0,0.0,0,0.698176849494526,,,,,,,,,,,
266,12/22/1967,0.331,0.406,12.000,5.337,0.406,0.0,4.931,0.0,0.0,0.0,0.698176849494526,0.0,0.0,0.011410592202133248,0.6867662572923927,0.029330604220544995,0.0,0.0,0.0,0.004569087418538738,0.0,0,0.0,0,0.6867662572923927,,,,,,,,,,,
267,12/23/1967,0.331,0.040,12.000,5.337,0.04,0.0,5.297,0.0,0.0,0.0,0.6867662572923927,0.0,0.0,0.011101475186649508,0.6756647821057432,0.028570436728423715,0.0,0.0,0.0,0.004437283133968256,0.0,0,0.0,0,0.6756647821057432,,,,,,,,,,,
268,12/24/1967,0.331,0.002,12.000,5.337,0.002,0.0,5.335,0.0,0.0,0.0,0.6756647821057432,0.0,0.0,0.010804000162996198,0.664860781942747,0.02783792227123331,0.0,0.0,0.0,0.004310670637565915,0.0,0,0.0,0,0.664860781942747,,,,,,,,,,,
269,12/25/1967,0.331,0.019,12.000,5.337,0.019,0.0,5.318,0.0,0.0,0.0,0.664860781942747,0.0,0.0,0.010517607776911641,0.6543431741658353,0.0271317700255957,0.0,0.0,0.0,0.004188991665843676,0.0,0,0.0,0,0.6543431741658353,,,,,,,,,,,
270,12/26/1967,0.331,0.160,12.000,5.337,0.16,0.0,5.177,0.0,0.0,0.0,0.6543431741658353,0.0,0.0,0.010241771250238214,0.6441014029155971,0.02645076249692362,0.0,0.0,0.0,0.004072003427123701,0.0,0,0.0,0,0.6441014029155971,,,,,,,,,,,
271,12/27/1967,0.331,10.745,12.000,5.337,5.337,5.4079999999999995,0.0,0,5.318558554281569,0.0,5.962659957197166,0.0,0.0,0.40716069715503606,5.55549926004213,0.8612428820975696,0.08944144571843,0.08944144571843,0.0,0.20627164443037446,0.08944144571843,0,0.0,0,5.55549926004213,,,,,,,,,,,
272,12/28/1967,0.376,14.722,12.000,5.337,5.337,9.385,0.0,0,9.385,0.08944144571843,14.940897409301535,0.0,0.08944144571843,1.8821760849871503,13.058721324314384,3.5479848260530886,0.0,0.0,0.00039814925940304455,1.0545915259701144,0.08904329645902696,0,0.0,0,13.058721324314384,,,,,,,,,,,
273,12/29/1967,1.585,23.528,12.000,5.337,5.337,18.191,0.0,0,18.190601850740595,0.08904329645902696,31.249719551949998,0.0,0.08904329645902696,6.438370801448706,24.811348750501292,10.833024799447642,0.0003981492594030382,0.0003981492594030382,0.0003963768950199571,3.911515560795165,0.08904506882341005,0,0.0,0,24.811348750501292,,,,,,,,,,,
274,12/30/1967,2.494,9.443,12.000,5.337,5.337,4.106,0.0,0,4.1056036231049795,0.08904506882341005,28.917348758390986,0.0,0.08904506882341005,5.657569524628915,23.25977923376207,9.644090790559726,0.00039637689501995115,0.00039637689501995115,0.000396384784713162,3.4080388712229572,0.08904506093371685,0,0.0,0,23.25977923376207,,,,,,,,,,,
275,12/31/1967,3.008,0.566,12.000,5.337,0.566,0.0,4.771,0.0,0.0,0.08904506093371685,23.25977923376207,0.08904506093371685,0.0,3.935879183774856,19.323900049987216,6.949053951797345,0.0,0.0,0.0,2.314978860849477,0.0,0,0.0,0,19.323900049987216,,,,,,,,,,,
276,1/1/1968,2.396,0.331,1.000,5.134,0.331,0.0,4.803,0.0,0.0,0.0,19.323900049987216,0.0,0.0,2.8897287735123434,16.434171276474874,5.24865306627131,0.0,0.0,0.0,1.6654551516559457,0.0,0,0.0,0,16.434171276474874,,,,,,,,,,,
277,1/2/1968,1.974,0.410,1.000,5.134,0.41,0.0,4.724,0.0,0.0,0.0,16.434171276474874,0.0,0.0,2.2060336170686017,14.228137659406272,4.102820354733734,0.0,0.0,0.0,1.2490309971403646,0.0,0,0.0,0,14.228137659406272,,,,,,,,,,,
278,1/3/1968,1.050,0.151,1.000,5.134,0.151,0.0,4.9830000000000005,0.0,0.0,0.0,14.228137659406272,0.0,0.0,1.7349190221135484,12.493218637292724,3.2926792385611443,0.0,0.0,0.0,0.9668857217399013,0.0,0,0.0,0,12.493218637292724,,,,,,,,,,,
279,1/4/1968,0.636,0.058,1.000,5.134,0.058,0.0,5.0760000000000005,0.0,0.0,0.0,12.493218637292724,0.0,0.0,1.3968711422612419,11.096347495031482,2.698359994659681,0.0,0.0,0.0,0.7674656696527665,0.0,0,0.0,0,11.096347495031482,,,,,,,,,,,
280,1/5/1968,0.376,0.221,1.000,5.134,0.221,0.0,4.913,0.0,0.0,0.0,11.096347495031482,0.0,0.0,1.1463903613335782,9.949957133697904,2.2493867684141375,0.0,0.0,0.0,0.6217100574249406,0.0,0,0.0,0,9.949957133697904,,,,,,,,,,,
281,1/6/1968,0.353,0.096,1.000,5.134,0.096,0.0,5.038,0.0,0.0,0.0,9.949957133697904,0.0,0.0,0.955875053702897,8.994082079995007,1.9019872478453068,0.0,0.0,0.0,0.5122273621441025,0.0,0,0.0,0,8.994082079995007,,,,,,,,,,,
282,1/7/1968,0.353,0.188,1.000,5.134,0.188,0.0,4.946000000000001,0.0,0.0,0.0,8.994082079995007,0.0,0.0,0.8077814127765288,8.186300667218479,1.6277546915114631,0.0,0.0,0.0,0.4280997865557664,0.0,0,0.0,0,8.186300667218479,,,,,,,,,,,
283,1/8/1968,0.353,0.500,1.000,5.134,0.5,0.0,4.634,0.0,0.0,0.0,8.186300667218479,0.0,0.0,0.6905237128992727,7.495776954319206,1.407577790083446,0.0,0.0,0.0,0.36219941000639655,0.0,0,0.0,0,7.495776954319206,,,,,,,,,,,
284,1/9/1968,0.376,1.878,1.000,5.134,1.878,0.0,3.2560000000000002,0.0,0.0,0.0,7.495776954319206,0.0,0.0,0.5962021482460492,6.899574806073157,1.2282050922645447,0.0,0.0,0.0,0.3097173915468609,0.0,0,0.0,0,6.899574806073157,,,,,,,,,,,
285,1/10/1968,0.376,0.357,1.000,5.134,0.357,0.0,4.777,0.0,0.0,0.0,6.899574806073157,0.0,0.0,0.5192816676059416,6.3802931384672155,1.0802092467231916,0.0,0.0,0.0,0.2673176550963344,0.0,0,0.0,0,6.3802931384672155,,,,,,,,,,,
286,1/11/1968,0.376,0.157,1.000,5.134,0.157,0.0,4.977,0.0,0.0,0.0,6.3802931384672155,0.0,0.0,0.455792140656108,5.924500997811108,0.9567332180584495,0.0,0.0,0.0,0.23262950688445946,0.0,0,0.0,0,5.924500997811108,,,,,,,,,,,
287,1/12/1968,0.376,0.176,1.000,5.134,0.176,0.0,4.958,0.0,0.0,0.0,5.924500997811108,0.0,0.0,0.402827155424288,5.52167384238682,0.8526921934601828,0.0,0.0,0.0,0.2039325920315145,0.0,0,0.0,0,5.52167384238682,,,,,,,,,,,
288,1/13/1968,0.353,0.259,1.000,5.134,0.259,0.0,4.875,0.0,0.0,0.0,5.52167384238682,0.0,0.0,0.358220438450453,5.163453403936367,0.7642508309399141,0.0,0.0,0.0,0.1799552490794463,0.0,0,0.0,0,5.163453403936367,,,,,,,,,,,
289,1/14/1968,0.331,0.276,1.000,5.134,0.276,0.0,4.8580000000000005,0.0,0.0,0.0,5.163453403936367,0.0,0.0,0.32033142692314637,4.843121977013221,0.688472184798932,0.0,0.0,0.0,0.1597419719546617,0.0,0,0.0,0,4.843121977013221,,,,,,,,,,,
290,1/15/1968,0.331,0.255,1.000,5.134,0.255,0.0,4.8790000000000004,0.0,0.0,0.0,4.843121977013221,0.0,0.0,0.28789986189325056,4.55522211511997,0.6230766609890583,0.0,0.0,0.0,0.14256422800553073,0.0,0,0.0,0,4.55522211511997,,,,,,,,,,,
291,1/16/1968,0.331,1.336,1.000,5.134,1.336,0.0,3.798,0.0,0.0,0.0,4.55522211511997,0.0,0.0,0.259945143716148,4.295276971403822,0.5662732305014945,0.0,0.0,0.0,0.12785918373501046,0.0,0,0.0,0,4.295276971403822,,,,,,,,,,,
292,1/17/1968,0.309,9.122,1.000,5.134,5.134,3.9879999999999995,0.0,0,3.8985585542815695,0.0,8.19383552568539,0.0,0.0,0.6915833275762318,7.502252198109159,1.4095808134722014,0.08944144571843,0.08944144571843,0.0,0.36279180982501924,0.08944144571843,0,0.0,0,7.502252198109159,,,,,,,,,,,
293,1/18/1968,0.288,1.450,1.000,5.134,1.45,0.0,3.684,0.0,0.0,0.08944144571843,7.502252198109159,0.08944144571843,0.0,0.5970607796739227,6.905191418435236,1.2298479898463284,0.0,0.0,0.0,0.3101928091963814,0.0,0,0.0,0,6.905191418435236,,,,,,,,,,,
294,1/19/1968,0.267,8.848,1.000,5.134,5.134,3.7140000000000004,0.0,0,3.6245585542815704,0.0,10.529749972716807,0.0,0.0,1.0504995639734405,9.479250408743367,2.075233238512133,0.08944144571843,0.08944144571843,0.0,0.5664414101898196,0.08944144571843,0,0.0,0,9.479250408743367,,,,,,,,,,,
295,1/20/1968,0.267,7.947,1.000,5.134,5.134,2.8129999999999997,0.0,0,2.8129999999999997,0.08944144571843,12.292648558002771,0.0,0.08944144571843,1.3596951671120454,10.932953390890725,2.6322259869775015,0.0,0.0,0.00039814925940304455,0.7457157705064291,0.08904329645902696,0,0.0,0,10.932953390890725,,,,,,,,,,,
296,1/21/1968,0.267,1.125,1.000,5.134,1.125,0.0,4.009,0.0,0.0,0.08904329645902696,10.932953390890725,0.08904329645902696,0.0,1.1183942849043829,9.814559105986342,2.1986812000667655,0.0,0.0,0.0,0.6055412991714967,0.0,0,0.0,0,9.814559105986342,,,,,,,,,,,
297,1/22/1968,0.267,17.836,1.000,5.134,5.134,12.701999999999998,0.0,0,12.612558554281568,0.0,22.42711766026791,0.0,0.0,3.7038627121651007,18.72325494810281,6.576677992894085,0.08944144571843,0.08944144571843,0.0,2.1698208761967592,0.08944144571843,0,0.0,0,18.72325494810281,,,,,,,,,,,
298,1/23/1968,17.465,26.729,1.000,5.134,5.134,21.595,0.0,0,21.595,0.08944144571843,40.31865309736221,0.0,0.08944144571843,9.84485076824725,30.47380232911496,15.838044249748068,0.0,0.0,0.00039814925940304455,6.150550620774204,0.08904329645902696,0,0.0,0,30.47380232911496,,,,,,,,,,,
299,1/24/1968,3.909,2.985,1.000,5.134,2.985,0.0,2.1490000000000005,0.0,0.0,0.08904329645902696,30.47380232911496,0.08904329645902696,0.0,6.1741454324254095,24.29965689668955,10.432726922840898,0.0,0.0,0.0,3.740661600593697,0.0,0,0.0,0,24.29965689668955,,,,,,,,,,,
300,1/25/1968,1.231,4.392,1.000,5.134,4.392,0.0,0.742,0.0,0.0,0.0,24.29965689668955,0.0,0.0,4.233497887736883,20.066159008952667,7.4231932764852075,0.0,0.0,0.0,2.502002282370302,0.0,0,0.0,0,20.066159008952667,,,,,,,,,,,
301,1/26/1968,1.345,14.970,1.000,5.134,5.134,9.836,0.0,0,9.74655855428157,0.0,29.812717563234237,0.0,0.0,5.952531757475547,23.86018580575869,10.095399944024022,0.08944144571843,0.08944144571843,0.0,3.597731069088748,0.08944144571843,0,0.0,0,23.86018580575869,,,,,,,,,,,
302,1/27/1968,11.671,18.230,1.000,5.134,5.134,13.096,0.0,0,13.096,0.08944144571843,36.9565839550181,0.0,0.08944144571843,8.515016220870669,28.441567734147426,13.915392385689758,0.0,0.0,0.00039814925940304455,5.269183886274387,0.08904329645902696,0,0.0,0,28.441567734147426,,,,,,,,,,,
303,1/28/1968,1.884,2.613,1.000,5.134,2.613,0.0,2.5210000000000004,0.0,0.0,0.08904329645902696,28.441567734147426,0.08904329645902696,0.0,5.503280689455993,22.938287044691435,9.406918808921198,0.0,0.0,0.0,3.3090715437391944,0.0,0,0.0,0,22.938287044691435,,,,,,,,,,,
304,1/29/1968,1.157,0.783,1.000,5.134,0.783,0.0,4.351,0.0,0.0,0.0,22.938287044691435,0.0,0.0,3.845629287932306,19.09265775675913,6.804501941004292,0.0,0.0,0.0,2.2584464181450437,0.0,0,0.0,0,19.09265775675913,,,,,,,,,,,
305,1/30/1968,0.817,0.827,1.000,5.134,0.827,0.0,4.307,0.0,0.0,0.0,19.09265775675913,0.0,0.0,2.832325034484718,16.260332722274413,5.153623321027891,0.0,0.0,0.0,1.630217558670795,0.0,0,0.0,0,16.260332722274413,,,,,,,,,,,
306,1/31/1968,0.552,0.364,1.000,5.134,0.364,0.0,4.7700000000000005,0.0,0.0,0.0,16.260332722274413,0.0,0.0,2.1672790092739898,14.093053713000423,4.036875467018551,0.0,0.0,0.0,1.2256583522049087,0.0,0,0.0,0,14.093053713000423,,,,,,,,,,,
307,2/1/1968,0.499,0.811,2.000,4.866,0.811,0.0,4.055,0.0,0.0,0.0,14.093053713000423,0.0,0.0,1.707553383736554,12.385500329263868,3.245008312886924,0.0,0.0,0.0,0.9506395565106882,0.0,0,0.0,0,12.385500329263868,,,,,,,,,,,
308,2/2/1968,0.499,2.998,2.000,4.866,2.998,0.0,1.8679999999999994,0.0,0.0,0.0,12.385500329263868,0.0,0.0,1.3768555200541672,11.0086448092097,2.662773879434763,0.0,0.0,0.0,0.7557506803174241,0.0,0,0.0,0,11.0086448092097,,,,,,,,,,,
309,2/3/1968,0.552,0.268,2.000,4.866,0.268,0.0,4.598,0.0,0.0,0.0,11.0086448092097,0.0,0.0,1.1313288894189186,9.877315919790782,2.2221219470121074,0.0,0.0,0.0,0.6130082364960994,0.0,0,0.0,0,9.877315919790782,,,,,,,,,,,
310,2/4/1968,0.552,0.226,2.000,4.866,0.226,0.0,4.64,0.0,0.0,0.0,9.877315919790782,0.0,0.0,0.9442725228258394,8.933043396964942,1.8806432318353412,0.0,0.0,0.0,0.5056034258617996,0.0,0,0.0,0,8.933043396964942,,,,,,,,,,,
311,2/5/1968,0.525,0.798,2.000,4.866,0.798,0.0,4.068,0.0,0.0,0.0,8.933043396964942,0.0,0.0,0.798665364753358,8.134378032211584,1.6107396562418537,0.0,0.0,0.0,0.4229525775075705,0.0,0,0.0,0,8.134378032211584,,,,,,,,,,,
312,2/6/1968,0.448,0.806,2.000,4.866,0.806,0.0,4.06,0.0,0.0,0.0,8.134378032211584,0.0,0.0,0.6832396016726799,7.451138430538904,1.3938014427502916,0.0,0.0,0.0,0.35812869818581455,0.0,0,0.0,0,7.451138430538904,,,,,,,,,,,
313,2/7/1968,0.499,1.037,2.000,4.866,1.037,0.0,3.8289999999999997,0.0,0.0,0.0,7.451138430538904,0.0,0.0,0.590296440814003,6.860841989724902,1.2168999187697631,0.0,0.0,0.0,0.30644867031401946,0.0,0,0.0,0,6.860841989724902,,,,,,,,,,,
314,2/8/1968,1.086,1.092,2.000,4.866,1.092,0.0,3.7739999999999996,0.0,0.0,0.0,6.860841989724902,0.0,0.0,0.5144321946818579,6.346409795043044,1.0708220972594436,0.0,0.0,0.0,0.26465778002293394,0.0,0,0.0,0,6.346409795043044,,,,,,,,,,,
315,2/9/1968,1.269,5.326,2.000,4.866,4.866,0.45999999999999996,0.0,0,0.370564654919783,0.0,6.716974449962827,0.0,0.0,0.4965792922987561,6.220395157664071,1.0362027214226393,0.08943534508021694,0.08943534508021694,0.0,0.2548800138904059,0.08943534508021694,0,0.0,0,6.220395157664071,,,,,,,,,,,
316,2/10/1968,0.849,2.221,2.000,4.866,2.221,0.0,2.6449999999999996,0.0,0.0,0.08943534508021694,6.220395157664071,0.08943534508021694,0.0,0.4369137733246355,5.783481384339436,0.9197637547166603,0.0,0.0,0.0,0.22237444503956832,0.0,0,0.0,0,5.783481384339436,,,,,,,,,,,
317,2/11/1968,0.473,1.052,2.000,4.866,1.052,0.0,3.8139999999999996,0.0,0.0,0.0,5.783481384339436,0.0,0.0,0.38697360918071166,5.3965077751587245,0.8213498986814627,0.0,0.0,0.0,0.19538978708890473,0.0,0,0.0,0,5.3965077751587245,,,,,,,,,,,
318,2/12/1968,0.376,2.222,2.000,4.866,2.222,0.0,2.6439999999999997,0.0,0.0,0.0,5.3965077751587245,0.0,0.0,0.3447893080337554,5.051718467124969,0.7374608764408824,0.0,0.0,0.0,0.17277300465497866,0.0,0,0.0,0,5.051718467124969,,,,,,,,,,,
319,2/13/1968,0.331,1.641,2.000,4.866,1.641,0.0,3.2249999999999996,0.0,0.0,0.0,5.051718467124969,0.0,0.0,0.30886190332808844,4.742856563796881,0.6654036586028809,0.0,0.0,0.0,0.15365329326596983,0.0,0,0.0,0,4.742856563796881,,,,,,,,,,,
320,2/14/1968,0.309,1.040,2.000,4.866,1.04,0.0,3.8259999999999996,0.0,0.0,0.0,4.742856563796881,0.0,0.0,0.27803476049037895,4.464821803306502,0.603079104516729,0.0,0.0,0.0,0.13736365302144354,0.0,0,0.0,0,4.464821803306502,,,,,,,,,,,
321,2/15/1968,0.400,1.784,2.000,4.866,1.784,0.0,3.082,0.0,0.0,0.0,4.464821803306502,0.0,0.0,0.2514042769964496,4.213417526310052,0.5488316412524432,0.0,0.0,0.0,0.12338665176162766,0.0,0,0.0,0,4.213417526310052,,,,,,,,,,,
322,2/16/1968,0.331,0.514,2.000,4.866,0.514,0.0,4.351999999999999,0.0,0.0,0.0,4.213417526310052,0.0,0.0,0.22825656305865658,3.9851609632513956,0.5013415372341827,0.0,0.0,0.0,0.11131623344895328,0.0,0,0.0,0,3.9851609632513956,,,,,,,,,,,
323,2/17/1968,0.331,0.051,2.000,4.866,0.051,0.0,4.8149999999999995,0.0,0.0,0.0,3.9851609632513956,0.0,0.0,0.20802181938900854,3.777139143862387,0.45954650401568353,0.0,0.0,0.0,0.10083038269486826,0.0,0,0.0,0,3.777139143862387,,,,,,,,,,,
324,2/18/1968,0.331,0.263,2.000,4.866,0.263,0.0,4.603,0.0,0.0,0.0,3.777139143862387,0.0,0.0,0.19024098430865266,3.5868981595537344,0.4225838385385116,0.0,0.0,0.0,0.09167126746641172,0.0,0,0.0,0,3.5868981595537344,,,,,,,,,,,
325,2/19/1968,0.331,0.141,2.000,4.866,0.141,0.0,4.725,0.0,0.0,0.0,3.5868981595537344,0.0,0.0,0.17454102481512027,3.412357134738614,0.3897471758507543,0.0,0.0,0.0,0.08363061779024103,0.0,0,0.0,0,3.412357134738614,,,,,,,,,,,
326,2/20/1968,0.331,0.102,2.000,4.866,0.102,0.0,4.763999999999999,0.0,0.0,0.0,3.412357134738614,0.0,0.0,0.16061640740553648,3.2517407273330776,0.36045378239027853,0.0,0.0,0.0,0.07653882557514065,0.0,0,0.0,0,3.2517407273330776,,,,,,,,,,,
327,2/21/1968,0.424,0.115,2.000,4.866,0.115,0.0,4.7509999999999994,0.0,0.0,0.0,3.2517407273330776,0.0,0.0,0.1482150467593129,3.1035256805737648,0.3342195530462916,0.0,0.0,0.0,0.07025672535059915,0.0,0,0.0,0,3.1035256805737648,,,,,,,,,,,
328,2/22/1968,0.473,0.465,2.000,4.866,0.465,0.0,4.401,0.0,0.0,0.0,3.1035256805737648,0.0,0.0,0.1371275395095774,2.9663981410641873,0.3106397064293726,0.0,0.0,0.0,0.0646693309595369,0.0,0,0.0,0,2.9663981410641873,,,,,,,,,,,
329,2/23/1968,0.400,0.505,2.000,4.866,0.505,0.0,4.361,0.0,0.0,0.0,2.9663981410641873,0.0,0.0,0.12717883578208455,2.8392193052821026,0.2893737417549631,0.0,0.0,0.0,0.05968101597663778,0.0,0,0.0,0,2.8392193052821026,,,,,,,,,,,
330,2/24/1968,0.376,1.430,2.000,4.866,1.43,0.0,3.436,0.0,0.0,0.0,2.8392193052821026,0.0,0.0,0.11822173901441599,2.7209975662676866,0.2701336157677608,0.0,0.0,0.0,0.05521177131691191,0.0,0,0.0,0,2.7209975662676866,,,,,,,,,,,
331,2/25/1968,0.353,0.751,2.000,4.866,0.751,0.0,4.114999999999999,0.0,0.0,0.0,2.7209975662676866,0.0,0.0,0.11013179053511779,2.610865775732569,0.25267437600521175,0.0,0.0,0.0,0.05119427465126351,0.0,0,0.0,0,2.610865775732569,,,,,,,,,,,
332,2/26/1968,0.331,5.391,2.000,4.866,4.866,0.5250000000000004,0.0,0,0.4355599803975416,0.0,3.0464257561301107,0.0,0.0,0.1329485000839996,2.913477256046111,0.3017196354725118,0.08944001960245872,0.08944001960245872,0.0,0.06257094107198052,0.08944001960245872,0,0.0,0,2.913477256046111,,,,,,,,,,,
333,2/27/1968,2.644,7.836,2.000,4.866,4.866,2.9700000000000006,0.0,0,2.9699985738840295,0.08944001960245872,5.883873972841178,0.0,0.08944001960245872,0.3982337358343001,5.485640237006877,0.8436209804870498,1.4261159712862588e-06,1.4261159712862588e-06,0.00039814291103721446,0.2014550765832225,0.0890433028073928,0,0.0,0,5.485640237006877,,,,,,,,,,,
334,2/28/1968,4.149,5.781,2.000,4.866,4.866,0.915,0.0,0,0.9146018570894818,0.0890433028073928,6.400638471019639,0.0,0.0890433028073928,0.45821708042927906,5.9424213905903605,0.9614731761697722,0.0003981429105181638,0.0003981429105181638,0.0003963769232797548,0.23394882858550306,0.08904506879463121,0,0.0,0,5.9424213905903605,,,,,,,,,,,
335,2/29/1968,1.711,1.699,2.000,4.866,1.699,0.0,3.167,0.0,0.0,0.08904506879463121,5.9424213905903605,0.08904506879463121,0.0,0.4048599839805909,5.537561406609769,0.8567041300030263,0.0,0.0,0.0,0.2050296170549971,0.0,0,0.0,0,5.537561406609769,,,,,,,,,,,
336,3/1/1968,0.552,0.389,3.000,4.631,0.389,0.0,4.242,0.0,0.0,0.0,5.537561406609769,0.0,0.0,0.35993993726493395,5.177621469344835,0.7676750225711182,0.0,0.0,0.0,0.18087603869418914,0.0,0,0.0,0,5.177621469344835,,,,,,,,,,,
337,3/2/1968,0.448,0.747,3.000,4.631,0.747,0.0,3.8840000000000003,0.0,0.0,0.0,5.177621469344835,0.0,0.0,0.3217977021887402,4.855823767156095,0.6914168052381243,0.0,0.0,0.0,0.160521400312189,0.0,0,0.0,0,4.855823767156095,,,,,,,,,,,
338,3/3/1968,0.448,5.613,3.000,4.631,4.631,0.9820000000000002,0.0,0,0.8925585543335833,0.0,5.748382321489679,0.0,0.0,0.38306739334458,5.365314928145099,0.8136123535853499,0.08944144566641683,0.08944144566641683,0.0,0.1932883909349825,0.08944144566641683,0,0.0,0,5.365314928145099,,,,,,,,,,,
339,3/4/1968,0.754,3.032,3.000,4.631,3.032,0.0,1.5990000000000002,0.0,0.0,0.08944144566641683,5.365314928145099,0.08944144566641683,0.0,0.34147413170622487,5.023840796438874,0.7308363502450723,0.0,0.0,0.0,0.17100303098733524,0.0,0,0.0,0,5.023840796438874,,,,,,,,,,,
340,3/5/1968,0.881,2.431,3.000,4.631,2.431,0.0,2.2,0.0,0.0,0.0,5.023840796438874,0.0,0.0,0.3060263988847354,4.717814397554139,0.6596909022212581,0.0,0.0,0.0,0.1521503167793714,0.0,0,0.0,0,4.717814397554139,,,,,,,,,,,
341,3/6/1968,0.499,3.130,3.000,4.631,3.13,0.0,1.5010000000000003,0.0,0.0,0.0,4.717814397554139,0.0,0.0,0.27559237466464487,4.442222022889494,0.5981201776804593,0.0,0.0,0.0,0.1360779607781782,0.0,0,0.0,0,4.442222022889494,,,,,,,,,,,
342,3/7/1968,0.473,2.645,3.000,4.631,2.645,0.0,1.9860000000000002,0.0,0.0,0.0,4.442222022889494,0.0,0.0,0.24928695111626148,4.192935071773232,0.5445012083676208,0.0,0.0,0.0,0.12227942022091429,0.0,0,0.0,0,4.192935071773232,,,,,,,,,,,
343,3/8/1968,0.448,2.648,3.000,4.631,2.648,0.0,1.983,0.0,0.0,0.0,4.192935071773232,0.0,0.0,0.22641020963492892,3.966524862138303,0.497539126901236,0.0,0.0,0.0,0.11035681055984524,0.0,0,0.0,0,3.966524862138303,,,,,,,,,,,
344,3/9/1968,0.376,8.466,3.000,4.631,4.631,3.834999999999999,0.0,0,3.745558554281569,0.0,7.712083416419873,0.0,0.0,0.6251515447645444,7.086931871655328,1.2834917066671134,0.08944144571843,0.08944144571843,0.0,0.32577091882039266,0.08944144571843,0,0.0,0,7.086931871655328,,,,,,,,,,,
345,3/10/1968,0.376,2.400,3.000,4.631,2.4,0.0,2.2310000000000003,0.0,0.0,0.08944144571843,7.086931871655328,0.08944144571843,0.0,0.5429954715330823,6.543936400122246,1.1260123512218938,0.0,0.0,0.0,0.28034766416622986,0.0,0,0.0,0,6.543936400122246,,,,,,,,,,,
346,3/11/1968,1.544,5.527,3.000,4.631,4.631,0.8959999999999999,0.0,0,0.8065585546374319,0.0,7.350494954759678,0.0,0.0,0.577067679638577,6.773427275121101,1.1915427783834192,0.08944144536256805,0.08944144536256805,0.0,0.2991345843340649,0.08944144536256805,0,0.0,0,6.773427275121101,,,,,,,,,,,
347,3/12/1968,1.384,3.785,3.000,4.631,3.785,0.0,0.8460000000000001,0.0,0.0,0.08944144536256805,6.773503214344344,0.07238223012301699,0.017059215239551062,0.5035640062616331,6.269939208082711,1.0497587133131785,0.0,0.0,7.593922324340097e-05,0.2587027274161924,0.016983276016307662,0,0.0,0,6.269939208082711,,,,,,,,,,,
348,3/13/1968,0.881,3.126,3.000,4.631,3.126,0.0,1.5050000000000003,0.0,0.0,0.016983276016307662,6.269939208082711,0.016983276016307662,0.0,0.4427290247468492,5.827210183335862,0.9311648222869282,0.0,0.0,0.0,0.2255303425073403,0.0,0,0.0,0,5.827210183335862,,,,,,,,,,,
349,3/14/1968,0.754,5.020,3.000,4.631,4.631,0.38899999999999935,0.0,0,0.29958839552750716,0.0,6.126798578863369,0.0,0.0,0.42601195126615865,5.7007866275972106,0.8983581986108193,0.08941160447249219,0.08941160447249219,0.0,0.21646557209978134,0.08941160447249219,0,0.0,0,5.7007866275972106,,,,,,,,,,,
350,3/15/1968,1.050,4.009,3.000,4.631,4.009,0.0,0.6219999999999999,0.0,0.0,0.08941160447249219,5.7009478228352135,0.053200221958425845,0.036211382514066345,0.37781357214866784,5.323134250686546,0.803195892688766,0.0,0.0,0.00016119523800323639,0.19046425944188886,0.03605018727606311,0,0.0,0,5.323134250686546,,,,,,,,,,,
351,3/16/1968,1.753,4.895,3.000,4.631,4.631,0.26399999999999935,0.0,0,0.2108163035548679,0.03605018727606311,5.534111031917618,0.0,0.03605018727606311,0.3595662259267228,5.174544805990895,0.7669309235375734,0.05318369644513143,0.05318369644513143,0.00016047767620495855,0.18067589204149165,0.08907340604498958,0,0.0,0,5.174544805990895,,,,,,,,,,,
352,3/17/1968,1.269,3.118,3.000,4.631,3.118,0.0,1.5130000000000003,0.0,0.0,0.08907340604498958,5.174544805990895,0.08907340604498958,0.0,0.3214790658275574,4.853065740163338,0.6907769949650421,0.0,0.0,0.0,0.16035200278055678,0.0,0,0.0,0,4.853065740163338,,,,,,,,,,,
353,3/18/1968,0.754,2.356,3.000,4.631,2.356,0.0,2.2750000000000004,0.0,0.0,0.0,4.853065740163338,0.0,0.0,0.2888857159506009,4.564180024212737,0.6250722936699745,0.0,0.0,0.0,0.14308459112276528,0.0,0,0.0,0,4.564180024212737,,,,,,,,,,,
354,3/19/1968,0.665,8.103,3.000,4.631,4.631,3.4719999999999995,0.0,0,3.3825585542815695,0.0,7.9467385784943065,0.0,0.0,0.6571744273012022,7.289564151193105,1.344403582447742,0.08944144571843,0.08944144571843,0.0,0.34358581278656675,0.08944144571843,0,0.0,0,7.289564151193105,,,,,,,,,,,
355,3/20/1968,3.062,20.032,3.000,4.631,4.631,15.401,0.0,0,15.401,0.08944144571843,22.690962300452508,0.0,0.08944144571843,3.776770848436562,18.914191452015945,6.6939612308307765,0.0,0.0,0.00039814925940304455,2.2153721320116877,0.08904329645902696,0,0.0,0,18.914191452015945,,,,,,,,,,,
356,3/21/1968,4.457,13.490,3.000,4.631,4.631,8.859,0.0,0,8.858601850740596,0.08904329645902696,27.77318967965156,0.0,0.08904329645902696,5.289428024835006,22.483761654816554,9.076887914787793,0.0003981492594030382,0.0003981492594030382,0.0003963768950199571,3.1722001756496336,0.08904506882341005,0,0.0,0,22.483761654816554,,,,,,,,,,,
357,3/22/1968,3.909,11.674,3.000,4.631,4.631,7.042999999999999,0.0,0,7.042603623104979,0.08904506882341005,29.52676166270625,0.0,0.08904506882341005,5.857677745060914,23.669083917645334,9.950563651725615,0.00039637689501995115,0.00039637689501995115,0.000396384784713162,3.5366608198433567,0.08904506093371685,0,0.0,0,23.669083917645334,,,,,,,,,,,
358,3/23/1968,4.646,8.521,3.000,4.631,4.631,3.8900000000000006,0.0,0,3.8896036152152873,0.08904506093371685,27.559083917610213,0.0,0.08904506093371685,5.221641767550288,22.337442150059925,8.971953229225678,0.0003963847847131611,0.0003963847847131611,0.0003963847495921342,3.1288904394703123,0.08904506096883787,0,0.0,0,22.337442150059925,,,,,,,,,,,
359,3/24/1968,2.019,3.173,3.000,4.631,3.173,0.0,1.4580000000000002,0.0,0.0,0.08904506096883787,22.337442150059925,0.08904506096883787,0.0,3.6792122801690197,18.658229869890906,6.536967271605702,0.0,0.0,0.0,2.1544331613138894,0.0,0,0.0,0,18.658229869890906,,,,,,,,,,,
360,3/25/1968,3.008,11.982,3.000,4.631,4.631,7.350999999999999,0.0,0,7.261558554281569,0.0,25.919788424172474,0.0,0.0,4.714310666250688,21.205477757921784,8.18142088259344,0.08944144571843,0.08944144571843,0.0,2.805954817732031,0.08944144571843,0,0.0,0,21.205477757921784,,,,,,,,,,,
361,3/26/1968,3.969,5.908,3.000,4.631,4.631,1.2770000000000001,0.0,0,1.2770000000000001,0.08944144571843,22.48287590718119,0.0,0.08944144571843,3.7192229855444254,18.763652921636762,6.601408068221948,0.0,0.0,0.00039814925940304455,2.179412740327436,0.08904329645902696,0,0.0,0,18.763652921636762,,,,,,,,,,,
362,3/27/1968,1.668,1.816,3.000,4.631,1.816,0.0,2.8150000000000004,0.0,0.0,0.08904329645902696,18.763652921636762,0.08904329645902696,0.0,2.7514487630751057,16.012204158561655,5.019393108071586,0.0,0.0,0.0,1.5806511313113847,0.0,0,0.0,0,16.012204158561655,,,,,,,,,,,
363,3/28/1968,1.086,0.528,3.000,4.631,0.528,0.0,4.103,0.0,0.0,0.0,16.012204158561655,0.0,0.0,2.1124396449428984,13.899764513618756,3.943358919950985,0.0,0.0,0.0,1.1926321731494156,0.0,0,0.0,0,13.899764513618756,,,,,,,,,,,
364,3/29/1968,0.849,0.329,3.000,4.631,0.329,0.0,4.3020000000000005,0.0,0.0,0.0,13.899764513618756,0.0,0.0,1.6686996791636393,12.231064834455116,3.1771988067926253,0.0,0.0,0.0,0.9276027460197702,0.0,0,0.0,0,12.231064834455116,,,,,,,,,,,
365,3/30/1968,0.754,0.303,3.000,4.631,0.303,0.0,4.328,0.0,0.0,0.0,12.231064834455116,0.0,0.0,1.3483611326704426,10.882703701784674,2.6120302209246344,0.0,0.0,0.0,0.7390924958234767,0.0,0,0.0,0,10.882703701784674,,,,,,,,,,,
366,3/31/1968,0.636,0.137,3.000,4.631,0.137,0.0,4.494,0.0,0.0,0.0,10.882703701784674,0.0,0.0,1.1098402039342774,9.772863497850397,2.183165698689305,0.0,0.0,0.0,0.6006062836695144,0.0,0,0.0,0,9.772863497850397,,,,,,,,,,,
367,4/1/1968,0.607,3.393,4.000,4.235,3.393,0.0,0.8420000000000005,0.0,0.0,0.0,9.772863497850397,0.0,0.0,0.9276884853440626,8.845175012506335,1.8500953226018593,0.0,0.0,0.0,0.496144835424284,0.0,0,0.0,0,8.845175012506335,,,,,,,,,,,
368,4/2/1968,0.724,2.280,4.000,4.235,2.28,0.0,1.9550000000000005,0.0,0.0,0.0,8.845175012506335,0.0,0.0,0.7856151115662514,8.059559900940084,1.586352576502076,0.0,0.0,0.0,0.4155907281952372,0.0,0,0.0,0,8.059559900940084,,,,,,,,,,,
369,4/3/1968,0.665,0.523,4.000,4.235,0.523,0.0,3.712,0.0,0.0,0.0,8.059559900940084,0.0,0.0,0.6727979462440865,7.386761954695997,1.3740318949783379,0.0,0.0,0.0,0.3522983850478304,0.0,0,0.0,0,7.386761954695997,,,,,,,,,,,
370,4/4/1968,0.636,0.760,4.000,4.235,0.76,0.0,3.4750000000000005,0.0,0.0,0.0,7.386761954695997,0.0,0.0,0.5818208549687195,6.8049410997272775,1.2006591430217601,0.0,0.0,0.0,0.30176132367900826,0.0,0,0.0,0,6.8049410997272775,,,,,,,,,,,
371,4/5/1968,0.552,0.503,4.000,4.235,0.503,0.0,3.732,0.0,0.0,0.0,6.8049410997272775,0.0,0.0,0.5074653520749564,6.297475747652321,1.0573239520801607,0.0,0.0,0.0,0.26083944482894933,0.0,0,0.0,0,6.297475747652321,,,,,,,,,,,
372,4/6/1968,0.817,3.976,4.000,4.235,3.976,0.0,0.25900000000000034,0.0,0.0,0.0,6.297475747652321,0.0,0.0,0.44597442141749427,5.8515013262348265,0.9375224759835871,0.0,0.0,0.0,0.22729278581462908,0.0,0,0.0,0,5.8515013262348265,,,,,,,,,,,
373,4/7/1968,0.636,0.496,4.000,4.235,0.496,0.0,3.7390000000000003,0.0,0.0,0.0,5.8515013262348265,0.0,0.0,0.3945886820870753,5.456912644147751,0.8364168964398468,0.0,0.0,0.0,0.19949041015770969,0.0,0,0.0,0,5.456912644147751,,,,,,,,,,,
374,4/8/1968,0.580,0.232,4.000,4.235,0.232,0.0,4.003,0.0,0.0,0.0,5.456912644147751,0.0,0.0,0.3512455093376878,5.105667134810063,0.7503481877152598,0.0,0.0,0.0,0.1762231784980255,0.0,0,0.0,0,5.105667134810063,,,,,,,,,,,
375,4/9/1968,0.499,0.267,4.000,4.235,0.267,0.0,3.9680000000000004,0.0,0.0,0.0,5.105667134810063,0.0,0.0,0.3143788158005608,4.791288319009502,0.6765075820565312,0.0,0.0,0.0,0.15658016208118938,0.0,0,0.0,0,4.791288319009502,,,,,,,,,,,
376,4/10/1968,0.400,0.226,4.000,4.235,0.226,0.0,4.009,0.0,0.0,0.0,4.791288319009502,0.0,0.0,0.2827827762911305,4.508505542718372,0.6127101978367384,0.0,0.0,0.0,0.13986516989143202,0.0,0,0.0,0,4.508505542718372,,,,,,,,,,,
377,4/11/1968,0.400,1.115,4.000,4.235,1.115,0.0,3.12,0.0,0.0,0.0,4.508505542718372,0.0,0.0,0.25551719101992937,4.252988351698443,0.5572360228203245,0.0,0.0,0.0,0.12553920328226004,0.0,0,0.0,0,4.252988351698443,,,,,,,,,,,
378,4/12/1968,0.424,4.412,4.000,4.235,4.235,0.1769999999999996,0.0,0,0.09091174253072076,0.0,4.343900094229164,0.0,0.0,0.24015897709746165,4.103741117131702,0.5258017056759603,0.08608825746927884,0.08608825746927884,0.0,0.11751319532101674,0.08608825746927884,0,0.0,0,4.103741117131702,,,,,,,,,,,
379,4/13/1968,0.849,4.399,4.000,4.235,4.235,0.1639999999999997,0.0,0,0.1607340722898932,0.08608825746927884,4.264858411938621,0.0,0.08608825746927884,0.23292001394014974,4.031938397998472,0.5109358103969835,0.003265927710106513,0.003265927710106513,0.00038322251702634536,0.11374177387879485,0.08897096266235902,0,0.0,0,4.031938397998472,,,,,,,,,,,
380,4/14/1968,0.694,0.844,4.000,4.235,0.844,0.0,3.3910000000000005,0.0,0.0,0.08897096266235902,4.031938397998472,0.08897096266235902,0.0,0.2121072881614517,3.81983110983702,0.46800738212988,0.0,0.0,0.0,0.10294231087276957,0.0,0,0.0,0,3.81983110983702,,,,,,,,,,,
381,4/15/1968,0.525,0.079,4.000,4.235,0.079,0.0,4.156000000000001,0.0,0.0,0.0,3.81983110983702,0.0,0.0,0.19383820537224655,3.6259929044647734,0.43008049253699104,0.0,0.0,0.0,0.0935198578572142,0.0,0,0.0,0,3.6259929044647734,,,,,,,,,,,
382,4/16/1968,0.473,0.097,4.000,4.235,0.097,0.0,4.138,0.0,0.0,0.0,3.6259929044647734,0.0,0.0,0.17772316047518708,3.448269743989586,0.3964185609676934,0.0,0.0,0.0,0.0852566207212463,0.0,0,0.0,0,3.448269743989586,,,,,,,,,,,
383,4/17/1968,0.473,0.689,4.000,4.235,0.689,0.0,3.5460000000000003,0.0,0.0,0.0,3.448269743989586,0.0,0.0,0.16344356651139352,3.284826177478193,0.36641487026327685,0.0,0.0,0.0,0.07797553220712815,0.0,0,0.0,0,3.284826177478193,,,,,,,,,,,
384,4/18/1968,0.448,1.941,4.000,4.235,1.941,0.0,2.2940000000000005,0.0,0.0,0.0,3.284826177478193,0.0,0.0,0.1507369648288231,3.1340892126493696,0.33956611618342103,0.0,0.0,0.0,0.07153153180238005,0.0,0,0.0,0,3.1340892126493696,,,,,,,,,,,
385,4/19/1968,0.499,3.114,4.000,4.235,3.114,0.0,1.1210000000000004,0.0,0.0,0.0,3.1340892126493696,0.0,0.0,0.13938564065886305,2.9947035719905064,0.3154520268142387,0.0,0.0,0.0,0.06580493518766507,0.0,0,0.0,0,2.9947035719905064,,,,,,,,,,,
386,4/20/1968,0.525,1.080,4.000,4.235,1.08,0.0,3.1550000000000002,0.0,0.0,0.0,2.9947035719905064,0.0,0.0,0.12920783381950451,2.865495738171002,0.2937195112886657,0.0,0.0,0.0,0.06069634232732175,0.0,0,0.0,0,2.865495738171002,,,,,,,,,,,
387,4/21/1968,0.448,0.613,4.000,4.235,0.613,0.0,3.6220000000000003,0.0,0.0,0.0,2.865495738171002,0.0,0.0,0.12005089145599987,2.745444846715002,0.2740702235784248,0.0,0.0,0.0,0.056122691015478225,0.0,0,0.0,0,2.745444846715002,,,,,,,,,,,
388,4/22/1968,0.424,0.275,4.000,4.235,0.275,0.0,3.9600000000000004,0.0,0.0,0.0,2.745444846715002,0.0,0.0,0.11178588870648769,2.6336589580085144,0.2562507262687268,0.0,0.0,0.0,0.05201417188863052,0.0,0,0.0,0,2.6336589580085144,,,,,,,,,,,
389,4/23/1968,0.552,2.824,4.000,4.235,2.824,0.0,1.4110000000000005,0.0,0.0,0.0,2.6336589580085144,0.0,0.0,0.10430336932127751,2.529355588687237,0.24004465170068748,0.0,0.0,0.0,0.04831179749623529,0.0,0,0.0,0,2.529355588687237,,,,,,,,,,,
390,4/24/1968,0.754,2.834,4.000,4.235,2.834,0.0,1.4010000000000002,0.0,0.0,0.0,2.529355588687237,0.0,0.0,0.09750994822587063,2.431845640461366,0.2252664105225469,0.0,0.0,0.0,0.044965472374478406,0.0,0,0.0,0,2.431845640461366,,,,,,,,,,,
391,4/25/1968,0.607,1.390,4.000,4.235,1.39,0.0,2.8450000000000006,0.0,0.0,0.0,2.431845640461366,0.0,0.0,0.09132558288848414,2.340520057572882,0.21175610855302807,0.0,0.0,0.0,0.04193245007991696,0.0,0,0.0,0,2.340520057572882,,,,,,,,,,,
392,4/26/1968,0.849,8.064,4.000,4.235,4.235,3.8289999999999997,0.0,0,3.7395585542815697,0.0,6.080078611854452,0.0,0.0,0.4206114607727385,5.659467151081714,0.8877386968256208,0.08944144571843,0.08944144571843,0.0,0.2135421315749375,0.08944144571843,0,0.0,0,5.659467151081714,,,,,,,,,,,
393,4/27/1968,0.754,10.405,4.000,4.235,4.235,6.169999999999999,0.0,0,6.169999999999999,0.08944144571843,11.829865300341115,0.0,0.08944144571843,1.2754558911483715,10.554409409192743,2.4817418148840003,0.0,0.0,0.00039814925940304455,0.6965776528922922,0.08904329645902696,0,0.0,0,10.554409409192743,,,,,,,,,,,
394,4/28/1968,2.494,12.622,4.000,4.235,4.235,8.387,0.0,0,8.386601850740597,0.08904329645902696,18.94140763682836,0.0,0.08904329645902696,2.7950282117330105,16.146379425095347,5.091772156269513,0.0003981492594030382,0.0003981492594030382,0.0003963768950199571,1.607347818170224,0.08904506882341005,0,0.0,0,16.146379425095347,,,,,,,,,,,
395,4/29/1968,2.347,9.972,4.000,4.235,4.235,5.736999999999999,0.0,0,5.736603623104979,0.08904506882341005,21.88337943298504,0.0,0.08904506882341005,3.5554105968305003,18.32796883615454,6.33708492951312,0.00039637689501995115,0.00039637689501995115,0.000396384784713162,2.0772549975353454,0.08904506093371685,0,0.0,0,18.32796883615454,,,,,,,,,,,
396,4/30/1968,1.194,5.797,4.000,4.235,4.235,1.5619999999999994,0.0,0,1.5616036152152861,0.08904506093371685,19.88996883611942,0.0,0.08904506093371685,3.0321867752948948,16.857782060824523,5.4836409096192575,0.0003963847847131608,0.0003963847847131608,0.0003963847495921342,1.753101106531348,0.08904506096883787,0,0.0,0,16.857782060824523,,,,,,,,,,,
397,5/1/1968,1.086,4.702,5.000,3.714,3.714,0.988,0.0,0,0.9876036152505089,0.08904506096883787,17.84578206082478,0.0,0.08904506096883787,2.530803460786961,15.31497860003782,4.651065618758285,0.00039638474949112894,0.00039638474949112894,0.00039638474974847566,1.4459199909381593,0.08904506096858053,0,0.0,0,15.31497860003782,,,,,,,,,,,
398,5/2/1968,0.849,3.061,5.000,3.714,3.061,0.0,0.653,0.0,0.0,0.08904506096858053,15.315127335147963,0.05563275900884367,0.03341230195973686,1.9614028326115922,13.353724502536371,3.684530857801843,0.0,0.0,0.0001487351101423323,1.1019682536506918,0.03326356684959453,0,0.0,0,13.353724502536371,,,,,,,,,,,
399,5/3/1968,0.724,2.435,5.000,3.714,2.435,0.0,1.279,0.0,0.0,0.03326356684959453,13.353724502536371,0.03326356684959453,0.0,1.5608810151696344,11.792843487366737,2.988225537638388,0.0,0.0,0.0,0.8638630077502005,0.0,0,0.0,0,11.792843487366737,,,,,,,,,,,
400,5/4/1968,0.817,7.119,5.000,3.714,3.714,3.405,0.0,0,3.3155585542815698,0.0,15.108402041648306,0.0,0.0,1.917476278589792,13.190925763058514,3.6088922520947557,0.08944144571843,0.08944144571843,0.0,1.0756847689253293,0.08944144571843,0,0.0,0,13.190925763058514,,,,,,,,,,,
401,5/5/1968,1.086,3.511,5.000,3.714,3.511,0.0,0.20299999999999985,0.0,0.0,0.08944144571843,13.191246597143842,0.017368312967917923,0.07207313275051208,1.5293568875046717,11.66188970963917,2.932742640934989,0.0,0.0,0.00032083408532785745,0.8452805331227876,0.07175229866518422,0,0.0,0,11.66188970963917,,,,,,,,,,,
402,5/6/1968,0.914,4.317,5.000,3.714,3.714,0.6030000000000002,0.0,0,0.5853108803018865,0.07175229866518422,12.247519995831071,0.0,0.07175229866518422,1.3513858691226868,10.896134126708384,2.617421436322166,0.017689119698113657,0.017689119698113657,0.0003194058900159583,0.740859705303066,0.08912201247328191,0,0.0,0,10.896134126708384,,,,,,,,,,,
403,5/7/1968,1.503,6.872,5.000,3.714,3.714,3.158,0.0,0,3.157680566754852,0.08912201247328191,14.054211420763178,0.0,0.08912201247328191,1.6997168593849366,12.35449456137824,3.2313436190413496,0.00031943324514808596,0.00031943324514808596,0.000396727299941602,0.9459903878510264,0.0890447184184884,0,0.0,0,12.35449456137824,,,,,,,,,,,
404,5/8/1968,1.423,4.145,5.000,3.714,3.714,0.4309999999999996,0.0,0,0.4306032986361199,0.0890447184184884,12.785494243239244,0.0,0.0890447184184884,1.4517605133403453,11.3337337298989,2.7957074862392686,0.0003967013638796777,0.0003967013638796777,0.00039638322488305276,0.7996482691868717,0.08904503655748502,0,0.0,0,11.3337337298989,,,,,,,,,,,
405,5/9/1968,1.194,2.895,5.000,3.714,2.895,0.0,0.819,0.0,0.0,0.08904503655748502,11.33381950963696,0.06977521850729926,0.019269818050185766,1.1875710402659516,10.14624846937101,2.3237699569829915,0.0,0.0,8.577973806087486e-05,0.6455404991584374,0.019184038312124892,0,0.0,0,10.14624846937101,,,,,,,,,,,
406,5/10/1968,0.881,1.234,5.000,3.714,1.234,0.0,2.48,0.0,0.0,0.019184038312124892,10.14624846937101,0.019184038312124892,0.0,0.9875102234972138,9.158738245873796,1.9600687691422598,0.0,0.0,0.0,0.5303147371912108,0.0,0,0.0,0,9.158738245873796,,,,,,,,,,,
407,5/11/1968,0.724,0.788,5.000,3.714,0.788,0.0,2.926,0.0,0.0,0.0,9.158738245873796,0.0,0.0,0.8325784966884311,8.326159749185365,1.6739558140475288,0.0,0.0,0.0,0.44212023598509215,0.0,0,0.0,0,8.326159749185365,,,,,,,,,,,
408,5/12/1968,0.636,1.873,5.000,3.714,1.873,0.0,1.841,0.0,0.0,0.0,8.326159749185365,0.0,0.0,0.7102975935965524,7.615862155588813,1.444915121388691,0.0,0.0,0.0,0.3732641782418008,0.0,0,0.0,0,7.615862155588813,,,,,,,,,,,
409,5/13/1968,1.544,5.032,5.000,3.714,3.714,1.318,0.0,0,1.2285585542815984,0.0,8.84442070987041,0.0,0.0,0.7855034547018207,8.05891725516859,1.58614377470081,0.08944144571840161,0.08944144571840161,0.0,0.415527775357203,0.08944144571840161,0,0.0,0,8.05891725516859,,,,,,,,,,,
410,5/14/1968,1.050,5.460,5.000,3.714,3.714,1.746,0.0,0,1.7459999999999716,0.08944144571840161,9.805315404427965,0.0,0.08944144571840161,0.9328283249348596,8.872487079493105,1.8595680028710528,2.8389856388980834e-14,2.8389856388980834e-14,0.00039814925940291813,0.49907512669184,0.08904329645902709,0,0.0,0,8.872487079493105,,,,,,,,,,,
411,5/15/1968,1.157,4.028,5.000,3.714,3.714,0.3139999999999996,0.0,0,0.3136022069273102,0.08904329645902709,9.186485663315436,0.0,0.08904329645902709,0.836786722859666,8.34969894045577,1.6817846497174485,0.0003977930726893884,0.0003977930726893884,0.0003963768950199577,0.4445023485078325,0.08904471263669653,0,0.0,0,8.34969894045577,,,,,,,,,,,
412,5/16/1968,1.121,8.237,5.000,3.714,3.714,4.523,0.0,0,4.522603266918266,0.08904471263669653,12.872698590573183,0.0,0.08904471263669653,1.4683010599493438,11.40439753062384,2.824974550735263,0.0003967330817334807,0.0003967330817334807,0.00039638319914536333,0.8093621319592359,0.08904506251928464,0,0.0,0,11.40439753062384,,,,,,,,,,,
413,5/17/1968,9.300,13.905,5.000,3.714,3.714,10.190999999999999,0.0,0,10.190603616800853,0.08904506251928464,21.595397532181345,0.0,0.08904506251928464,3.4777720797305673,18.117625452450778,6.211349867933606,0.00039638319914537027,0.00039638319914537027,0.00039638475665030096,2.028944789487404,0.0890450609617797,0,0.0,0,18.117625452450778,,,,,,,,,,,
414,5/18/1968,4.646,6.064,5.000,3.714,3.714,2.35,0.0,0,2.3496036152433497,0.0890450609617797,20.467625452443844,0.0,0.0890450609617797,3.18037413743074,17.287251315013105,5.7268452035721875,0.00039638475665029917,0.00039638475665029917,0.0003963847497170562,1.844559895059964,0.08904506096871295,0,0.0,0,17.287251315013105,,,,,,,,,,,
415,5/19/1968,1.668,3.770,5.000,3.714,3.714,0.05600000000000005,0.0,0,0.05571710960755374,0.08904506096871295,17.343364809370406,0.0,0.08904506096871295,2.413170700790379,14.930194108580027,4.45336453301375,0.0002828903924463133,0.0002828903924463133,0.00039638474974791957,1.3744019619465264,0.08893156661141136,0,0.0,0,14.930194108580027,,,,,,,,,,,
416,5/20/1968,2.251,4.840,5.000,3.714,3.714,1.126,0.0,0,1.1254901208929873,0.08893156661141136,16.05608010900179,0.0,0.08893156661141136,2.1220958138598687,13.933984295141922,3.9598427697636174,0.0005098791070127083,0.0005098791070127083,0.000395879528774096,1.1984434046591237,0.08904556618964997,0,0.0,0,13.933984295141922,,,,,,,,,,,
417,5/21/1968,1.345,1.346,5.000,3.714,1.346,0.0,2.368,0.0,0.0,0.08904556618964997,13.933984295141922,0.08904556618964997,0.0,1.6755522396004408,12.258432055541482,3.1891691407494744,0.0,0.0,0.0,0.9316631683740688,0.0,0,0.0,0,12.258432055541482,,,,,,,,,,,
418,5/22/1968,1.086,1.934,5.000,3.714,1.934,0.0,1.78,0.0,0.0,0.0,12.258432055541482,0.0,0.0,1.3533931846661753,10.905038870875305,2.6209986097239395,0.0,0.0,0.0,0.742032627911586,0.0,0,0.0,0,10.905038870875305,,,,,,,,,,,
419,5/23/1968,0.914,2.517,5.000,3.714,2.517,0.0,1.197,0.0,0.0,0.0,10.905038870875305,0.0,0.0,1.1136391102359295,9.791399760639376,2.1900575230686457,0.0,0.0,0.0,0.6027976387218157,0.0,0,0.0,0,9.791399760639376,,,,,,,,,,,
420,5/24/1968,0.881,2.401,5.000,3.714,2.401,0.0,1.3130000000000002,0.0,0.0,0.0,9.791399760639376,0.0,0.0,0.9306229284438589,8.860776832195517,1.8555040354117576,0.0,0.0,0.0,0.49781767019566786,0.0,0,0.0,0,8.860776832195517,,,,,,,,,,,
421,5/25/1968,0.881,2.986,5.000,3.714,2.986,0.0,0.7279999999999998,0.0,0.0,0.0,8.860776832195517,0.0,0.0,0.7879260194013865,8.072850812794131,1.5906734796623907,0.0,0.0,0.0,0.41689376454506427,0.0,0,0.0,0,8.072850812794131,,,,,,,,,,,
422,5/26/1968,0.914,3.654,5.000,3.714,3.654,0.0,0.06000000000000005,0.0,0.0,0.0,8.072850812794131,0.0,0.0,0.6746481326153035,7.398202680178828,1.3775367662077325,0.0,0.0,0.0,0.3533310433142227,0.0,0,0.0,0,7.398202680178828,,,,,,,,,,,
423,5/27/1968,0.981,2.804,5.000,3.714,2.804,0.0,0.9100000000000001,0.0,0.0,0.0,7.398202680178828,0.0,0.0,0.5833235180368366,6.814879162141992,1.203539917523397,0.0,0.0,0.0,0.3025920322116781,0.0,0,0.0,0,6.814879162141992,,,,,,,,,,,
424,5/28/1968,0.947,3.454,5.000,3.714,3.454,0.0,0.2599999999999998,0.0,0.0,0.0,6.814879162141992,0.0,0.0,0.5087011396551312,6.30617802248686,1.0597193436003762,0.0,0.0,0.0,0.2615164957932362,0.0,0,0.0,0,6.30617802248686,,,,,,,,,,,
425,5/29/1968,0.914,2.473,5.000,3.714,2.473,0.0,1.241,0.0,0.0,0.0,6.30617802248686,0.0,0.0,0.4470020234647622,5.859175999022098,0.9395347680624746,0.0,0.0,0.0,0.22785101103691993,0.0,0,0.0,0,5.859175999022098,,,,,,,,,,,
426,5/30/1968,0.785,1.446,5.000,3.714,1.446,0.0,2.268,0.0,0.0,0.0,5.859175999022098,0.0,0.0,0.3954516124196131,5.463724386602485,0.838122852681185,0.0,0.0,0.0,0.1999554179756631,0.0,0,0.0,0,5.463724386602485,,,,,,,,,,,
427,5/31/1968,0.724,4.313,5.000,3.714,3.714,0.5989999999999998,0.0,0,0.5095588268807497,0.0,5.973283213483235,0.0,0.0,0.40837043148433855,5.564912781998896,0.8636286011043941,0.08944117311925,0.08944117311925,0.0,0.20692489830415095,0.08944117311925,0,0.0,0,5.564912781998896,,,,,,,,,,,
428,6/1/1968,1.503,4.108,6.000,3.269,3.269,0.8389999999999995,0.0,0,0.8389997274008214,0.08944117311925,6.404310657445643,0.0,0.08944117311925,0.4586553128345423,5.945655344611101,0.9623295656451504,2.725991780671265e-07,2.725991780671265e-07,0.0003981480459257717,0.23418730401854834,0.08904329767250228,0,0.0,0,5.945655344611101,,,,,,,,,,,
429,6/2/1968,1.307,2.158,6.000,3.269,2.158,0.0,1.1110000000000002,0.0,0.0,0.08904329767250228,5.945655344611101,0.08904329767250228,0.0,0.4052272686238098,5.5404280759872915,0.8574288272620813,0.0,0.0,0.0,0.2052278625701025,0.0,0,0.0,0,5.5404280759872915,,,,,,,,,,,
430,6/3/1968,1.157,1.496,6.000,3.269,1.496,0.0,1.7730000000000001,0.0,0.0,0.0,5.5404280759872915,0.0,0.0,0.3602505453592176,5.1801775306280735,0.7682934317195463,0.0,0.0,0.0,0.1810423998743834,0.0,0,0.0,0,5.1801775306280735,,,,,,,,,,,
431,6/4/1968,0.981,1.201,6.000,3.269,1.201,0.0,2.068,0.0,0.0,0.0,5.1801775306280735,0.0,0.0,0.3220625181214645,4.858115012506609,0.6919485100334002,0.0,0.0,0.0,0.1606621935390397,0.0,0,0.0,0,4.858115012506609,,,,,,,,,,,
432,6/5/1968,0.636,1.338,6.000,3.269,1.338,0.0,1.931,0.0,0.0,0.0,4.858115012506609,0.0,0.0,0.28938683165573187,4.568728180850877,0.6260864939296679,0.0,0.0,0.0,0.14334913972971985,0.0,0,0.0,0,4.568728180850877,,,,,,,,,,,
433,6/6/1968,0.607,0.541,6.000,3.269,0.541,0.0,2.728,0.0,0.0,0.0,4.568728180850877,0.0,0.0,0.2612309591314736,4.307497221719403,0.5688954111928521,0.0,0.0,0.0,0.12853336286734368,0.0,0,0.0,0,4.307497221719403,,,,,,,,,,,
434,6/7/1968,0.607,1.333,6.000,3.269,1.333,0.0,1.9360000000000002,0.0,0.0,0.0,4.307497221719403,0.0,0.0,0.23681404423402697,4.0706831774853764,0.5189366149757346,0.0,0.0,0.0,0.1157695779474452,0.0,0,0.0,0,4.0706831774853764,,,,,,,,,,,
435,6/8/1968,0.607,2.517,6.000,3.269,2.517,0.0,0.7520000000000002,0.0,0.0,0.0,4.0706831774853764,0.0,0.0,0.21551522125825504,3.8551679562271213,0.4750563117854937,0.0,0.0,0.0,0.10470604715741445,0.0,0,0.0,0,3.8551679562271213,,,,,,,,,,,
436,6/9/1968,0.580,0.608,6.000,3.269,0.608,0.0,2.661,0.0,0.0,0.0,3.8551679562271213,0.0,0.0,0.19683603903747485,3.6583319171896465,0.43632061052160037,0.0,0.0,0.0,0.0950621539303463,0.0,0,0.0,0,3.6583319171896465,,,,,,,,,,,
437,6/10/1968,0.525,1.218,6.000,3.269,1.218,0.0,2.051,0.0,0.0,0.0,3.6583319171896465,0.0,0.0,0.18037276164231983,3.477959155547327,0.40196720517019474,0.0,0.0,0.0,0.0866119738882889,0.0,0,0.0,0,3.477959155547327,,,,,,,,,,,
438,6/11/1968,0.499,0.624,6.000,3.269,0.624,0.0,2.645,0.0,0.0,0.0,3.477959155547327,0.0,0.0,0.16579569144147732,3.3121634641058497,0.3713689940780325,0.0,0.0,0.0,0.07917208388265796,0.0,0,0.0,0,3.3121634641058497,,,,,,,,,,,
439,6/12/1968,0.552,3.182,6.000,3.269,3.182,0.0,0.08700000000000019,0.0,0.0,0.0,3.3121634641058497,0.0,0.0,0.15283355491892905,3.1593299091869205,0.34400638082378027,0.0,0.0,0.0,0.07259240876673442,0.0,0,0.0,0,3.1593299091869205,,,,,,,,,,,
440,6/13/1968,0.552,2.299,6.000,3.269,2.299,0.0,0.9700000000000002,0.0,0.0,0.0,3.1593299091869205,0.0,0.0,0.14126158541157957,3.0180683237753407,0.3194459677141176,0.0,0.0,0.0,0.06674927397800678,0.0,0,0.0,0,3.0180683237753407,,,,,,,,,,,
441,6/14/1968,0.525,1.002,6.000,3.269,1.002,0.0,2.2670000000000003,0.0,0.0,0.0,3.0180683237753407,0.0,0.0,0.13089233742514786,2.8871759863501927,0.297324010367481,0.0,0.0,0.0,0.06154007915213951,0.0,0,0.0,0,2.8871759863501927,,,,,,,,,,,
442,6/15/1968,0.473,1.393,6.000,3.269,1.393,0.0,1.8760000000000001,0.0,0.0,0.0,2.8871759863501927,0.0,0.0,0.12156854140819316,2.7656074449419994,0.27733345585916924,0.0,0.0,0.0,0.0568791763121185,0.0,0,0.0,0,2.7656074449419994,,,,,,,,,,,
443,6/16/1968,0.448,2.111,6.000,3.269,2.111,0.0,1.158,0.0,0.0,0.0,2.7656074449419994,0.0,0.0,0.11315749825317499,2.6524499466888245,0.25921370469273547,0.0,0.0,0.0,0.05269465243882263,0.0,0,0.0,0,2.6524499466888245,,,,,,,,,,,
444,6/17/1968,0.881,8.908,6.000,3.269,3.269,5.638999999999999,0.0,0,5.549558554281569,0.0,8.202008500970393,0.0,0.0,0.6927334142318626,7.509275086738531,1.411754569151338,0.08944144571843,0.08944144571843,0.0,0.3634348574927945,0.08944144571843,0,0.0,0,7.509275086738531,,,,,,,,,,,
445,6/18/1968,1.463,7.966,6.000,3.269,3.269,4.697,0.0,0,4.697,0.08944144571843,12.206673235997934,0.0,0.08944144571843,1.343882534342257,10.862790701655678,2.604045623754769,0.0,0.0,0.00039814925940304455,0.7364763432642891,0.08904329645902696,0,0.0,0,10.862790701655678,,,,,,,,,,,
446,6/19/1968,1.015,0.331,6.000,3.269,0.331,0.0,2.938,0.0,0.0,0.08904329645902696,10.862790701655678,0.08904329645902696,0.0,1.1064576551318566,9.756333046523821,2.177027433080184,0.0,0.0,0.0,0.5986555149017633,0.0,0,0.0,0,9.756333046523821,,,,,,,,,,,
447,6/20/1968,0.817,1.025,6.000,3.269,1.025,0.0,2.244,0.0,0.0,0.0,9.756333046523821,0.0,0.0,0.9250747066445787,8.831258339879243,1.845276395974531,0.0,0.0,0.0,0.4946550945838485,0.0,0,0.0,0,8.831258339879243,,,,,,,,,,,
448,6/21/1968,0.580,1.886,6.000,3.269,1.886,0.0,1.3830000000000002,0.0,0.0,0.0,8.831258339879243,0.0,0.0,0.7835560957064317,8.047702244172811,1.582501746723594,0.0,0.0,0.0,0.41442993693904967,0.0,0,0.0,0,8.047702244172811,,,,,,,,,,,
449,6/22/1968,0.552,1.597,6.000,3.269,1.597,0.0,1.6720000000000002,0.0,0.0,0.0,8.047702244172811,0.0,0.0,0.6711489947461629,7.376553249426648,1.3709075548254348,0.0,0.0,0.0,0.35137820094729605,0.0,0,0.0,0,7.376553249426648,,,,,,,,,,,
450,6/23/1968,0.499,1.386,6.000,3.269,1.386,0.0,1.8830000000000002,0.0,0.0,0.0,7.376553249426648,0.0,0.0,0.5804813187825831,6.7960719306440645,1.1980905909895978,0.0,0.0,0.0,0.3010209146326613,0.0,0,0.0,0,6.7960719306440645,,,,,,,,,,,
451,6/24/1968,0.525,1.962,6.000,3.269,1.962,0.0,1.3070000000000002,0.0,0.0,0.0,6.7960719306440645,0.0,0.0,0.5063634957660633,6.289708434878001,1.0551877743600346,0.0,0.0,0.0,0.26023586226787815,0.0,0,0.0,0,6.289708434878001,,,,,,,,,,,
452,6/25/1968,0.580,0.667,6.000,3.269,0.667,0.0,2.6020000000000003,0.0,0.0,0.0,6.289708434878001,0.0,0.0,0.44505802290368257,5.844650411974318,0.9357276411567524,0.0,0.0,0.0,0.22679504117378976,0.0,0,0.0,0,5.844650411974318,,,,,,,,,,,
453,6/26/1968,0.552,0.708,6.000,3.269,0.708,0.0,2.561,0.0,0.0,0.0,5.844650411974318,0.0,0.0,0.39381901121114327,5.450831400763175,0.8348950659728956,0.0,0.0,0.0,0.19907571357215295,0.0,0,0.0,0,5.450831400763175,,,,,,,,,,,
454,6/27/1968,0.499,1.139,6.000,3.269,1.139,0.0,2.13,0.0,0.0,0.0,5.450831400763175,0.0,0.0,0.35059336528747725,5.100238035475697,0.7490472520282182,0.0,0.0,0.0,0.17587448396624694,0.0,0,0.0,0,5.100238035475697,,,,,,,,,,,
455,6/28/1968,0.607,2.026,6.000,3.269,2.026,0.0,1.2430000000000003,0.0,0.0,0.0,5.100238035475697,0.0,0.0,0.31382185666357415,4.786416178812123,0.6753872489130046,0.0,0.0,0.0,0.15628452604900558,0.0,0,0.0,0,4.786416178812123,,,,,,,,,,,
456,6/29/1968,1.463,6.404,6.000,3.269,3.269,3.135,0.0,0,3.0455585542815697,0.0,7.831974733093693,0.0,0.0,0.6414329134791033,7.19054181961459,1.314492448348542,0.08944144571843,0.08944144571843,0.0,0.3348212151399304,0.08944144571843,0,0.0,0,7.19054181961459,,,,,,,,,,,
457,6/30/1968,1.307,2.966,6.000,3.269,2.966,0.0,0.30299999999999994,0.0,0.0,0.08944144571843,7.19082456740727,0.02592413216393662,0.06351731355449339,0.5563271656393711,6.634497401767899,1.1516914276218144,0.0,0.0,0.00028274779267998195,0.28768958995041627,0.06323456576181341,0,0.0,0,6.634497401767899,,,,,,,,,,,
458,7/1/1968,0.914,1.796,7.000,3.463,1.796,0.0,1.667,0.0,0.0,0.06323456576181341,6.634497401767899,0.06323456576181341,0.0,0.48645853238641373,6.148038869381485,1.0165333109025958,0.0,0.0,0.0,0.24934723877208637,0.0,0,0.0,0,6.148038869381485,,,,,,,,,,,
459,7/2/1968,0.607,2.152,7.000,3.463,2.152,0.0,1.311,0.0,0.0,0.0,6.148038869381485,0.0,0.0,0.42847628072167593,5.719562588659809,0.9032005629852331,0.0,0.0,0.0,0.21780039672879206,0.0,0,0.0,0,5.719562588659809,,,,,,,,,,,
460,7/3/1968,0.607,0.801,7.000,3.463,0.801,0.0,2.662,0.0,0.0,0.0,5.719562588659809,0.0,0.0,0.37987187404579215,5.339690714614017,0.8072780855301752,0.0,0.0,0.0,0.19157037018597536,0.0,0,0.0,0,5.339690714614017,,,,,,,,,,,
461,7/4/1968,0.580,1.794,7.000,3.463,1.794,0.0,1.669,0.0,0.0,0.0,5.339690714614017,0.0,0.0,0.33876038328697833,5.000930331327039,0.7254100178211405,0.0,0.0,0.0,0.16955500075638633,0.0,0,0.0,0,5.000930331327039,,,,,,,,,,,
462,7/5/1968,1.231,11.494,7.000,3.463,3.463,8.030999999999999,0.0,0,7.941558554281569,0.0,12.942488885608608,0.0,0.0,1.481592528549846,11.460896357058761,2.848470259809342,0.08944144571843,0.08944144571843,0.0,0.8171731131884051,0.08944144571843,0,0.0,0,11.460896357058761,,,,,,,,,,,
463,7/6/1968,1.929,11.075,7.000,3.463,3.463,7.611999999999999,0.0,0,7.611999999999999,0.08944144571843,19.073294506318163,0.0,0.08944144571843,2.8275392090034726,16.24575529731469,5.1456915254529685,0.0,0.0,0.00039814925940304455,1.627281862732067,0.08904329645902696,0,0.0,0,16.24575529731469,,,,,,,,,,,
464,7/7/1968,1.345,2.601,7.000,3.463,2.601,0.0,0.8620000000000001,0.0,0.0,0.08904329645902696,16.24582476770941,0.07343725829238293,0.015606038166644035,2.164057116092323,14.081767651617088,4.031387811323849,0.0,0.0,6.947039471863802e-05,1.2237164811599741,0.015536567771925396,0,0.0,0,14.081767651617088,,,,,,,,,,,
465,7/8/1968,1.929,4.793,7.000,3.463,3.463,1.33,0.0,0,1.2560951220535108,0.015536567771925396,15.33793193481734,0.0,0.015536567771925396,1.9662728763063508,13.37165905851099,3.6929064521403148,0.07390487794648934,0.07390487794648934,6.916114674097522e-05,1.1048846496025935,0.08937228457167376,0,0.0,0,13.37165905851099,,,,,,,,,,,
466,7/9/1968,1.544,2.915,7.000,3.463,2.915,0.0,0.548,0.0,0.0,0.08937228457167376,13.37184834129934,0.04685123036911511,0.04252105420255865,1.5644133570327756,11.807434984266566,2.994435869943544,0.0,0.0,0.0001892827883516306,0.8659467596745203,0.04233177141420702,0,0.0,0,11.807434984266566,,,,,,,,,,,
467,7/10/1968,1.194,1.735,7.000,3.463,1.735,0.0,1.728,0.0,0.0,0.04233177141420702,11.807434984266566,0.04233177141420702,0.0,1.2714278383182833,10.536007145948282,2.474523690890718,0.0,0.0,0.0,0.694233262269,0.0,0,0.0,0,10.536007145948282,,,,,,,,,,,
468,7/11/1968,0.981,2.862,7.000,3.463,2.862,0.0,0.601,0.0,0.0,0.0,10.536007145948282,0.0,0.0,1.0515401805897857,9.484466965358497,2.077130576702197,0.0,0.0,0.0,0.5670394635297382,0.0,0,0.0,0,9.484466965358497,,,,,,,,,,,
469,7/12/1968,3.225,11.378,7.000,3.463,3.463,7.915,0.0,0,7.82555855428157,0.0,17.310025519640067,0.0,0.0,2.4054442268166882,14.90458129282338,4.440345041167473,0.08944144571843,0.08944144571843,0.0,1.3697123471891175,0.08944144571843,0,0.0,0,14.90458129282338,,,,,,,,,,,
470,7/13/1968,8.639,13.874,7.000,3.463,3.463,10.411000000000001,0.0,0,10.411000000000001,0.08944144571843,25.315979442082785,0.0,0.08944144571843,4.5327002729927734,20.78327916909001,7.896105702618974,0.0,0.0,0.00039814925940304455,2.6908955651853654,0.08904329645902696,0,0.0,0,20.78327916909001,,,,,,,,,,,
471,7/14/1968,5.231,3.276,7.000,3.463,3.276,0.0,0.18700000000000028,0.0,0.0,0.08904329645902696,20.783604627753526,0.01593128457154945,0.07311201188747751,3.2626255409118934,17.52097908684163,5.861312662826946,0.0,0.0,0.0003254586635160746,1.8954461156484705,0.07278655322396144,0,0.0,0,17.52097908684163,,,,,,,,,,,
472,7/15/1968,2.445,3.142,7.000,3.463,3.142,0.0,0.3210000000000002,0.0,0.0,0.07278655322396144,17.521202784523982,0.022534433847357926,0.05025211937660351,2.454552382814319,15.066650401709664,4.523022928660389,0.0,0.0,0.0002236976823497982,1.3995354874902743,0.050028421694253714,0,0.0,0,15.066650401709664,,,,,,,,,,,
473,7/16/1968,2.111,5.059,7.000,3.463,3.463,1.596,0.0,0,1.5565869759758237,0.050028421694253714,16.623460079575946,0.0,0.050028421694253714,2.2485444959062932,14.374915583669653,4.17502369113354,0.03941302402417627,0.03941302402417627,0.00022270189045665132,1.274700099802687,0.08921874382797335,0,0.0,0,14.374915583669653,,,,,,,,,,,
474,7/17/1968,1.423,4.233,7.000,3.463,3.463,0.7699999999999996,0.0,0,0.7697772981169662,0.08921874382797335,15.145090039686902,0.0,0.08921874382797335,1.925242960680627,13.219847079006275,3.6222782116171013,0.00022270188303337454,0.00022270188303337454,0.0003971579002849002,1.0803291114483695,0.08904428781072182,0,0.0,0,13.219847079006275,,,,,,,,,,,
475,7/18/1968,3.170,10.086,7.000,3.463,3.463,6.623,0.0,0,6.622602842092292,0.08904428781072182,19.842846302406596,0.0,0.08904428781072182,3.0202233364733915,16.822622965933203,5.463952410124735,0.00039715790770818415,0.00039715790770818415,0.0003963813080293841,1.7457301050991576,0.08904506441040062,0,0.0,0,16.822622965933203,,,,,,,,,,,
476,7/19/1968,2.544,7.140,7.000,3.463,3.463,3.6769999999999996,0.0,0,3.67660361869197,0.08904506441040062,20.49962296939024,0.0,0.08904506441040062,3.188665043513993,17.31095792587625,5.740416128996834,0.0003963813080293829,0.0003963813080293829,0.0003963847650686178,1.8496853173873289,0.08904506095336139,0,0.0,0,17.31095792587625,,,,,,,,,,,
477,7/20/1968,2.850,6.430,7.000,3.463,3.463,2.9669999999999996,0.0,0,2.966603615234931,0.08904506095336139,20.27795792586086,0.0,0.08904506095336139,3.1314066835393803,17.14655124232148,5.646615914513024,0.0003963847650686177,0.0003963847650686177,0.000396384749679582,1.8143063094801946,0.08904506096875042,0,0.0,0,17.14655124232148,,,,,,,,,,,
478,7/21/1968,3.062,4.882,7.000,3.463,3.463,1.4189999999999996,0.0,0,1.41860361525032,0.08904506096875042,18.565551242321547,0.0,0.08904506096875042,2.703204235771765,15.862347006549783,4.939126924836276,0.0003963847496795745,0.0003963847496795745,0.0003963847497480864,1.5511290780640203,0.08904506096868191,0,0.0,0,15.862347006549783,,,,,,,,,,,
479,7/22/1968,1.711,3.394,7.000,3.463,3.394,0.0,0.06899999999999995,0.0,0.0,0.08904506096868191,15.862717223114029,0.005878499803391099,0.08316656116529081,2.079673136660427,13.783044086453602,3.8873678390356052,0.0,0.0,0.0003702165642458466,1.1729258543209644,0.08279634460104496,0,0.0,0,13.783044086453602,,,,,,,,,,,
480,7/23/1968,1.384,1.189,7.000,3.463,1.189,0.0,2.274,0.0,0.0,0.08279634460104496,13.783044086453602,0.08279634460104496,0.0,1.6454108379563095,12.137633248497293,3.136481641127798,0.0,0.0,0.0,0.9138113799266832,0.0,0,0.0,0,12.137633248497293,,,,,,,,,,,
481,7/24/1968,1.121,0.598,7.000,3.463,0.598,0.0,2.865,0.0,0.0,0.0,12.137633248497293,0.0,0.0,1.3312382755308085,10.806394972966485,2.5814897121485023,0.0,0.0,0.0,0.729093359535763,0.0,0,0.0,0,10.806394972966485,,,,,,,,,,,
482,7/25/1968,1.015,1.581,7.000,3.463,1.581,0.0,1.8820000000000001,0.0,0.0,0.0,10.806394972966485,0.0,0.0,1.0969003446503802,9.709494628316104,2.159674803897368,0.0,0.0,0.0,0.5931457888024395,0.0,0,0.0,0,9.709494628316104,,,,,,,,,,,
483,7/26/1968,0.817,0.405,7.000,3.463,0.405,0.0,3.058,0.0,0.0,0.0,9.709494628316104,0.0,0.0,0.9176846929973946,8.79180993531871,1.8316452681824902,0.0,0.0,0.0,0.49044460718487287,0.0,0,0.0,0,8.79180993531871,,,,,,,,,,,
484,7/27/1968,0.754,0.727,7.000,3.463,0.727,0.0,2.736,0.0,0.0,0.0,8.79180993531871,0.0,0.0,0.7777313329303622,8.014078602388349,1.5716034435971311,0.0,0.0,0.0,0.4111472558879974,0.0,0,0.0,0,8.014078602388349,,,,,,,,,,,
485,7/28/1968,0.754,1.552,7.000,3.463,1.552,0.0,1.911,0.0,0.0,0.0,8.014078602388349,0.0,0.0,0.666482024763236,7.347596577625112,1.3620613822393195,0.0,0.0,0.0,0.3487746433512855,0.0,0,0.0,0,7.347596577625112,,,,,,,,,,,
486,7/29/1968,0.785,2.639,7.000,3.463,2.639,0.0,0.8240000000000003,0.0,0.0,0.0,7.347596577625112,0.0,0.0,0.5766884897715879,6.770908087853525,1.1908152480337268,0.0,0.0,0.0,0.29892509442723364,0.0,0,0.0,0,6.770908087853525,,,,,,,,,,,
487,7/30/1968,0.817,3.062,7.000,3.463,3.062,0.0,0.40100000000000025,0.0,0.0,0.0,6.770908087853525,0.0,0.0,0.5032424972503049,6.26766559060322,1.0491350559592756,0.0,0.0,0.0,0.2585266894881725,0.0,0,0.0,0,6.26766559060322,,,,,,,,,,,
488,7/31/1968,0.724,1.313,7.000,3.463,1.313,0.0,2.1500000000000004,0.0,0.0,0.0,6.26766559060322,0.0,0.0,0.4424614849988756,5.825204105604344,0.9306405561546868,0.0,0.0,0.0,0.22538509036123935,0.0,0,0.0,0,5.825204105604344,,,,,,,,,,,
489,8/1/1968,1.121,5.543,8.000,3.792,3.792,1.7510000000000003,0.0,0,1.6615585542815703,0.0,7.4867626598859145,0.0,0.0,0.5950076563146209,6.891755003571293,1.2259192409532518,0.08944144571843,0.08944144571843,0.0,0.30905608544969654,0.08944144571843,0,0.0,0,6.891755003571293,,,,,,,,,,,
490,8/2/1968,1.345,2.967,8.000,3.792,2.967,0.0,0.8249999999999997,0.0,0.0,0.08944144571843,6.891838940916352,0.07058550836715416,0.018855937351275845,0.5183116582087413,6.37352728270761,1.078332157360717,0.0,0.0,8.393734505807209e-05,0.26678548583894296,0.018772000006217773,0,0.0,0,6.37352728270761,,,,,,,,,,,
491,8/3/1968,1.384,0.984,8.000,3.792,0.984,0.0,2.808,0.0,0.0,0.018772000006217773,6.37352728270761,0.018772000006217773,0.0,0.4549868658238384,5.918540416883772,0.9551587337493022,0.0,0.0,0.0,0.23219148810500517,0.0,0,0.0,0,5.918540416883772,,,,,,,,,,,
492,8/4/1968,1.121,0.469,8.000,3.792,0.469,0.0,3.323,0.0,0.0,0.0,5.918540416883772,0.0,0.0,0.40215191472032913,5.516388502163443,0.851359211199851,0.0,0.0,0.0,0.20356827586364543,0.0,0,0.0,0,5.516388502163443,,,,,,,,,,,
493,8/5/1968,0.785,0.918,8.000,3.792,0.918,0.0,2.8739999999999997,0.0,0.0,0.0,5.516388502163443,0.0,0.0,0.35764914045015844,5.158739361713285,0.7631128785560688,0.0,0.0,0.0,0.17964938395666907,0.0,0,0.0,0,5.158739361713285,,,,,,,,,,,
494,8/6/1968,0.607,0.336,8.000,3.792,0.336,0.0,3.456,0.0,0.0,0.0,5.158739361713285,0.0,0.0,0.3198441573363898,4.838895204376895,0.6874934120198254,0.0,0.0,0.0,0.15948300583550365,0.0,0,0.0,0,4.838895204376895,,,,,,,,,,,
495,8/7/1968,0.607,1.420,8.000,3.792,1.42,0.0,2.372,0.0,0.0,0.0,4.838895204376895,0.0,0.0,0.2874812155385697,4.551413988838325,0.6222290566884364,0.0,0.0,0.0,0.14234328943871868,0.0,0,0.0,0,4.551413988838325,,,,,,,,,,,
496,8/8/1968,0.607,0.754,8.000,3.792,0.754,0.0,3.038,0.0,0.0,0.0,4.551413988838325,0.0,0.0,0.25958305816804744,4.291830930670278,0.565534655026158,0.0,0.0,0.0,0.1276693744758525,0.0,0,0.0,0,4.291830930670278,,,,,,,,,,,
497,8/9/1968,0.552,0.715,8.000,3.792,0.715,0.0,3.077,0.0,0.0,0.0,4.291830930670278,0.0,0.0,0.23538030440797286,4.056450626262305,0.515991907687186,0.0,0.0,0.0,0.11502270528748856,0.0,0,0.0,0,4.056450626262305,,,,,,,,,,,
498,8/10/1968,0.525,0.446,8.000,3.792,0.446,0.0,3.3459999999999996,0.0,0.0,0.0,4.056450626262305,0.0,0.0,0.21426082280448222,3.842189803457823,0.4724626501347825,0.0,0.0,0.0,0.10405663278296506,0.0,0,0.0,0,3.842189803457823,,,,,,,,,,,
499,8/11/1968,0.499,0.355,8.000,3.792,0.355,0.0,3.437,0.0,0.0,0.0,3.842189803457823,0.0,0.0,0.19573288756669902,3.646456915891124,0.4340251298948074,0.0,0.0,0.0,0.09449443437808008,0.0,0,0.0,0,3.646456915891124,,,,,,,,,,,
500,8/12/1968,0.473,0.377,8.000,3.792,0.377,0.0,3.415,0.0,0.0,0.0,3.646456915891124,0.0,0.0,0.17939799663324174,3.467058919257882,0.3999265651586432,0.0,0.0,0.0,0.08611319799609524,0.0,0,0.0,0,3.467058919257882,,,,,,,,,,,
501,8/13/1968,0.424,0.396,8.000,3.792,0.396,0.0,3.396,0.0,0.0,0.0,3.467058919257882,0.0,0.0,0.16493056552255594,3.302128353735326,0.3695473974703119,0.0,0.0,0.0,0.07873185415107016,0.0,0,0.0,0,3.302128353735326,,,,,,,,,,,
502,8/14/1968,0.376,0.349,8.000,3.792,0.349,0.0,3.4429999999999996,0.0,0.0,0.0,3.302128353735326,0.0,0.0,0.15206258242957138,3.150065771305755,0.3423740565425858,0.0,0.0,0.0,0.07220218378241271,0.0,0,0.0,0,3.150065771305755,,,,,,,,,,,
503,8/15/1968,0.353,1.257,8.000,3.792,1.257,0.0,2.535,0.0,0.0,0.0,3.150065771305755,0.0,0.0,0.14057188892219832,3.0094938823835564,0.31797799759785483,0.0,0.0,0.0,0.06640198859264058,0.0,0,0.0,0,3.0094938823835564,,,,,,,,,,,
504,8/16/1968,0.331,2.115,8.000,3.792,2.115,0.0,1.6769999999999996,0.0,0.0,0.0,3.0094938823835564,0.0,0.0,0.13027314143553517,2.8792207409480213,0.2959994135788096,0.0,0.0,0.0,0.06122985174694084,0.0,0,0.0,0,2.8792207409480213,,,,,,,,,,,
505,8/17/1968,0.448,4.900,8.000,3.792,3.792,1.1080000000000005,0.0,0,1.0185585542846787,0.0,3.8977792952327,0.0,0.0,0.20047544452536017,3.69730385070734,0.4438872864870042,0.08944144571532191,0.08944144571532191,0.0,0.09693659578420738,0.08944144571532191,0,0.0,0,3.69730385070734,,,,,,,,,,,
506,8/18/1968,0.580,0.851,8.000,3.792,0.851,0.0,2.941,0.0,0.0,0.08944144571532191,3.69730385070734,0.08944144571532191,0.0,0.18358661588173358,3.5137172348256063,0.40868994159491806,0.0,0.0,0.0,0.0882577174586298,0.0,0,0.0,0,3.5137172348256063,,,,,,,,,,,
507,8/19/1968,0.499,0.542,8.000,3.792,0.542,0.0,3.25,0.0,0.0,0.0,3.5137172348256063,0.0,0.0,0.16864641981631473,3.3450708150092914,0.37736687688109416,0.0,0.0,0.0,0.08062377718886754,0.0,0,0.0,0,3.3450708150092914,,,,,,,,,,,
508,8/20/1968,0.473,1.625,8.000,3.792,1.625,0.0,2.167,0.0,0.0,0.0,3.3450708150092914,0.0,0.0,0.15537267332432922,3.1896981416849624,0.34937835993096467,0.0,0.0,0.0,0.07387848715690612,0.0,0,0.0,0,3.1896981416849624,,,,,,,,,,,
509,8/21/1968,0.473,1.315,8.000,3.792,1.315,0.0,2.477,0.0,0.0,0.0,3.1896981416849624,0.0,0.0,0.14353189548129144,3.0461662462036707,0.32427479427966827,0.0,0.0,0.0,0.0678932369803704,0.0,0,0.0,0,3.0461662462036707,,,,,,,,,,,
510,8/22/1968,0.424,0.489,8.000,3.792,0.489,0.0,3.303,0.0,0.0,0.0,3.0461662462036707,0.0,0.0,0.1329296252458739,2.9132366209577967,0.30167930576946667,0.0,0.0,0.0,0.06256147333144577,0.0,0,0.0,0,2.9132366209577967,,,,,,,,,,,
511,8/23/1968,0.376,0.503,8.000,3.792,0.503,0.0,3.2889999999999997,0.0,0.0,0.0,2.9132366209577967,0.0,0.0,0.12340290371636103,2.789833717241436,0.2812741244319852,0.0,0.0,0.0,0.057794358684927376,0.0,0,0.0,0,2.789833717241436,,,,,,,,,,,
512,8/24/1968,0.353,2.581,8.000,3.792,2.581,0.0,1.2109999999999999,0.0,0.0,0.0,2.789833717241436,0.0,0.0,0.114814386384913,2.675019330856523,0.26278984567835983,0.0,0.0,0.0,0.05351738845163429,0.0,0,0.0,0,2.675019330856523,,,,,,,,,,,
513,8/25/1968,0.448,3.280,8.000,3.792,3.28,0.0,0.512,0.0,0.0,0.0,2.675019330856523,0.0,0.0,0.10704769471445015,2.567971636142073,0.24599689606973585,0.0,0.0,0.0,0.04966773320545306,0.0,0,0.0,0,2.567971636142073,,,,,,,,,,,
514,8/26/1968,0.636,9.346,8.000,3.792,3.792,5.554,0.0,0,5.46455855428157,0.0,8.032530190423643,0.0,0.0,0.6690414970741019,7.363488693349541,1.3669134587056213,0.08944144571843,0.08944144571843,0.0,0.3502023454434076,0.08944144571843,0,0.0,0,7.363488693349541,,,,,,,,,,,
515,8/27/1968,0.754,5.874,8.000,3.792,3.792,2.082,0.0,0,2.082,0.08944144571843,9.445886842608944,0.0,0.08944144571843,0.8765371803333923,8.569349662275553,1.7555704019913032,0.0,0.0,0.00039814925940304455,0.4670419236776375,0.08904329645902696,0,0.0,0,8.569349662275553,,,,,,,,,,,
516,8/28/1968,0.400,0.735,8.000,3.792,0.735,0.0,3.057,0.0,0.0,0.08904329645902696,8.569349662275553,0.08904329645902696,0.0,0.7452103616054052,7.824139300670147,1.5106269272696216,0.0,0.0,0.0,0.39284935085259787,0.0,0,0.0,0,7.824139300670147,,,,,,,,,,,
517,8/29/1968,0.353,0.290,8.000,3.792,0.29,0.0,3.502,0.0,0.0,0.0,7.824139300670147,0.0,0.0,0.6403637433586199,7.183775557311527,1.3124586884392466,0.0,0.0,0.0,0.3342264293193239,0.0,0,0.0,0,7.183775557311527,,,,,,,,,,,
518,8/30/1968,0.331,0.240,8.000,3.792,0.24,0.0,3.5519999999999996,0.0,0.0,0.0,7.183775557311527,0.0,0.0,0.5554185368198606,6.628357020491666,1.149942846339193,0.0,0.0,0.0,0.2871888261417868,0.0,0,0.0,0,6.628357020491666,,,,,,,,,,,
519,8/31/1968,0.288,0.003,8.000,3.792,0.003,0.0,3.7889999999999997,0.0,0.0,0.0,6.628357020491666,0.0,0.0,0.48570838281122336,6.142648637680443,1.0150741323728076,0.0,0.0,0.0,0.2489374496209977,0.0,0,0.0,0,6.142648637680443,,,,,,,,,,,
520,9/1/1968,0.353,0.123,9.000,4.609,0.123,0.0,4.486,0.0,0.0,0.0,6.142648637680443,0.0,0.0,0.427850359880281,5.714798277800162,0.9019708451329697,0.0,0.0,0.0,0.2174613135026563,0.0,0,0.0,0,5.714798277800162,,,,,,,,,,,
521,9/2/1968,0.331,0.008,9.000,4.609,0.008,0.0,4.601,0.0,0.0,0.0,5.714798277800162,0.0,0.0,0.3793446410914355,5.335453636708726,0.8062325954113876,0.0,0.0,0.0,0.19128700284022,0.0,0,0.0,0,5.335453636708726,,,,,,,,,,,
522,9/3/1968,0.331,0.155,9.000,4.609,0.155,0.0,4.454,0.0,0.0,0.0,5.335453636708726,0.0,0.0,0.3383124876676259,4.9971411490411,0.7245141048899477,0.0,0.0,0.0,0.16931608114579086,0.0,0,0.0,0,4.9971411490411,,,,,,,,,,,
523,9/4/1968,0.353,0.274,9.000,4.609,0.274,0.0,4.335,0.0,0.0,0.0,4.9971411490411,0.0,0.0,0.30332052970822765,4.693820619332873,0.6542356634052363,0.0,0.0,0.0,0.15071690834642115,0.0,0,0.0,0,4.693820619332873,,,,,,,,,,,
524,9/5/1968,0.331,0.137,9.000,4.609,0.137,0.0,4.4719999999999995,0.0,0.0,0.0,4.693820619332873,0.0,0.0,0.2732603322185238,4.420560287114349,0.5933822893111245,0.0,0.0,0.0,0.13485105362689145,0.0,0,0.0,0,4.420560287114349,,,,,,,,,,,
525,9/6/1968,0.309,0.217,9.000,4.609,0.217,0.0,4.392,0.0,0.0,0.0,4.420560287114349,0.0,0.0,0.2472642374441286,4.1732960496702205,0.5403618030587226,0.0,0.0,0.0,0.12122224278557761,0.0,0,0.0,0,4.1732960496702205,,,,,,,,,,,
526,9/7/1968,0.309,1.280,9.000,4.609,1.28,0.0,3.3289999999999997,0.0,0.0,0.0,4.1732960496702205,0.0,0.0,0.2246455232317632,3.9486505264384575,0.49390284087721625,0.0,0.0,0.0,0.10944030539566071,0.0,0,0.0,0,3.9486505264384575,,,,,,,,,,,
527,9/8/1968,0.353,0.704,9.000,4.609,0.704,0.0,3.9050000000000002,0.0,0.0,0.0,3.9486505264384575,0.0,0.0,0.2048551761543877,3.7437953502840697,0.4529804513757675,0.0,0.0,0.0,0.09919530288142825,0.0,0,0.0,0,3.7437953502840697,,,,,,,,,,,
528,9/9/1968,0.376,3.469,9.000,4.609,3.469,0.0,1.1400000000000001,0.0,0.0,0.0,3.7437953502840697,0.0,0.0,0.18745021614236318,3.5563451341417065,0.41676106295622717,0.0,0.0,0.0,0.09023868976563239,0.0,0,0.0,0,3.5563451341417065,,,,,,,,,,,
529,9/10/1968,0.400,1.847,9.000,4.609,1.847,0.0,2.762,0.0,0.0,0.0,3.5563451341417065,0.0,0.0,0.17207018028931076,3.3842749538523957,0.3845612639266291,0.0,0.0,0.0,0.08236941221252214,0.0,0,0.0,0,3.3842749538523957,,,,,,,,,,,
530,9/11/1968,0.448,3.129,9.000,4.609,3.129,0.0,1.48,0.0,0.0,0.0,3.3842749538523957,0.0,0.0,0.15841945357919632,3.2258555002731994,0.35581657031856473,0.0,0.0,0.0,0.07542352381203857,0.0,0,0.0,0,3.2258555002731994,,,,,,,,,,,
531,9/12/1968,0.400,1.448,9.000,4.609,1.448,0.0,3.161,0.0,0.0,0.0,3.2258555002731994,0.0,0.0,0.14625384547912731,3.079601654794072,0.3300575086880972,0.0,0.0,0.0,0.0692663409745595,0.0,0,0.0,0,3.079601654794072,,,,,,,,,,,
532,9/13/1968,0.376,0.548,9.000,4.609,0.548,0.0,4.061,0.0,0.0,0.0,3.079601654794072,0.0,0.0,0.13537028764952136,2.9442313671445506,0.3068911199963451,0.0,0.0,0.0,0.06378645495005782,0.0,0,0.0,0,2.9442313671445506,,,,,,,,,,,
533,9/14/1968,0.353,0.372,9.000,4.609,0.372,0.0,4.237,0.0,0.0,0.0,2.9442313671445506,0.0,0.0,0.1255988520287012,2.8186325151158496,0.2859865250925114,0.0,0.0,0.0,0.05889111683334242,0.0,0,0.0,0,2.8186325151158496,,,,,,,,,,,
534,9/15/1968,0.353,0.176,9.000,4.609,0.176,0.0,4.433,0.0,0.0,0.0,2.8186325151158496,0.0,0.0,0.11679651214470395,2.7018360029711457,0.2670635642079741,0.0,0.0,0.0,0.05450264876861887,0.0,0,0.0,0,2.7018360029711457,,,,,,,,,,,
535,9/16/1968,0.331,0.075,9.000,4.609,0.075,0.0,4.534,0.0,0.0,0.0,2.7018360029711457,0.0,0.0,0.10884222687876723,2.5929937760923782,0.24988378502097722,0.0,0.0,0.0,0.05055562979031652,0.0,0,0.0,0,2.5929937760923782,,,,,,,,,,,
536,9/17/1968,0.376,0.418,9.000,4.609,0.418,0.0,4.191,0.0,0.0,0.0,2.5929937760923782,0.0,0.0,0.10163303662435781,2.4913607394680204,0.23424324088255954,0.0,0.0,0.0,0.046994671830625834,0.0,0,0.0,0,2.4913607394680204,,,,,,,,,,,
537,9/18/1968,0.353,0.376,9.000,4.609,0.376,0.0,4.233,0.0,0.0,0.0,2.4913607394680204,0.0,0.0,0.09508094108897323,2.396279798379047,0.21996669573400984,0.0,0.0,0.0,0.04377264925223098,0.0,0,0.0,0,2.396279798379047,,,,,,,,,,,
538,9/19/1968,0.331,0.157,9.000,4.609,0.157,0.0,4.452,0.0,0.0,0.0,2.396279798379047,0.0,0.0,0.08911038540160386,2.3071694129774434,0.2069029306262647,0.0,0.0,0.0,0.04084927973274114,0.0,0,0.0,0,2.3071694129774434,,,,,,,,,,,
539,9/20/1968,0.309,0.399,9.000,4.609,0.399,0.0,4.21,0.0,0.0,0.0,2.3071694129774434,0.0,0.0,0.0836562231782652,2.2235131897991782,0.19492091918314883,0.0,0.0,0.0,0.038189979421852975,0.0,0,0.0,0,2.2235131897991782,,,,,,,,,,,
540,9/21/1968,0.331,0.070,9.000,4.609,0.07,0.0,4.539,0.0,0.0,0.0,2.2235131897991782,0.0,0.0,0.07866205619737178,2.1448511336018066,0.1839066931695589,0.0,0.0,0.0,0.03576493373805115,0.0,0,0.0,0,2.1448511336018066,,,,,,,,,,,
541,9/22/1968,0.331,0.399,9.000,4.609,0.399,0.0,4.21,0.0,0.0,0.0,2.1448511336018066,0.0,0.0,0.07407887342651069,2.070772260175296,0.17376075966220544,0.0,0.0,0.0,0.03354833885275326,0.0,0,0.0,0,2.070772260175296,,,,,,,,,,,
542,9/23/1968,0.288,0.588,9.000,4.609,0.588,0.0,4.021,0.0,0.0,0.0,2.070772260175296,0.0,0.0,0.06986392948493951,2.0009083306903563,0.16439596179903135,0.0,0.0,0.0,0.03151777914331539,0.0,0,0.0,0,2.0009083306903563,,,,,,,,,,,
543,9/24/1968,0.247,1.202,9.000,4.609,1.202,0.0,3.407,0.0,0.0,0.0,2.0009083306903563,0.0,0.0,0.06597981575548777,1.9349285149348685,0.1557356982906981,0.0,0.0,0.0,0.029653713612459873,0.0,0,0.0,0,1.9349285149348685,,,,,,,,,,,
544,9/25/1968,0.247,2.138,9.000,4.609,2.138,0.0,2.471,0.0,0.0,0.0,1.9349285149348685,0.0,0.0,0.06239368737353056,1.872534827561338,0.1477124346770392,0.0,0.0,0.0,0.02793905013385566,0.0,0,0.0,0,1.872534827561338,,,,,,,,,,,
545,9/26/1968,0.288,3.297,9.000,4.609,3.297,0.0,1.3119999999999998,0.0,0.0,0.0,1.872534827561338,0.0,0.0,0.059076617012669794,1.8134582105486683,0.1402664530574251,0.0,0.0,0.0,0.026358790869217174,0.0,0,0.0,0,1.8134582105486683,,,,,,,,,,,
546,9/27/1968,0.247,0.119,9.000,4.609,0.119,0.0,4.49,0.0,0.0,0.0,1.8134582105486683,0.0,0.0,0.05600305233481379,1.7574551582138545,0.1333447977090972,0.0,0.0,0.0,0.024899735657988795,0.0,0,0.0,0,1.7574551582138545,,,,,,,,,,,
547,9/28/1968,0.228,0.251,9.000,4.609,0.251,0.0,4.358,0.0,0.0,0.0,1.7574551582138545,0.0,0.0,0.05315035860120233,1.7043047996126521,0.12690038236490578,0.0,0.0,0.0,0.023550232860139658,0.0,0,0.0,0,1.7043047996126521,,,,,,,,,,,
548,9/29/1968,0.209,0.577,9.000,4.609,0.577,0.0,4.032,0.0,0.0,0.0,1.7043047996126521,0.0,0.0,0.050498431565000786,1.6538063680476514,0.1208912314972315,0.0,0.0,0.0,0.022299969222939545,0.0,0,0.0,0,1.6538063680476514,,,,,,,,,,,
549,9/30/1968,0.247,0.560,9.000,4.609,0.56,0.0,4.0489999999999995,0.0,0.0,0.0,1.6538063680476514,0.0,0.0,0.04802936861986795,1.6057769994277833,0.11527983315725142,0.0,0.0,0.0,0.021139791982886624,0.0,0,0.0,0,1.6057769994277833,,,,,,,,,,,
550,10/1/1968,0.228,0.022,10.000,5.054,0.022,0.0,5.032,0.0,0.0,0.0,1.6057769994277833,0.0,0.0,0.045727188438474356,1.5600498109893088,0.11003258505688217,0.0,0.0,0.0,0.020061557708282003,0.0,0,0.0,0,1.5600498109893088,,,,,,,,,,,
551,10/2/1968,0.209,0.095,10.000,5.054,0.095,0.0,4.9590000000000005,0.0,0.0,0.0,1.5600498109893088,0.0,0.0,0.043577591133428545,1.5164722198558802,0.10511931888922499,0.0,0.0,0.0,0.01905800341470454,0.0,0,0.0,0,1.5164722198558802,,,,,,,,,,,
552,10/3/1968,0.228,0.020,10.000,5.054,0.02,0.0,5.034000000000001,0.0,0.0,0.0,1.5164722198558802,0.0,0.0,0.041567752411726694,1.4749044674441536,0.10051289054143411,0.0,0.0,0.0,0.01812263630428377,0.0,0,0.0,0,1.4749044674441536,,,,,,,,,,,
553,10/4/1968,0.209,0.016,10.000,5.054,0.016,0.0,5.038,0.0,0.0,0.0,1.4749044674441536,0.0,0.0,0.03968614635018546,1.4352183210939682,0.096188825999467,0.0,0.0,0.0,0.017249639135556195,0.0,0,0.0,0,1.4352183210939682,,,,,,,,,,,
554,10/5/1968,0.191,0.054,10.000,5.054,0.054,0.0,5.0,0.0,0.0,0.0,1.4352183210939682,0.0,0.0,0.03792239235301459,1.3972959287409537,0.09212501448374648,0.0,0.0,0.0,0.01643378875862352,0.0,0,0.0,0,1.3972959287409537,,,,,,,,,,,
555,10/6/1968,0.209,0.163,10.000,5.054,0.163,0.0,4.891,0.0,0.0,0.0,1.3972959287409537,0.0,0.0,0.0362671226099211,1.3610288061310325,0.0883014417712315,0.0,0.0,0.0,0.01567038577716903,0.0,0,0.0,0,1.3610288061310325,,,,,,,,,,,
556,10/7/1968,0.174,0.013,10.000,5.054,0.013,0.0,5.041,0.0,0.0,0.0,1.3610288061310325,0.0,0.0,0.034711866989851424,1.326316939141181,0.08469995781751828,0.0,0.0,0.0,0.01495519364546448,0.0,0,0.0,0,1.326316939141181,,,,,,,,,,,
557,10/8/1968,0.157,0.025,10.000,5.054,0.025,0.0,5.029,0.0,0.0,0.0,1.326316939141181,0.0,0.0,0.03324895280978208,1.293067986331399,0.08130407374323204,0.0,0.0,0.0,0.014284385791063252,0.0,0,0.0,0,1.293067986331399,,,,,,,,,,,
558,10/9/1968,0.141,0.024,10.000,5.054,0.024,0.0,5.03,0.0,0.0,0.0,1.293067986331399,0.0,0.0,0.031871417331957856,1.261196568999441,0.07809878403225963,0.0,0.0,0.0,0.01365449958515766,0.0,0,0.0,0,1.261196568999441,,,,,,,,,,,
559,10/10/1968,0.141,0.075,10.000,5.054,0.075,0.0,4.979,0.0,0.0,0.0,1.261196568999441,0.0,0.0,0.030572931184094557,1.2306236378153466,0.07507041043712803,0.0,0.0,0.0,0.01306239617260438,0.0,0,0.0,0,1.2306236378153466,,,,,,,,,,,
560,10/11/1968,0.126,0.031,10.000,5.054,0.031,0.0,5.023000000000001,0.0,0.0,0.0,1.2306236378153466,0.0,0.0,0.029347731179150124,1.2012759066361964,0.07220646462438994,0.0,0.0,0.0,0.012505225330321333,0.0,0,0.0,0,1.2012759066361964,,,,,,,,,,,
561,10/12/1968,0.126,0.013,10.000,5.054,0.013,0.0,5.041,0.0,0.0,0.0,1.2012759066361964,0.0,0.0,0.02819056124534736,1.173085345390849,0.06949552704049011,0.0,0.0,0.0,0.011980394652430839,0.0,0,0.0,0,1.173085345390849,,,,,,,,,,,
562,10/13/1968,0.111,0.018,10.000,5.054,0.018,0.0,5.0360000000000005,0.0,0.0,0.0,1.173085345390849,0.0,0.0,0.02709662037202308,1.1459887250188259,0.06692713985252152,0.0,0.0,0.0,0.011485542468193357,0.0,0,0.0,0,1.1459887250188259,,,,,,,,,,,
563,10/14/1968,0.126,0.019,10.000,5.054,0.019,0.0,5.035,0.0,0.0,0.0,1.1459887250188259,0.0,0.0,0.02606151663966521,1.1199272083791607,0.06449171213164746,0.0,0.0,0.0,0.01101851398846828,0.0,0,0.0,0,1.1199272083791607,,,,,,,,,,,
564,10/15/1968,0.126,0.001,10.000,5.054,0.001,0.0,5.053,0.0,0.0,0.0,1.1199272083791607,0.0,0.0,0.02508122653889299,1.0948459818402678,0.062180435710373336,0.0,0.0,0.0,0.010577340251391017,0.0,0,0.0,0,1.0948459818402678,,,,,,,,,,,
565,10/16/1968,0.111,0.394,10.000,5.054,0.394,0.0,4.66,0.0,0.0,0.0,1.0948459818402678,0.0,0.0,0.024152058897758212,1.0706939229425096,0.05998521036691315,0.0,0.0,0.0,0.010160219500781281,0.0,0,0.0,0,1.0706939229425096,,,,,,,,,,,
566,10/17/1968,0.111,0.061,10.000,5.054,0.061,0.0,4.993,0.0,0.0,0.0,1.0706939229425096,0.0,0.0,0.023270622833351674,1.047423300109158,0.057898577177631964,0.0,0.0,0.0,0.009765500683613539,0.0,0,0.0,0,1.047423300109158,,,,,,,,,,,
567,10/18/1968,0.097,0.105,10.000,5.054,0.105,0.0,4.949,0.0,0.0,0.0,1.047423300109158,0.0,0.0,0.022433799225349084,1.0249895008838088,0.055913659037696316,0.0,0.0,0.0,0.009391668797407838,0.0,0,0.0,0,1.0249895008838088,,,,,,,,,,,
568,10/19/1968,0.111,0.072,10.000,5.054,0.072,0.0,4.982,0.0,0.0,0.0,1.0249895008838088,0.0,0.0,0.02163871527832721,1.0033507856054815,0.0540241074853414,0.0,0.0,0.0,0.009037331856041903,0.0,0,0.0,0,1.0033507856054815,,,,,,,,,,,
569,10/20/1968,0.097,0.007,10.000,5.054,0.007,0.0,5.047000000000001,0.0,0.0,0.0,1.0033507856054815,0.0,0.0,0.020882721798477544,0.982468063807004,0.05222405508044148,0.0,0.0,0.0,0.008701209274392737,0.0,0,0.0,0,0.982468063807004,,,,,,,,,,,
570,10/21/1968,0.084,0.050,10.000,5.054,0.05,0.0,5.0040000000000004,0.0,0.0,0.0,0.982468063807004,0.0,0.0,0.020163372860431242,0.9623046909465728,0.05050807268655043,0.0,0.0,0.0,0.008382121499331485,0.0,0,0.0,0,0.9623046909465728,,,,,,,,,,,
571,10/22/1968,0.072,0.072,10.000,5.054,0.072,0.0,4.982,0.0,0.0,0.0,0.9623046909465728,0.0,0.0,0.01947840758268102,0.9428262833638917,0.0488711310899114,0.0,0.0,0.0,0.008078980737696284,0.0,0,0.0,0,0.9428262833638917,,,,,,,,,,,
572,10/23/1968,0.072,0.161,10.000,5.054,0.161,0.0,4.893000000000001,0.0,0.0,0.0,0.9428262833638917,0.0,0.0,0.018825733766698792,0.9240005495971929,0.04730856646132139,0.0,0.0,0.0,0.007790782651596429,0.0,0,0.0,0,0.9240005495971929,,,,,,,,,,,
573,10/24/1968,0.060,0.163,10.000,5.054,0.163,0.0,4.891,0.0,0.0,0.0,0.9240005495971929,0.0,0.0,0.01820341318626086,0.9057971364109321,0.045816049229008345,0.0,0.0,0.0,0.007516598908288993,0.0,0,0.0,0,0.9057971364109321,,,,,,,,,,,
574,10/25/1968,0.050,0.397,10.000,5.054,0.397,0.0,4.657,0.0,0.0,0.0,0.9057971364109321,0.0,0.0,0.01760964834050545,0.8881874880704266,0.04438955598436872,0.0,0.0,0.0,0.007255570486358468,0.0,0,0.0,0,0.8881874880704266,,,,,,,,,,,
575,10/26/1968,0.060,0.425,10.000,5.054,0.425,0.0,4.6290000000000004,0.0,0.0,0.0,0.8881874880704266,0.0,0.0,0.01704277050752651,0.8711447175629,0.04302534408880163,0.0,0.0,0.0,0.007006901652388869,0.0,0,0.0,0,0.8711447175629,,,,,,,,,,,
576,10/27/1968,0.097,2.662,10.000,5.054,2.662,0.0,2.3920000000000003,0.0,0.0,0.0,0.8711447175629,0.0,0.0,0.016501228955412187,0.8546434886074878,0.04171992869003961,0.0,0.0,0.0,0.006769854533053822,0.0,0,0.0,0,0.8546434886074878,,,,,,,,,,,
577,10/28/1968,0.141,3.949,10.000,5.054,3.949,0.0,1.1050000000000004,0.0,0.0,0.0,0.8546434886074878,0.0,0.0,0.015983581185034568,0.8386599074224532,0.04047006189121929,0.0,0.0,0.0,0.006543744216820962,0.0,0,0.0,0,0.8386599074224532,,,,,,,,,,,
578,10/29/1968,0.174,1.287,10.000,5.054,1.287,0.0,3.7670000000000003,0.0,0.0,0.0,0.8386599074224532,0.0,0.0,0.01548848409398374,0.8231714233284695,0.03927271384622321,0.0,0.0,0.0,0.006327934327488613,0.0,0,0.0,0,0.8231714233284695,,,,,,,,,,,
579,10/30/1968,0.191,1.671,10.000,5.054,1.671,0.0,3.383,0.0,0.0,0.0,0.8231714233284695,0.0,0.0,0.01501468596414671,0.8081567373643228,0.038125055581201606,0.0,0.0,0.0,0.006121833018727544,0.0,0,0.0,0,0.8081567373643228,,,,,,,,,,,
580,10/31/1968,0.174,0.091,10.000,5.054,0.091,0.0,4.963,0.0,0.0,0.0,0.8081567373643228,0.0,0.0,0.01456101918684091,0.7935957181774819,0.03702444336519726,0.0,0.0,0.0,0.005924889344841549,0.0,0,0.0,0,0.7935957181774819,,,,,,,,,,,
581,11/1/1968,0.141,0.044,11.000,5.054,0.044,0.0,5.010000000000001,0.0,0.0,0.0,0.7935957181774819,0.0,0.0,0.014126393649362043,0.7794693245281198,0.03596840447291378,0.0,0.0,0.0,0.00573658996821819,0.0,0,0.0,0,0.7794693245281198,,,,,,,,,,,
582,11/2/1968,0.141,0.097,11.000,5.054,0.097,0.0,4.957,0.0,0.0,0.0,0.7794693245281198,0.0,0.0,0.013709790715498214,0.7657595338126216,0.0349546242002823,0.0,0.0,0.0,0.005556456168524593,0.0,0,0.0,0,0.7657595338126216,,,,,,,,,,,
583,11/3/1968,0.126,0.137,11.000,5.054,0.137,0.0,4.917,0.0,0.0,0.0,0.7657595338126216,0.0,0.0,0.013310257740169586,0.752449276072452,0.03398093400893118,0.0,0.0,0.0,0.005384041122706657,0.0,0,0.0,0,0.752449276072452,,,,,,,,,,,
584,11/4/1968,0.111,0.124,11.000,5.054,0.124,0.0,4.930000000000001,0.0,0.0,0.0,0.752449276072452,0.0,0.0,0.012926903065021526,0.7395223730074305,0.03304530068923802,0.0,0.0,0.0,0.005218927428352556,0.0,0,0.0,0,0.7395223730074305,,,,,,,,,,,
585,11/5/1968,0.097,0.109,11.000,5.054,0.109,0.0,4.945,0.0,0.0,0.0,0.7395223730074305,0.0,0.0,0.012558891447655138,0.7269634815597754,0.03214581644358806,0.0,0.0,0.0,0.005060724846051036,0.0,0,0.0,0,0.7269634815597754,,,,,,,,,,,
586,11/6/1968,0.097,0.251,11.000,5.054,0.251,0.0,4.803,0.0,0.0,0.0,0.7269634815597754,0.0,0.0,0.012205439882329378,0.714758041677446,0.03128068980199159,0.0,0.0,0.0,0.004909068239069551,0.0,0,0.0,0,0.714758041677446,,,,,,,,,,,
587,11/7/1968,0.072,0.063,11.000,5.054,0.063,0.0,4.9910000000000005,0.0,0.0,0.0,0.714758041677446,0.0,0.0,0.011865813774505912,0.7028922279029401,0.030448237291507155,0.0,0.0,0.0,0.004763615691046304,0.0,0,0.0,0,0.7028922279029401,,,,,,,,,,,
588,11/8/1968,0.060,0.238,11.000,5.054,0.238,0.0,4.816000000000001,0.0,0.0,0.0,0.7028922279029401,0.0,0.0,0.01153932343561073,0.6913529044673294,0.029646875789133914,0.0,0.0,0.0,0.004624046784476568,0.0,0,0.0,0,0.6913529044673294,,,,,,,,,,,
589,11/9/1968,0.050,0.067,11.000,5.054,0.067,0.0,4.987,0.0,0.0,0.0,0.6913529044673294,0.0,0.0,0.011225320867923208,0.6801275835994063,0.028875115495111396,0.0,0.0,0.0,0.004490061024613443,0.0,0,0.0,0,0.6801275835994063,,,,,,,,,,,
590,11/10/1968,0.050,0.000,11.000,5.054,0.0,0.0,5.054,0.0,0.0,0.0,0.6801275835994063,0.0,0.0,0.010923196812633117,0.6692043867867732,0.028131553470015544,0.0,0.0,0.0,0.00436137639502837,0.0,0,0.0,0,0.6692043867867732,,,,,,,,,,,
591,11/11/1968,0.040,0.082,11.000,5.054,0.082,0.0,4.972,0.0,0.0,0.0,0.6692043867867732,0.0,0.0,0.010632378036879312,0.6585720087498939,0.027414867684766676,0.0,0.0,0.0,0.0042377280325141195,0.0,0,0.0,0,0.6585720087498939,,,,,,,,,,,
592,11/12/1968,0.050,0.429,11.000,5.054,0.429,0.0,4.625,0.0,0.0,0.0,0.6585720087498939,0.0,0.0,0.010352324838044873,0.648219683911849,0.026723811537757727,0.0,0.0,0.0,0.004118867010286203,0.0,0,0.0,0,0.648219683911849,,,,,,,,,,,
593,11/13/1968,0.050,0.094,11.000,5.054,0.094,0.0,4.96,0.0,0.0,0.0,0.648219683911849,0.0,0.0,0.010082528745770316,0.6381371551660787,0.026057208797844084,0.0,0.0,0.0,0.004004559219568077,0.0,0,0.0,0,0.6381371551660787,,,,,,,,,,,
594,11/14/1968,0.040,0.637,11.000,5.054,0.637,0.0,4.417,0.0,0.0,0.0,0.6381371551660787,0.0,0.0,0.009822510404092336,0.6283146447619864,0.025413948935978224,0.0,0.0,0.0,0.0038945843406485952,0.0,0,0.0,0,0.6283146447619864,,,,,,,,,,,
595,11/15/1968,0.050,1.180,11.000,5.054,1.18,0.0,3.8740000000000006,0.0,0.0,0.0,0.6283146447619864,0.0,0.0,0.009571817617849131,0.6187428271441373,0.024792982811879537,0.0,0.0,0.0,0.0037887348953923967,0.0,0,0.0,0,0.6187428271441373,,,,,,,,,,,
596,11/16/1968,0.084,0.963,11.000,5.054,0.963,0.0,4.091,0.0,0.0,0.0,0.6187428271441373,0.0,0.0,0.009330023549039886,0.6094128035950974,0.02419331868535376,0.0,0.0,0.0,0.00368681537397834,0.0,0,0.0,0,0.6094128035950974,,,,,,,,,,,
597,11/17/1968,0.141,0.602,11.000,5.054,0.602,0.0,4.452,0.0,0.0,0.0,0.6094128035950974,0.0,0.0,0.009096725050207359,0.6003160785448901,0.023614018524761433,0.0,0.0,0.0,0.003588641429349621,0.0,0,0.0,0,0.6003160785448901,,,,,,,,,,,
598,11/18/1968,0.157,0.501,11.000,5.054,0.501,0.0,4.553,0.0,0.0,0.0,0.6003160785448901,0.0,0.0,0.00887154112314777,0.5914445374217423,0.023054194587718985,0.0,0.0,0.0,0.0034940391334916093,0.0,0,0.0,0,0.5914445374217423,,,,,,,,,,,
599,11/19/1968,0.209,0.257,11.000,5.054,0.257,0.0,4.797000000000001,0.0,0.0,0.0,0.5914445374217423,0.0,0.0,0.00865411149235828,0.582790425929384,0.02251300625143441,0.0,0.0,0.0,0.003402844290218804,0.0,0,0.0,0,0.582790425929384,,,,,,,,,,,
600,11/20/1968,0.111,0.103,11.000,5.054,0.103,0.0,4.9510000000000005,0.0,0.0,0.0,0.582790425929384,0.0,0.0,0.008444095283623745,0.5743463306457602,0.021989657072160832,0.0,0.0,0.0,0.0033149017996582163,0.0,0,0.0,0,0.5743463306457602,,,,,,,,,,,
601,11/21/1968,0.097,0.177,11.000,5.054,0.177,0.0,4.877000000000001,0.0,0.0,0.0,0.5743463306457602,0.0,0.0,0.008241169799034182,0.566105160846726,0.021483392055122497,0.0,0.0,0.0,0.0032300650700697606,0.0,0,0.0,0,0.566105160846726,,,,,,,,,,,
602,11/22/1968,0.050,0.120,11.000,5.054,0.12,0.0,4.934,0.0,0.0,0.0,0.566105160846726,0.0,0.0,0.008045029380523774,0.5580601314662023,0.020993495117951594,0.0,0.0,0.0,0.0031481954730508293,0.0,0,0.0,0,0.5580601314662023,,,,,,,,,,,
603,11/23/1968,0.031,0.165,11.000,5.054,0.165,0.0,4.889,0.0,0.0,0.0,0.5580601314662023,0.0,0.0,0.007855384354741118,0.5502047471114612,0.020519286732191597,0.0,0.0,0.0,0.003069161838537266,0.0,0,0.0,0,0.5502047471114612,,,,,,,,,,,
604,11/24/1968,0.050,0.073,11.000,5.054,0.073,0.0,4.981,0.0,0.0,0.0,0.5502047471114612,0.0,0.0,0.007671960052707879,0.5425327870587533,0.020060121728790882,0.0,0.0,0.0,0.0029928399863412094,0.0,0,0.0,0,0.5425327870587533,,,,,,,,,,,
605,11/25/1968,0.060,0.141,11.000,5.054,0.141,0.0,4.913,0.0,0.0,0.0,0.5425327870587533,0.0,0.0,0.007494495898306306,0.535038291160447,0.019615387254745365,0.0,0.0,0.0,0.0029191122912615537,0.0,0,0.0,0,0.535038291160447,,,,,,,,,,,
606,11/26/1968,0.050,0.138,11.000,5.054,0.138,0.0,4.916,0.0,0.0,0.0,0.535038291160447,0.0,0.0,0.007322744560162664,0.5277155466002843,0.01918450086916568,0.0,0.0,0.0,0.002847867279068887,0.0,0,0.0,0,0.5277155466002843,,,,,,,,,,,
607,11/27/1968,0.050,0.124,11.000,5.054,0.124,0.0,4.930000000000001,0.0,0.0,0.0,0.5277155466002843,0.0,0.0,0.007156471161968921,0.5205590754383154,0.018766908768053595,0.0,0.0,0.0,0.002778999250906643,0.0,0,0.0,0,0.5205590754383154,,,,,,,,,,,
608,11/28/1968,0.060,0.246,11.000,5.054,0.246,0.0,4.808,0.0,0.0,0.0,0.5205590754383154,0.0,0.0,0.006995452546715,0.5135636228916004,0.018362084127987,0.0,0.0,0.0,0.0027124079338668003,0.0,0,0.0,0,0.5135636228916004,,,,,,,,,,,
609,11/29/1968,0.060,0.341,11.000,5.054,0.341,0.0,4.713,0.0,0.0,0.0,0.5135636228916004,0.0,0.0,0.006839476590692786,0.5067241463009076,0.01796952555974138,0.0,0.0,0.0,0.0026479981556941454,0.0,0,0.0,0,0.5067241463009076,,,,,,,,,,,
610,11/30/1968,0.050,0.018,11.000,5.054,0.018,0.0,5.0360000000000005,0.0,0.0,0.0,0.5067241463009076,0.0,0.0,0.0066883415634854644,0.5000358047374222,0.01758875566362733,0.0,0.0,0.0,0.002585679541750083,0.0,0,0.0,0,0.5000358047374222,,,,,,,,,,,
611,12/1/1968,0.060,0.108,12.000,5.337,0.108,0.0,5.229,0.0,0.0,0.0,0.5000358047374222,0.0,0.0,0.006541855530475209,0.49349394920694695,0.017219319679006567,0.0,0.0,0.0,0.0025253662325272386,0.0,0,0.0,0,0.49349394920694695,,,,,,,,,,,
612,12/2/1968,0.060,0.037,12.000,5.337,0.037,0.0,5.3,0.0,0.0,0.0,0.49349394920694695,0.0,0.0,0.00639983579469209,0.48709411341225484,0.016860784221068775,0.0,0.0,0.0,0.002466976620151243,0.0,0,0.0,0,0.48709411341225484,,,,,,,,,,,
613,12/3/1968,0.060,0.393,12.000,5.337,0.393,0.0,4.944,0.0,0.0,0.0,0.48709411341225484,0.0,0.0,0.0062621083750904446,0.4808320050371644,0.016512736098516462,0.0,0.0,0.0,0.0024104331024378104,0.0,0,0.0,0,0.4808320050371644,,,,,,,,,,,
614,12/4/1968,0.060,0.306,12.000,5.337,0.306,0.0,5.031,0.0,0.0,0.0,0.4808320050371644,0.0,0.0,0.006128507518578259,0.47470349751858615,0.01617478120631839,0.0,0.0,0.0,0.0023556618531927255,0.0,0,0.0,0,0.47470349751858615,,,,,,,,,,,
615,12/5/1968,0.060,0.114,12.000,5.337,0.114,0.0,5.223,0.0,0.0,0.0,0.47470349751858615,0.0,0.0,0.0059988752433429715,0.4687046222752432,0.015846543488160402,0.0,0.0,0.0,0.002302592607550978,0.0,0,0.0,0,0.4687046222752432,,,,,,,,,,,
616,12/6/1968,0.060,0.112,12.000,5.337,0.112,0.0,5.225,0.0,0.0,0.0,0.4687046222752432,0.0,0.0,0.005873060911215409,0.46283156136402775,0.015527663963649456,0.0,0.0,0.0,0.0022511584612500625,0.0,0,0.0,0,0.46283156136402775,,,,,,,,,,,
617,12/7/1968,0.050,0.144,12.000,5.337,0.144,0.0,5.193,0.0,0.0,0.0,0.46283156136402775,0.0,0.0,0.00575092082699439,0.45708064053703334,0.015217799815716164,0.0,0.0,0.0,0.0022012956828223254,0.0,0,0.0,0,0.45708064053703334,,,,,,,,,,,
618,12/8/1968,0.040,0.081,12.000,5.337,0.081,0.0,5.255999999999999,0.0,0.0,0.0,0.45708064053703334,0.0,0.0,0.005632317862819396,0.451448322674214,0.01491662353401727,0.0,0.0,0.0,0.0021529435377731407,0.0,0,0.0,0,0.451448322674214,,,,,,,,,,,
619,12/9/1968,0.040,0.136,12.000,5.337,0.136,0.0,5.201,0.0,0.0,0.0,0.451448322674214,0.0,0.0,0.00551712110582927,0.4459312015683847,0.014623822110464627,0.0,0.0,0.0,0.002106044123886349,0.0,0,0.0,0,0.4459312015683847,,,,,,,,,,,
620,12/10/1968,0.031,0.020,12.000,5.337,0.02,0.0,5.317,0.0,0.0,0.0,0.4459312015683847,0.0,0.0,0.005405205527482435,0.4405259960409023,0.014339096283305175,0.0,0.0,0.0,0.00206054221686647,0.0,0,0.0,0,0.4405259960409023,,,,,,,,,,,
621,12/11/1968,0.040,0.435,12.000,5.337,0.435,0.0,4.902,0.0,0.0,0.0,0.4405259960409023,0.0,0.0,0.0052964516730399204,0.4352295443678624,0.014062159826448765,0.0,0.0,0.0,0.002016385125589431,0.0,0,0.0,0,0.4352295443678624,,,,,,,,,,,
622,12/12/1968,0.040,2.637,12.000,5.337,2.637,0.0,2.6999999999999997,0.0,0.0,0.0,0.4352295443678624,0.0,0.0,0.005190745369827488,0.4300387989980349,0.013792738880990448,0.0,0.0,0.0,0.001973522556290346,0.0,0,0.0,0,0.4300387989980349,,,,,,,,,,,
623,12/13/1968,0.084,0.658,12.000,5.337,0.658,0.0,4.678999999999999,0.0,0.0,0.0,0.4300387989980349,0.0,0.0,0.005087977452998612,0.4249508215450363,0.013530571326102922,0.0,0.0,0.0,0.001931906485068862,0.0,0,0.0,0,0.4249508215450363,,,,,,,,,,,
624,12/14/1968,0.126,0.407,12.000,5.337,0.407,0.0,4.93,0.0,0.0,0.0,0.4249508215450363,0.0,0.0,0.004988043507616585,0.41996277803741966,0.013275406186684808,0.0,0.0,0.0,0.0018914910381401598,0.0,0,0.0,0,0.41996277803741966,,,,,,,,,,,
625,12/15/1968,0.126,0.810,12.000,5.337,0.81,0.0,4.526999999999999,0.0,0.0,0.0,0.41996277803741966,0.0,0.0,0.004890843625962605,0.41507193441145707,0.013027003075343435,0.0,0.0,0.0,0.0018522323793032452,0.0,0,0.0,0,0.41507193441145707,,,,,,,,,,,
626,12/16/1968,0.111,1.503,12.000,5.337,1.503,0.0,3.8339999999999996,0.0,0.0,0.0,0.41507193441145707,0.0,0.0,0.004796282179057989,0.4102756522323991,0.012785131666468148,0.0,0.0,0.0,0.001814088604138099,0.0,0,0.0,0,0.4102756522323991,,,,,,,,,,,
627,12/17/1968,0.111,0.330,12.000,5.337,0.33,0.0,5.007,0.0,0.0,0.0,0.4102756522323991,0.0,0.0,0.004704267601463277,0.40557138463093584,0.012549571200313046,0.0,0.0,0.0,0.0017770196404798709,0.0,0,0.0,0,0.40557138463093584,,,,,,,,,,,
628,12/18/1968,0.097,0.508,12.000,5.337,0.508,0.0,4.829,0.0,0.0,0.0,0.40557138463093584,0.0,0.0,0.004614712188485626,0.4009566724424502,0.012320110015158247,0.0,0.0,0.0,0.0017409871547519158,0.0,0,0.0,0,0.4009566724424502,,,,,,,,,,,
629,12/19/1968,0.084,1.501,12.000,5.337,1.501,0.0,3.836,0.0,0.0,0.0,0.4009566724424502,0.0,0.0,0.004527531904988962,0.39642914053746126,0.012096545105756735,0.0,0.0,0.0,0.0017059544637703396,0.0,0,0.0,0,0.39642914053746126,,,,,,,,,,,
630,12/20/1968,0.084,0.024,12.000,5.337,0.024,0.0,5.313,0.0,0.0,0.0,0.39642914053746126,0.0,0.0,0.004442646205059395,0.39198649433240185,0.01187868170640123,0.0,0.0,0.0,0.0016718864516610881,0.0,0,0.0,0,0.39198649433240185,,,,,,,,,,,
631,12/21/1968,0.072,0.372,12.000,5.337,0.372,0.0,4.965,0.0,0.0,0.0,0.39198649433240185,0.0,0.0,0.004359977861831938,0.3876265164705699,0.011666332897062785,0.0,0.0,0.0,0.0016387494915567214,0.0,0,0.0,0,0.3876265164705699,,,,,,,,,,,
632,12/22/1968,0.060,0.337,12.000,5.337,0.337,0.0,5.0,0.0,0.0,0.0,0.3876265164705699,0.0,0.0,0.004279452806833744,0.38334706366373617,0.011459319231161173,0.0,0.0,0.0,0.0016065113717640177,0.0,0,0.0,0,0.38334706366373617,,,,,,,,,,,
633,12/23/1968,0.050,0.577,12.000,5.337,0.577,0.0,4.76,0.0,0.0,0.0,0.38334706366373617,0.0,0.0,0.00420099997824458,0.3791460636854916,0.011257468383626857,0.0,0.0,0.0,0.0015751412261156745,0.0,0,0.0,0,0.3791460636854916,,,,,,,,,,,
634,12/24/1968,0.040,1.132,12.000,5.337,1.132,0.0,4.205,0.0,0.0,0.0,0.3791460636854916,0.0,0.0,0.004124551177517109,0.3750215125079745,0.01106061481800692,0.0,0.0,0.0,0.001544609468239747,0.0,0,0.0,0,0.3750215125079745,,,,,,,,,,,
635,12/25/1968,0.031,6.873,12.000,5.337,5.337,1.5360000000000005,0.0,0,1.4465585542815707,0.0,1.8215800667895452,0.0,0.0,0.056421706812417136,1.765158359977128,0.13428890737248803,0.08944144571842978,0.08944144571842978,0.0,0.02509817200678176,0.08944144571842978,0,0.0,0,1.765158359977128,,,,,,,,,,,
636,12/26/1968,0.424,6.341,12.000,5.337,5.337,1.0040000000000004,0.0,0,1.0040000000000002,0.08944144571842978,2.7695565092365313,0.0,0.08944144571842978,0.11342692604169315,2.656129583194838,0.2597954536350135,2.1845989522435786e-16,2.1845989522435786e-16,0.0003981492594030436,0.0528283844830077,0.08904329645902696,0,0.0,0,2.656129583194838,,,,,,,,,,,
637,12/27/1968,0.981,4.065,12.000,5.337,4.065,0.0,1.2719999999999994,0.0,0.0,0.08904329645902696,2.656129583194838,0.08904329645902696,0.0,0.10579079384264169,2.5503387893521965,0.24327200102202712,0.0,0.0,0.0,0.04904642723525368,0.0,0,0.0,0,2.5503387893521965,,,,,,,,,,,
638,12/28/1968,1.050,0.501,12.000,5.337,0.501,0.0,4.835999999999999,0.0,0.0,0.0,2.5503387893521965,0.0,0.0,0.09886188914251917,2.4514769002096775,0.22821248802937585,0.0,0.0,0.0,0.04563022651501232,0.0,0,0.0,0,2.4514769002096775,,,,,,,,,,,
639,12/29/1968,0.817,0.476,12.000,5.337,0.476,0.0,4.861,0.0,0.0,0.0,2.4514769002096775,0.0,0.0,0.09255760748976975,2.3589192927199076,0.21445207568385538,0.0,0.0,0.0,0.042535627355614614,0.0,0,0.0,0,2.3589192927199076,,,,,,,,,,,
640,12/30/1968,0.785,1.423,12.000,5.337,1.423,0.0,3.9139999999999997,0.0,0.0,0.0,2.3589192927199076,0.0,0.0,0.08680690023676624,2.2721123924831415,0.20184827437330838,0.0,0.0,0.0,0.03972481749815067,0.0,0,0.0,0,2.2721123924831415,,,,,,,,,,,
641,12/31/1968,0.754,0.433,12.000,5.337,0.433,0.0,4.904,0.0,0.0,0.0,2.2721123924831415,0.0,0.0,0.08154840326118638,2.190563989221955,0.19027742238048867,0.0,0.0,0.0,0.037165277511792674,0.0,0,0.0,0,2.190563989221955,,,,,,,,,,,
642,1/1/1969,0.097,2.190,1.000,5.134,2.19,0.0,2.9440000000000004,0.0,0.0,0.0,2.190563989221955,0.0,0.0,0.07672890807845009,2.113835081143505,0.17963179327543669,0.0,0.0,0.0,0.03482892662090053,0.0,0,0.0,0,2.113835081143505,,,,,,,,,,,
643,1/2/1969,0.097,2.796,1.000,5.134,2.796,0.0,2.3380000000000005,0.0,0.0,0.0,2.113835081143505,0.0,0.0,0.07230210581995392,2.0415329753235514,0.16981720723248936,0.0,0.0,0.0,0.03269142385507524,0.0,0,0.0,0,2.0415329753235514,,,,,,,,,,,
644,1/3/1969,0.084,0.138,1.000,5.134,0.138,0.0,4.996,0.0,0.0,0.0,2.0415329753235514,0.0,0.0,0.06822755000350282,1.9733054253200486,0.16075104855830732,0.0,0.0,0.0,0.030731593240732182,0.0,0,0.0,0,1.9733054253200486,,,,,,,,,,,
645,1/4/1969,0.072,0.063,1.000,5.134,0.063,0.0,5.071000000000001,0.0,0.0,0.0,1.9733054253200486,0.0,0.0,0.06446979575657409,1.9088356295634745,0.15236061250667615,0.0,0.0,0.0,0.02893094863777968,0.0,0,0.0,0,1.9088356295634745,,,,,,,,,,,
646,1/5/1969,0.097,0.083,1.000,5.134,0.083,0.0,5.051,0.0,0.0,0.0,1.9088356295634745,0.0,0.0,0.060997682129412714,1.8478379474340618,0.14458172044675976,0.0,0.0,0.0,0.027273299071392927,0.0,0,0.0,0,1.8478379474340618,,,,,,,,,,,
647,1/6/1969,0.111,0.227,1.000,5.134,0.227,0.0,4.907,0.0,0.0,0.0,1.8478379474340618,0.0,0.0,0.05778373104921517,1.7900542163848467,0.13735755483449935,0.0,0.0,0.0,0.025744419434733497,0.0,0,0.0,0,1.7900542163848467,,,,,,,,,,,
648,1/7/1969,0.111,0.084,1.000,5.134,0.084,0.0,5.050000000000001,0.0,0.0,0.0,1.7900542163848467,0.0,0.0,0.05480364182754409,1.7352505745573026,0.13063767508738017,0.0,0.0,0.0,0.02433177454831728,0.0,0,0.0,0,1.7352505745573026,,,,,,,,,,,
649,1/8/1969,0.157,1.647,1.000,5.134,1.647,0.0,3.487,0.0,0.0,0.0,1.7352505745573026,0.0,0.0,0.05203586431556952,1.683214710241733,0.12437718302954552,0.0,0.0,0.0,0.023024286979204837,0.0,0,0.0,0,1.683214710241733,,,,,,,,,,,
650,1/9/1969,0.157,0.639,1.000,5.134,0.639,0.0,4.495,0.0,0.0,0.0,1.683214710241733,0.0,0.0,0.0494612370841831,1.6337534731575498,0.11853601254149282,0.0,0.0,0.0,0.02181214091374719,0.0,0,0.0,0,1.6337534731575498,,,,,,,,,,,
651,1/10/1969,0.157,0.178,1.000,5.134,0.178,0.0,4.956,0.0,0.0,0.0,1.6337534731575498,0.0,0.0,0.047062679596720315,1.5866907935608294,0.11307832278039781,0.0,0.0,0.0,0.02068661586459169,0.0,0,0.0,0,1.5866907935608294,,,,,,,,,,,
652,1/11/1969,0.157,0.004,1.000,5.134,0.004,0.0,5.130000000000001,0.0,0.0,0.0,1.5866907935608294,0.0,0.0,0.044824929397772266,1.5418658641630572,0.10797197810898988,0.0,0.0,0.0,0.01963994516858988,0.0,0,0.0,0,1.5418658641630572,,,,,,,,,,,
653,1/12/1969,0.157,0.881,1.000,5.134,0.881,0.0,4.253,0.0,0.0,0.0,1.5418658641630572,0.0,0.0,0.042734316981231465,1.4991315471818256,0.10318810089268217,0.0,0.0,0.0,0.018665195167067883,0.0,0,0.0,0,1.4991315471818256,,,,,,,,,,,
654,1/13/1969,0.126,0.931,1.000,5.134,0.931,0.0,4.203,0.0,0.0,0.0,1.4991315471818256,0.0,0.0,0.04077857231495002,1.4583529748668755,0.09870068575712718,0.0,0.0,0.0,0.017756161706768664,0.0,0,0.0,0,1.4583529748668755,,,,,,,,,,,
655,1/14/1969,0.111,1.546,1.000,5.134,1.546,0.0,3.588,0.0,0.0,0.0,1.4583529748668755,0.0,0.0,0.03894665805774274,1.4194063168091329,0.09448626586544712,0.0,0.0,0.0,0.01690728119929943,0.0,0,0.0,0,1.4194063168091329,,,,,,,,,,,
656,1/15/1969,0.174,3.497,1.000,5.134,3.497,0.0,1.6370000000000005,0.0,0.0,0.0,1.4194063168091329,0.0,0.0,0.03722862536060629,1.3821776914485266,0.0905236233721111,0.0,0.0,0.0,0.016113553960379324,0.0,0,0.0,0,1.3821776914485266,,,,,,,,,,,
657,1/16/1969,0.228,1.205,1.000,5.134,1.205,0.0,3.9290000000000003,0.0,0.0,0.0,1.3821776914485266,0.0,0.0,0.03561548883957849,1.346562202608948,0.08679353751362455,0.0,0.0,0.0,0.015370477941759404,0.0,0,0.0,0,1.346562202608948,,,,,,,,,,,
658,1/17/1969,0.191,0.967,1.000,5.134,0.967,0.0,4.167000000000001,0.0,0.0,0.0,1.346562202608948,0.0,0.0,0.0340991178750953,1.3124630847338528,0.08327856486345818,0.0,0.0,0.0,0.014673991287176402,0.0,0,0.0,0,1.3124630847338528,,,,,,,,,,,
659,1/18/1969,0.141,0.290,1.000,5.134,0.29,0.0,4.844,0.0,0.0,0.0,1.3124630847338528,0.0,0.0,0.032672141857458856,1.2797909428763938,0.07996284715608039,0.0,0.0,0.0,0.014020422403791371,0.0,0,0.0,0,1.2797909428763938,,,,,,,,,,,
660,1/19/1969,0.111,0.889,1.000,5.134,0.889,0.0,4.245,0.0,0.0,0.0,1.2797909428763938,0.0,0.0,0.031327867380146555,1.2484630754962474,0.07683194280902804,0.0,0.0,0.0,0.013406446453787675,0.0,0,0.0,0,1.2484630754962474,,,,,,,,,,,
661,1/20/1969,0.097,0.399,1.000,5.134,0.399,0.0,4.735,0.0,0.0,0.0,1.2484630754962474,0.0,0.0,0.030060205698018674,1.2184028697982288,0.07387267887160966,0.0,0.0,0.0,0.01282904734625705,0.0,0,0.0,0,1.2184028697982288,,,,,,,,,,,
662,1/21/1969,0.097,3.296,1.000,5.134,3.296,0.0,1.8380000000000005,0.0,0.0,0.0,1.2184028697982288,0.0,0.0,0.028863609028616576,1.1895392607696123,0.0710730206271754,0.0,0.0,0.0,0.01228548445439678,0.0,0,0.0,0,1.1895392607696123,,,,,,,,,,,
663,1/22/1969,0.126,6.645,1.000,5.134,5.134,1.5109999999999992,0.0,0,1.4215585542815696,0.0,2.611097815051182,0.0,0.0,0.10281844074421434,2.5082793743069676,0.2368197714022881,0.08944144571842963,0.08944144571842963,0.0,0.04757908779001846,0.08944144571842963,0,0.0,0,2.5082793743069676,,,,,,,,,,,
664,1/23/1969,0.141,9.389,1.000,5.134,5.134,4.254999999999999,0.0,0,4.254999999999999,0.08944144571842963,6.763677523566369,0.0,0.08944144571842963,0.5023471393016541,6.261330384264715,1.0473980895770378,3.773398190909768e-16,3.773398190909768e-16,0.00039814925940304287,0.25803648731891404,0.08904329645902696,0,0.0,0,6.261330384264715,,,,,,,,,,,
665,1/24/1969,0.191,7.556,1.000,5.134,5.134,2.4219999999999997,0.0,0,2.4216018507405965,0.08904329645902696,8.683328611900333,0.0,0.08904329645902696,0.7618032819426975,7.921525329957635,1.5417660403193214,0.0003981492594030382,0.0003981492594030382,0.0003963768950199571,0.4021789230063847,0.08904506882341005,0,0.0,0,7.921525329957635,,,,,,,,,,,
666,1/25/1969,0.174,1.039,1.000,5.134,1.039,0.0,4.095000000000001,0.0,0.0,0.08904506882341005,7.921525329957635,0.08904506882341005,0.0,0.6537029880368832,7.267822341920752,1.3378124910596128,0.0,0.0,0.0,0.3416517773521153,0.0,0,0.0,0,7.267822341920752,,,,,,,,,,,
667,1/26/1969,0.111,0.363,1.000,5.134,0.363,0.0,4.771000000000001,0.0,0.0,0.0,7.267822341920752,0.0,0.0,0.5662909430135045,6.701531398907248,1.1708508345087032,0.0,0.0,0.0,0.29318434333575405,0.0,0,0.0,0,6.701531398907248,,,,,,,,,,,
668,1/27/1969,0.084,2.047,1.000,5.134,2.047,0.0,3.087,0.0,0.0,0.0,6.701531398907248,0.0,0.0,0.49467793505731145,6.206853463849936,1.032509934242343,0.0,0.0,0.0,0.2538400170549326,0.0,0,0.0,0,6.206853463849936,,,,,,,,,,,
669,1/28/1969,0.191,3.018,1.000,5.134,3.018,0.0,2.1160000000000005,0.0,0.0,0.0,6.206853463849936,0.0,0.0,0.4353296676147409,5.771523796235195,0.9166559961904688,0.0,0.0,0.0,0.22151523898272293,0.0,0,0.0,0,5.771523796235195,,,,,,,,,,,
670,1/29/1969,0.126,1.104,1.000,5.134,1.104,0.0,4.03,0.0,0.0,0.0,5.771523796235195,0.0,0.0,0.3856410550317285,5.385882741203467,0.8187110125019883,0.0,0.0,0.0,0.19467276585852372,0.0,0,0.0,0,5.385882741203467,,,,,,,,,,,
671,1/30/1969,0.060,0.265,1.000,5.134,0.265,0.0,4.869000000000001,0.0,0.0,0.0,5.385882741203467,0.0,0.0,0.34365864061016876,5.042224100593298,0.7352020705683034,0.0,0.0,0.0,0.1721692145867394,0.0,0,0.0,0,5.042224100593298,,,,,,,,,,,
672,1/31/1969,0.060,0.474,1.000,5.134,0.474,0.0,4.66,0.0,0.0,0.0,5.042224100593298,0.0,0.0,0.30789503411966473,4.7343290664736335,0.6634561240033947,0.0,0.0,0.0,0.15314069588837556,0.0,0,0.0,0,4.7343290664736335,,,,,,,,,,,
673,2/1/1969,0.023,0.186,2.000,4.866,0.186,0.0,4.68,0.0,0.0,0.0,4.7343290664736335,0.0,0.0,0.277202097936673,4.4571269685369606,0.6013888576555174,0.0,0.0,0.0,0.13692524869370126,0.0,0,0.0,0,4.4571269685369606,,,,,,,,,,,
674,2/2/1969,0.023,0.147,2.000,4.866,0.147,0.0,4.718999999999999,0.0,0.0,0.0,4.4571269685369606,0.0,0.0,0.25068255994285027,4.20644440859411,0.5473558555884234,0.0,0.0,0.0,0.12300916882622216,0.0,0,0.0,0,4.20644440859411,,,,,,,,,,,
675,2/3/1969,0.023,0.015,2.000,4.866,0.015,0.0,4.851,0.0,0.0,0.0,4.20644440859411,0.0,0.0,0.22762731073245024,3.9788170978616595,0.5000458915566499,0.0,0.0,0.0,0.11098919672096755,0.0,0,0.0,0,3.9788170978616595,,,,,,,,,,,
676,2/4/1969,0.023,0.180,2.000,4.866,0.18,0.0,4.686,0.0,0.0,0.0,3.9788170978616595,0.0,0.0,0.20747020551261025,3.771346892349049,0.4584032376368722,0.0,0.0,0.0,0.10054544121092214,0.0,0,0.0,0,3.771346892349049,,,,,,,,,,,
677,2/5/1969,0.005,0.004,2.000,4.866,0.004,0.0,4.862,0.0,0.0,0.0,3.771346892349049,0.0,0.0,0.18975500791927422,3.581591884429775,0.42157030584792315,0.0,0.0,0.0,0.09142170246149883,0.0,0,0.0,0,3.581591884429775,,,,,,,,,,,
678,2/6/1969,0.005,0.142,2.000,4.866,0.142,0.0,4.723999999999999,0.0,0.0,0.0,3.581591884429775,0.0,0.0,0.1741108918348708,3.4074809925949046,0.38884475887581077,0.0,0.0,0.0,0.08341097791829748,0.0,0,0.0,0,3.4074809925949046,,,,,,,,,,,
679,2/7/1969,0.016,0.000,2.000,4.866,0.0,0.0,4.866,0.0,0.0,0.0,3.4074809925949046,0.0,0.0,0.1602340640119808,3.247246928582924,0.3596470635051271,0.0,0.0,0.0,0.07634465324926154,0.0,0,0.0,0,3.247246928582924,,,,,,,,,,,
680,2/8/1969,0.023,0.792,2.000,4.866,0.792,0.0,4.074,0.0,0.0,0.0,3.247246928582924,0.0,0.0,0.14787382350812725,3.099373105074797,0.3334956790776438,0.0,0.0,0.0,0.07008434919107191,0.0,0,0.0,0,3.099373105074797,,,,,,,,,,,
681,2/9/1969,0.040,0.083,2.000,4.866,0.083,0.0,4.7829999999999995,0.0,0.0,0.0,3.099373105074797,0.0,0.0,0.13682187722347158,2.9625512278513253,0.3099878951982322,0.0,0.0,0.0,0.06451570678428337,0.0,0,0.0,0,2.9625512278513253,,,,,,,,,,,
682,2/10/1969,0.084,3.102,2.000,4.866,3.102,0.0,1.7639999999999998,0.0,0.0,0.0,2.9625512278513253,0.0,0.0,0.12690407247174176,2.8356471553795837,0.2887848957470442,0.0,0.0,0.0,0.059543603835390785,0.0,0,0.0,0,2.8356471553795837,,,,,,,,,,,
683,2/11/1969,0.072,1.597,2.000,4.866,1.597,0.0,3.2689999999999997,0.0,0.0,0.0,2.8356471553795837,0.0,0.0,0.1179739428211041,2.7176732125584797,0.2696000171743578,0.0,0.0,0.0,0.05508843956701333,0.0,0,0.0,0,2.7176732125584797,,,,,,,,,,,
684,2/12/1969,0.050,0.118,2.000,4.866,0.118,0.0,4.747999999999999,0.0,0.0,0.0,2.7176732125584797,0.0,0.0,0.10990762770681421,2.6077655848516654,0.2521894441388538,0.0,0.0,0.0,0.051083224517756765,0.0,0,0.0,0,2.6077655848516654,,,,,,,,,,,
685,2/13/1969,0.060,0.320,2.000,4.866,0.32,0.0,4.545999999999999,0.0,0.0,0.0,2.6077655848516654,0.0,0.0,0.10259984243105408,2.5051657424206115,0.2363447814889727,0.0,0.0,0.0,0.0474712831631959,0.0,0,0.0,0,2.5051657424206115,,,,,,,,,,,
686,2/14/1969,0.050,0.319,2.000,4.866,0.319,0.0,4.547,0.0,0.0,0.0,2.5051657424206115,0.0,0.0,0.09596065820243752,2.409205084218174,0.2218870827387791,0.0,0.0,0.0,0.04420442684216241,0.0,0,0.0,0,2.409205084218174,,,,,,,,,,,
687,2/15/1969,0.040,0.420,2.000,4.866,0.42,0.0,4.446,0.0,0.0,0.0,2.409205084218174,0.0,0.0,0.08991291189875512,2.3192921723194186,0.2086620179528248,0.0,0.0,0.0,0.04124149063363231,0.0,0,0.0,0,2.3192921723194186,,,,,,,,,,,
688,2/16/1969,0.023,0.099,2.000,4.866,0.099,0.0,4.7669999999999995,0.0,0.0,0.0,2.3192921723194186,0.0,0.0,0.08439010907872728,2.2349020632406913,0.19653593951220863,0.0,0.0,0.0,0.0385471540475052,0.0,0,0.0,0,2.2349020632406913,,,,,,,,,,,
689,2/17/1969,0.031,0.461,2.000,4.866,0.461,0.0,4.404999999999999,0.0,0.0,0.0,2.2349020632406913,0.0,0.0,0.07933471609408084,2.1555673471466106,0.1853926603059587,0.0,0.0,0.0,0.0360909846390675,0.0,0,0.0,0,2.1555673471466106,,,,,,,,,,,
690,2/18/1969,0.040,0.125,2.000,4.866,0.125,0.0,4.741,0.0,0.0,0.0,2.1555673471466106,0.0,0.0,0.07469676120175796,2.0808705859448526,0.17513080086733374,0.0,0.0,0.0,0.033846657914443606,0.0,0,0.0,0,2.0808705859448526,,,,,,,,,,,
691,2/19/1969,0.050,0.116,2.000,4.866,0.116,0.0,4.75,0.0,0.0,0.0,2.0808705859448526,0.0,0.0,0.0704326826183356,2.010437903326517,0.16566159365636665,0.0,0.0,0.0,0.031791317546693613,0.0,0,0.0,0,2.010437903326517,,,,,,,,,,,
692,2/20/1969,0.040,0.032,2.000,4.866,0.032,0.0,4.834,0.0,0.0,0.0,2.010437903326517,0.0,0.0,0.06650437510295334,1.943933528223564,0.15690705678816114,0.0,0.0,0.0,0.02990504794541709,0.0,0,0.0,0,1.943933528223564,,,,,,,,,,,
693,2/21/1969,0.031,0.763,2.000,4.866,0.763,0.0,4.103,0.0,0.0,0.0,1.943933528223564,0.0,0.0,0.06287839705114051,1.8810551311724235,0.14879846797094867,0.0,0.0,0.0,0.028170437311882734,0.0,0,0.0,0,1.8810551311724235,,,,,,,,,,,
694,2/22/1969,0.247,6.787,2.000,4.866,4.866,1.9210000000000003,0.0,0,1.8315585542815702,0.0,3.7126136854539937,0.0,0.0,0.18485535953090065,3.527758325923093,0.4113416517492824,0.08944144571843,0.08944144571843,0.0,0.08890793693525076,0.08944144571843,0,0.0,0,3.527758325923093,,,,,,,,,,,
695,2/23/1969,0.247,5.932,2.000,4.866,4.866,1.0660000000000007,0.0,0,1.0660000000000007,0.08944144571843,4.594156475182497,0.0,0.08944144571843,0.26365868576502166,4.330497789417475,0.5738437575643577,0.0,0.0,0.00039814925940304455,0.12980686386281834,0.08904329645902696,0,0.0,0,4.330497789417475,,,,,,,,,,,
696,2/24/1969,0.209,6.627,2.000,4.866,4.866,1.7610000000000001,0.0,0,1.7606018507405972,0.08904329645902696,6.0914960170530925,0.0,0.08904329645902696,0.42192868519684307,5.66956733185625,0.890329852530739,0.0003981492594030382,0.0003981492594030382,0.0003963768950199571,0.21425495644360482,0.08904506882341005,0,0.0,0,5.66956733185625,,,,,,,,,,,
697,2/25/1969,0.174,1.848,2.000,4.866,1.848,0.0,3.018,0.0,0.0,0.08904506882341005,5.66956733185625,0.08904506882341005,0.0,0.37435385253838127,5.2952134793178685,0.7963304596756223,0.0,0.0,0.0,0.1886059351676032,0.0,0,0.0,0,5.2952134793178685,,,,,,,,,,,
698,2/26/1969,0.141,1.144,2.000,4.866,1.144,0.0,3.7219999999999995,0.0,0.0,0.0,5.2952134793178685,0.0,0.0,0.3340705822233514,4.961142897094517,0.7160247018711858,0.0,0.0,0.0,0.16705436986751443,0.0,0,0.0,0,4.961142897094517,,,,,,,,,,,
699,2/27/1969,0.097,1.151,2.000,4.866,1.151,0.0,3.715,0.0,0.0,0.0,4.961142897094517,0.0,0.0,0.2996875296424336,4.661455367452083,0.6469055811838932,0.0,0.0,0.0,0.14879368528366385,0.0,0,0.0,0,4.661455367452083,,,,,,,,,,,
700,2/28/1969,0.084,0.868,2.000,4.866,0.868,0.0,3.9979999999999998,0.0,0.0,0.0,4.661455367452083,0.0,0.0,0.2701272071466078,4.391328160305475,0.5870122304073578,0.0,0.0,0.0,0.13320377549267243,0.0,0,0.0,0,4.391328160305475,,,,,,,,,,,
701,3/1/1969,0.072,1.312,3.000,4.631,1.312,0.0,3.319,0.0,0.0,0.0,4.391328160305475,0.0,0.0,0.24454508162890456,4.14678307867657,0.5347933092575774,0.0,0.0,0.0,0.119801964984986,0.0,0,0.0,0,4.14678307867657,,,,,,,,,,,
702,3/2/1969,0.126,1.075,3.000,4.631,1.075,0.0,3.556,0.0,0.0,0.0,4.14678307867657,0.0,0.0,0.22227194034750586,3.9245111383290645,0.4890086670535644,0.0,0.0,0.0,0.10820831214162323,0.0,0,0.0,0,3.9245111383290645,,,,,,,,,,,
703,3/3/1969,0.288,3.489,3.000,4.631,3.489,0.0,1.1420000000000003,0.0,0.0,0.0,3.9245111383290645,0.0,0.0,0.2027721882436128,3.721738950085452,0.44865748487701235,0.0,0.0,0.0,0.09812066773959614,0.0,0,0.0,0,3.721738950085452,,,,,,,,,,,
704,3/4/1969,0.376,1.480,3.000,4.631,1.48,0.0,3.1510000000000002,0.0,0.0,0.0,3.721738950085452,0.0,0.0,0.18561324237966645,3.5361257077057853,0.4129250470907801,0.0,0.0,0.0,0.08929648518996174,0.0,0,0.0,0,3.5361257077057853,,,,,,,,,,,
705,3/5/1969,0.309,0.962,3.000,4.631,0.962,0.0,3.6690000000000005,0.0,0.0,0.0,3.5361257077057853,0.0,0.0,0.17044277794379314,3.3656829297619923,0.38114281867061295,0.0,0.0,0.0,0.0815393786970373,0.0,0,0.0,0,3.3656829297619923,,,,,,,,,,,
706,3/6/1969,0.247,0.612,3.000,4.631,0.612,0.0,4.019,0.0,0.0,0.0,3.3656829297619923,0.0,0.0,0.1569716095128645,3.2087113202491278,0.3527581582027497,0.0,0.0,0.0,0.07468906911072691,0.0,0,0.0,0,3.2087113202491278,,,,,,,,,,,
707,3/7/1969,0.228,0.410,3.000,4.631,0.41,0.0,4.221,0.0,0.0,0.0,3.2087113202491278,0.0,0.0,0.1449606703459526,3.063750649903175,0.3273110978072348,0.0,0.0,0.0,0.06861377941476543,0.0,0,0.0,0,3.063750649903175,,,,,,,,,,,
708,3/8/1969,0.209,0.098,3.000,4.631,0.098,0.0,4.533,0.0,0.0,0.0,3.063750649903175,0.0,0.0,0.1342110081094688,2.9295396417937063,0.304416367005103,0.0,0.0,0.0,0.06320442347146653,0.0,0,0.0,0,2.9295396417937063,,,,,,,,,,,
709,3/9/1969,0.191,0.198,3.000,4.631,0.198,0.0,4.433,0.0,0.0,0.0,2.9295396417937063,0.0,0.0,0.1245560258977976,2.8049836158959085,0.2837493501285214,0.0,0.0,0.0,0.058370122544114764,0.0,0,0.0,0,2.8049836158959085,,,,,,,,,,,
710,3/10/1969,0.157,0.681,3.000,4.631,0.681,0.0,3.95,0.0,0.0,0.0,2.8049836158959085,0.0,0.0,0.11585541199730205,2.6891282038986066,0.2650350240979545,0.0,0.0,0.0,0.05403471537775761,0.0,0,0.0,0,2.6891282038986066,,,,,,,,,,,
711,3/11/1969,0.157,1.689,3.000,4.631,1.689,0.0,2.942,0.0,0.0,0.0,2.6891282038986066,0.0,0.0,0.10799035212808143,2.5811378517705252,0.2480391755606893,0.0,0.0,0.0,0.050134019085728475,0.0,0,0.0,0,2.5811378517705252,,,,,,,,,,,
712,3/12/1969,0.141,0.632,3.000,4.631,0.632,0.0,3.999,0.0,0.0,0.0,2.5811378517705252,0.0,0.0,0.10085972445186354,2.4802781273186616,0.23256137653086392,0.0,0.0,0.0,0.0466136626233539,0.0,0,0.0,0,2.4802781273186616,,,,,,,,,,,
713,3/13/1969,0.126,2.762,3.000,4.631,2.762,0.0,1.8690000000000002,0.0,0.0,0.0,2.4802781273186616,0.0,0.0,0.09437705405009209,2.3859010732685695,0.218429327801819,0.0,0.0,0.0,0.04342736069236995,0.0,0,0.0,0,2.3859010732685695,,,,,,,,,,,
714,3/14/1969,0.607,21.230,3.000,4.631,4.631,16.599,0.0,0,16.509558554281572,0.0,18.895459627550142,0.0,0.0,2.7837370666432273,16.111722560906916,5.073030572363125,0.08944144571843,0.08944144571843,0.0,1.6004282378454748,0.08944144571843,0,0.0,0,16.111722560906916,,,,,,,,,,,
715,3/15/1969,6.125,9.793,3.000,4.631,4.631,5.161999999999999,0.0,0,5.161999999999999,0.08944144571843,21.27412071016632,0.0,0.08944144571843,3.391968496527772,17.88215221363855,6.072037591559438,0.0,0.0,0.00039814925940304455,1.9756364661183525,0.08904329645902696,0,0.0,0,17.88215221363855,,,,,,,,,,,
716,3/16/1969,2.157,7.148,3.000,4.631,4.631,2.5169999999999995,0.0,0,2.5166018507405963,0.08904329645902696,20.399150441274163,0.0,0.08904329645902696,3.162660536828917,17.236489904445246,5.697838151122817,0.0003981492594030382,0.0003981492594030382,0.0003963768950199571,1.8336123292318582,0.08904506882341005,0,0.0,0,17.236489904445246,,,,,,,,,,,
717,3/17/1969,1.626,6.310,3.000,4.631,4.631,1.6789999999999994,0.0,0,1.6786036231049795,0.08904506882341005,18.91548991233494,0.0,0.08904506882341005,2.78865700928297,16.12683290305197,5.081197900460009,0.0003963768950199511,0.0003963768950199511,0.000396384784713162,1.603443111846881,0.08904506093371685,0,0.0,0,16.12683290305197,,,,,,,,,,,
718,3/18/1969,1.157,0.752,3.000,4.631,0.752,0.0,3.8790000000000004,0.0,0.0,0.08904506093371685,16.12683290305197,0.08904506093371685,0.0,2.1377040903199562,13.989128812732012,3.9864715791592262,0.0,0.0,0.0,1.2078403829989401,0.0,0,0.0,0,13.989128812732012,,,,,,,,,,,
719,3/19/1969,0.665,3.178,3.000,4.631,3.178,0.0,1.4530000000000003,0.0,0.0,0.0,13.989128812732012,0.0,0.0,1.6866186311796934,12.30251018155232,3.208490483183812,0.0,0.0,0.0,0.9382227637176885,0.0,0,0.0,0,12.30251018155232,,,,,,,,,,,
720,3/20/1969,0.400,2.494,3.000,4.631,2.494,0.0,2.137,0.0,0.0,0.0,12.30251018155232,0.0,0.0,1.3615136506256216,10.940996530926698,2.6354648331516968,0.0,0.0,0.0,0.7467787775413256,0.0,0,0.0,0,10.940996530926698,,,,,,,,,,,
721,3/21/1969,0.309,0.200,3.000,4.631,0.2,0.0,4.431,0.0,0.0,0.0,10.940996530926698,0.0,0.0,1.1197659190909588,9.82123061183574,2.2011680948660515,0.0,0.0,0.0,0.6063328531613716,0.0,0,0.0,0,9.82123061183574,,,,,,,,,,,
722,3/22/1969,0.267,3.810,3.000,4.631,3.81,0.0,0.8210000000000002,0.0,0.0,0.0,9.82123061183574,0.0,0.0,0.9353531777954421,8.885877434040298,1.8642196150263093,0.0,0.0,0.0,0.5005149686003018,0.0,0,0.0,0,8.885877434040298,,,,,,,,,,,
723,3/23/1969,0.191,6.691,3.000,4.631,4.631,2.0599999999999996,0.0,0,1.9705585542815696,0.0,10.856435988321866,0.0,0.0,1.1053790725595205,9.751056915762346,2.1750697903761136,0.08944144571843,0.08944144571843,0.0,0.5980335619243635,0.08944144571843,0,0.0,0,9.751056915762346,,,,,,,,,,,
724,3/24/1969,1.840,4.155,3.000,4.631,4.155,0.0,0.476,0.0,0.0,0.08944144571843,9.751273774268745,0.04072569937304895,0.048715746345381054,0.9242753291640415,8.826998445104703,1.843802376489838,0.0,0.0,0.0002168585063991574,0.4941995392516657,0.048498887838981895,0,0.0,0,8.826998445104703,,,,,,,,,,,
725,3/25/1969,1.157,6.153,3.000,4.631,4.631,1.5219999999999994,0.0,0,1.4810574421205513,0.048498887838981895,10.308271780384404,0.0,0.048498887838981895,1.0139321140654116,9.294339666318992,2.008453189380404,0.04094255787944801,0.04094255787944801,0.00021589315914851155,0.5454507285661406,0.0892255525592814,0,0.0,0,9.294339666318992,,,,,,,,,,,
726,3/26/1969,1.194,1.099,3.000,4.631,1.099,0.0,3.532,0.0,0.0,0.0892255525592814,9.294339666318992,0.0892255525592814,0.0,0.8532245531731764,8.441115113145816,1.7123327688890608,0.0,0.0,0.0,0.4538146828080009,0.0,0,0.0,0,8.441115113145816,,,,,,,,,,,
727,3/27/1969,0.580,0.563,3.000,4.631,0.563,0.0,4.0680000000000005,0.0,0.0,0.0,8.441115113145816,0.0,0.0,0.7267172729223481,7.714397840223468,1.475852800575055,0.0,0.0,0.0,0.38246749480345804,0.0,0,0.0,0,7.714397840223468,,,,,,,,,,,
728,3/28/1969,0.424,0.819,3.000,4.631,0.819,0.0,3.8120000000000003,0.0,0.0,0.0,7.714397840223468,0.0,0.0,0.625464259731846,7.088933580491622,1.2840877561168826,0.0,0.0,0.0,0.32594460238107237,0.0,0,0.0,0,7.088933580491622,,,,,,,,,,,
729,3/29/1969,0.376,2.607,3.000,4.631,2.607,0.0,2.024,0.0,0.0,0.0,7.088933580491622,0.0,0.0,0.5432511113463301,6.545682469145292,1.1265052304601981,0.0,0.0,0.0,0.2804883375218747,0.0,0,0.0,0,6.545682469145292,,,,,,,,,,,
730,3/30/1969,0.580,6.183,3.000,4.631,4.631,1.5519999999999996,0.0,0,1.4625585542815698,0.0,8.008241023426862,0.0,0.0,0.6656730948588712,7.342567928567991,1.3605275456558228,0.08944144571842985,0.08944144571842985,0.0,0.34832348822183967,0.08944144571842985,0,0.0,0,7.342567928567991,,,,,,,,,,,
731,3/31/1969,0.580,2.302,3.000,4.631,2.302,0.0,2.329,0.0,0.0,0.08944144571842985,7.342567928567991,0.08944144571842985,0.0,0.576030836533651,6.766537092034341,1.189553353467204,0.0,0.0,0.0,0.2985617841782219,0.0,0,0.0,0,6.766537092034341,,,,,,,,,,,
732,4/1/1969,0.881,8.465,4.000,4.235,4.235,4.2299999999999995,0.0,0,4.1405585542815695,0.0,10.90709564631591,0.0,0.0,1.1139892006235939,9.793106445692315,2.1906925368591392,0.08944144571843,0.08944144571843,0.0,0.6029996090826083,0.08944144571843,0,0.0,0,9.793106445692315,,,,,,,,,,,
733,4/2/1969,1.345,6.655,4.000,4.235,4.235,2.42,0.0,0,2.42,0.08944144571843,12.213504594951718,0.0,0.08944144571843,1.3451362551971844,10.868368339754534,2.6062810473893347,0.0,0.0,0.00039814925940304455,0.7372086407835687,0.08904329645902696,0,0.0,0,10.868368339754534,,,,,,,,,,,
734,4/3/1969,1.050,6.201,4.000,4.235,4.235,1.9659999999999993,0.0,0,1.9656018507405963,0.08904329645902696,12.83436656739015,0.0,0.08904329645902696,1.4610211741039008,11.37334539328625,2.812097247375205,0.0003981492594030382,0.0003981492594030382,0.0003963768950199571,0.8050859391804336,0.08904506882341005,0,0.0,0,11.37334539328625,,,,,,,,,,,
735,4/4/1969,0.947,8.335,4.000,4.235,4.235,4.1000000000000005,0.0,0,4.09960362310498,0.08904506882341005,15.473345401175942,0.0,0.08904506882341005,1.995290546759898,13.478054854416044,3.74276951215216,0.00039637689501995115,0.00039637689501995115,0.000396384784713162,1.1222715210098413,0.08904506093371685,0,0.0,0,13.478054854416044,,,,,,,,,,,
736,4/5/1969,0.981,1.422,4.000,4.235,1.422,0.0,2.8130000000000006,0.0,0.0,0.08904506093371685,13.478054854416044,0.08904506093371685,0.0,1.58517717657848,11.892877677837564,3.0309147166137254,0.0,0.0,0.0,0.8782017124366607,0.0,0,0.0,0,11.892877677837564,,,,,,,,,,,
737,4/6/1969,1.231,7.308,4.000,4.235,4.235,3.0729999999999995,0.0,0,2.9835585542815695,0.0,14.876436232119133,0.0,0.0,1.868661421870427,13.007774810248705,3.524637027523181,0.08944144571843,0.08944144571843,0.0,1.0465228493774898,0.08944144571843,0,0.0,0,13.007774810248705,,,,,,,,,,,
738,4/7/1969,1.626,2.825,4.000,4.235,2.825,0.0,1.4100000000000001,0.0,0.0,0.08944144571843,13.007774810248705,0.08944144571843,0.0,1.4940694805734582,11.513705329675247,2.8705081286329097,0.0,0.0,0.0,0.8245096261046958,0.0,0,0.0,0,11.513705329675247,,,,,,,,,,,
739,4/8/1969,1.423,1.184,4.000,4.235,1.184,0.0,3.051,0.0,0.0,0.0,11.513705329675247,0.0,0.0,1.2191513633898485,10.294553966285399,2.3806538326523348,0.0,0.0,0.0,0.6638523841494229,0.0,0,0.0,0,10.294553966285399,,,,,,,,,,,
740,4/9/1969,1.840,2.691,4.000,4.235,2.691,0.0,1.5440000000000005,0.0,0.0,0.0,10.294553966285399,0.0,0.0,1.011684281478648,9.282869684806752,2.004341275407039,0.0,0.0,0.0,0.5441620197296746,0.0,0,0.0,0,9.282869684806752,,,,,,,,,,,
741,4/10/1969,2.251,2.599,4.000,4.235,2.599,0.0,1.6360000000000001,0.0,0.0,0.0,9.282869684806752,0.0,0.0,0.8514703594234755,8.431399325383277,1.7090751993330273,0.0,0.0,0.0,0.45282033285602463,0.0,0,0.0,0,8.431399325383277,,,,,,,,,,,
742,4/11/1969,1.050,0.336,4.000,4.235,0.336,0.0,3.8990000000000005,0.0,0.0,0.0,8.431399325383277,0.0,0.0,0.7253237126717745,7.706075612711502,1.4732293754740255,0.0,0.0,0.0,0.3816858611004298,0.0,0,0.0,0,7.706075612711502,,,,,,,,,,,
743,4/12/1969,0.473,0.074,4.000,4.235,0.074,0.0,4.1610000000000005,0.0,0.0,0.0,7.706075612711502,0.0,0.0,0.6243400882024025,7.081735524509099,1.281944917919403,0.0,0.0,0.0,0.32532025818789134,0.0,0,0.0,0,7.081735524509099,,,,,,,,,,,
744,4/13/1969,0.448,0.242,4.000,4.235,0.242,0.0,3.9930000000000003,0.0,0.0,0.0,7.081735524509099,0.0,0.0,0.5423320666118012,6.539403457897298,1.1247332046281748,0.0,0.0,0.0,0.27998262635235804,0.0,0,0.0,0,6.539403457897298,,,,,,,,,,,
745,4/14/1969,0.353,0.465,4.000,4.235,0.465,0.0,3.7700000000000005,0.0,0.0,0.0,6.539403457897298,0.0,0.0,0.47489325254262554,6.064510205354672,0.9940167493137134,0.0,0.0,0.0,0.24303405543003112,0.0,0,0.0,0,6.064510205354672,,,,,,,,,,,
746,4/15/1969,0.288,0.583,4.000,4.235,0.583,0.0,3.652,0.0,0.0,0.0,6.064510205354672,0.0,0.0,0.4188179917611746,5.645692213593498,0.8842096919742066,0.0,0.0,0.0,0.2125718199518385,0.0,0,0.0,0,5.645692213593498,,,,,,,,,,,
747,4/16/1969,0.209,1.088,4.000,4.235,1.088,0.0,3.1470000000000002,0.0,0.0,0.0,5.645692213593498,0.0,0.0,0.37173013947779104,5.2739620741157065,0.7911207626786781,0.0,0.0,0.0,0.18719740903796295,0.0,0,0.0,0,5.2739620741157065,,,,,,,,,,,
748,4/17/1969,0.191,1.783,4.000,4.235,1.783,0.0,2.4520000000000004,0.0,0.0,0.0,5.2739620741157065,0.0,0.0,0.33183901730534227,4.942123056810364,0.711555385517457,0.0,0.0,0.0,0.16586529452740548,0.0,0,0.0,0,4.942123056810364,,,,,,,,,,,
749,4/18/1969,0.228,0.963,4.000,4.235,0.963,0.0,3.2720000000000002,0.0,0.0,0.0,4.942123056810364,0.0,0.0,0.29777509340129005,4.644347963409074,0.643044338850106,0.0,0.0,0.0,0.1477819024248573,0.0,0,0.0,0,4.644347963409074,,,,,,,,,,,
750,4/19/1969,0.209,1.825,4.000,4.235,1.825,0.0,2.41,0.0,0.0,0.0,4.644347963409074,0.0,0.0,0.26847696438897356,4.3758709990201,0.5836549053993,0.0,0.0,0.0,0.13233664497268582,0.0,0,0.0,0,4.3758709990201,,,,,,,,,,,
751,4/20/1969,0.228,2.890,4.000,4.235,2.89,0.0,1.3450000000000002,0.0,0.0,0.0,4.3758709990201,0.0,0.0,0.24311213020866632,4.132758868811434,0.5318570136121281,0.0,0.0,0.0,0.11905391867455511,0.0,0,0.0,0,4.132758868811434,,,,,,,,,,,
752,4/21/1969,0.400,13.889,4.000,4.235,4.235,9.654,0.0,0,9.56455855428157,0.0,13.697317423093004,0.0,0.0,1.6283895694583101,12.068927853634694,3.1066876446835994,0.08944144571843,0.08944144571843,0.0,0.9037397046816111,0.08944144571843,0,0.0,0,12.068927853634694,,,,,,,,,,,
753,4/22/1969,0.499,3.080,4.000,4.235,3.08,0.0,1.1550000000000002,0.0,0.0,0.08944144571843,12.068927853634694,0.08944144571843,0.0,1.3187028050566298,10.750225048578065,2.5591083454912007,0.0,0.0,0.0,0.7217784506939988,0.0,0,0.0,0,10.750225048578065,,,,,,,,,,,
754,4/23/1969,0.353,0.234,4.000,4.235,0.234,0.0,4.001,0.0,0.0,0.0,10.750225048578065,0.0,0.0,1.0874142954748303,9.662810753103233,2.1424381721463277,0.0,0.0,0.0,0.5876802670490692,0.0,0,0.0,0,9.662810753103233,,,,,,,,,,,
755,4/24/1969,0.267,0.232,4.000,4.235,0.232,0.0,4.003,0.0,0.0,0.0,9.662810753103233,0.0,0.0,0.9103426733708213,8.752468079732413,1.8180931975701229,0.0,0.0,0.0,0.4862636733383592,0.0,0,0.0,0,8.752468079732413,,,,,,,,,,,
756,4/25/1969,0.267,0.484,4.000,4.235,0.484,0.0,3.7510000000000003,0.0,0.0,0.0,8.752468079732413,0.0,0.0,0.7719396298357442,7.980528449896669,1.5607601213040252,0.0,0.0,0.0,0.407884809974054,0.0,0,0.0,0,7.980528449896669,,,,,,,,,,,
757,4/26/1969,0.247,0.167,4.000,4.235,0.167,0.0,4.0680000000000005,0.0,0.0,0.0,7.980528449896669,0.0,0.0,0.6618382479188859,7.318690201977783,1.3532540684240777,0.0,0.0,0.0,0.34618521489827836,0.0,0,0.0,0,7.318690201977783,,,,,,,,,,,
758,4/27/1969,0.209,0.496,4.000,4.235,0.496,0.0,3.7390000000000003,0.0,0.0,0.0,7.318690201977783,0.0,0.0,0.5729121746687936,6.745778027308989,1.1835677195608234,0.0,0.0,0.0,0.296839300267812,0.0,0,0.0,0,6.745778027308989,,,,,,,,,,,
759,4/28/1969,0.247,1.075,4.000,4.235,1.075,0.0,3.16,0.0,0.0,0.0,6.745778027308989,0.0,0.0,0.5001333962603165,6.245644631048673,1.0431024385485763,0.0,0.0,0.0,0.2568247255814354,0.0,0,0.0,0,6.245644631048673,,,,,,,,,,,
760,4/29/1969,0.174,0.749,4.000,4.235,0.749,0.0,3.486,0.0,0.0,0.0,6.245644631048673,0.0,0.0,0.43987359669573145,5.805771034352942,0.9255680952684705,0.0,0.0,0.0,0.22398037800485376,0.0,0,0.0,0,5.805771034352942,,,,,,,,,,,
761,4/30/1969,0.157,0.292,4.000,4.235,0.292,0.0,3.9430000000000005,0.0,0.0,0.0,5.805771034352942,0.0,0.0,0.38946247415042495,5.416308560202517,0.8262767886827806,0.0,0.0,0.0,0.19672943122229275,0.0,0,0.0,0,5.416308560202517,,,,,,,,,,,
762,5/1/1969,0.141,0.743,5.000,3.714,0.743,0.0,2.971,0.0,0.0,0.0,5.416308560202517,0.0,0.0,0.3469003786936554,5.069408181508861,0.7416768020478145,0.0,0.0,0.0,0.1739006903498018,0.0,0,0.0,0,5.069408181508861,,,,,,,,,,,
763,5/2/1969,0.353,7.286,5.000,3.714,3.714,3.5719999999999996,0.0,0,3.4825585542815696,0.0,8.551966735790431,0.0,0.0,0.7426926334135989,7.809274102376833,1.5058969442655612,0.08944144571843,0.08944144571843,0.0,0.39143491399107827,0.08944144571843,0,0.0,0,7.809274102376833,,,,,,,,,,,
764,5/3/1969,9.723,28.023,5.000,3.714,3.714,24.309,0.0,0,24.309,0.08944144571843,32.118672251636234,0.0,0.08944144571843,6.739511485993719,25.379160765642514,11.286837381558335,0.0,0.0,0.00039814925940304455,4.106802273563118,0.08904329645902696,0,0.0,0,25.379160765642514,,,,,,,,,,,
765,5/4/1969,5.774,8.830,5.000,3.714,3.714,5.116,0.0,0,5.115601850740597,0.08904329645902696,30.495158993278128,0.0,0.08904329645902696,6.181358729379935,24.313800263898194,10.443681951804752,0.0003981492594030382,0.0003981492594030382,0.0003963768950199571,3.7453195842482616,0.08904506882341005,0,0.0,0,24.313800263898194,,,,,,,,,,,
766,5/5/1969,1.269,5.172,5.000,3.714,3.714,1.4579999999999997,0.0,0,1.4576036231049798,0.08904506882341005,25.77180027178789,0.0,0.08904506882341005,4.669535768742453,21.102264503045436,8.111196281841835,0.00039637689501994844,0.00039637689501994844,0.000396384784713162,2.7775601467733595,0.08904506093371685,0,0.0,0,21.102264503045436,,,,,,,,,,,
767,5/6/1969,1.050,3.704,5.000,3.714,3.704,0.0,0.009999999999999787,0.0,0.0,0.08904506093371685,21.102657095304377,0.0008519564929252073,0.08819310444079165,3.346527114594334,17.756129980710043,5.998104736530708,0.0,0.0,0.00039259225894110384,1.9474402789153236,0.08780051218185055,0,0.0,0,17.756129980710043,,,,,,,,,,,
768,5/7/1969,0.694,1.216,5.000,3.714,1.216,0.0,2.498,0.0,0.0,0.08780051218185055,17.756129980710043,0.08780051218185055,0.0,2.509648916156842,15.246481064553201,4.615582422203372,0.0,0.0,0.0,1.433042072904011,0.0,0,0.0,0,15.246481064553201,,,,,,,,,,,
769,5/8/1969,0.580,1.805,5.000,3.714,1.805,0.0,1.909,0.0,0.0,0.0,15.246481064553201,0.0,0.0,1.9467722304218866,13.299708834131314,3.659356563628008,0.0,0.0,0.0,1.0932096768962232,0.0,0,0.0,0,13.299708834131314,,,,,,,,,,,
770,5/9/1969,0.448,0.744,5.000,3.714,0.744,0.0,2.9699999999999998,0.0,0.0,0.0,13.299708834131314,0.0,0.0,1.5503722990730389,11.749336535058275,2.969741924703547,0.0,0.0,0.0,0.8576656834463198,0.0,0,0.0,0,11.749336535058275,,,,,,,,,,,
771,5/10/1969,0.881,4.253,5.000,3.714,3.714,0.5390000000000001,0.0,0,0.44955959707469917,0.0,12.198896132132974,0.0,0.0,1.3424558155200637,10.856440316612911,2.6015015048690815,0.08944040292530095,0.08944040292530095,0.0,0.7356430524327225,0.08944040292530095,0,0.0,0,10.856440316612911,,,,,,,,,,,
772,5/11/1969,7.225,11.487,5.000,3.714,3.714,7.773,0.0,0,7.7729989572068705,0.08944040292530095,18.629837418437184,0.0,0.08944040292530095,2.718822693403346,15.911014725033837,4.965128065695347,1.0427931290511817e-06,1.0427931290511817e-06,0.0003981446174016915,1.5606826442863186,0.08904330110102832,0,0.0,0,15.911014725033837,,,,,,,,,,,
773,5/12/1969,6.411,15.923,5.000,3.714,3.714,12.209,0.0,0,12.208601855382598,0.08904330110102832,28.12001295733212,0.0,0.08904330110102832,5.399973629555097,22.720039327777023,9.247679868690874,0.0003981446174016912,0.0003981446174016912,0.0003963769156838606,3.242907734046461,0.08904506880274614,0,0.0,0,22.720039327777023,,,,,,,,,,,
774,5/13/1969,1.345,2.313,5.000,3.714,2.313,0.0,1.4009999999999998,0.0,0.0,0.08904506880274614,22.720039327777023,0.08904506880274614,0.0,3.7848404467346324,18.93519888104239,6.7069270026632495,0.0,0.0,0.0,2.220417401545582,0.0,0,0.0,0,18.93519888104239,,,,,,,,,,,
775,5/14/1969,0.724,0.548,5.000,3.714,0.548,0.0,3.166,0.0,0.0,0.0,18.93519888104239,0.0,0.0,2.793501419942067,16.14169746110032,5.089238375832152,0.0,0.0,0.0,1.6064120428770121,0.0,0,0.0,0,16.14169746110032,,,,,,,,,,,
776,5/15/1969,0.499,0.695,5.000,3.714,0.695,0.0,3.019,0.0,0.0,0.0,16.14169746110032,0.0,0.0,2.1409890697382967,14.000708391362025,3.9920735129300993,0.0,0.0,0.0,1.2098186843685563,0.0,0,0.0,0,14.000708391362025,,,,,,,,,,,
777,5/16/1969,0.424,8.027,5.000,3.714,3.714,4.312999999999999,0.0,0,4.223558554281569,0.0,18.224266945643592,0.0,0.0,2.6208926036201077,15.603374342023484,4.801837751677189,0.08944144571843,0.08944144571843,0.0,1.5008408071715116,0.08944144571843,0,0.0,0,15.603374342023484,,,,,,,,,,,
778,5/17/1969,0.376,1.254,5.000,3.714,1.254,0.0,2.46,0.0,0.0,0.08944144571843,15.603374342023484,0.08944144571843,0.0,2.023314176630067,13.580060165393416,3.790856691485988,0.0,0.0,0.0,1.1390785845601283,0.0,0,0.0,0,13.580060165393416,,,,,,,,,,,
779,5/18/1969,0.376,3.933,5.000,3.714,3.714,0.21899999999999986,0.0,0,0.130884640614078,0.0,13.710944806007493,0.0,0.0,1.6310905906184123,12.07985421538908,3.111417481370893,0.08811535938592184,0.08811535938592184,0.0,0.9053374686405176,0.08811535938592184,0,0.0,0,12.07985421538908,,,,,,,,,,,
780,5/19/1969,1.503,8.593,5.000,3.714,3.714,4.879,0.0,0,4.877673913667492,0.08811535938592184,16.95792037523282,0.0,0.08811535938592184,2.324449405585933,14.633470969646888,4.303606562222018,0.0013260863325081714,0.0013260863325081714,0.0003922461762523679,1.3206124351382924,0.08904919954217765,0,0.0,0,14.633470969646888,,,,,,,,,,,
781,5/20/1969,13.369,29.827,5.000,3.714,3.714,26.113000000000003,0.0,0,26.112607753823752,0.08904919954217765,40.746475126643276,0.0,0.08904919954217765,10.019572372594974,30.726902754048304,16.08804766048059,0.00039224617625235897,0.00039224617625235897,0.000396403172638412,6.266957724759762,0.0890450425457916,0,0.0,0,30.726902754048304,,,,,,,,,,,
782,5/21/1969,20.935,12.474,5.000,3.714,3.714,8.76,0.0,0,8.759603596827361,0.0890450425457916,39.4869027355434,0.0,0.0890450425457916,9.508694510813925,29.978208224729478,15.355402388152756,0.00039640317263840333,0.00039640317263840333,0.00039638466773814847,5.926972903490909,0.08904506105069186,0,0.0,0,29.978208224729478,,,,,,,,,,,
783,5/22/1969,4.773,5.118,5.000,3.714,3.714,1.4040000000000004,0.0,0,1.4036036153322622,0.08904506105069186,31.38220822481185,0.0,0.08904506105069186,6.483929404061193,24.898278820750658,10.901843105949999,0.00039638466773813345,0.00039638466773813345,0.0003963847501128493,3.9410219617688953,0.08904506096831714,0,0.0,0,24.898278820750658,,,,,,,,,,,
784,5/23/1969,4.210,10.391,5.000,3.714,3.714,6.677,0.0,0,6.676603615249887,0.08904506096831714,31.575278820750288,0.0,0.08904506096831714,6.550550039869887,25.0247287808804,11.002371343859675,0.0003963847501128653,0.0003963847501128653,0.00039638474974615763,3.9841939016225423,0.08904506096868385,0,0.0,0,25.0247287808804,,,,,,,,,,,
785,5/24/1969,6.850,22.425,5.000,3.714,3.714,18.711000000000002,0.0,0,18.710603615250257,0.08904506096868385,43.73572878088041,0.0,0.08904506096868385,11.274390104881903,32.461338675998505,17.867223954829814,0.00039638474974614896,0.00039638474974614896,0.00039638474974779006,7.106774012237655,0.08904506096868221,0,0.0,0,32.461338675998505,,,,,,,,,,,
786,5/25/1969,49.235,37.370,5.000,3.714,3.714,33.656,0.0,0,33.65560361525025,0.08904506096868221,66.11733867599851,0.0,0.08904506096868221,22.450432849439323,43.66690582655919,32.7656597377836,0.0003963847497477897,0.0003963847497477897,0.00039638474974778274,14.807684812334232,0.08904506096868223,0,0.0,0,43.66690582655919,,,,,,,,,,,
787,5/26/1969,25.523,3.740,5.000,3.714,3.714,0.026000000000000245,0.0,0,0.02582545977356641,0.08904506096868223,43.6931276710825,0.0,0.08904506096868223,11.256092876647921,32.43703479443458,17.841477980061814,0.00017454022643383513,0.00017454022643383513,0.0003963847497477828,7.094482156692525,0.08882321644536828,0,0.0,0,32.43703479443458,,,,,,,,,,,
788,5/27/1969,13.272,5.270,5.000,3.714,3.714,1.5559999999999996,0.0,0,1.555381770726938,0.08882321644536828,33.99281196236873,0.0,0.08882321644536828,7.407601279841273,26.585210682527453,12.284972909570389,0.0006182292730617249,0.0006182292730617249,0.0003953972072058372,4.542072145317597,0.08904604851122416,0,0.0,0,26.585210682527453,,,,,,,,,,,
789,5/28/1969,7.919,6.371,5.000,3.714,3.714,2.6570000000000005,0.0,0,2.6566046027927945,0.08904604851122416,29.24221167446605,0.0,0.08904604851122416,5.763896039169638,23.47831563529641,9.80709059867277,0.0003953972072058374,0.0003953972072058374,0.00039638914580073724,3.476344894997614,0.08904505657262926,0,0.0,0,23.47831563529641,,,,,,,,,,,
790,5/29/1969,2.902,2.970,5.000,3.714,2.97,0.0,0.7439999999999998,0.0,0.0,0.08904505657262926,23.478429858735367,0.06338556010541757,0.02565949646721169,3.997736766774772,19.480693091960596,7.047918525703353,0.0,0.0,0.00011422343895510438,2.35377580554068,0.025545273028256585,0,0.0,0,19.480693091960596,,,,,,,,,,,
791,5/30/1969,2.902,7.308,5.000,3.714,3.714,3.594,0.0,0,3.5301038273098264,0.025545273028256585,23.01091063424289,0.0,0.025545273028256585,3.865943071603415,19.144967562639476,6.837070573501179,0.06389617269017342,0.06389617269017342,0.00011371497246888934,2.2711634113324943,0.08932773074596112,0,0.0,0,19.144967562639476,,,,,,,,,,,
792,5/31/1969,4.646,11.343,5.000,3.714,3.714,7.629,0.0,0,7.628886285027531,0.08932773074596112,26.774251490723366,0.0,0.08932773074596112,4.976163891394875,21.79808759932849,8.590606799091223,0.00011371497246888897,0.00011371497246888897,0.0003976430563591665,2.972363455916834,0.08904380266207083,0,0.0,0,21.79808759932849,,,,,,,,,,,
793,6/1/1969,5.432,3.556,6.000,3.269,3.269,0.2869999999999999,0.0,0,0.2866030075633697,0.08904380266207083,22.085086986040245,0.0,0.08904380266207083,3.6101975604590555,18.47488942558119,6.425632456507368,0.0003969924366302081,0.0003969924366302081,0.0003963791483865637,2.1113878237669534,0.08904441595031447,0,0.0,0,18.47488942558119,,,,,,,,,,,
794,6/2/1969,2.494,4.387,6.000,3.269,3.269,1.1179999999999994,0.0,0,1.1176029702318895,0.08904441595031447,19.59288877769152,0.0,0.08904441595031447,2.9570810854977965,16.635807692193723,5.359900626171606,0.00039702976811001236,0.00039702976811001236,0.0003963818784437317,1.7068584341738107,0.08904506383998075,0,0.0,0,16.635807692193723,,,,,,,,,,,
795,6/3/1969,1.626,3.168,6.000,3.269,3.168,0.0,0.10099999999999998,0.0,0.0,0.08904506383998075,16.63616577279948,0.008604760847069723,0.08044030299291102,2.251409582812004,14.384756189987476,4.179884992825491,0.0,0.0,0.0003580806057586411,1.2764312646613138,0.08008222238715239,0,0.0,0,14.384756189987476,,,,,,,,,,,
796,6/4/1969,1.194,0.840,6.000,3.269,0.84,0.0,2.4290000000000003,0.0,0.0,0.08008222238715239,14.384756189987476,0.08008222238715239,0.0,1.766864671163216,12.61789151882426,3.348237113581086,0.0,0.0,0.0,0.9858722286983524,0.0,0,0.0,0,12.61789151882426,,,,,,,,,,,
797,6/5/1969,0.947,1.687,6.000,3.269,1.687,0.0,1.582,0.0,0.0,0.0,12.61789151882426,0.0,0.0,1.4201812030975678,11.197710315726692,2.7397436756158258,0.0,0.0,0.0,0.7811227874710998,0.0,0,0.0,0,11.197710315726692,,,,,,,,,,,
798,6/6/1969,0.881,1.126,6.000,3.269,1.126,0.0,2.1430000000000002,0.0,0.0,0.0,11.197710315726692,0.0,0.0,1.1638968468009425,10.03381346892575,2.28103712070878,0.0,0.0,0.0,0.631833945691168,0.0,0,0.0,0,10.03381346892575,,,,,,,,,,,
799,6/7/1969,0.785,3.144,6.000,3.269,3.144,0.0,0.125,0.0,0.0,0.0,10.03381346892575,0.0,0.0,0.969339290770325,9.064474178155425,1.9267276314924349,0.0,0.0,0.0,0.5199207854977362,0.0,0,0.0,0,9.064474178155425,,,,,,,,,,,
800,6/8/1969,3.008,11.027,6.000,3.269,3.269,7.757999999999999,0.0,0,7.668558554281569,0.0,16.733032732436996,0.0,0.0,2.2733006658104054,14.459732066626591,4.217007962363043,0.08944144571843,0.08944144571843,0.0,1.2896632361131994,0.08944144571843,0,0.0,0,14.459732066626591,,,,,,,,,,,
801,6/9/1969,3.850,7.619,6.000,3.269,3.269,4.35,0.0,0,4.35,0.08944144571843,18.810130215885994,0.0,0.08944144571843,2.7628169697209555,16.04731324616504,5.038285448327024,0.0,0.0,0.00039814925940304455,1.5876126085472644,0.08904329645902696,0,0.0,0,16.04731324616504,,,,,,,,,,,
802,6/10/1969,1.544,6.053,6.000,3.269,3.269,2.784,0.0,0,2.7836018507405966,0.08904329645902696,18.831311473800653,0.0,0.08904329645902696,2.7680040596004654,16.06330741420019,5.046902966021215,0.0003981492594030382,0.0003981492594030382,0.0003963768950199571,1.590789620895326,0.08904506882341005,0,0.0,0,16.06330741420019,,,,,,,,,,,
803,6/11/1969,5.033,11.838,6.000,3.269,3.269,8.568999999999999,0.0,0,8.568603623104979,0.08904506882341005,24.63230742208988,0.0,0.08904506882341005,4.330528871529526,20.301778550560353,7.576958332753637,0.00039637689501995115,0.00039637689501995115,0.000396384784713162,2.563166825768469,0.08904506093371685,0,0.0,0,20.301778550560353,,,,,,,,,,,
804,6/12/1969,16.086,20.516,6.000,3.269,3.269,17.247,0.0,0,17.246603615215285,0.08904506093371685,37.54877855052523,0.0,0.08904506093371685,8.743637320333699,28.80514123019153,14.248533647740201,0.0003963847847131611,0.0003963847847131611,0.0003963847495921342,5.420098180899952,0.08904506096883787,0,0.0,0,28.80514123019153,,,,,,,,,,,
805,6/13/1969,11.125,15.687,6.000,3.269,3.269,12.418,0.0,0,12.417603615250407,0.08904506096883787,41.223141230191686,0.0,0.08904506096883787,10.215687092305952,31.007454137885734,16.367979708493554,0.0003963847495921373,0.0003963847495921373,0.00039638474974847566,6.397776945231738,0.08904506096868153,0,0.0,0,31.007454137885734,,,,,,,,,,,
806,6/14/1969,91.265,36.853,6.000,3.269,3.269,33.584,0.0,0,33.583603615250254,0.08904506096868153,64.59145413788573,0.0,0.08904506096868153,21.59355835963297,42.99789577825277,31.671230750872102,0.0003963847497484729,0.0003963847497484729,0.0003963847497477797,14.206091157963746,0.08904506096868223,0,0.0,0,42.99789577825277,,,,,,,,,,,
807,6/15/1969,70.775,13.202,6.000,3.269,3.269,9.933,0.0,0,9.932603615250253,0.08904506096868223,52.93089577825277,0.0,0.08904506096868223,15.495818397634288,37.43507738061848,23.67161627223965,0.0003963847497477797,0.0003963847497477797,0.0003963847497477828,9.97429982460395,0.08904506096868223,0,0.0,0,37.43507738061848,,,,,,,,,,,
808,6/16/1969,28.869,6.057,6.000,3.269,3.269,2.7880000000000003,0.0,0,2.7876036152502524,0.08904506096868223,40.223077380618484,0.0,0.08904506096868223,9.805986003545778,30.41709137707271,15.782355080559412,0.0003963847497477797,0.0003963847497477797,0.0003963847497477828,6.124675623161529,0.08904506096868223,0,0.0,0,30.41709137707271,,,,,,,,,,,
809,6/17/1969,9.468,5.287,6.000,3.269,3.269,2.018,0.0,0,2.017603615250252,0.08904506096868223,32.43509137707271,0.0,0.08904506096868223,6.8505323446644795,25.58455903240823,11.453515873614235,0.0003963847497477797,0.0003963847497477797,0.0003963847497477828,4.178944570709939,0.08904506096868223,0,0.0,0,25.58455903240823,,,,,,,,,,,
810,6/18/1969,7.841,5.859,6.000,3.269,3.269,2.59,0.0,0,2.589603615250252,0.08904506096868223,28.17455903240823,0.0,0.08904506096868223,5.417442669421695,22.757116362986533,9.274631786364889,0.0003963847497477797,0.0003963847497477797,0.0003963847497477828,3.2540901092297365,0.08904506096868223,0,0.0,0,22.757116362986533,,,,,,,,,,,
811,6/19/1969,7.301,7.543,6.000,3.269,3.269,4.274,0.0,0,4.273603615250252,0.08904506096868223,27.031116362986534,0.0,0.08904506096868223,5.055984668245935,21.9751316947406,8.714841124948315,0.0003963847497477797,0.0003963847497477797,0.0003963847497477828,3.023205977555457,0.08904506096868223,0,0.0,0,21.9751316947406,,,,,,,,,,,
812,6/20/1969,18.117,19.583,6.000,3.269,3.269,16.314,0.0,0,16.31360361525025,0.08904506096868223,38.289131694740604,0.0,0.08904506096868223,9.032853661659589,29.256278033081017,14.668379905769205,0.0003963847497477797,0.0003963847497477797,0.0003963847497477828,5.611383359230309,0.08904506096868223,0,0.0,0,29.256278033081017,,,,,,,,,,,
813,6/21/1969,8.236,2.778,6.000,3.269,2.778,0.0,0.4910000000000001,0.0,0.0,0.08904506096868223,29.25648820653973,0.041831063818333965,0.04721399715034826,5.768586851570474,23.487901354969253,9.814273432652737,0.0,0.0,0.0002101734587122748,3.479360276757328,0.047003823691635985,0,0.0,0,23.487901354969253,,,,,,,,,,,
814,6/22/1969,5.637,1.894,6.000,3.269,1.894,0.0,1.3750000000000002,0.0,0.0,0.047003823691635985,23.487901354969253,0.047003823691635985,0.0,4.000425024352576,19.487476330616676,7.052211203936415,0.0,0.0,0.0,2.3554627752334785,0.0,0,0.0,0,19.487476330616676,,,,,,,,,,,
815,6/23/1969,3.503,4.299,6.000,3.269,3.269,1.0300000000000002,0.0,0,0.940558554299352,0.0,20.428034884916027,0.0,0.0,3.170127743237712,17.257907141678317,5.71006823973116,0.08944144570064831,0.08944144570064831,0.0,1.8382268085338878,0.08944144570064831,0,0.0,0,17.257907141678317,,,,,,,,,,,
816,6/24/1969,8.967,10.535,6.000,3.269,3.269,7.266,0.0,0,7.265999999982219,0.08944144570064831,24.524305290919862,0.0,0.08944144570064831,4.298929284199076,20.225376006720786,7.526925328162722,1.7781692126644053e-11,1.7781692126644053e-11,0.0003981492593238892,2.543237677876378,0.08904329645910611,0,0.0,0,20.225376006720786,,,,,,,,,,,
817,6/25/1969,5.984,10.955,6.000,3.269,3.269,7.686,0.0,0,7.685601850740676,0.08904329645910611,27.91137423435648,0.0,0.08904329645910611,5.333363009961379,22.5780112243951,9.144816500307215,0.0003981492593238963,0.0003981492593238963,0.0003963768950203094,3.200290490844236,0.08904506882340969,0,0.0,0,22.5780112243951,,,,,,,,,,,
818,6/26/1969,3.675,3.165,6.000,3.269,3.165,0.0,0.10400000000000009,0.0,0.0,0.08904506882340969,22.5783681672737,0.00886034827704499,0.0801847205463647,3.74558820654008,18.83277996073362,6.643830102024494,0.0,0.0,0.00035694287860104143,2.1958828174996765,0.07982777766776367,0,0.0,0,18.83277996073362,,,,,,,,,,,
819,6/27/1969,3.503,9.056,6.000,3.269,3.269,5.786999999999999,0.0,0,5.777386331949333,0.07982777766776367,24.61052164662768,0.0,0.07982777766776367,4.324147271985165,20.286374374642516,7.56685738355515,0.009613668050666336,0.009613668050666336,0.00035535394472790624,2.559141321302841,0.0890860917737021,0,0.0,0,20.286374374642516,,,,,,,,,,,
820,6/28/1969,3.062,4.159,6.000,3.269,3.269,0.8899999999999997,0.0,0,0.8896446460560818,0.0890860917737021,21.176415588097278,0.0,0.0890860917737021,3.36604458296565,17.81037100513163,6.029872687251796,0.0003553539439178719,0.0003553539439178719,0.00039656739868083787,1.9595477196858075,0.08904487831893913,0,0.0,0,17.81037100513163,,,,,,,,,,,
821,6/29/1969,10.066,6.389,6.000,3.269,3.269,3.12,0.0,0,3.1196034326005093,0.08904487831893913,20.93037082166882,0.0,0.08904487831893913,3.30111496542029,17.62925585624853,5.924111587036424,0.00039656739949087263,0.00039656739949087263,0.0003963839366810959,1.9192873884463484,0.08904506178174891,0,0.0,0,17.62925585624853,,,,,,,,,,,
822,6/30/1969,5.637,6.940,6.000,3.269,3.269,3.6710000000000003,0.0,0,3.6706036160633193,0.08904506178174891,21.300255857065217,0.0,0.08904506178174891,3.398916366278522,17.901339490786697,6.0833323044538625,0.0003963839366810889,0.0003963839366810889,0.0003963847533671552,1.9799497896553422,0.08904506096506284,0,0.0,0,17.901339490786697,,,,,,,,,,,
823,7/1/1969,3.733,13.653,7.000,3.463,3.463,10.190000000000001,0.0,0,10.189603615246634,0.08904506096506284,28.09133949078306,0.0,0.08904506096506284,5.390799657401802,22.700539833381256,9.233521821382604,0.00039638475336716206,0.00039638475336716206,0.0003963847497316711,3.2370361946578488,0.08904506096869834,0,0.0,0,22.700539833381256,,,,,,,,,,,
824,7/2/1969,5.432,15.457,7.000,3.463,3.463,11.994,0.0,0,11.993603615250269,0.08904506096869834,34.69453983338127,0.0,0.08904506096869834,7.664214736327393,27.030325097053876,12.665350297846281,0.00039638474973166136,0.00039638474973166136,0.0003963847497478545,4.709960742885269,0.08904506096868214,0,0.0,0,27.030325097053876,,,,,,,,,,,
825,7/3/1969,34.254,32.802,7.000,3.463,3.463,29.339,0.0,0,29.33860361525025,0.08904506096868214,56.369325097053874,0.0,0.08904506096868214,17.20958919216951,39.159735904884364,25.96066973256704,0.0003963847497478595,0.0003963847497478595,0.0003963847497477824,11.154137868181257,0.08904506096868223,0,0.0,0,39.159735904884364,,,,,,,,,,,
826,7/4/1969,26.408,9.641,7.000,3.463,3.463,6.178,0.0,0,6.177603615250252,0.08904506096868223,45.33773590488437,0.0,0.08904506096868223,11.971047632535692,33.366688272348675,18.843378556239642,0.0003963847497477797,0.0003963847497477797,0.0003963847497477828,7.5757387748581495,0.08904506096868223,0,0.0,0,33.366688272348675,,,,,,,,,,,
827,7/5/1969,15.568,11.684,7.000,3.463,3.463,8.221,0.0,0,8.220603615250253,0.08904506096868223,41.58768827234868,0.0,0.08904506096868223,10.366697155016428,31.22099111733225,16.58304607473938,0.0003963847497477797,0.0003963847497477797,0.0003963847497477828,6.498621741574109,0.08904506096868223,0,0.0,0,31.22099111733225,,,,,,,,,,,
828,7/6/1969,8.396,7.424,7.000,3.463,3.463,3.9610000000000003,0.0,0,3.9606036152502524,0.08904506096868223,35.18199111733225,0.0,0.08904506096868223,7.844521710016877,27.337469407315375,12.931666133395392,0.0003963847497477797,0.0003963847497477797,0.0003963847497477828,4.8281482645117775,0.08904506096868223,0,0.0,0,27.337469407315375,,,,,,,,,,,
829,7/7/1969,6.629,5.728,7.000,3.463,3.463,2.2649999999999997,0.0,0,2.264603615250252,0.08904506096868223,29.602469407315375,0.0,0.08904506096868223,5.88273131589777,23.719738091417604,9.98884585176538,0.0003963847497477797,0.0003963847497477797,0.0003963847497477828,3.5527848830325275,0.08904506096868223,0,0.0,0,23.719738091417604,,,,,,,,,,,
830,7/8/1969,4.709,6.858,7.000,3.463,3.463,3.3949999999999996,0.0,0,3.3946036152502517,0.08904506096868223,27.114738091417603,0.0,0.08904506096868223,5.08207965656575,22.032658434851854,8.755406477442227,0.0003963847497477797,0.0003963847497477797,0.0003963847497477828,3.0398389019147585,0.08904506096868223,0,0.0,0,22.032658434851854,,,,,,,,,,,
831,7/9/1969,12.227,9.465,7.000,3.463,3.463,6.002,0.0,0,6.001603615250252,0.08904506096868223,28.034658434851856,0.0,0.08904506096868223,5.372683121294178,22.66197531355768,9.205554572233574,0.0003963847497477797,0.0003963847497477797,0.0003963847497477828,3.2254431541931496,0.08904506096868223,0,0.0,0,22.66197531355768,,,,,,,,,,,
832,7/10/1969,4.838,4.000,7.000,3.463,3.463,0.5369999999999999,0.0,0,0.5366036176720325,0.08904506096868223,23.19897531597946,0.0,0.08904506096868223,3.918746011761994,19.280229304217468,6.92164037131656,0.000396382327967432,0.000396382327967432,0.0003963847497477828,2.304240038594448,0.08904505854690188,0,0.0,0,19.280229304217468,,,,,,,,,,,
833,7/11/1969,3.850,1.910,7.000,3.463,1.91,0.0,1.5530000000000002,0.0,0.0,0.08904505854690188,19.280229304217468,0.08904505854690188,0.0,2.878852645930354,16.401376658287113,5.230663328343324,0.0,0.0,0.0,1.6587752171412549,0.0,0,0.0,0,16.401376658287113,,,,,,,,,,,
834,7/12/1969,12.984,10.452,7.000,3.463,3.463,6.989,0.0,0,6.89955855428157,0.0,23.30093521256868,0.0,0.0,3.947492971315224,19.353442241253457,6.96762885085322,0.08944144571843,0.08944144571843,0.0,2.322259963669475,0.08944144571843,0,0.0,0,19.353442241253457,,,,,,,,,,,
835,7/13/1969,26.408,23.592,7.000,3.463,3.463,20.128999999999998,0.0,0,20.128999999999998,0.08944144571843,39.482840390512855,0.0,0.08944144571843,9.507064169672828,29.975776220840025,15.353056230616662,0.0,0.0,0.00039814925940304455,5.9258898149016375,0.08904329645902696,0,0.0,0,29.975776220840025,,,,,,,,,,,
836,7/14/1969,23.426,8.817,7.000,3.463,3.463,5.354,0.0,0,5.353601850740597,0.08904329645902696,35.32977444847564,0.0,0.08904329645902696,7.899517271196167,27.430257177279472,13.012741918996209,0.0003981492594030382,0.0003981492594030382,0.0003963768950199571,4.864232507981727,0.08904506882341005,0,0.0,0,27.430257177279472,,,,,,,,,,,
837,7/15/1969,12.888,8.912,7.000,3.463,3.463,5.449000000000001,0.0,0,5.44860362310498,0.08904506882341005,32.879257185169166,0.0,0.08904506882341005,7.007596823228282,25.871660361940883,11.688758335328233,0.00039637689501995115,0.00039637689501995115,0.000396384784713162,4.281137611405662,0.08904506093371685,0,0.0,0,25.871660361940883,,,,,,,,,,,
838,7/16/1969,4.520,1.592,7.000,3.463,1.592,0.0,1.871,0.0,0.0,0.08904506093371685,25.871660361940883,0.08904506093371685,0.0,4.699730417516324,21.17192994442456,8.158561722593733,0.0,0.0,0.0,2.7967065782297653,0.0,0,0.0,0,21.17192994442456,,,,,,,,,,,
839,7/17/1969,3.225,0.783,7.000,3.463,0.783,0.0,2.68,0.0,0.0,0.0,21.17192994442456,0.0,0.0,3.364856326277741,17.807073618146816,6.02793916769703,0.0,0.0,0.0,1.9588104657520058,0.0,0,0.0,0,17.807073618146816,,,,,,,,,,,
840,7/18/1969,3.008,2.306,7.000,3.463,2.306,0.0,1.157,0.0,0.0,0.0,17.807073618146816,0.0,0.0,2.521661000308095,15.285412617838722,4.635734417318743,0.0,0.0,0.0,1.440353607078724,0.0,0,0.0,0,15.285412617838722,,,,,,,,,,,
841,7/19/1969,14.652,29.578,7.000,3.463,3.463,26.115,0.0,0,26.02555855428157,0.0,41.31097117212029,0.0,0.0,10.25198871999377,31.05898245212652,16.41971812466856,0.08944144571843,0.08944144571843,0.0,6.42201033801054,0.08944144571843,0,0.0,0,31.05898245212652,,,,,,,,,,,
842,7/20/1969,41.327,24.358,7.000,3.463,3.463,20.895,0.0,0,20.895,0.08944144571843,51.95438060138593,0.0,0.08944144571843,15.022287321666271,36.93209327971966,23.032813615186434,0.0,0.0,0.00039814925940304455,9.649772546891857,0.08904329645902696,0,0.0,0,36.93209327971966,,,,,,,,,,,
843,7/21/1969,25.775,2.403,7.000,3.463,2.403,0.0,1.06,0.0,0.0,0.08904329645902696,36.93209327971966,0.08904329645902696,0.0,8.505613636970828,28.42647964274883,13.901666905912547,0.0,0.0,0.0,5.2629828366779945,0.0,0,0.0,0,28.42647964274883,,,,,,,,,,,
844,7/22/1969,13.563,6.196,7.000,3.463,3.463,2.7329999999999997,0.0,0,2.6435585542815696,0.0,31.0700381970304,0.0,0.0,6.376789634387983,24.693248562642417,10.739910027920427,0.08944144571843,0.08944144571843,0.0,3.8716538629290285,0.08944144571843,0,0.0,0,24.693248562642417,,,,,,,,,,,
845,7/23/1969,6.267,2.973,7.000,3.463,2.973,0.0,0.4900000000000002,0.0,0.0,0.08944144571843,24.693460089067845,0.04192351406049159,0.04751793165793841,4.348462127301081,20.344997961766765,7.60533456938775,0.0,0.0,0.0002115264254284547,2.5744811875952243,0.04730640523250996,0,0.0,0,20.344997961766765,,,,,,,,,,,
846,7/24/1969,5.914,3.367,7.000,3.463,3.367,0.0,0.09600000000000009,0.0,0.0,0.04730640523250996,20.345188801163175,0.004435669919831639,0.04287073531267832,3.1487292522708965,17.19645954889228,5.675012716899751,0.0,0.0,0.00019083939640847792,1.8250051872060038,0.04267989591626984,0,0.0,0,17.19645954889228,,,,,,,,,,,
847,7/25/1969,9.133,6.586,7.000,3.463,3.463,3.123,0.0,0,3.07623845019784,0.04267989591626984,20.27288798896354,0.0,0.04267989591626984,3.1301019243528927,17.142786064610647,5.644476354204298,0.046761549802160164,0.046761549802160164,0.00018998987341905575,1.813500613046621,0.08925145584501094,0,0.0,0,17.142786064610647,,,,,,,,,,,
848,7/26/1969,5.568,4.132,7.000,3.463,3.463,0.6689999999999996,0.0,0,0.6688100101871649,0.08925145584501094,17.811993378315883,0.0,0.08925145584501094,2.522822253236251,15.289171125079632,4.637682064157245,0.00018998981283473043,0.00018998981283473043,0.0003973035180715145,1.4410605619957597,0.08904414213977416,0,0.0,0,15.289171125079632,,,,,,,,,,,
849,7/27/1969,3.792,2.225,7.000,3.463,2.225,0.0,1.238,0.0,0.0,0.08904414213977416,15.289171125079632,0.08904414213977416,0.0,1.9558656257053115,13.33330549937432,3.6750053816854127,0.0,0.0,0.0,1.0986529099534523,0.0,0,0.0,0,13.33330549937432,,,,,,,,,,,
850,7/28/1969,4.395,7.942,7.000,3.463,3.463,4.479,0.0,0,4.38955855428157,0.0,17.72286405365589,0.0,0.0,2.5018174751813267,15.221046578474564,4.602438743336527,0.08944144571843,0.08944144571843,0.0,1.4282764583658034,0.08944144571843,0,0.0,0,15.221046578474564,,,,,,,,,,,
851,7/29/1969,4.089,3.219,7.000,3.463,3.219,0.0,0.24400000000000022,0.0,0.0,0.08944144571843,15.221351797179906,0.020876198838285617,0.06856524688014438,1.9414273820404517,13.279924415139455,3.6501552731895743,0.0,0.0,0.0003052187053422283,1.090011073852131,0.06826002817480216,0,0.0,0,13.279924415139455,,,,,,,,,,,
852,7/30/1969,2.902,0.443,7.000,3.463,0.443,0.0,3.02,0.0,0.0,0.06826002817480216,13.279924415139455,0.06826002817480216,0.0,1.5465303599521991,11.733394055187256,2.962981445862699,0.0,0.0,0.0,0.8554006585950011,0.0,0,0.0,0,11.733394055187256,,,,,,,,,,,
853,7/31/1969,2.746,1.716,7.000,3.463,1.716,0.0,1.747,0.0,0.0,0.0,11.733394055187256,0.0,0.0,1.2581677199711483,10.475226335216108,2.4507472079845614,0.0,0.0,0.0,0.6865191231426264,0.0,0,0.0,0,10.475226335216108,,,,,,,,,,,
854,8/1/1969,3.225,3.034,8.000,3.792,3.034,0.0,0.758,0.0,0.0,0.0,10.475226335216108,0.0,0.0,1.0414493112247551,9.433777023991354,2.0587250062958717,0.0,0.0,0.0,0.561241782161546,0.0,0,0.0,0,9.433777023991354,,,,,,,,,,,
855,8/2/1969,2.544,0.324,8.000,3.792,0.324,0.0,3.468,0.0,0.0,0.0,9.433777023991354,0.0,0.0,0.8746650833899852,8.559111940601369,1.752101948796419,0.0,0.0,0.0,0.46597886015700085,0.0,0,0.0,0,8.559111940601369,,,,,,,,,,,
856,8/3/1969,2.299,1.031,8.000,3.792,1.031,0.0,2.761,0.0,0.0,0.0,8.559111940601369,0.0,0.0,0.7437271262045978,7.815384814396771,1.5078405793450635,0.0,0.0,0.0,0.3920160445330764,0.0,0,0.0,0,7.815384814396771,,,,,,,,,,,
857,8/4/1969,2.544,6.227,8.000,3.792,3.792,2.4350000000000005,0.0,0,2.3455585542815705,0.0,10.160943368678343,0.0,0.0,0.9898950734023185,9.171048295276025,1.9644406096859666,0.08944144571843,0.08944144571843,0.0,0.5316798342208554,0.08944144571843,0,0.0,0,9.171048295276025,,,,,,,,,,,
858,8/5/1969,3.618,8.432,8.000,3.792,3.792,4.640000000000001,0.0,0,4.640000000000001,0.08944144571843,13.811446444535429,0.0,0.08944144571843,1.6510658104776954,12.160380634057734,3.1463735737502803,0.0,0.0,0.00039814925940304455,0.9171590114929753,0.08904329645902696,0,0.0,0,12.160380634057734,,,,,,,,,,,
859,8/6/1969,4.210,10.630,8.000,3.792,3.792,6.838000000000001,0.0,0,6.837601850740598,0.08904329645902696,18.99837886169335,0.0,0.08904329645902696,2.8090535487671553,16.189325312926194,5.115041103925806,0.0003981492594030382,0.0003981492594030382,0.0003963768950199571,1.615945561026536,0.08904506882341005,0,0.0,0,16.189325312926194,,,,,,,,,,,
860,8/7/1969,3.675,6.089,8.000,3.792,3.792,2.2970000000000006,0.0,0,2.2966036231049807,0.08904506882341005,18.48632532081589,0.0,0.08904506882341005,2.68400567989067,15.80231964092522,4.907144404443764,0.00039637689501995115,0.00039637689501995115,0.000396384784713162,1.539390599193664,0.08904506093371685,0,0.0,0,15.80231964092522,,,,,,,,,,,
861,8/8/1969,3.225,2.050,8.000,3.792,2.05,0.0,1.742,0.0,0.0,0.08904506093371685,15.80231964092522,0.08904506093371685,0.0,2.0664925717478297,13.73582706917739,3.864820403811343,0.0,0.0,0.0,1.1650045873343378,0.0,0,0.0,0,13.73582706917739,,,,,,,,,,,
862,8/9/1969,2.347,1.248,8.000,3.792,1.248,0.0,2.5439999999999996,0.0,0.0,0.0,13.73582706917739,0.0,0.0,1.6360270084420165,12.099800060735372,3.1200598583016097,0.0,0.0,0.0,0.908258010395953,0.0,0,0.0,0,12.099800060735372,,,,,,,,,,,
863,8/10/1969,1.884,0.895,8.000,3.792,0.895,0.0,2.897,0.0,0.0,0.0,12.099800060735372,0.0,0.0,1.3243296469437713,10.7754704137916,2.569157165547411,0.0,0.0,0.0,0.7250613568760624,0.0,0,0.0,0,10.7754704137916,,,,,,,,,,,
864,8/11/1969,1.840,1.709,8.000,3.792,1.709,0.0,2.0829999999999997,0.0,0.0,0.0,10.7754704137916,0.0,0.0,1.0916736876381585,9.683796726153442,2.1501793601836368,0.0,0.0,0.0,0.5901339897965981,0.0,0,0.0,0,9.683796726153442,,,,,,,,,,,
865,8/12/1969,2.695,5.620,8.000,3.792,3.792,1.8280000000000003,0.0,0,1.7385585542815702,0.0,11.422355280435013,0.0,0.0,1.2030727369076528,10.21928254352736,2.351709240904475,0.08944144571843,0.08944144571843,0.0,0.6545252231813085,0.08944144571843,0,0.0,0,10.21928254352736,,,,,,,,,,,
866,8/13/1969,3.184,7.994,8.000,3.792,3.792,4.202,0.0,0,4.202,0.08944144571843,14.421680692786763,0.0,0.08944144571843,1.774430134350119,12.647250558436644,3.361380241476714,0.0,0.0,0.00039814925940304455,0.9903719939646393,0.08904329645902696,0,0.0,0,12.647250558436644,,,,,,,,,,,
867,8/14/1969,2.592,1.245,8.000,3.792,1.245,0.0,2.5469999999999997,0.0,0.0,0.08904329645902696,12.647250558436644,0.08904329645902696,0.0,1.4256928854912987,11.221557672945345,2.7495195947420243,0.0,0.0,0.0,0.7843541896168339,0.0,0,0.0,0,11.221557672945345,,,,,,,,,,,
868,8/15/1969,3.062,4.086,8.000,3.792,3.792,0.2940000000000005,0.0,0,0.20480792937009173,0.0,11.426365602315435,0.0,0.0,1.2037768055845819,10.222588796730854,2.352977431395685,0.08919207062990875,0.08919207062990875,0.0,0.6549334803145379,0.08919207062990875,0,0.0,0,10.222588796730854,,,,,,,,,,,
869,8/16/1969,3.002,1.091,8.000,3.792,1.091,0.0,2.7009999999999996,0.0,0.0,0.08919207062990875,10.222588796730854,0.08919207062990875,0.0,0.9999246257963769,9.222664170934477,1.982816374580076,0.0,0.0,0.0,0.5374231508974375,0.0,0,0.0,0,9.222664170934477,,,,,,,,,,,
870,8/17/1969,2.151,0.502,8.000,3.792,0.502,0.0,3.29,0.0,0.0,0.0,9.222664170934477,0.0,0.0,0.8422863629804563,8.380377807954021,1.6920108937820917,0.0,0.0,0.0,0.4476166679185416,0.0,0,0.0,0,8.380377807954021,,,,,,,,,,,
871,8/18/1969,1.941,0.024,8.000,3.792,0.024,0.0,3.768,0.0,0.0,0.0,8.380377807954021,0.0,0.0,0.7180231415529715,7.66235466640105,1.4594788590022978,0.0,0.0,0.0,0.3775926642147265,0.0,0,0.0,0,7.66235466640105,,,,,,,,,,,
872,8/19/1969,1.840,0.007,8.000,3.792,0.007,0.0,3.7849999999999997,0.0,0.0,0.0,7.66235466640105,0.0,0.0,0.6184475334312628,7.043907132969787,1.2707076319783313,0.0,0.0,0.0,0.32204885451689197,0.0,0,0.0,0,7.043907132969787,,,,,,,,,,,
873,8/20/1969,1.691,0.345,8.000,3.792,0.345,0.0,3.447,0.0,0.0,0.0,7.043907132969787,0.0,0.0,0.5375123914580431,6.506394741511744,1.1154363398187555,0.0,0.0,0.0,0.277331489718564,0.0,0,0.0,0,6.506394741511744,,,,,,,,,,,
874,8/21/1969,1.361,0.327,8.000,3.792,0.327,0.0,3.465,0.0,0.0,0.0,6.506394741511744,0.0,0.0,0.47090480851837935,6.0354899329933644,0.9862416063115632,0.0,0.0,0.0,0.24085920098076824,0.0,0,0.0,0,6.0354899329933644,,,,,,,,,,,
875,8/22/1969,1.316,0.486,8.000,3.792,0.486,0.0,3.306,0.0,0.0,0.0,6.0354899329933644,0.0,0.0,0.41548306598634654,5.620006867007018,0.8776444468199966,0.0,0.0,0.0,0.2107682692482589,0.0,0,0.0,0,5.620006867007018,,,,,,,,,,,
876,8/23/1969,1.941,5.534,8.000,3.792,3.792,1.742,0.0,0,1.65255855428157,0.0,7.272565421288588,0.0,0.0,0.5669070255708332,6.705658395717755,1.1720346028572843,0.08944144571843,0.08944144571843,0.0,0.29352430622099596,0.08944144571843,0,0.0,0,6.705658395717755,,,,,,,,,,,
877,8/24/1969,1.840,0.149,8.000,3.792,0.149,0.0,3.643,0.0,0.0,0.08944144571843,6.705658395717755,0.08944144571843,0.0,0.4951857675682733,6.210472628149482,1.0334963490270601,0.0,0.0,0.0,0.25411776356365917,0.0,0,0.0,0,6.210472628149482,,,,,,,,,,,
878,8/25/1969,1.594,0.293,8.000,3.792,0.293,0.0,3.4989999999999997,0.0,0.0,0.0,6.210472628149482,0.0,0.0,0.43575281164610913,5.774719816503373,0.9174862223609471,0.0,0.0,0.0,0.22174472875882648,0.0,0,0.0,0,5.774719816503373,,,,,,,,,,,
879,8/26/1969,1.361,0.161,8.000,3.792,0.161,0.0,3.631,0.0,0.0,0.0,5.774719816503373,0.0,0.0,0.3859970396216732,5.3887227768817,0.8194160449021103,0.0,0.0,0.0,0.19486429824346932,0.0,0,0.0,0,5.3887227768817,,,,,,,,,,,
880,8/27/1969,1.316,0.061,8.000,3.792,0.061,0.0,3.731,0.0,0.0,0.0,5.3887227768817,0.0,0.0,0.34396071871258427,5.044762058169115,0.7358056058944797,0.0,0.0,0.0,0.17233051516578524,0.0,0,0.0,0,5.044762058169115,,,,,,,,,,,
881,8/28/1969,1.316,0.068,8.000,3.792,0.068,0.0,3.7239999999999998,0.0,0.0,0.0,5.044762058169115,0.0,0.0,0.30815337105566565,4.736608687113449,0.6639765284607249,0.0,0.0,0.0,0.15327764597678695,0.0,0,0.0,0,4.736608687113449,,,,,,,,,,,
882,8/29/1969,1.272,0.121,8.000,3.792,0.121,0.0,3.671,0.0,0.0,0.0,4.736608687113449,0.0,0.0,0.27742459234365024,4.459184094769799,0.6018405420943825,0.0,0.0,0.0,0.13704238552856937,0.0,0,0.0,0,4.459184094769799,,,,,,,,,,,
883,8/30/1969,1.185,0.073,8.000,3.792,0.073,0.0,3.719,0.0,0.0,0.0,4.459184094769799,0.0,0.0,0.2508754214751588,4.20830867329464,0.5477502538082667,0.0,0.0,0.0,0.12311003507308035,0.0,0,0.0,0,4.20830867329464,,,,,,,,,,,
884,8/31/1969,1.142,0.064,8.000,3.792,0.064,0.0,3.7279999999999998,0.0,0.0,0.0,4.20830867329464,0.0,0.0,0.22779547343977347,3.9805131998548666,0.5003921675577279,0.0,0.0,0.0,0.11107658888227663,0.0,0,0.0,0,3.9805131998548666,,,,,,,,,,,
885,9/1/1969,1.058,0.357,9.000,4.609,0.357,0.0,4.252,0.0,0.0,0.0,3.9805131998548666,0.0,0.0,0.20761762815096765,3.772895571703899,0.45870880441652123,0.0,0.0,0.0,0.1006215889253483,0.0,0,0.0,0,3.772895571703899,,,,,,,,,,,
886,9/2/1969,1.100,1.021,9.000,4.609,1.021,0.0,3.588,0.0,0.0,0.0,3.772895571703899,0.0,0.0,0.1898848951519113,3.5830106765519876,0.42184121103960576,0.0,0.0,0.0,0.0914883997526379,0.0,0,0.0,0,3.5830106765519876,,,,,,,,,,,
887,9/3/1969,1.272,1.158,9.000,4.609,1.158,0.0,3.451,0.0,0.0,0.0,3.5830106765519876,0.0,0.0,0.17422585923250353,3.408784817319484,0.38908597490966446,0.0,0.0,0.0,0.08346968051357288,0.0,0,0.0,0,3.408784817319484,,,,,,,,,,,
888,9/4/1969,1.453,3.150,9.000,4.609,3.15,0.0,1.459,0.0,0.0,0.0,3.408784817319484,0.0,0.0,0.16033626256674102,3.248448554752743,0.35986270837871254,0.0,0.0,0.0,0.07639655159802879,0.0,0,0.0,0,3.248448554752743,,,,,,,,,,,
889,9/5/1969,1.316,0.827,9.000,4.609,0.827,0.0,3.782,0.0,0.0,0.0,3.248448554752743,0.0,0.0,0.14796503460521265,3.1004835201475305,0.3336891860684996,0.0,0.0,0.0,0.07013042384999721,0.0,0,0.0,0,3.1004835201475305,,,,,,,,,,,
890,9/6/1969,1.361,1.917,9.000,4.609,1.917,0.0,2.692,0.0,0.0,0.0,3.1004835201475305,0.0,0.0,0.13690358579959633,2.9635799343479343,0.31016214457492375,0.0,0.0,0.0,0.06455677085355754,0.0,0,0.0,0,2.9635799343479343,,,,,,,,,,,
891,9/7/1969,1.407,1.660,9.000,4.609,1.66,0.0,2.949,0.0,0.0,0.0,2.9635799343479343,0.0,0.0,0.12697752388992872,2.8366024104580054,0.28894231789544894,0.0,0.0,0.0,0.05958033577881833,0.0,0,0.0,0,2.8366024104580054,,,,,,,,,,,
892,9/8/1969,1.316,1.673,9.000,4.609,1.673,0.0,2.936,0.0,0.0,0.0,2.8366024104580054,0.0,0.0,0.11804018746536578,2.71856222299264,0.2697426740099587,0.0,0.0,0.0,0.05512140881688363,0.0,0,0.0,0,2.71856222299264,,,,,,,,,,,
893,9/9/1969,1.185,0.316,9.000,4.609,0.316,0.0,4.293,0.0,0.0,0.0,2.71856222299264,0.0,0.0,0.10996755622781292,2.608594666764827,0.2523190938725251,0.0,0.0,0.0,0.051112911613572606,0.0,0,0.0,0,2.608594666764827,,,,,,,,,,,
894,9/10/1969,1.142,0.388,9.000,4.609,0.388,0.0,4.221,0.0,0.0,0.0,2.608594666764827,0.0,0.0,0.10265421381100467,2.5059404529538223,0.2364629305214837,0.0,0.0,0.0,0.04749809571193309,0.0,0,0.0,0,2.5059404529538223,,,,,,,,,,,
895,9/11/1969,1.100,0.115,9.000,4.609,0.115,0.0,4.494,0.0,0.0,0.0,2.5059404529538223,0.0,0.0,0.09601012225881447,2.409930330695008,0.22199502752305245,0.0,0.0,0.0,0.04422871225740341,0.0,0,0.0,0,2.409930330695008,,,,,,,,,,,
896,9/12/1969,1.017,0.447,9.000,4.609,0.447,0.0,4.162,0.0,0.0,0.0,2.409930330695008,0.0,0.0,0.08995802744753084,2.3199723032474773,0.20876087897781095,0.0,0.0,0.0,0.04126354637190198,0.0,0,0.0,0,2.3199723032474773,,,,,,,,,,,
897,9/13/1969,0.937,0.255,9.000,4.609,0.255,0.0,4.354,0.0,0.0,0.0,2.3199723032474773,0.0,0.0,0.08443135868510766,2.2355409445623695,0.19662668905596922,0.0,0.0,0.0,0.038567235885466,0.0,0,0.0,0,2.2355409445623695,,,,,,,,,,,
898,9/14/1969,0.898,0.139,9.000,4.609,0.139,0.0,4.47,0.0,0.0,0.0,2.2355409445623695,0.0,0.0,0.07937251812181868,2.156168426440551,0.18547614522810157,0.0,0.0,0.0,0.03610931340638753,0.0,0,0.0,0,2.156168426440551,,,,,,,,,,,
899,9/15/1969,0.821,0.485,9.000,4.609,0.485,0.0,4.124,0.0,0.0,0.0,2.156168426440551,0.0,0.0,0.07473147971005023,2.0814369467305007,0.17520776142715594,0.0,0.0,0.0,0.03386342500127137,0.0,0,0.0,0,2.0814369467305007,,,,,,,,,,,
900,9/16/1969,0.821,1.368,9.000,4.609,1.368,0.0,3.2409999999999997,0.0,0.0,0.0,2.0814369467305007,0.0,0.0,0.07046463553320234,2.0109723111972984,0.16573267912798834,0.0,0.0,0.0,0.03180668943273166,0.0,0,0.0,0,2.0109723111972984,,,,,,,,,,,
901,9/17/1969,0.747,0.206,9.000,4.609,0.206,0.0,4.403,0.0,0.0,0.0,2.0109723111972984,0.0,0.0,0.06653384099728567,1.9444384702000126,0.1569728384797089,0.0,0.0,0.0,0.02991916994318278,0.0,0,0.0,0,1.9444384702000126,,,,,,,,,,,
902,9/18/1969,0.711,0.094,9.000,4.609,0.094,0.0,4.515,0.0,0.0,0.0,1.9444384702000126,0.0,0.0,0.06290562079670015,1.8815328494033126,0.1488594501285553,0.0,0.0,0.0,0.028183436675297265,0.0,0,0.0,0,1.8815328494033126,,,,,,,,,,,
903,9/19/1969,0.676,0.256,9.000,4.609,0.256,0.0,4.353,0.0,0.0,0.0,1.8815328494033126,0.0,0.0,0.05955050555974996,1.8219823438435625,0.14133171264373243,0.0,0.0,0.0,0.026584202484124686,0.0,0,0.0,0,1.8219823438435625,,,,,,,,,,,
904,9/20/1969,0.676,0.084,9.000,4.609,0.084,0.0,4.525,0.0,0.0,0.0,1.8219823438435625,0.0,0.0,0.056442475255143607,1.765539868588419,0.13433573154428294,0.0,0.0,0.0,0.02510801848578345,0.0,0,0.0,0,1.765539868588419,,,,,,,,,,,
905,9/21/1969,0.676,0.118,9.000,4.609,0.118,0.0,4.491,0.0,0.0,0.0,1.765539868588419,0.0,0.0,0.05355849024232198,1.7119813783460969,0.12782360458793804,0.0,0.0,0.0,0.023743018468572685,0.0,0,0.0,0,1.7119813783460969,,,,,,,,,,,
906,9/22/1969,0.676,0.071,9.000,4.609,0.071,0.0,4.538,0.0,0.0,0.0,1.7119813783460969,0.0,0.0,0.050878094604493496,1.6611032837416033,0.12175264479280225,0.0,0.0,0.0,0.022478703459943718,0.0,0,0.0,0,1.6611032837416033,,,,,,,,,,,
907,9/23/1969,0.676,1.862,9.000,4.609,1.862,0.0,2.747,0.0,0.0,0.0,1.6611032837416033,0.0,0.0,0.04838307935848651,1.6127202043831168,0.11608471804632885,0.0,0.0,0.0,0.021305759442251184,0.0,0,0.0,0,1.6127202043831168,,,,,,,,,,,
908,9/24/1969,0.676,0.291,9.000,4.609,0.291,0.0,4.318,0.0,0.0,0.0,1.6127202043831168,0.0,0.0,0.04605719547357125,1.5666630089095455,0.11078567643504464,0.0,0.0,0.0,0.02021590255014752,0.0,0,0.0,0,1.5666630089095455,,,,,,,,,,,
909,9/25/1969,0.747,0.196,9.000,4.609,0.196,0.0,4.413,0.0,0.0,0.0,1.5666630089095455,0.0,0.0,0.04388590849093113,1.5227771004186144,0.10582487184704917,0.0,0.0,0.0,0.01920174714461536,0.0,0,0.0,0,1.5227771004186144,,,,,,,,,,,
910,9/26/1969,0.711,2.187,9.000,4.609,2.187,0.0,2.422,0.0,0.0,0.0,1.5227771004186144,0.0,0.0,0.04185618802187746,1.4809209123967368,0.10117473714390202,0.0,0.0,0.0,0.018256693004857955,0.0,0,0.0,0,1.4809209123967368,,,,,,,,,,,
911,9/27/1969,0.747,2.240,9.000,4.609,2.24,0.0,2.3689999999999998,0.0,0.0,0.0,1.4809209123967368,0.0,0.0,0.03995632659680238,1.4409645857999345,0.09681042441236762,0.0,0.0,0.0,0.017374828556775947,0.0,0,0.0,0,1.4409645857999345,,,,,,,,,,,
912,9/28/1969,0.821,2.851,9.000,4.609,2.851,0.0,1.758,0.0,0.0,0.0,1.4409645857999345,0.0,0.0,0.03817578330024746,1.402788802499687,0.09270949160028762,0.0,0.0,0.0,0.01655084760172889,0.0,0,0.0,0,1.402788802499687,,,,,,,,,,,
913,9/29/1969,0.821,1.302,9.000,4.609,1.302,0.0,3.307,0.0,0.0,0.0,1.402788802499687,0.0,0.0,0.03650504840827821,1.3662837540914088,0.08885163030056838,0.0,0.0,0.0,0.015779977449606547,0.0,0,0.0,0,1.3662837540914088,,,,,,,,,,,
914,9/30/1969,0.859,2.226,9.000,4.609,2.226,0.0,2.383,0.0,0.0,0.0,1.3662837540914088,0.0,0.0,0.03493552587988385,1.331348228211525,0.08521842864004657,0.0,0.0,0.0,0.015057916717543416,0.0,0,0.0,0,1.331348228211525,,,,,,,,,,,
915,10/1/1969,0.747,1.212,10.000,5.054,1.212,0.0,3.8420000000000005,0.0,0.0,0.0,1.331348228211525,0.0,0.0,0.03345943107350608,1.2978887971380189,0.08179316420851827,0.0,0.0,0.0,0.014380781346749402,0.0,0,0.0,0,1.2978887971380189,,,,,,,,,,,
916,10/2/1969,0.711,0.426,10.000,5.054,0.426,0.0,4.628,0.0,0.0,0.0,1.2978887971380189,0.0,0.0,0.03206970148592792,1.265819095652091,0.07856062276903703,0.0,0.0,0.0,0.013745057628095258,0.0,0,0.0,0,1.265819095652091,,,,,,,,,,,
917,10/3/1969,0.676,0.954,10.000,5.054,0.954,0.0,4.1000000000000005,0.0,0.0,0.0,1.265819095652091,0.0,0.0,0.030759918661684076,1.235059176990407,0.07550693915662228,0.0,0.0,0.0,0.013147561222665988,0.0,0,0.0,0,1.235059176990407,,,,,,,,,,,
918,10/4/1969,0.607,0.661,10.000,5.054,0.661,0.0,4.393000000000001,0.0,0.0,0.0,1.235059176990407,0.0,0.0,0.029524239711203406,1.2055349372792035,0.07261945732496251,0.0,0.0,0.0,0.012585401324684243,0.0,0,0.0,0,1.2055349372792035,,,,,,,,,,,
919,10/5/1969,0.641,0.301,10.000,5.054,0.301,0.0,4.753,0.0,0.0,0.0,1.2055349372792035,0.0,0.0,0.028357337116460032,1.1771776001627434,0.0698866069604832,0.0,0.0,0.0,0.012055949247524716,0.0,0,0.0,0,1.1771776001627434,,,,,,,,,,,
920,10/6/1969,0.573,0.544,10.000,5.054,0.544,0.0,4.51,0.0,0.0,0.0,1.1771776001627434,0.0,0.0,0.02725434570310448,1.149923254459639,0.0672977944670693,0.0,0.0,0.0,0.011556810824184085,0.0,0,0.0,0,1.149923254459639,,,,,,,,,,,
921,10/7/1969,0.607,0.016,10.000,5.054,0.016,0.0,5.038,0.0,0.0,0.0,1.149923254459639,0.0,0.0,0.02621081582518467,1.1237124386344544,0.0648433064463235,0.0,0.0,0.0,0.011085802105696969,0.0,0,0.0,0,1.1237124386344544,,,,,,,,,,,
922,10/8/1969,0.540,0.049,10.000,5.054,0.049,0.0,5.005,0.0,0.0,0.0,1.1237124386344544,0.0,0.0,0.025222671948542885,1.0984897666859115,0.06251422406843785,0.0,0.0,0.0,0.0106409279179397,0.0,0,0.0,0,1.0984897666859115,,,,,,,,,,,
923,10/9/1969,0.607,1.309,10.000,5.054,1.309,0.0,3.745,0.0,0.0,0.0,1.0984897666859115,0.0,0.0,0.024286175936557384,1.0742035907493541,0.06030234695644935,0.0,0.0,0.0,0.010220362901736163,0.0,0,0.0,0,1.0742035907493541,,,,,,,,,,,
924,10/10/1969,0.676,1.184,10.000,5.054,1.184,0.0,3.87,0.0,0.0,0.0,1.0742035907493541,0.0,0.0,0.023397894440956052,1.050805696308398,0.0582001253990635,0.0,0.0,0.0,0.009822434715357029,0.0,0,0.0,0,1.050805696308398,,,,,,,,,,,
925,10/11/1969,0.607,0.309,10.000,5.054,0.309,0.0,4.745,0.0,0.0,0.0,1.050805696308398,0.0,0.0,0.022554669884118576,1.0282510264242795,0.05620059987028399,0.0,0.0,0.0,0.009445609124159758,0.0,0,0.0,0,1.0282510264242795,,,,,,,,,,,
926,10/12/1969,0.641,0.022,10.000,5.054,0.022,0.0,5.032,0.0,0.0,0.0,1.0282510264242795,0.0,0.0,0.021753594590179944,1.0064974318340996,0.05429734697262609,0.0,0.0,0.0,0.009088476740698088,0.0,0,0.0,0,1.0064974318340996,,,,,,,,,,,
927,10/13/1969,0.607,0.157,10.000,5.054,0.157,0.0,4.897,0.0,0.0,0.0,1.0064974318340996,0.0,0.0,0.020991987682465945,0.9855054441516337,0.052484431038706,0.0,0.0,0.0,0.008749741211320067,0.0,0,0.0,0,0.9855054441516337,,,,,,,,,,,
928,10/14/1969,0.573,0.079,10.000,5.054,0.079,0.0,4.9750000000000005,0.0,0.0,0.0,0.9855054441516337,0.0,0.0,0.020267374416069746,0.9652380697355639,0.05075636072678005,0.0,0.0,0.0,0.008428208673044287,0.0,0,0.0,0,0.9652380697355639,,,,,,,,,,,
929,10/15/1969,0.573,0.007,10.000,5.054,0.007,0.0,5.047000000000001,0.0,0.0,0.0,0.9652380697355639,0.0,0.0,0.019577467658152624,0.9456606020774113,0.04910805003208088,0.0,0.0,0.0,0.008122778328154324,0.0,0,0.0,0,0.9456606020774113,,,,,,,,,,,
930,10/16/1969,0.540,0.212,10.000,5.054,0.212,0.0,4.8420000000000005,0.0,0.0,0.0,0.9456606020774113,0.0,0.0,0.018920151266009756,0.9267404508114016,0.04753478320982484,0.0,0.0,0.0,0.007832434004142113,0.0,0,0.0,0,0.9267404508114016,,,,,,,,,,,
931,10/17/1969,0.540,1.989,10.000,5.054,1.989,0.0,3.0650000000000004,0.0,0.0,0.0,0.9267404508114016,0.0,0.0,0.01829346514506904,0.9084469856663325,0.046032183169427095,0.0,0.0,0.0,0.00755623658390841,0.0,0,0.0,0,0.9084469856663325,,,,,,,,,,,
932,10/18/1969,0.540,0.089,10.000,5.054,0.089,0.0,4.965,0.0,0.0,0.0,0.9084469856663325,0.0,0.0,0.01769559179660875,0.8907513938697238,0.04459618295433231,0.0,0.0,0.0,0.007293317205947379,0.0,0,0.0,0,0.8907513938697238,,,,,,,,,,,
933,10/19/1969,0.573,0.058,10.000,5.054,0.058,0.0,4.996,0.0,0.0,0.0,0.8907513938697238,0.0,0.0,0.01712484418877281,0.873626549680951,0.04322299996926335,0.0,0.0,0.0,0.007042871146980288,0.0,0,0.0,0,0.873626549680951,,,,,,,,,,,
934,10/20/1969,0.573,1.972,10.000,5.054,1.972,0.0,3.0820000000000003,0.0,0.0,0.0,0.873626549680951,0.0,0.0,0.016579654805004007,0.857046894875947,0.04190911265771194,0.0,0.0,0.0,0.006804152310476472,0.0,0,0.0,0,0.857046894875947,,,,,,,,,,,
935,10/21/1969,0.747,1.126,10.000,5.054,1.126,0.0,3.9280000000000004,0.0,0.0,0.0,0.857046894875947,0.0,0.0,0.016058565741787222,0.8409883291341598,0.04065123936807369,0.0,0.0,0.0,0.0065764682539723625,0.0,0,0.0,0,0.8409883291341598,,,,,,,,,,,
936,10/22/1969,0.784,3.362,10.000,5.054,3.362,0.0,1.6920000000000002,0.0,0.0,0.0,0.8409883291341598,0.0,0.0,0.015560219742999808,0.82542810939116,0.0394463191777467,0.0,0.0,0.0,0.006359175696293313,0.0,0,0.0,0,0.82542810939116,,,,,,,,,,,
937,10/23/1969,0.676,0.030,10.000,5.054,0.03,0.0,5.024,0.0,0.0,0.0,0.82542810939116,0.0,0.0,0.015083352071547434,0.8103447573196125,0.038291494471431486,0.0,0.0,0.0,0.00615167645288493,0.0,0,0.0,0,0.8103447573196125,,,,,,,,,,,
938,10/24/1969,0.641,0.007,10.000,5.054,0.007,0.0,5.047000000000001,0.0,0.0,0.0,0.8103447573196125,0.0,0.0,0.014626783130607631,0.7957179741890049,0.03718409509334995,0.0,0.0,0.0,0.005953413753627919,0.0,0,0.0,0,0.7957179741890049,,,,,,,,,,,
939,10/25/1969,0.607,0.749,10.000,5.054,0.749,0.0,4.305000000000001,0.0,0.0,0.0,0.7957179741890049,0.0,0.0,0.014189411756955173,0.7815285624320497,0.03612162391361952,0.0,0.0,0.0,0.005763868902876256,0.0,0,0.0,0,0.7815285624320497,,,,,,,,,,,
940,10/26/1969,0.573,0.128,10.000,5.054,0.128,0.0,4.926,0.0,0.0,0.0,0.7815285624320497,0.0,0.0,0.01377020911770991,0.7677583533143398,0.035101743666980045,0.0,0.0,0.0,0.005582558246135398,0.0,0,0.0,0,0.7677583533143398,,,,,,,,,,,
941,10/27/1969,0.573,0.349,10.000,5.054,0.349,0.0,4.705,0.0,0.0,0.0,0.7677583533143398,0.0,0.0,0.013368213149605367,0.7543901401647345,0.03412226493782162,0.0,0.0,0.0,0.005409030411881046,0.0,0,0.0,0,0.7543901401647345,,,,,,,,,,,
942,10/28/1969,0.540,0.105,10.000,5.054,0.105,0.0,4.949,0.0,0.0,0.0,0.7543901401647345,0.0,0.0,0.012982523486675317,0.7414076166780592,0.033181135179296,0.0,0.0,0.0,0.005242863800590895,0.0,0,0.0,0,0.7414076166780592,,,,,,,,,,,
943,10/29/1969,0.540,0.541,10.000,5.054,0.541,0.0,4.513,0.0,0.0,0.0,0.7414076166780592,0.0,0.0,0.012612296828224375,0.7287953198498348,0.03227642866646601,0.0,0.0,0.0,0.005083664296191554,0.0,0,0.0,0,0.7287953198498348,,,,,,,,,,,
944,10/30/1969,0.540,0.114,10.000,5.054,0.114,0.0,4.94,0.0,0.0,0.0,0.7287953198498348,0.0,0.0,0.012256742704196948,0.7165385771456378,0.03140633729417253,0.0,0.0,0.0,0.004931063177869359,0.0,0,0.0,0,0.7165385771456378,,,,,,,,,,,
945,10/31/1969,0.540,0.092,10.000,5.054,0.092,0.0,4.962000000000001,0.0,0.0,0.0,0.7165385771456378,0.0,0.0,0.011915119599681223,0.7046234575459567,0.030569162139765012,0.0,0.0,0.0,0.004784715212608133,0.0,0,0.0,0,0.7046234575459567,,,,,,,,,,,
946,11/1/1969,0.540,0.064,11.000,5.054,0.064,0.0,4.99,0.0,0.0,0.0,0.7046234575459567,0.0,0.0,0.011586731404361944,0.6930367261415947,0.02976330571920778,0.0,0.0,0.0,0.004644296910942487,0.0,0,0.0,0,0.6930367261415947,,,,,,,,,,,
947,11/2/1969,0.540,0.218,11.000,5.054,0.218,0.0,4.836,0.0,0.0,0.0,0.6930367261415947,0.0,0.0,0.011270924156337446,0.6817658019852573,0.028987264872480788,0.0,0.0,0.0,0.004509504930289416,0.0,0,0.0,0,0.6817658019852573,,,,,,,,,,,
948,11/3/1969,0.508,0.001,11.000,5.054,0.001,0.0,5.053,0.0,0.0,0.0,0.6817658019852573,0.0,0.0,0.01096708305290287,0.6707987189323544,0.028239624220758982,0.0,0.0,0.0,0.004380054611875954,0.0,0,0.0,0,0.6707987189323544,,,,,,,,,,,
949,11/4/1969,0.477,0.087,11.000,5.054,0.087,0.0,4.9670000000000005,0.0,0.0,0.0,0.6707987189323544,0.0,0.0,0.010674629703724382,0.6601240892286301,0.027519050143682274,0.0,0.0,0.0,0.004255678638744201,0.0,0,0.0,0,0.6601240892286301,,,,,,,,,,,
950,11/5/1969,0.477,0.059,11.000,5.054,0.059,0.0,4.995,0.0,0.0,0.0,0.6601240892286301,0.0,0.0,0.010393019604333942,0.6497310696242962,0.026824285230209244,0.0,0.0,0.0,0.004136125803611205,0.0,0,0.0,0,0.6497310696242962,,,,,,,,,,,
951,11/6/1969,0.477,0.004,11.000,5.054,0.004,0.0,5.050000000000001,0.0,0.0,0.0,0.6497310696242962,0.0,0.0,0.010121739810099258,0.6396093298141969,0.026154143161159316,0.0,0.0,0.0,0.0040211598765106165,0.0,0,0.0,0,0.6396093298141969,,,,,,,,,,,
952,11/7/1969,0.477,0.039,11.000,5.054,0.039,0.0,5.015000000000001,0.0,0.0,0.0,0.6396093298141969,0.0,0.0,0.009860306792803026,0.6297490230213939,0.025507503985658094,0.0,0.0,0.0,0.0039105585631638165,0.0,0,0.0,0,0.6297490230213939,,,,,,,,,,,
953,11/8/1969,0.477,0.407,11.000,5.054,0.407,0.0,4.647,0.0,0.0,0.0,0.6297490230213939,0.0,0.0,0.009608264463728896,0.620140758557665,0.024883309757369094,0.0,0.0,0.0,0.0038041125459358643,0.0,0,0.0,0,0.620140758557665,,,,,,,,,,,
954,11/9/1969,0.477,1.119,11.000,5.054,1.119,0.0,3.9350000000000005,0.0,0.0,0.0,0.620140758557665,0.0,0.0,0.00936518234872427,0.6107755762089407,0.024280560499672508,0.0,0.0,0.0,0.0037016246000397875,0.0,0,0.0,0,0.6107755762089407,,,,,,,,,,,
955,11/10/1969,0.477,0.060,11.000,5.054,0.06,0.0,4.994000000000001,0.0,0.0,0.0,0.6107755762089407,0.0,0.0,0.00913065390211452,0.6016449223068262,0.02369831047188419,0.0,0.0,0.0,0.0036029087783732198,0.0,0,0.0,0,0.6016449223068262,,,,,,,,,,,
956,11/11/1969,0.446,0.028,11.000,5.054,0.028,0.0,5.026000000000001,0.0,0.0,0.0,0.6016449223068262,0.0,0.0,0.008904294947598956,0.5927406273592273,0.023135664711234502,0.0,0.0,0.0,0.003507789659014469,0.0,0,0.0,0,0.5927406273592273,,,,,,,,,,,
957,11/12/1969,0.477,0.105,11.000,5.054,0.105,0.0,4.949,0.0,0.0,0.0,0.5927406273592273,0.0,0.0,0.008685742235383046,0.5840548851238442,0.02259177582768209,0.0,0.0,0.0,0.0034161016499798607,0.0,0,0.0,0,0.5840548851238442,,,,,,,,,,,
958,11/13/1969,0.508,0.439,11.000,5.054,0.439,0.0,4.615,0.0,0.0,0.0,0.5840548851238442,0.0,0.0,0.008474652105808852,0.5755802330180353,0.02206584103075252,0.0,0.0,0.0,0.0033276883463584065,0.0,0,0.0,0,0.5755802330180353,,,,,,,,,,,
959,11/14/1969,0.477,0.178,11.000,5.054,0.178,0.0,4.876,0.0,0.0,0.0,0.5755802330180353,0.0,0.0,0.008270699250649763,0.5673095337673856,0.021557099369492228,0.0,0.0,0.0,0.003242401935400561,0.0,0,0.0,0,0.5673095337673856,,,,,,,,,,,
960,11/15/1969,0.477,0.348,11.000,5.054,0.348,0.0,4.706,0.0,0.0,0.0,0.5673095337673856,0.0,0.0,0.00807357556404747,0.5592359582033382,0.021064829168338586,0.0,0.0,0.0,0.0031601026455508794,0.0,0,0.0,0,0.5592359582033382,,,,,,,,,,,
961,11/16/1969,0.477,0.182,11.000,5.054,0.182,0.0,4.872,0.0,0.0,0.0,0.5592359582033382,0.0,0.0,0.007882989075799594,0.5513529691275386,0.020588345643247425,0.0,0.0,0.0,0.003080658235785374,0.0,0,0.0,0,0.5513529691275386,,,,,,,,,,,
962,11/17/1969,0.446,1.649,11.000,5.054,1.649,0.0,3.4050000000000002,0.0,0.0,0.0,0.5513529691275386,0.0,0.0,0.0076986629603636005,0.543654306167175,0.020126998683808534,0.0,0.0,0.0,0.0030039435219476837,0.0,0,0.0,0,0.543654306167175,,,,,,,,,,,
963,11/18/1969,0.416,0.976,11.000,5.054,0.976,0.0,4.078,0.0,0.0,0.0,0.543654306167175,0.0,0.0,0.007520334615535147,0.5361339715516399,0.019680170788333402,0.0,0.0,0.0,0.0029298399370781577,0.0,0,0.0,0,0.5361339715516399,,,,,,,,,,,
964,11/19/1969,0.508,2.332,11.000,5.054,2.332,0.0,2.7220000000000004,0.0,0.0,0.0,0.5361339715516399,0.0,0.0,0.007347754805293477,0.5287862167463464,0.019247275140032688,0.0,0.0,0.0,0.0028582351230001207,0.0,0,0.0,0,0.5287862167463464,,,,,,,,,,,
965,11/20/1969,0.676,3.512,11.000,5.054,3.512,0.0,1.5420000000000003,0.0,0.0,0.0,0.5287862167463464,0.0,0.0,0.007180686861789009,0.5216055298845574,0.018827753813425403,0.0,0.0,0.0,0.0027890225506711705,0.0,0,0.0,0,0.5216055298845574,,,,,,,,,,,
966,11/21/1969,0.607,2.444,11.000,5.054,2.444,0.0,2.6100000000000003,0.0,0.0,0.0,0.5216055298845574,0.0,0.0,0.00701890594188464,0.5145866239426728,0.018421076101049753,0.0,0.0,0.0,0.002722101167027238,0.0,0,0.0,0,0.5145866239426728,,,,,,,,,,,
967,11/22/1969,0.821,5.475,11.000,5.054,5.054,0.4209999999999994,0.0,0,0.33157314557265943,0.0,0.8461597695153322,0.0,0.0,0.015720018981720325,0.8304397505336119,0.039832898780250835,0.08942685442733994,0.08942685442733994,0.0,0.006428803379737122,0.08942685442733994,0,0.0,0,0.8304397505336119,,,,,,,,,,,
968,11/23/1969,0.607,0.394,11.000,5.054,0.394,0.0,4.66,0.0,0.0,0.08942685442733994,0.8304397505336119,0.08942685442733994,0.0,0.015236293379486595,0.8152034571541252,0.03866206940029483,0.0,0.0,0.0,0.0062181793728033315,0.0,0,0.0,0,0.8152034571541252,,,,,,,,,,,
969,11/24/1969,0.573,0.289,11.000,5.054,0.289,0.0,4.765000000000001,0.0,0.0,0.0,0.8152034571541252,0.0,0.0,0.01477324155572023,0.800430215598405,0.03753951484380273,0.0,0.0,0.0,0.006016968809119398,0.0,0,0.0,0,0.800430215598405,,,,,,,,,,,
970,11/25/1969,0.477,0.072,11.000,5.054,0.072,0.0,4.982,0.0,0.0,0.0,0.800430215598405,0.0,0.0,0.014329737514232728,0.7861004780841723,0.03646268316304678,0.0,0.0,0.0,0.005824640946602581,0.0,0,0.0,0,0.7861004780841723,,,,,,,,,,,
971,11/26/1969,0.446,0.060,11.000,5.054,0.06,0.0,4.994000000000001,0.0,0.0,0.0,0.7861004780841723,0.0,0.0,0.013904729513486766,0.7721957485706855,0.03542918642739455,0.0,0.0,0.0,0.005640701040043418,0.0,0,0.0,0,0.7721957485706855,,,,,,,,,,,
972,11/27/1969,0.416,0.188,11.000,5.054,0.188,0.0,4.8660000000000005,0.0,0.0,0.0,0.7721957485706855,0.0,0.0,0.013497234335519859,0.7586985142351657,0.03443678834815816,0.0,0.0,0.0,0.005464687496592922,0.0,0,0.0,0,0.7586985142351657,,,,,,,,,,,
973,11/28/1969,0.416,0.270,11.000,5.054,0.27,0.0,4.784000000000001,0.0,0.0,0.0,0.7586985142351657,0.0,0.0,0.013106332060203901,0.7455921821749617,0.03348339297264297,0.0,0.0,0.0,0.005296169287189771,0.0,0,0.0,0,0.7455921821749617,,,,,,,,,,,
974,11/29/1969,0.387,0.152,11.000,5.054,0.152,0.0,4.902,0.0,0.0,0.0,0.7455921821749617,0.0,0.0,0.012731161294847772,0.732861020880114,0.032567034343556456,0.0,0.0,0.0,0.005134743588155599,0.0,0,0.0,0,0.732861020880114,,,,,,,,,,,
975,11/30/1969,0.387,0.000,11.000,5.054,0.0,0.0,5.054,0.0,0.0,0.0,0.732861020880114,0.0,0.0,0.01237091481462198,0.720490106065492,0.03168586703111285,0.0,0.0,0.0,0.004980033630051888,0.0,0,0.0,0,0.720490106065492,,,,,,,,,,,
976,12/1/1969,0.387,0.189,12.000,5.337,0.189,0.0,5.148,0.0,0.0,0.0,0.720490106065492,0.0,0.0,0.01202483557410094,0.7084652704913911,0.030838157455025553,0.0,0.0,0.0,0.004831686733409317,0.0,0,0.0,0,0.7084652704913911,,,,,,,,,,,
977,12/2/1969,0.359,0.777,12.000,5.337,0.777,0.0,4.56,0.0,0.0,0.0,0.7084652704913911,0.0,0.0,0.011692213054464856,0.6967730574369262,0.030022275922288493,0.0,0.0,0.0,0.0046893725131555266,0.0,0,0.0,0,0.6967730574369262,,,,,,,,,,,
978,12/3/1969,0.359,0.451,12.000,5.337,0.451,0.0,4.886,0.0,0.0,0.0,0.6967730574369262,0.0,0.0,0.011372379914652661,0.6854006775222735,0.029236689314351673,0.0,0.0,0.0,0.004552781235519591,0.0,0,0.0,0,0.6854006775222735,,,,,,,,,,,
979,12/4/1969,0.359,0.317,12.000,5.337,0.317,0.0,5.02,0.0,0.0,0.0,0.6854006775222735,0.0,0.0,0.011064708918072878,0.6743359686042006,0.02847995436412377,0.0,0.0,0.0,0.004421622312914436,0.0,0,0.0,0,0.6743359686042006,,,,,,,,,,,
980,12/5/1969,0.331,0.050,12.000,5.337,0.05,0.0,5.287,0.0,0.0,0.0,0.6743359686042006,0.0,0.0,0.01076861010941544,0.6635673584947852,0.027750711469291773,0.0,0.0,0.0,0.004295622923821656,0.0,0,0.0,0,0.6635673584947852,,,,,,,,,,,
981,12/6/1969,0.304,0.363,12.000,5.337,0.363,0.0,4.974,0.0,0.0,0.0,0.6635673584947852,0.0,0.0,0.010483528218711125,0.6530838302760741,0.027047678993830558,0.0,0.0,0.0,0.004174526746051311,0.0,0,0.0,0,0.6530838302760741,,,,,,,,,,,
982,12/7/1969,0.304,0.865,12.000,5.337,0.865,0.0,4.4719999999999995,0.0,0.0,0.0,0.6530838302760741,0.0,0.0,0.010208940272097436,0.6428748900039767,0.02636964801436388,0.0,0.0,0.0,0.004058092792944421,0.0,0,0.0,0,0.6428748900039767,,,,,,,,,,,
983,12/8/1969,0.331,0.008,12.000,5.337,0.008,0.0,5.329,0.0,0.0,0.0,0.6428748900039767,0.0,0.0,0.00994435339080581,0.6329305366131709,0.025715477472305053,0.0,0.0,0.0,0.003946094343146722,0.0,0,0.0,0,0.6329305366131709,,,,,,,,,,,
984,12/9/1969,0.359,0.092,12.000,5.337,0.092,0.0,5.245,0.0,0.0,0.0,0.6329305366131709,0.0,0.0,0.00968930276171569,0.6232412338514552,0.025084089696511627,0.0,0.0,0.0,0.0038383179555251112,0.0,0,0.0,0,0.6232412338514552,,,,,,,,,,,
985,12/10/1969,0.359,0.037,12.000,5.337,0.037,0.0,5.3,0.0,0.0,0.0,0.6232412338514552,0.0,0.0,0.00944334976445314,0.6137978840870021,0.024474466264587807,0.0,0.0,0.0,0.0037345625616374226,0.0,0,0.0,0,0.6137978840870021,,,,,,,,,,,
986,12/11/1969,0.331,0.171,12.000,5.337,0.171,0.0,5.1659999999999995,0.0,0.0,0.0,0.6137978840870021,0.0,0.0,0.009206080241468625,0.6045918038455335,0.023885644174008597,0.0,0.0,0.0,0.0036346386289139504,0.0,0,0.0,0,0.6045918038455335,,,,,,,,,,,
987,12/12/1969,0.304,0.226,12.000,5.337,0.226,0.0,5.111,0.0,0.0,0.0,0.6045918038455335,0.0,0.0,0.00897710289883079,0.5956147009467027,0.023316712296961754,0.0,0.0,0.0,0.0035383673883764236,0.0,0,0.0,0,0.5956147009467027,,,,,,,,,,,
988,12/13/1969,0.304,0.109,12.000,5.337,0.109,0.0,5.228,0.0,0.0,0.0,0.5956147009467027,0.0,0.0,0.008756047826638259,0.5868586531200644,0.022766808095243736,0.0,0.0,0.0,0.003445580121316161,0.0,0,0.0,0,0.5868586531200644,,,,,,,,,,,
989,12/14/1969,0.304,0.002,12.000,5.337,0.002,0.0,5.335,0.0,0.0,0.0,0.5868586531200644,0.0,0.0,0.008542565128995495,0.5783160879910688,0.022235114573735847,0.0,0.0,0.0,0.003356117499886298,0.0,0,0.0,0,0.5783160879910688,,,,,,,,,,,
990,12/15/1969,0.304,0.065,12.000,5.337,0.065,0.0,5.271999999999999,0.0,0.0,0.0,0.5783160879910688,0.0,0.0,0.008336323654435072,0.5699797643366338,0.02172085745295442,0.0,0.0,0.0,0.003269828977040358,0.0,0,0.0,0,0.5699797643366338,,,,,,,,,,,
991,12/16/1969,0.304,0.027,12.000,5.337,0.027,0.0,5.31,0.0,0.0,0.0,0.5699797643366338,0.0,0.0,0.008137009818509533,0.5618427545181243,0.02122330254293868,0.0,0.0,0.0,0.0031865722216774237,0.0,0,0.0,0,0.5618427545181243,,,,,,,,,,,
992,12/17/1969,0.304,0.036,12.000,5.337,0.036,0.0,5.301,0.0,0.0,0.0,0.5618427545181243,0.0,0.0,0.007944326511031833,0.5538984280070924,0.020741753302333566,0.0,0.0,0.0,0.003106212595238264,0.0,0,0.0,0,0.5538984280070924,,,,,,,,,,,
993,12/18/1969,0.278,0.017,12.000,5.337,0.017,0.0,5.319999999999999,0.0,0.0,0.0,0.5538984280070924,0.0,0.0,0.007757992081123609,0.5461404359259688,0.020275548567961592,0.0,0.0,0.0,0.003028622666341925,0.0,0,0.0,0,0.5461404359259688,,,,,,,,,,,
994,12/19/1969,0.278,0.456,12.000,5.337,0.456,0.0,4.880999999999999,0.0,0.0,0.0,0.5461404359259688,0.0,0.0,0.007577739393843195,0.5385626965321256,0.019824060441473636,0.0,0.0,0.0,0.002953681760362623,0.0,0,0.0,0,0.5385626965321256,,,,,,,,,,,
995,12/20/1969,0.304,0.295,12.000,5.337,0.295,0.0,5.042,0.0,0.0,0.0,0.5385626965321256,0.0,0.0,0.007403314952718025,0.5311593815794076,0.019386692320839866,0.0,0.0,0.0,0.0028812755411263737,0.0,0,0.0,0,0.5311593815794076,,,,,,,,,,,
996,12/21/1969,0.416,0.223,12.000,5.337,0.223,0.0,5.114,0.0,0.0,0.0,0.5311593815794076,0.0,0.0,0.007234478083004841,0.5239249034964027,0.018962877065500462,0.0,0.0,0.0,0.002811295622158644,0.0,0,0.0,0,0.5239249034964027,,,,,,,,,,,
997,12/22/1969,0.446,0.525,12.000,5.337,0.525,0.0,4.811999999999999,0.0,0.0,0.0,0.5239249034964027,0.0,0.0,0.007071000170951942,0.5168539033254508,0.01855207528495398,0.0,0.0,0.0,0.002743639205141612,0.0,0,0.0,0,0.5168539033254508,,,,,,,,,,,
998,12/23/1969,0.446,0.654,12.000,5.337,0.654,0.0,4.683,0.0,0.0,0.0,0.5168539033254508,0.0,0.0,0.006912663954745479,0.5099412393707053,0.018153773741429215,0.0,0.0,0.0,0.002678208743444938,0.0,0,0.0,0,0.5099412393707053,,,,,,,,,,,
999,12/24/1969,0.508,0.374,12.000,5.337,0.374,0.0,4.963,0.0,0.0,0.0,0.5099412393707053,0.0,0.0,0.0067592628631909625,0.5031819765075144,0.017767483858073797,0.0,0.0,0.0,0.0026149116287794852,0.0,0,0.0,0,0.5031819765075144,,,,,,,,,,,
1000,12/25/1969,0.573,1.275,12.000,5.337,1.275,0.0,4.061999999999999,0.0,0.0,0.0,0.5031819765075144,0.0,0.0,0.00661060039851569,0.4965713761089987,0.017392740324806606,0.0,0.0,0.0,0.00255365989919138,0.0,0,0.0,0,0.4965713761089987,,,,,,,,,,,
1001,12/26/1969,0.508,1.768,12.000,5.337,1.768,0.0,3.569,0.0,0.0,0.0,0.4965713761089987,0.0,0.0,0.006466489559981364,0.49010488654901735,0.017029099794630777,0.0,0.0,0.0,0.0024943699667659062,0.0,0,0.0,0,0.49010488654901735,,,,,,,,,,,
1002,12/27/1969,0.446,0.040,12.000,5.337,0.04,0.0,5.297,0.0,0.0,0.0,0.49010488654901735,0.0,0.0,0.0063267523052715924,0.48377813424374577,0.016676139663793593,0.0,0.0,0.0,0.0024369623635485953,0.0,0,0.0,0,0.48377813424374577,,,,,,,,,,,
1003,12/28/1969,0.416,0.140,12.000,5.337,0.14,0.0,5.197,0.0,0.0,0.0,0.48377813424374577,0.0,0.0,0.006191219046869481,0.4775869151968763,0.01633345692971695,0.0,0.0,0.0,0.0023813615043160306,0.0,0,0.0,0,0.4775869151968763,,,,,,,,,,,
1004,12/29/1969,0.416,0.400,12.000,5.337,0.4,0.0,4.936999999999999,0.0,0.0,0.0,0.4775869151968763,0.0,0.0,0.006059728180868137,0.47152718701600815,0.016000667121111086,0.0,0.0,0.0,0.0023274954649424896,0.0,0,0.0,0,0.47152718701600815,,,,,,,,,,,
1005,12/30/1969,0.387,0.387,12.000,5.337,0.387,0.0,4.949999999999999,0.0,0.0,0.0,0.47152718701600815,0.0,0.0,0.005932125645864305,0.46559506137014384,0.01567740329513016,0.0,0.0,0.0,0.0022752957752118696,0.0,0,0.0,0,0.46559506137014384,,,,,,,,,,,
1006,12/31/1969,0.359,0.687,12.000,5.337,0.687,0.0,4.6499999999999995,0.0,0.0,0.0,0.46559506137014384,0.0,0.0,0.005808264509774168,0.45978679686036966,0.015363315096835122,0.0,0.0,0.0,0.002224697225018306,0.0,0,0.0,0,0.45978679686036966,,,,,,,,,,,
1007,1/1/1970,0.331,0.602,1.000,5.134,0.602,0.0,4.532,0.0,0.0,0.0,0.45978679686036966,0.0,0.0,0.005688004582582588,0.4540987922777871,0.015058067876600847,0.0,0.0,0.0,0.0021756376829844552,0.0,0,0.0,0,0.4540987922777871,,,,,,,,,,,
1008,1/2/1970,0.304,1.184,1.000,5.134,1.184,0.0,3.95,0.0,0.0,0.0,0.4540987922777871,0.0,0.0,0.0055712120531942,0.4485275802245929,0.014761341861443747,0.0,0.0,0.0,0.002128057926604414,0.0,0,0.0,0,0.4485275802245929,,,,,,,,,,,
1009,1/3/1970,0.387,1.791,1.000,5.134,1.791,0.0,3.3430000000000004,0.0,0.0,0.0,0.4485275802245929,0.0,0.0,0.005457759148698335,0.44306982107589454,0.014472831376556803,0.0,0.0,0.0,0.0020819014830893495,0.0,0,0.0,0,0.44306982107589454,,,,,,,,,,,
1010,1/4/1970,0.359,0.427,1.000,5.134,0.427,0.0,4.707000000000001,0.0,0.0,0.0,0.44306982107589454,0.0,0.0,0.005347523814490918,0.4377222972614036,0.014192244113622902,0.0,0.0,0.0,0.002037114480158836,0.0,0,0.0,0,0.4377222972614036,,,,,,,,,,,
1011,1/5/1970,0.359,0.305,1.000,5.134,0.305,0.0,4.829000000000001,0.0,0.0,0.0,0.4377222972614036,0.0,0.0,0.005240389413816469,0.4324819078475871,0.013919300442737616,0.0,0.0,0.0,0.001993645506080185,0.0,0,0.0,0,0.4324819078475871,,,,,,,,,,,
1012,1/6/1970,0.331,0.038,1.000,5.134,0.038,0.0,5.096,0.0,0.0,0.0,0.4324819078475871,0.0,0.0,0.005136244445403256,0.42734566340218383,0.013653732765011257,0.0,0.0,0.0,0.0019514454783122902,0.0,0,0.0,0,0.42734566340218383,,,,,,,,,,,
1013,1/7/1970,0.304,0.003,1.000,5.134,0.003,0.0,5.131,0.0,0.0,0.0,0.42734566340218383,0.0,0.0,0.0050349822779651885,0.42231068112421866,0.013395284903138651,0.0,0.0,0.0,0.0019104675201600536,0.0,0,0.0,0,0.42231068112421866,,,,,,,,,,,
1014,1/8/1970,0.304,0.129,1.000,5.134,0.129,0.0,5.005000000000001,0.0,0.0,0.0,0.42231068112421866,0.0,0.0,0.004936500900436401,0.41737418022378225,0.013143711527426166,0.0,0.0,0.0,0.0018706668448909352,0.0,0,0.0,0,0.41737418022378225,,,,,,,,,,,
1015,1/9/1970,0.253,0.239,1.000,5.134,0.239,0.0,4.8950000000000005,0.0,0.0,0.0,0.41737418022378225,0.0,0.0,0.004840702686889016,0.41253347753689323,0.0128987776149498,0.0,0.0,0.0,0.0018320006468066955,0.0,0,0.0,0,0.41253347753689323,,,,,,,,,,,
1016,1/10/1970,0.253,0.050,1.000,5.134,0.05,0.0,5.0840000000000005,0.0,0.0,0.0,0.41253347753689323,0.0,0.0,0.00474749417516239,0.40778598336173083,0.012660257939688033,0.0,0.0,0.0,0.001794427998801614,0.0,0,0.0,0,0.40778598336173083,,,,,,,,,,,
1017,1/11/1970,0.253,0.000,1.000,5.134,0.0,0.0,5.134,0.0,0.0,0.0,0.40778598336173083,0.0,0.0,0.004656785858303434,0.4031291975034274,0.012427936591628849,0.0,0.0,0.0,0.0017579097559734097,0.0,0,0.0,0,0.4031291975034274,,,,,,,,,,,
1018,1/12/1970,0.253,0.021,1.000,5.134,0.021,0.0,5.113,0.0,0.0,0.0,0.4031291975034274,0.0,0.0,0.004568491987983312,0.3985607055154441,0.012201606522994245,0.0,0.0,0.0,0.0017224084648852667,0.0,0,0.0,0,0.3985607055154441,,,,,,,,,,,
1019,1/13/1970,0.304,1.100,1.000,5.134,1.1,0.0,4.034000000000001,0.0,0.0,0.0,0.3985607055154441,0.0,0.0,0.004482530389116168,0.3940781751263279,0.01198106911985761,0.0,0.0,0.0,0.0016878882781068629,0.0,0,0.0,0,0.3940781751263279,,,,,,,,,,,
1020,1/14/1970,0.278,0.092,1.000,5.134,0.092,0.0,5.042000000000001,0.0,0.0,0.0,0.3940781751263279,0.0,0.0,0.0043988222849611226,0.3896793528413668,0.011766133797551448,0.0,0.0,0.0,0.0016543148736894726,0.0,0,0.0,0,0.3896793528413668,,,,,,,,,,,
1021,1/15/1970,0.253,0.152,1.000,5.134,0.152,0.0,4.982,0.0,0.0,0.0,0.3896793528413668,0.0,0.0,0.0043172921320399835,0.3853620607093268,0.011556617618375226,0.0,0.0,0.0,0.0016216553792551612,0.0,0,0.0,0,0.3853620607093268,,,,,,,,,,,
1022,1/16/1970,0.278,0.392,1.000,5.134,0.392,0.0,4.742,0.0,0.0,0.0,0.3853620607093268,0.0,0.0,0.004237867464250339,0.3811241932450765,0.011352344930217036,0.0,0.0,0.0,0.0015898783004031172,0.0,0,0.0,0,0.3811241932450765,,,,,,,,,,,
1023,1/17/1970,0.304,1.375,1.000,5.134,1.375,0.0,3.7590000000000003,0.0,0.0,0.0,0.3811241932450765,0.0,0.0,0.004160478745597182,0.37696371449947935,0.011153147024798452,0.0,0.0,0.0,0.0015589534531573084,0.0,0,0.0,0,0.37696371449947935,,,,,,,,,,,
1024,1/18/1970,0.278,1.482,1.000,5.134,1.482,0.0,3.652,0.0,0.0,0.0,0.37696371449947935,0.0,0.0,0.0040850592310064755,0.37287865526847286,0.010958861814340736,0.0,0.0,0.0,0.0015288519001992191,0.0,0,0.0,0,0.37287865526847286,,,,,,,,,,,
1025,1/19/1970,0.977,4.876,1.000,5.134,4.876,0.0,0.258,0.0,0.0,0.0,0.37287865526847286,0.0,0.0,0.004011544834721093,0.36886711043375175,0.010769333525532098,0.0,0.0,0.0,0.0014995458906473952,0.0,0,0.0,0,0.36886711043375175,,,,,,,,,,,
1026,1/20/1970,0.641,3.154,1.000,5.134,3.154,0.0,1.9800000000000004,0.0,0.0,0.0,0.36886711043375175,0.0,0.0,0.003939874005813926,0.36492723642793784,0.010584412409751807,0.0,0.0,0.0,0.0014710088031621763,0.0,0,0.0,0,0.36492723642793784,,,,,,,,,,,
1027,1/21/1970,0.477,3.685,1.000,5.134,3.685,0.0,1.4490000000000003,0.0,0.0,0.0,0.36492723642793784,0.0,0.0,0.0038699876103845915,0.36105724881755324,0.010403954468576759,0.0,0.0,0.0,0.0014432150921693222,0.0,0,0.0,0,0.36105724881755324,,,,,,,,,,,
1028,1/22/1970,0.821,3.683,1.000,5.134,3.683,0.0,1.4510000000000005,0.0,0.0,0.0,0.36105724881755324,0.0,0.0,0.0038018288200355782,0.35725541999751764,0.010227821193661278,0.0,0.0,0.0,0.0014161402370104462,0.0,0,0.0,0,0.35725541999751764,,,,,,,,,,,
1029,1/23/1970,0.784,3.207,1.000,5.134,3.207,0.0,1.9270000000000005,0.0,0.0,0.0,0.35725541999751764,0.0,0.0,0.0037353430062507438,0.3535200769912669,0.010055879320140904,0.0,0.0,0.0,0.0013897606938412662,0.0,0,0.0,0,0.3535200769912669,,,,,,,,,,,
1030,1/24/1970,0.676,2.026,1.000,5.134,2.026,0.0,3.1080000000000005,0.0,0.0,0.0,0.3535200769912669,0.0,0.0,0.003670477640324288,0.3498495993509426,0.009888000592766916,0.0,0.0,0.0,0.0013640538501108307,0.0,0,0.0,0,0.3498495993509426,,,,,,,,,,,
1031,1/25/1970,0.676,4.731,1.000,5.134,4.731,0.0,0.40300000000000047,0.0,0.0,0.0,0.3498495993509426,0.0,0.0,0.0036071821985115865,0.34624241715243104,0.009724061544029898,0.0,0.0,0.0,0.0013389979814660974,0.0,0,0.0,0,0.34624241715243104,,,,,,,,,,,
1032,1/26/1970,0.573,0.431,1.000,5.134,0.431,0.0,4.703,0.0,0.0,0.0,0.34624241715243104,0.0,0.0,0.0035454080720949167,0.3426970090803361,0.009563943283578902,0.0,0.0,0.0,0.0013145722109366548,0.0,0,0.0,0,0.3426970090803361,,,,,,,,,,,
1033,1/27/1970,0.477,0.244,1.000,5.134,0.244,0.0,4.890000000000001,0.0,0.0,0.0,0.3426970090803361,0.0,0.0,0.003485108482077125,0.339211900598259,0.009407531298287244,0.0,0.0,0.0,0.0012907564702640069,0.0,0,0.0,0,0.339211900598259,,,,,,,,,,,
1034,1/28/1970,0.508,0.874,1.000,5.134,0.874,0.0,4.260000000000001,0.0,0.0,0.0,0.339211900598259,0.0,0.0,0.0034262383982349228,0.3357856622000241,0.009254715262357513,0.0,0.0,0.0,0.0012675314632487895,0.0,0,0.0,0,0.3357856622000241,,,,,,,,,,,
1035,1/29/1970,0.477,0.302,1.000,5.134,0.302,0.0,4.832000000000001,0.0,0.0,0.0,0.3357856622000241,0.0,0.0,0.0033687544622807613,0.33241690773774335,0.009105388856896919,0.0,0.0,0.0,0.0012448786309975657,0.0,0,0.0,0,0.33241690773774335,,,,,,,,,,,
1036,1/30/1970,0.416,0.368,1.000,5.134,0.368,0.0,4.766,0.0,0.0,0.0,0.33241690773774335,0.0,0.0,0.003312614914898313,0.32910429282284503,0.008959449598429946,0.0,0.0,0.0,0.0012227801189585571,0.0,0,0.0,0,0.32910429282284503,,,,,,,,,,,
1037,1/31/1970,0.359,0.137,1.000,5.134,0.137,0.0,4.997,0.0,0.0,0.0,0.32910429282284503,0.0,0.0,0.0032577795264315096,0.3258465132964135,0.008816798675848673,0.0,0.0,0.0,0.0012012187456428066,0.0,0,0.0,0,0.3258465132964135,,,,,,,,,,,
1038,2/1/1970,0.359,0.070,2.000,4.866,0.07,0.0,4.795999999999999,0.0,0.0,0.0,0.3258465132964135,0.0,0.0,0.003204209531020973,0.32264230376539255,0.008677340795332163,0.0,0.0,0.0,0.001180177972933906,0.0,0,0.0,0,0.32264230376539255,,,,,,,,,,,
1039,2/2/1970,0.359,0.108,2.000,4.866,0.108,0.0,4.758,0.0,0.0,0.0,0.32264230376539255,0.0,0.0,0.003151867563994628,0.31949043620139794,0.008540984032795393,0.0,0.0,0.0,0.0011596418778956098,0.0,0,0.0,0,0.31949043620139794,,,,,,,,,,,
1040,2/3/1970,0.446,0.974,2.000,4.866,0.974,0.0,3.8919999999999995,0.0,0.0,0.0,0.31949043620139794,0.0,0.0,0.003100717602331275,0.31638971859906667,0.008407639693454986,0.0,0.0,0.0,0.001139595125992376,0.0,0,0.0,0,0.31638971859906667,,,,,,,,,,,
1041,2/4/1970,0.416,0.495,2.000,4.866,0.495,0.0,4.3709999999999996,0.0,0.0,0.0,0.31638971859906667,0.0,0.0,0.0030507249080271586,0.3133389936910395,0.008277222178124342,0.0,0.0,0.0,0.0011200229456432402,0.0,0,0.0,0,0.3133389936910395,,,,,,,,,,,
1042,2/5/1970,0.387,0.424,2.000,4.866,0.424,0.0,4.441999999999999,0.0,0.0,0.0,0.3133389936910395,0.0,0.0,0.0030018559742060013,0.3103371377168335,0.008149648855874185,0.0,0.0,0.0,0.001100911104034392,0.0,0,0.0,0,0.3103371377168335,,,,,,,,,,,
1043,2/6/1970,0.331,3.068,2.000,4.866,3.068,0.0,1.7979999999999996,0.0,0.0,0.0,0.3103371377168335,0.0,0.0,0.0029540784738226883,0.30738305924301085,0.008024839942716354,0.0,0.0,0.0,0.0010822458841204467,0.0,0,0.0,0,0.30738305924301085,,,,,,,,,,,
1044,2/7/1970,0.331,3.377,2.000,4.866,3.377,0.0,1.4889999999999999,0.0,0.0,0.0,0.30738305924301085,0.0,0.0,0.0029073612108199303,0.30447569803219093,0.007902718385989322,0.0,0.0,0.0,0.0010640140627487468,0.0,0,0.0,0,0.30447569803219093,,,,,,,,,,,
1045,2/8/1970,0.416,3.840,2.000,4.866,3.84,0.0,1.0259999999999998,0.0,0.0,0.0,0.30447569803219093,0.0,0.0,0.0028616740736056765,0.3016140239585853,0.007783209754142854,0.0,0.0,0.0,0.0010462028898450316,0.0,0,0.0,0,0.3016140239585853,,,,,,,,,,,
1046,2/9/1970,1.642,11.626,2.000,4.866,4.866,6.76,0.0,0,6.67055855428157,0.0,6.972172578240155,0.0,0.0,0.5284200956767603,6.4437524825633945,1.0978795470930065,0.08944144571843,0.08944144571843,0.0,0.2723344004497217,0.08944144571843,0,0.0,0,6.4437524825633945,,,,,,,,,,,
1047,2/10/1970,0.636,1.838,2.000,4.866,1.838,0.0,3.0279999999999996,0.0,0.0,0.08944144571843,6.4437524825633945,0.08944144571843,0.0,0.4633727901838964,5.980379692379498,0.9715443550962389,0.0,0.0,0.0,0.236755387320804,0.0,0,0.0,0,5.980379692379498,,,,,,,,,,,
1048,2/11/1970,0.400,0.699,2.000,4.866,0.699,0.0,4.167,0.0,0.0,0.0,5.980379692379498,0.0,0.0,0.4091793500010727,5.571200342378425,0.8652235659230796,0.0,0.0,0.0,0.20736178359052093,0.0,0,0.0,0,5.571200342378425,,,,,,,,,,,
1049,2/12/1970,0.353,0.151,2.000,4.866,0.151,0.0,4.715,0.0,0.0,0.0,5.571200342378425,0.0,0.0,0.36359151372741433,5.207608828651011,0.7749426235952528,0.0,0.0,0.0,0.18283241219398916,0.0,0,0.0,0,5.207608828651011,,,,,,,,,,,
1050,2/13/1970,0.267,0.419,2.000,4.866,0.419,0.0,4.447,0.0,0.0,0.0,5.207608828651011,0.0,0.0,0.32490996818372264,4.882698860467289,0.6976636410704028,0.0,0.0,0.0,0.16217656174473197,0.0,0,0.0,0,4.882698860467289,,,,,,,,,,,
1051,2/14/1970,0.247,1.070,2.000,4.866,1.07,0.0,3.7959999999999994,0.0,0.0,0.0,4.882698860467289,0.0,0.0,0.29183161917271233,4.590867241294577,0.6310326118325937,0.0,0.0,0.0,0.14464022140966246,0.0,0,0.0,0,4.590867241294577,,,,,,,,,,,
1052,2/15/1970,0.247,0.368,2.000,4.866,0.368,0.0,4.497999999999999,0.0,0.0,0.0,4.590867241294577,0.0,0.0,0.26334414557909713,4.327523095715479,0.573202829001601,0.0,0.0,0.0,0.12964182335290017,0.0,0,0.0,0,4.327523095715479,,,,,,,,,,,
1053,2/16/1970,0.228,0.492,2.000,4.866,0.492,0.0,4.374,0.0,0.0,0.0,4.327523095715479,0.0,0.0,0.23865182978382918,4.08887126593165,0.5227093125823252,0.0,0.0,0.0,0.11672736359924103,0.0,0,0.0,0,4.08887126593165,,,,,,,,,,,
1054,2/17/1970,0.191,0.181,2.000,4.866,0.181,0.0,4.685,0.0,0.0,0.0,4.08887126593165,0.0,0.0,0.21712250470166444,3.871748761229986,0.4783780594474317,0.0,0.0,0.0,0.10553851695061188,0.0,0,0.0,0,3.871748761229986,,,,,,,,,,,
1055,2/18/1970,0.174,0.019,2.000,4.866,0.019,0.0,4.8469999999999995,0.0,0.0,0.0,3.871748761229986,0.0,0.0,0.19824902405170144,3.6734997371782843,0.4392594941732759,0.0,0.0,0.0,0.0957896301698412,0.0,0,0.0,0,3.6734997371782843,,,,,,,,,,,
1056,2/19/1970,0.157,0.003,2.000,4.866,0.003,0.0,4.8629999999999995,0.0,0.0,0.0,3.6734997371782843,0.0,0.0,0.1816208900958337,3.4918788470824507,0.4045790131615855,0.0,0.0,0.0,0.08725088554106554,0.0,0,0.0,0,3.4918788470824507,,,,,,,,,,,
1057,2/20/1970,0.157,0.088,2.000,4.866,0.088,0.0,4.778,0.0,0.0,0.0,3.4918788470824507,0.0,0.0,0.1669030948782565,3.3249757522041943,0.37369978134490306,0.0,0.0,0.0,0.07973581995698073,0.0,0,0.0,0,3.3249757522041943,,,,,,,,,,,
1058,2/21/1970,0.157,0.605,2.000,4.866,0.605,0.0,4.260999999999999,0.0,0.0,0.0,3.3249757522041943,0.0,0.0,0.15382015644838254,3.1711555957558115,0.3460944310978438,0.0,0.0,0.0,0.07309196250709446,0.0,0,0.0,0,3.1711555957558115,,,,,,,,,,,
1059,2/22/1970,0.157,1.407,2.000,4.866,1.407,0.0,3.4589999999999996,0.0,0.0,0.0,3.1711555957558115,0.0,0.0,0.142143944813508,3.0290116509423033,0.32132330996454,0.0,0.0,0.0,0.06719373425279374,0.0,0,0.0,0,3.0290116509423033,,,,,,,,,,,
1060,2/23/1970,0.247,1.425,2.000,4.866,1.425,0.0,3.441,0.0,0.0,0.0,3.0290116509423033,0.0,0.0,0.13168430548957513,2.897327345452728,0.2990176015008447,0.0,0.0,0.0,0.06193700892300701,0.0,0,0.0,0,2.897327345452728,,,,,,,,,,,
1061,2/24/1970,0.525,3.643,2.000,4.866,3.643,0.0,1.2229999999999999,0.0,0.0,0.0,2.897327345452728,0.0,0.0,0.12228177105814339,2.7750455743945848,0.2788661109984783,0.0,0.0,0.0,0.05723490676470004,0.0,0,0.0,0,2.7750455743945848,,,,,,,,,,,
1062,2/25/1970,0.473,3.875,2.000,4.866,3.875,0.0,0.9909999999999997,0.0,0.0,0.0,2.7750455743945848,0.0,0.0,0.1138018470905956,2.6612437273039893,0.2606048347273354,0.0,0.0,0.0,0.05301451349158141,0.0,0,0.0,0,2.6612437273039893,,,,,,,,,,,
1063,2/26/1970,0.353,3.247,2.000,4.866,3.247,0.0,1.6189999999999998,0.0,0.0,0.0,2.6612437273039893,0.0,0.0,0.10613049647440961,2.55511323082958,0.24400866278594313,0.0,0.0,0.0,0.04921429996049031,0.0,0,0.0,0,2.55511323082958,,,,,,,,,,,
1064,2/27/1970,0.209,3.013,2.000,4.866,3.013,0.0,1.8529999999999998,0.0,0.0,0.0,2.55511323082958,0.0,0.0,0.09917054407633105,2.455942686753249,0.22888473147144178,0.0,0.0,0.0,0.04578207742630725,0.0,0,0.0,0,2.455942686753249,,,,,,,,,,,
1065,2/28/1970,0.400,13.390,2.000,4.866,4.866,8.524000000000001,0.0,0,8.43455855428157,0.0,10.89050124103482,0.0,0.0,1.111165868572525,9.779335372462294,2.185570906619963,0.08944144571843,0.08944144571843,0.0,0.6013709219668314,0.08944144571843,0,0.0,0,9.779335372462294,,,,,,,,,,,
1066,3/1/1970,2.746,11.920,3.000,4.631,4.631,7.289,0.0,0,7.289,0.08944144571843,17.068733521721697,0.0,0.08944144571843,2.3498200681555717,14.718913453566126,4.346489388600906,0.0,0.0,0.00039814925940304455,1.335980471795448,0.08904329645902696,0,0.0,0,14.718913453566126,,,,,,,,,,,
1067,3/2/1970,2.111,15.889,3.000,4.631,4.631,11.258,0.0,0,11.257601850740595,0.08904329645902696,25.97691168120174,0.0,0.08904329645902696,4.731639418888464,21.24527226231328,8.208578700607278,0.0003981492594030382,0.0003981492594030382,0.0003963768950199571,2.816948878439952,0.08904506882341005,0,0.0,0,21.24527226231328,,,,,,,,,,,
1068,3/3/1970,3.503,10.450,3.000,4.631,4.631,5.818999999999999,0.0,0,5.818603623104979,0.08904506882341005,27.06427227020297,0.0,0.08904506882341005,5.06632486820383,21.99794740199914,8.730918130252592,0.00039637689501995115,0.00039637689501995115,0.000396384784713162,3.029796138548317,0.08904506093371685,0,0.0,0,21.99794740199914,,,,,,,,,,,
1069,3/4/1970,2.019,3.980,3.000,4.631,3.98,0.0,0.6510000000000002,0.0,0.0,0.08904506093371685,21.99809689560735,0.0554623676894322,0.03358269324428465,3.5865285799034012,18.41156831570395,6.387396347843328,0.0,0.0,0.00014949360821005147,2.096637599823474,0.0334331996360746,0,0.0,0,18.41156831570395,,,,,,,,,,,
1070,3/5/1970,1.015,3.098,3.000,4.631,3.098,0.0,1.5330000000000004,0.0,0.0,0.0334331996360746,18.41156831570395,0.0334331996360746,0.0,2.6659402870913462,15.745628028612604,4.877027976920203,0.0,0.0,0.0,1.528350008250379,0.0,0,0.0,0,15.745628028612604,,,,,,,,,,,
1071,3/6/1970,0.694,1.019,3.000,4.631,1.019,0.0,3.612,0.0,0.0,0.0,15.745628028612604,0.0,0.0,2.05415127784049,13.691476750772114,3.843695758120534,0.0,0.0,0.0,1.1575907188376264,0.0,0,0.0,0,13.691476750772114,,,,,,,,,,,
1072,3/7/1970,0.580,0.948,3.000,4.631,0.948,0.0,3.6830000000000003,0.0,0.0,0.0,13.691476750772114,0.0,0.0,1.6272324647878522,12.064244285984262,3.104661176390822,0.0,0.0,0.0,0.9030552835063377,0.0,0,0.0,0,12.064244285984262,,,,,,,,,,,
1073,3/8/1970,0.448,0.929,3.000,4.631,0.929,0.0,3.702,0.0,0.0,0.0,12.064244285984262,0.0,0.0,1.3178500042518735,10.746394281732389,2.5575850079084765,0.0,0.0,0.0,0.7212809757216349,0.0,0,0.0,0,10.746394281732389,,,,,,,,,,,
1074,3/9/1970,0.400,1.964,3.000,4.631,1.964,0.0,2.6670000000000003,0.0,0.0,0.0,10.746394281732389,0.0,0.0,1.0867685515027519,9.659625730229637,2.1412643350671745,0.0,0.0,0.0,0.5873083262326231,0.0,0,0.0,0,9.659625730229637,,,,,,,,,,,
1075,3/10/1970,0.353,0.394,3.000,4.631,0.394,0.0,4.237,0.0,0.0,0.0,9.659625730229637,0.0,0.0,0.9098426215518449,8.749783108677793,1.817169845196077,0.0,0.0,0.0,0.4859789979104206,0.0,0,0.0,0,8.749783108677793,,,,,,,,,,,
1076,3/11/1970,0.331,0.964,3.000,4.631,0.964,0.0,3.6670000000000003,0.0,0.0,0.0,8.749783108677793,0.0,0.0,0.7715449937937747,7.978238114884018,1.560021026511428,0.0,0.0,0.0,0.4076625713542809,0.0,0,0.0,0,7.978238114884018,,,,,,,,,,,
1077,3/12/1970,0.353,2.112,3.000,4.631,2.112,0.0,2.519,0.0,0.0,0.0,7.978238114884018,0.0,0.0,0.6615217095034499,7.316716405380568,1.3526535404981415,0.0,0.0,0.0,0.34600875251561286,0.0,0,0.0,0,7.316716405380568,,,,,,,,,,,
1078,3/13/1970,0.981,7.216,3.000,4.631,4.631,2.585,0.0,0,2.49555855428157,0.0,9.812274959662137,0.0,0.0,0.9339320810492231,8.878342878612914,1.8616016209423565,0.08944144571843,0.08944144571843,0.0,0.49970453159072187,0.08944144571843,0,0.0,0,8.878342878612914,,,,,,,,,,,
1079,3/14/1970,1.015,5.325,3.000,4.631,4.631,0.694,0.0,0,0.694,0.08944144571843,9.572741027872318,0.0,0.08944144571843,0.8962440692822268,8.676496958590091,1.7920429401846345,0.0,0.0,0.00039814925940304455,0.4782414173255349,0.08904329645902696,0,0.0,0,8.676496958590091,,,,,,,,,,,
1080,3/15/1970,0.607,2.125,3.000,4.631,2.125,0.0,2.5060000000000002,0.0,0.0,0.08904329645902696,8.676496958590091,0.08904329645902696,0.0,0.7608046228703145,7.915692335719776,1.5398935404217255,0.0,0.0,0.0,0.4016170335590103,0.0,0,0.0,0,7.915692335719776,,,,,,,,,,,
1081,3/16/1970,0.552,3.495,3.000,4.631,3.495,0.0,1.1360000000000001,0.0,0.0,0.0,7.915692335719776,0.0,0.0,0.6529009308532072,7.262791404866569,1.3362892437619995,0.0,0.0,0.0,0.3412050249413945,0.0,0,0.0,0,7.262791404866569,,,,,,,,,,,
1082,3/17/1970,0.424,0.255,3.000,4.631,0.255,0.0,4.376,0.0,0.0,0.0,7.262791404866569,0.0,0.0,0.565637763254904,6.697153641611664,1.1695956720064677,0.0,0.0,0.0,0.2928239362796409,0.0,0,0.0,0,6.697153641611664,,,,,,,,,,,
1083,3/18/1970,0.376,1.425,3.000,4.631,1.425,0.0,3.2060000000000004,0.0,0.0,0.0,6.697153641611664,0.0,0.0,0.4941394739645156,6.203014167647149,1.0314639385882491,0.0,0.0,0.0,0.25354553948928443,0.0,0,0.0,0,6.203014167647149,,,,,,,,,,,
1084,3/19/1970,0.353,9.644,3.000,4.631,4.631,5.013,0.0,0,4.92355855428157,0.0,11.126572721928719,0.0,0.0,1.1515994868494197,9.974973235079299,2.258808986366668,0.08944144571843,0.08944144571843,0.0,0.6247214051960892,0.08944144571843,0,0.0,0,9.974973235079299,,,,,,,,,,,
1085,3/20/1970,0.353,26.341,3.000,4.631,4.631,21.71,0.0,0,21.71,0.08944144571843,31.6853713843387,0.0,0.08944144571843,6.588660269687479,25.09671111465122,11.059822576351253,0.0,0.0,0.00039814925940304455,4.008903354594248,0.08904329645902696,0,0.0,0,25.09671111465122,,,,,,,,,,,
1086,3/21/1970,0.331,2.476,3.000,4.631,2.476,0.0,2.1550000000000002,0.0,0.0,0.08904329645902696,25.09671111465122,0.08904329645902696,0.0,4.467457855040603,20.629253259610618,7.793293355415499,0.0,0.0,0.0,2.6496346226885303,0.0,0,0.0,0,20.629253259610618,,,,,,,,,,,
1087,3/22/1970,0.309,1.338,3.000,4.631,1.338,0.0,3.293,0.0,0.0,0.0,20.629253259610618,0.0,0.0,3.222341942420317,17.4069113171903,5.795501424698599,0.0,0.0,0.0,1.870513305605841,0.0,0,0.0,0,17.4069113171903,,,,,,,,,,,
1088,3/23/1970,0.267,0.890,3.000,4.631,0.89,0.0,3.741,0.0,0.0,0.0,17.4069113171903,0.0,0.0,2.4279252180873083,14.978986099102992,4.478214868514468,0.0,0.0,0.0,1.383360018729935,0.0,0,0.0,0,14.978986099102992,,,,,,,,,,,
1089,3/24/1970,0.353,2.666,3.000,4.631,2.666,0.0,1.9650000000000003,0.0,0.0,0.0,14.978986099102992,0.0,0.0,1.8901799017467293,13.088806197356263,3.561804426214446,0.0,0.0,0.0,1.0593718543930617,0.0,0,0.0,0,13.088806197356263,,,,,,,,,,,
1090,3/25/1970,0.552,3.643,3.000,4.631,3.643,0.0,0.9880000000000004,0.0,0.0,0.0,13.088806197356263,0.0,0.0,1.5096137407736587,11.579192456582604,2.897939571342571,0.0,0.0,0.0,0.8336553700960965,0.0,0,0.0,0,11.579192456582604,,,,,,,,,,,
1091,3/26/1970,0.607,3.326,3.000,4.631,3.326,0.0,1.3050000000000002,0.0,0.0,0.0,11.579192456582604,0.0,0.0,1.2307303164685421,10.348462140114062,2.4014766273683503,0.0,0.0,0.0,0.6705743200120293,0.0,0,0.0,0,10.348462140114062,,,,,,,,,,,
1092,3/27/1970,0.499,0.822,3.000,4.631,0.822,0.0,3.809,0.0,0.0,0.0,10.348462140114062,0.0,0.0,1.0205292808965325,9.32793285921753,2.020516603216648,0.0,0.0,0.0,0.5492340459843219,0.0,0,0.0,0,9.32793285921753,,,,,,,,,,,
1093,3/28/1970,0.424,3.204,3.000,4.631,3.204,0.0,1.427,0.0,0.0,0.0,9.32793285921753,0.0,0.0,0.8583705266964574,8.469562332521072,1.721885611465395,0.0,0.0,0.0,0.45673240976358476,0.0,0,0.0,0,8.469562332521072,,,,,,,,,,,
1094,3/29/1970,0.376,0.831,3.000,4.631,0.831,0.0,3.8000000000000003,0.0,0.0,0.0,8.469562332521072,0.0,0.0,0.7308036801551391,7.738758652365933,1.4835431675766455,0.0,0.0,0.0,0.3847600868719462,0.0,0,0.0,0,7.738758652365933,,,,,,,,,,,
1095,3/30/1970,0.981,5.460,3.000,4.631,4.631,0.8289999999999997,0.0,0,0.7395585558735432,0.0,8.478317208239476,0.0,0.0,0.7320631509191299,7.746254057320346,1.485912683997778,0.08944144412645648,0.08944144412645648,0.0,0.38546685651160667,0.08944144412645648,0,0.0,0,7.746254057320346,,,,,,,,,,,
1096,3/31/1970,5.365,13.695,3.000,4.631,4.631,9.064,0.0,0,9.063999998408027,0.08944144412645648,16.810652204980688,0.0,0.08944144412645648,2.2909030830854946,14.519749121895194,4.246832103211797,1.591973529338757e-09,1.591973529338757e-09,0.0003981492523163626,1.300309028807728,0.08904329646611364,0,0.0,0,14.519749121895194,,,,,,,,,,,
1097,4/1/1970,3.391,4.298,4.000,4.235,4.235,0.06299999999999972,0.0,0,0.0626993424375114,0.08904329646611364,14.582844841227757,0.0,0.08904329646611364,1.8076022355951993,12.775242605632558,3.418944978249781,0.0003006575624883228,0.0003006575624883228,0.00039637689505150355,1.0101168429431797,0.08894757713355046,0,0.0,0,12.775242605632558,,,,,,,,,,,
1098,4/2/1970,1.711,2.688,4.000,4.235,2.688,0.0,1.5470000000000002,0.0,0.0,0.08894757713355046,12.775242605632558,0.08894757713355046,0.0,1.4498209527411534,11.325421652891404,2.7922735637524405,0.0,0.0,0.0,0.7985096875563868,0.0,0,0.0,0,11.325421652891404,,,,,,,,,,,
1099,4/3/1970,1.050,7.430,4.000,4.235,4.235,3.1949999999999994,0.0,0,3.1055585542815694,0.0,14.430980207172972,0.0,0.0,1.776337550171755,12.654642657001217,3.3646930511815576,0.08944144571843,0.08944144571843,0.0,0.9915066809576293,0.08944144571843,0,0.0,0,12.654642657001217,,,,,,,,,,,
1100,4/4/1970,0.947,2.107,4.000,4.235,2.107,0.0,2.128,0.0,0.0,0.08944144571843,12.654642657001217,0.08944144571843,0.0,1.4270819773223897,11.227560679678827,2.751982832054588,0.0,0.0,0.0,0.7851687194740116,0.0,0,0.0,0,11.227560679678827,,,,,,,,,,,
1101,4/5/1970,3.909,14.330,4.000,4.235,4.235,10.094999999999999,0.0,0,10.005558554281569,0.0,21.233119233960394,0.0,0.0,3.3810799658257844,17.85203926813461,6.05433178000051,0.08944144571843,0.08944144571843,0.0,1.9688779012897912,0.08944144571843,0,0.0,0,17.85203926813461,,,,,,,,,,,
1102,4/6/1970,2.746,2.184,4.000,4.235,2.184,0.0,2.051,0.0,0.0,0.08944144571843,17.85203926813461,0.08944144571843,0.0,2.5322825789902814,15.319756689144329,4.653545452290567,0.0,0.0,0.0,1.4468206760193367,0.0,0,0.0,0,15.319756689144329,,,,,,,,,,,
1103,4/7/1970,1.269,0.601,4.000,4.235,0.601,0.0,3.6340000000000003,0.0,0.0,0.0,15.319756689144329,0.0,0.0,1.9623910649974916,13.357365624146837,3.6862306038022283,0.0,0.0,0.0,1.1025600120906374,0.0,0,0.0,0,13.357365624146837,,,,,,,,,,,
1104,4/8/1970,1.050,0.291,4.000,4.235,0.291,0.0,3.9440000000000004,0.0,0.0,0.0,13.357365624146837,0.0,0.0,1.5615904145254753,11.795775209621361,2.9894728638157524,0.0,0.0,0.0,0.864281462264095,0.0,0,0.0,0,11.795775209621361,,,,,,,,,,,
1105,4/9/1970,0.817,0.475,4.000,4.235,0.475,0.0,3.7600000000000002,0.0,0.0,0.0,11.795775209621361,0.0,0.0,1.2693359809651157,10.526439228656246,2.470774332577503,0.0,0.0,0.0,0.6930159608111829,0.0,0,0.0,0,10.526439228656246,,,,,,,,,,,
1106,4/10/1970,0.552,3.725,4.000,4.235,3.725,0.0,0.5100000000000002,0.0,0.0,0.0,10.526439228656246,0.0,0.0,1.0499491281953803,9.476490100460865,2.0742295709577707,0.0,0.0,0.0,0.5661250847056586,0.0,0,0.0,0,9.476490100460865,,,,,,,,,,,
1107,4/11/1970,0.448,0.136,4.000,4.235,0.136,0.0,4.099,0.0,0.0,0.0,9.476490100460865,0.0,0.0,0.8812753718388462,8.595214728622018,1.7643460387124312,0.0,0.0,0.0,0.46973315562660767,0.0,0,0.0,0,8.595214728622018,,,,,,,,,,,
1108,4/12/1970,0.448,0.329,4.000,4.235,0.329,0.0,3.906,0.0,0.0,0.0,8.595214728622018,0.0,0.0,0.7489629415080399,7.846251787113978,1.5176742894345996,0.0,0.0,0.0,0.3949580995678188,0.0,0,0.0,0,7.846251787113978,,,,,,,,,,,
1109,4/13/1970,0.424,1.610,4.000,4.235,1.61,0.0,2.625,0.0,0.0,0.0,7.846251787113978,0.0,0.0,0.6433828976080486,7.20286888950593,1.3182009599780744,0.0,0.0,0.0,0.3359061710593413,0.0,0,0.0,0,7.20286888950593,,,,,,,,,,,
1110,4/14/1970,1.884,4.605,4.000,4.235,4.235,0.3700000000000001,0.0,0,0.2806041886983777,0.0,7.483473078204308,0.0,0.0,0.594571989683674,6.888901088520634,1.22508543002739,0.08939581130162237,0.08939581130162237,0.0,0.30881490923548305,0.08939581130162237,0,0.0,0,6.888901088520634,,,,,,,,,,,
1111,4/15/1970,2.594,3.211,4.000,4.235,3.211,0.0,1.0240000000000005,0.0,0.0,0.08939581130162237,6.888909221225481,0.087568856053141,0.0018269552484813656,0.5179444865675851,6.370964734657896,1.0776215610959308,0.0,0.0,8.132704847317501e-06,0.266584064201032,0.001818822543634048,0,0.0,0,6.370964734657896,,,,,,,,,,,
1112,4/16/1970,0.817,1.069,4.000,4.235,1.069,0.0,3.1660000000000004,0.0,0.0,0.001818822543634048,6.370964734657896,0.001818822543634048,0.0,0.45468201907535993,5.916282715582536,0.954562636196549,0.0,0.0,0.0,0.2320256839834015,0.0,0,0.0,0,5.916282715582536,,,,,,,,,,,
1113,4/17/1970,0.525,0.697,4.000,4.235,0.697,0.0,3.5380000000000003,0.0,0.0,0.0,5.916282715582536,0.0,0.0,0.4018962707652649,5.514386444817271,0.8508545033948898,0.0,0.0,0.0,0.20343035743636087,0.0,0,0.0,0,5.514386444817271,,,,,,,,,,,
1114,4/18/1970,1.231,11.804,4.000,4.235,4.235,7.569,0.0,0,7.47955855428157,0.0,12.99394499909884,0.0,0.0,1.491422938361862,11.502522060736979,2.865835026685997,0.08944144571843,0.08944144571843,0.0,0.8229531074426871,0.08944144571843,0,0.0,0,11.502522060736979,,,,,,,,,,,
1115,4/19/1970,7.225,4.706,4.000,4.235,4.235,0.4710000000000001,0.0,0,0.4710000000000001,0.08944144571843,11.973920209996383,0.0,0.08944144571843,1.3014466738437884,10.672473536152594,2.5282663954210967,0.0,0.0,0.00039814925940304455,0.7117163529675934,0.08904329645902696,0,0.0,0,10.672473536152594,,,,,,,,,,,
1116,4/20/1970,2.746,3.966,4.000,4.235,3.966,0.0,0.26900000000000013,0.0,0.0,0.08904329645902696,10.672767896981975,0.022917195453191434,0.06612610100583553,1.074387349687397,9.598380547294578,2.1187456178880737,0.0,0.0,0.00029436082938068237,0.5801797237208078,0.06583174017645485,0,0.0,0,9.598380547294578,,,,,,,,,,,
1117,4/21/1970,1.231,14.607,4.000,4.235,4.235,10.372,0.0,0,10.348390294458024,0.06583174017645485,19.947063892232567,0.0,0.06583174017645485,3.046707367317004,16.900356524915562,5.507526753134377,0.02360970554197516,0.02360970554197516,0.0002930504799641027,1.762050210443628,0.08914839523846592,0,0.0,0,16.900356524915562,,,,,,,,,,,
1118,4/22/1970,1.194,10.680,4.000,4.235,4.235,6.444999999999999,0.0,0,6.444706949520035,0.08914839523846592,23.345460319178613,0.0,0.08914839523846592,3.9600729009269853,19.38538741825163,6.987742163449378,0.0002930504799640796,0.0002930504799640796,0.0003968447430166176,2.330148366188721,0.08904460097541339,0,0.0,0,19.38538741825163,,,,,,,,,,,
1119,4/23/1970,2.347,7.073,4.000,4.235,4.235,2.838,0.0,0,2.8376031552569834,0.08904460097541339,22.223386956210696,0.0,0.08904460097541339,3.6479554451176375,18.575431511093058,6.4865721026009755,0.0003968447430166159,0.0003968447430166159,0.00039638270208433276,2.1349312422957194,0.08904506301634567,0,0.0,0,18.575431511093058,,,,,,,,,,,
1120,4/24/1970,11.947,22.222,4.000,4.235,4.235,17.987000000000002,0.0,0,17.986603617297916,0.08904506301634567,36.56243151314984,0.0,0.08904506301634567,8.364196518872893,28.198234994276945,13.694998008263767,0.00039638270208433563,0.00039638270208433563,0.0003963847588629718,5.169772234929079,0.08904506095956703,0,0.0,0,28.198234994276945,,,,,,,,,,,
1121,4/25/1970,20.244,28.006,4.000,4.235,4.235,23.771,0.0,0,23.77060361524114,0.08904506095956703,51.969234994267794,0.0,0.08904506095956703,15.02944643001803,36.93978856424977,23.042492643828226,0.00039638475886297046,0.00039638475886297046,0.0003963847497072065,9.65467397516804,0.08904506096872279,0,0.0,0,36.93978856424977,,,,,,,,,,,
1122,4/26/1970,24.404,14.842,4.000,4.235,4.235,10.607,0.0,0,10.606603615250291,0.08904506096872279,47.54678856424981,0.0,0.08904506096872279,12.95888869603392,34.587899868215885,20.214404424678257,0.00039638474970721466,0.00039638474970721466,0.00039638474974796337,8.243781447337064,0.08904506096868205,0,0.0,0,34.587899868215885,,,,,,,,,,,
1123,4/27/1970,14.552,14.877,4.000,4.235,4.235,10.642,0.0,0,10.64160361525025,0.08904506096868205,45.22989986821588,0.0,0.08904506096868205,11.92362993671947,33.30626993149641,18.777186538820917,0.0003963847497479592,0.0003963847497479592,0.000396384749747782,7.5437606860953945,0.08904506096868223,0,0.0,0,33.30626993149641,,,,,,,,,,,
1124,4/28/1970,6.125,5.230,4.000,4.235,4.235,0.9950000000000001,0.0,0,0.9946036152503387,0.08904506096868223,34.3012699314965,0.0,0.08904506096868223,7.519970037211477,26.78129989428502,12.451735416851943,0.0003963847496614066,0.0003963847496614066,0.0003963847497477828,4.615542744207595,0.08904506096859585,0,0.0,0,26.78129989428502,,,,,,,,,,,
1125,4/29/1970,3.170,8.791,4.000,4.235,4.235,4.556,0.0,0,4.555603615250166,0.08904506096859585,31.337299894284936,0.0,0.08904506096859585,6.468472475651589,24.868827418633348,10.878501300454726,0.0003963847498341512,0.0003963847498341512,0.0003963847497473983,3.9310096219791792,0.0890450609686826,0,0.0,0,24.868827418633348,,,,,,,,,,,
1126,4/30/1970,2.445,2.556,4.000,4.235,2.556,0.0,1.6790000000000003,0.0,0.0,0.0890450609686826,24.868827418633348,0.0890450609686826,0.0,4.400053519390622,20.468773899242727,7.686895674072753,0.0,0.0,0.0,2.6070480589602023,0.0,0,0.0,0,20.468773899242727,,,,,,,,,,,
1127,5/1/1970,2.111,1.606,5.000,3.714,1.606,0.0,2.1079999999999997,0.0,0.0,0.0,20.468773899242727,0.0,0.0,3.1806715631401388,17.28810233610259,5.727332108381411,0.0,0.0,0.0,1.8447437478761344,0.0,0,0.0,0,17.28810233610259,,,,,,,,,,,
1128,5/2/1970,1.668,5.851,5.000,3.714,3.714,2.137,0.0,0,2.04755855428157,0.0,19.33566089038416,0.0,0.0,2.892660594822249,16.44300029556191,5.25350125183986,0.08944144571843,0.08944144571843,0.0,1.6672561103177592,0.08944144571843,0,0.0,0,16.44300029556191,,,,,,,,,,,
1129,5/3/1970,1.463,3.137,5.000,3.714,3.137,0.0,0.577,0.0,0.0,0.08944144571843,16.443178686912734,0.04936707676102783,0.04007436895740218,2.2080491613858886,14.235129525526846,4.106246820309594,0.0,0.0,0.00017839135082480315,1.2502473018493638,0.03989597760657738,0,0.0,0,14.235129525526846,,,,,,,,,,,
1130,5/4/1970,2.204,3.153,5.000,3.714,3.153,0.0,0.5609999999999999,0.0,0.0,0.03989597760657738,14.235209452005426,0.0219410533501055,0.01795492425647188,1.7363564344163467,12.498853017589079,3.295181201243613,0.0,0.0,7.992647857970606e-05,0.9677395391896315,0.017874997777892174,0,0.0,0,12.498853017589079,,,,,,,,,,,
1131,5/5/1970,2.251,1.094,5.000,3.714,1.094,0.0,2.62,0.0,0.0,0.017874997777892174,12.498853017589079,0.017874997777892174,0.0,1.3979212701476103,11.100931747441468,2.7002257213194136,0.0,0.0,0.0,0.7680806078044993,0.0,0,0.0,0,11.100931747441468,,,,,,,,,,,
1132,5/6/1970,1.194,4.813,5.000,3.714,3.714,1.0989999999999998,0.0,0,1.0095585542853707,0.0,12.110490301726838,0.0,0.0,1.3262803089357231,10.784209992791114,2.572639879002842,0.08944144571462902,0.08944144571462902,0.0,0.7261996591707486,0.08944144571462902,0,0.0,0,10.784209992791114,,,,,,,,,,,
1133,5/7/1970,1.194,0.750,5.000,3.714,0.75,0.0,2.964,0.0,0.0,0.08944144571462902,10.784209992791114,0.08944144571462902,0.0,1.093149779048257,9.691060213742857,2.152861436460446,0.0,0.0,0.0,0.5909844739897505,0.0,0,0.0,0,9.691060213742857,,,,,,,,,,,
1134,5/8/1970,1.121,0.991,5.000,3.714,0.991,0.0,2.723,0.0,0.0,0.0,9.691060213742857,0.0,0.0,0.9147826759006266,8.77627753784223,1.8262897895134567,0.0,0.0,0.0,0.48879178129661616,0.0,0,0.0,0,8.77627753784223,,,,,,,,,,,
1135,5/9/1970,1.050,1.666,5.000,3.714,1.666,0.0,2.048,0.0,0.0,0.0,8.77627753784223,0.0,0.0,0.7754426655989393,8.00083487224329,1.567319384676782,0.0,0.0,0.0,0.40985786594535184,0.0,0,0.0,0,8.00083487224329,,,,,,,,,,,
1136,5/10/1970,1.015,0.763,5.000,3.714,0.763,0.0,2.951,0.0,0.0,0.0,8.00083487224329,0.0,0.0,0.6646473690669253,7.336187503176365,1.3585824133991564,0.0,0.0,0.0,0.34775147390268324,0.0,0,0.0,0,7.336187503176365,,,,,,,,,,,
1137,5/11/1970,0.947,3.111,5.000,3.714,3.111,0.0,0.6029999999999998,0.0,0.0,0.0,7.336187503176365,0.0,0.0,0.5751968283375085,6.760990674838856,1.18795290351942,0.0,0.0,0.0,0.2981010886452396,0.0,0,0.0,0,6.760990674838856,,,,,,,,,,,
1138,5/12/1970,0.881,1.523,5.000,3.714,1.523,0.0,2.191,0.0,0.0,0.0,6.760990674838856,0.0,0.0,0.5020145904197021,6.258976084419154,1.0467528924137057,0.0,0.0,0.0,0.2578544337846237,0.0,0,0.0,0,6.258976084419154,,,,,,,,,,,
1139,5/13/1970,1.015,3.244,5.000,3.714,3.244,0.0,0.46999999999999975,0.0,0.0,0.0,6.258976084419154,0.0,0.0,0.44143957482586405,5.81753650959329,0.9286378109790708,0.0,0.0,0.0,0.22483033015200862,0.0,0,0.0,0,5.81753650959329,,,,,,,,,,,
1140,5/14/1970,1.711,11.616,5.000,3.714,3.714,7.901999999999999,0.0,0,7.812558554281569,0.0,13.630095063874858,0.0,0.0,1.615091951286705,12.015003112588154,3.083390876656109,0.08944144571843,0.08944144571843,0.0,0.8958761699234914,0.08944144571843,0,0.0,0,12.015003112588154,,,,,,,,,,,
1141,5/15/1970,1.121,2.150,5.000,3.714,2.15,0.0,1.564,0.0,0.0,0.08944144571843,12.015003112588154,0.08944144571843,0.0,1.3088973572106757,10.706105755377479,2.5415876184341406,0.0,0.0,0.0,0.7160597968694568,0.0,0,0.0,0,10.706105755377479,,,,,,,,,,,
1142,5/16/1970,1.121,2.611,5.000,3.714,2.611,0.0,1.1029999999999998,0.0,0.0,0.0,10.706105755377479,0.0,0.0,1.0799864992648731,9.626119256112606,2.128932109347442,0.0,0.0,0.0,0.5834028250749577,0.0,0,0.0,0,9.626119256112606,,,,,,,,,,,
1143,5/17/1970,0.914,0.624,5.000,3.714,0.624,0.0,3.09,0.0,0.0,0.0,9.626119256112606,0.0,0.0,0.9045887333785437,8.721530522734062,1.8074657981034308,0.0,0.0,0.0,0.4829886254869266,0.0,0,0.0,0,8.721530522734062,,,,,,,,,,,
1144,5/18/1970,0.849,0.372,5.000,3.714,0.372,0.0,3.342,0.0,0.0,0.0,8.721530522734062,0.0,0.0,0.7673973345750472,7.954133188159014,1.5522511332871334,0.0,0.0,0.0,0.40532727717455236,0.0,0,0.0,0,7.954133188159014,,,,,,,,,,,
1145,5/19/1970,0.665,0.261,5.000,3.714,0.261,0.0,3.453,0.0,0.0,0.0,7.954133188159014,0.0,0.0,0.6581939347534603,7.295939253405554,1.34633873475122,0.0,0.0,0.0,0.34415393663821175,0.0,0,0.0,0,7.295939253405554,,,,,,,,,,,
1146,5/20/1970,0.694,1.104,5.000,3.714,1.104,0.0,2.61,0.0,0.0,0.0,7.295939253405554,0.0,0.0,0.5699469845828058,6.725992268822749,1.177874190989003,0.0,0.0,0.0,0.2952021531592804,0.0,0,0.0,0,6.725992268822749,,,,,,,,,,,
1147,5/21/1970,0.665,0.781,5.000,3.714,0.781,0.0,2.933,0.0,0.0,0.0,6.725992268822749,0.0,0.0,0.49769092021947325,6.228301348603275,1.0383611876160246,0.0,0.0,0.0,0.2554881691695015,0.0,0,0.0,0,6.228301348603275,,,,,,,,,,,
1148,5/22/1970,0.552,0.260,5.000,3.714,0.26,0.0,3.4539999999999997,0.0,0.0,0.0,6.228301348603275,0.0,0.0,0.43783970244352877,5.790461646159747,0.9215798703083447,0.0,0.0,0.0,0.2228767564445324,0.0,0,0.0,0,5.790461646159747,,,,,,,,,,,
1149,5/23/1970,0.525,0.494,5.000,3.714,0.494,0.0,3.2199999999999998,0.0,0.0,0.0,5.790461646159747,0.0,0.0,0.3877523395843694,5.402709306575377,0.8228917129281463,0.0,0.0,0.0,0.19580888188925935,0.0,0,0.0,0,5.402709306575377,,,,,,,,,,,
1150,5/24/1970,0.525,1.101,5.000,3.714,1.101,0.0,2.613,0.0,0.0,0.0,5.402709306575377,0.0,0.0,0.34544993300781296,5.057259373567565,0.7387803901091139,0.0,0.0,0.0,0.17312584670696127,0.0,0,0.0,0,5.057259373567565,,,,,,,,,,,
1151,5/25/1970,0.525,0.268,5.000,3.714,0.268,0.0,3.4459999999999997,0.0,0.0,0.0,5.057259373567565,0.0,0.0,0.30942672780133695,4.747832645766228,0.6665411574212937,0.0,0.0,0.0,0.15395279065802397,0.0,0,0.0,0,4.747832645766228,,,,,,,,,,,
1152,5/26/1970,0.552,0.638,5.000,3.714,0.638,0.0,3.076,0.0,0.0,0.0,4.747832645766228,0.0,0.0,0.2785211085860907,4.469311537180137,0.6040661857740587,0.0,0.0,0.0,0.1376197596569713,0.0,0,0.0,0,4.469311537180137,,,,,,,,,,,
1153,5/27/1970,0.580,0.966,5.000,3.714,0.966,0.0,2.748,0.0,0.0,0.0,4.469311537180137,0.0,0.0,0.25182576324738787,4.217485773932749,0.5496933657593519,0.0,0.0,0.0,0.123607136618533,0.0,0,0.0,0,4.217485773932749,,,,,,,,,,,
1154,5/28/1970,0.424,2.804,5.000,3.714,2.804,0.0,0.9100000000000001,0.0,0.0,0.0,4.217485773932749,0.0,0.0,0.22862400154627013,3.9888617723864788,0.5020979842520967,0.0,0.0,0.0,0.11150722702419201,0.0,0,0.0,0,3.9888617723864788,,,,,,,,,,,
1155,5/29/1970,0.424,6.314,5.000,3.714,3.714,2.6,0.0,0,2.51055855428157,0.0,6.499420326668049,0.0,0.0,0.47006381234790023,6.029356514320148,0.9846014917637598,0.08944144571843,0.08944144571843,0.0,0.24040076943255426,0.08944144571843,0,0.0,0,6.029356514320148,,,,,,,,,,,
1156,5/30/1970,0.636,5.217,5.000,3.714,3.714,1.5029999999999997,0.0,0,1.5029999999999997,0.08944144571843,7.53275466357955,0.0,0.08944144571843,0.6011121178428634,6.931642545736687,1.237597185797436,0.0,0.0,0.00039814925940304455,0.3124366100650378,0.08904329645902696,0,0.0,0,6.931642545736687,,,,,,,,,,,
1157,5/31/1970,0.849,5.078,5.000,3.714,3.714,1.3640000000000003,0.0,0,1.3636018507405974,0.08904329645902696,8.295640773372305,0.0,0.08904329645902696,0.705963651125981,7.589677122246324,1.4367392298032642,0.00039814925940301555,0.00039814925940301555,0.0003963768950199571,0.37083730188453734,0.08904506882341003,0,0.0,0,7.589677122246324,,,,,,,,,,,
1158,6/1/1970,0.981,8.308,6.000,3.269,3.269,5.039,0.0,0,5.038603623104979,0.08904506882341003,12.628677130136017,0.0,0.08904506882341003,1.4222050338912882,11.20647209624473,2.7433336987959454,0.0003963768950199811,0.0003963768950199811,0.0003963847847131619,0.7823092280571272,0.08904506093371685,0,0.0,0,11.20647209624473,,,,,,,,,,,
1159,6/2/1970,36.809,47.228,6.000,3.269,3.269,43.959,0.0,0,43.95860361521529,0.08904506093371685,55.16547209620961,0.0,0.08904506093371685,16.601398590732092,38.56407350547752,25.15229604481644,0.0003963847847131611,0.0003963847847131611,0.0003963847495921342,10.734504325101463,0.08904506096883787,0,0.0,0,38.56407350547752,,,,,,,,,,,
1160,6/3/1970,66.077,37.356,6.000,3.269,3.269,34.087,0.0,0,34.08660361525041,0.08904506096883787,72.65107350547768,0.0,0.08904506096883787,26.26853411513008,46.3825393903476,37.566413826859716,0.0003963847495921373,0.0003963847495921373,0.00039638474974847566,17.505987051100448,0.08904506096868153,0,0.0,0,46.3825393903476,,,,,,,,,,,
1161,6/4/1970,9.300,1.082,6.000,3.269,1.082,0.0,2.1870000000000003,0.0,0.0,0.08904506096868153,46.3825393903476,0.08904506096868153,0.0,12.434356511032053,33.94818287931555,19.48826710672304,0.0,0.0,0.0,7.888624291127044,0.0,0,0.0,0,33.94818287931555,,,,,,,,,,,
1162,6/5/1970,3.792,3.071,6.000,3.269,3.071,0.0,0.19799999999999995,0.0,0.0,0.0,33.94818287931555,0.0,0.0,7.3913993372479245,26.556783542067627,12.260902361333551,0.0,0.0,0.0,4.531484774100542,0.0,0,0.0,0,26.556783542067627,,,,,,,,,,,
1163,6/6/1970,9.723,11.364,6.000,3.269,3.269,8.095,0.0,0,8.00555855428157,0.0,34.5623420963492,0.0,0.0,7.615604568952458,26.946737527396742,12.593419001209117,0.08944144571843,0.08944144571843,0.0,4.67812889710006,0.08944144571843,0,0.0,0,26.946737527396742,,,,,,,,,,,
1164,6/7/1970,3.969,4.492,6.000,3.269,3.269,1.2229999999999999,0.0,0,1.2229999999999999,0.08944144571843,28.170135676656145,0.0,0.08944144571843,5.416025195470297,22.754110481185847,9.272445231790547,0.0,0.0,0.00039814925940304455,3.253182659670181,0.08904329645902696,0,0.0,0,22.754110481185847,,,,,,,,,,,
1165,6/8/1970,3.909,4.392,6.000,3.269,3.269,1.1230000000000002,0.0,0,1.1226018507406021,0.08904329645902696,23.877108708821467,0.0,0.08904329645902696,4.111516202187518,19.76559250663395,7.229327084001381,0.0003981492593980806,0.0003981492593980806,0.0003963768950199571,2.4252408204918257,0.0890450688234051,0,0.0,0,19.76559250663395,,,,,,,,,,,
1166,6/9/1970,2.494,4.200,6.000,3.269,3.269,0.931,0.0,0,0.9306036231053365,0.0890450688234051,20.696592514524003,0.0,0.0890450688234051,3.239891949467647,17.456700565056355,5.824183582366448,0.00039637689466358463,0.00039637689466358463,0.00039638478471313996,1.8813730611529662,0.08904506093335554,0,0.0,0,17.456700565056355,,,,,,,,,,,
1167,6/10/1970,1.753,2.445,6.000,3.269,2.445,0.0,0.8240000000000003,0.0,0.0,0.08904506093335554,17.4567844485763,0.07020121501676627,0.018843845916589275,2.439530171918512,15.017254276657788,4.4977497471814285,0.0,0.0,8.388351994682854e-05,1.390408367970179,0.018759962396642446,0,0.0,0,15.017254276657788,,,,,,,,,,,
1168,6/11/1970,1.463,0.403,6.000,3.269,0.403,0.0,2.866,0.0,0.0,0.018759962396642446,15.017254276657788,0.018759962396642446,0.0,1.8982351111524258,13.119019165505362,3.5757069961997883,0.0,0.0,0.0,1.0641842223508362,0.0,0,0.0,0,13.119019165505362,,,,,,,,,,,
1169,6/12/1970,1.307,0.956,6.000,3.269,0.956,0.0,2.313,0.0,0.0,0.0,13.119019165505362,0.0,0.0,1.515425958744517,11.603593206760845,2.908189734539351,0.0,0.0,0.0,0.8370766881040324,0.0,0,0.0,0,11.603593206760845,,,,,,,,,,,
1170,6/13/1970,1.050,0.755,6.000,3.269,0.755,0.0,2.5140000000000002,0.0,0.0,0.0,11.603593206760845,0.0,0.0,1.2350558674796763,10.368537339281168,2.409250814517825,0.0,0.0,0.0,0.6730865044054233,0.0,0,0.0,0,10.368537339281168,,,,,,,,,,,
1171,6/14/1970,1.015,0.767,6.000,3.269,0.767,0.0,2.5020000000000002,0.0,0.0,0.0,10.368537339281168,0.0,0.0,1.0238309910726864,9.344706348208483,2.026551433985019,0.0,0.0,0.0,0.5511281028008811,0.0,0,0.0,0,9.344706348208483,,,,,,,,,,,
1172,6/15/1970,0.914,0.782,6.000,3.269,0.782,0.0,2.487,0.0,0.0,0.0,9.344706348208483,0.0,0.0,0.8609446048549039,8.483761743353579,1.7266622052392002,0.0,0.0,0.0,0.4581923244050763,0.0,0,0.0,0,8.483761743353579,,,,,,,,,,,
1173,6/16/1970,0.881,0.662,6.000,3.269,0.662,0.0,2.607,0.0,0.0,0.0,8.483761743353579,0.0,0.0,0.7328468356508461,7.750914907702733,1.4873869030072517,0.0,0.0,0.0,0.38590667255485184,0.0,0,0.0,0,7.750914907702733,,,,,,,,,,,
1174,6/17/1970,0.849,0.244,6.000,3.269,0.244,0.0,3.0250000000000004,0.0,0.0,0.0,7.750914907702733,0.0,0.0,0.6304065639332543,7.120508343769479,1.2935047750500521,0.0,0.0,0.0,0.32869034153410875,0.0,0,0.0,0,7.120508343769479,,,,,,,,,,,
1175,6/18/1970,0.817,0.884,6.000,3.269,0.884,0.0,2.3850000000000002,0.0,0.0,0.0,7.120508343769479,0.0,0.0,0.5472899134021971,6.573218430367282,1.134289657800592,0.0,0.0,0.0,0.28271138438612026,0.0,0,0.0,0,6.573218430367282,,,,,,,,,,,
1176,6/19/1970,0.947,3.394,6.000,3.269,3.269,0.125,0.0,0,0.04586009687261974,0.0,6.6190785272399015,0.0,0.0,0.48457573943623333,6.134502787803668,1.0128705948733028,0.07913990312738026,0.07913990312738026,0.0,0.24831879198698778,0.07913990312738026,0,0.0,0,6.134502787803668,,,,,,,,,,,
1177,6/20/1970,0.785,0.573,6.000,3.269,0.573,0.0,2.696,0.0,0.0,0.07913990312738026,6.134502787803668,0.07913990312738026,0.0,0.42690514764695553,5.707597640156712,0.9001135649184051,0.0,0.0,0.0,0.21694932082992613,0.0,0,0.0,0,5.707597640156712,,,,,,,,,,,
1178,6/21/1970,1.585,3.001,6.000,3.269,3.001,0.0,0.26800000000000024,0.0,0.0,0.0,5.707597640156712,0.0,0.0,0.3785483528787579,5.329049287277955,0.8046533646137689,0.0,0.0,0.0,0.19085907782166778,0.0,0,0.0,0,5.329049287277955,,,,,,,,,,,
1179,6/22/1970,5.165,18.766,6.000,3.269,3.269,15.496999999999998,0.0,0,15.407558554281568,0.0,20.736607841559522,0.0,0.0,3.250338827871229,17.486269013688293,5.841249137659176,0.08944144571843,0.08944144571843,0.0,1.8878393165427167,0.08944144571843,0,0.0,0,17.486269013688293,,,,,,,,,,,
1180,6/23/1970,2.347,4.655,6.000,3.269,3.269,1.3860000000000001,0.0,0,1.3860000000000001,0.08944144571843,18.872667162947696,0.0,0.08944144571843,2.778142890835347,16.09452427211235,5.063742160330329,0.0,0.0,0.00039814925940304455,1.5970006289066758,0.08904329645902696,0,0.0,0,16.09452427211235,,,,,,,,,,,
1181,6/24/1970,2.695,15.820,6.000,3.269,3.269,12.551,0.0,0,12.550601850740597,0.08904329645902696,28.645522499747962,0.0,0.08904329645902696,5.569211252988918,23.076311246759044,9.508361432532853,0.0003981492594030382,0.0003981492594030382,0.0003963768950199571,3.3513401264455065,0.08904506882341005,0,0.0,0,23.076311246759044,,,,,,,,,,,
1182,6/25/1970,1.884,2.534,6.000,3.269,2.534,0.0,0.7350000000000003,0.0,0.0,0.08904506882341005,23.076428883457293,0.06261880753488548,0.026426261288524572,3.884306109935896,19.192122773521398,6.866495392550974,0.0,0.0,0.00011763669824770463,2.282662968818421,0.026308624590276868,0,0.0,0,19.192122773521398,,,,,,,,,,,
1183,6/26/1970,1.384,1.299,6.000,3.269,1.299,0.0,1.9700000000000002,0.0,0.0,0.026308624590276868,19.192122773521398,0.026308624590276868,0.0,2.8569598259445685,16.33516294757683,5.194429739114792,0.0,0.0,0.0,1.6453340564588317,0.0,0,0.0,0,16.33516294757683,,,,,,,,,,,
1184,6/27/1970,1.121,0.670,6.000,3.269,0.67,0.0,2.599,0.0,0.0,0.0,16.33516294757683,0.0,0.0,2.1839275647846126,14.151235382792217,4.065218992313869,0.0,0.0,0.0,1.2356956438481468,0.0,0,0.0,0,14.151235382792217,,,,,,,,,,,
1185,6/28/1970,0.947,0.844,6.000,3.269,0.844,0.0,2.4250000000000003,0.0,0.0,0.0,14.151235382792217,0.0,0.0,1.7193186314537927,12.431916751338424,3.2655122996971064,0.0,0.0,0.0,0.9576221504922646,0.0,0,0.0,0,12.431916751338424,,,,,,,,,,,
1186,6/29/1970,0.849,2.479,6.000,3.269,2.479,0.0,0.79,0.0,0.0,0.0,12.431916751338424,0.0,0.0,1.3854661948643177,11.046450556474106,2.678088792264141,0.0,0.0,0.0,0.7607890779049616,0.0,0,0.0,0,11.046450556474106,,,,,,,,,,,
1187,6/30/1970,0.785,3.613,6.000,3.269,3.269,0.34399999999999986,0.0,0,0.25464015572912246,0.0,11.301090712203228,0.0,0.0,1.181860940064331,10.119229772138898,2.313470118121697,0.08935984427087738,0.08935984427087738,0.0,0.6422328860078826,0.08935984427087738,0,0.0,0,10.119229772138898,,,,,,,,,,,
1188,7/1/1970,1.121,3.870,7.000,3.463,3.463,0.40700000000000003,0.0,0,0.4069184076602572,0.08935984427087738,10.526545965809108,0.0,0.08935984427087738,1.0499668722392066,9.476579093569901,2.0742619262721793,8.159233974278841e-05,8.159233974278841e-05,0.00039778600995366096,0.5661352817164733,0.08904365060066652,0,0.0,0,9.476579093569901,,,,,,,,,,,
1189,7/2/1970,1.585,5.098,7.000,3.463,3.463,1.6349999999999998,0.0,0,1.6346022048822364,0.08904365060066652,11.111577676923622,0.0,0.08904365060066652,1.14901400552186,9.962563671401762,2.254132873087641,0.0003977951177634842,0.0003977951177634842,0.00039637847148409386,0.6232266498258449,0.08904506724694591,0,0.0,0,9.962563671401762,,,,,,,,,,,
1190,7/3/1970,1.157,0.255,7.000,3.463,0.255,0.0,3.208,0.0,0.0,0.08904506724694591,9.962563671401762,0.08904506724694591,0.0,0.9578943862551762,9.004669285146585,1.9056996865734561,0.0,0.0,0.0,0.5133807504721695,0.0,0,0.0,0,9.004669285146585,,,,,,,,,,,
1191,7/4/1970,0.849,0.610,7.000,3.463,0.61,0.0,2.853,0.0,0.0,0.0,9.004669285146585,0.0,0.0,0.809366807610812,8.195302477535773,1.6307121408662741,0.0,0.0,0.0,0.4289953420755903,0.0,0,0.0,0,8.195302477535773,,,,,,,,,,,
1192,7/5/1970,0.817,0.950,7.000,3.463,0.95,0.0,2.513,0.0,0.0,0.0,8.195302477535773,0.0,0.0,0.6917896981624749,7.503512779373297,1.4099708925647092,0.0,0.0,0.0,0.3629071925830778,0.0,0,0.0,0,7.503512779373297,,,,,,,,,,,
1193,7/6/1970,0.785,0.922,7.000,3.463,0.922,0.0,2.541,0.0,0.0,0.0,7.503512779373297,0.0,0.0,0.5972279929690606,6.906284786404236,1.2301679118012805,0.0,0.0,0.0,0.3102853991537686,0.0,0,0.0,0,6.906284786404236,,,,,,,,,,,
1194,7/7/1970,0.754,0.514,7.000,3.463,0.514,0.0,2.949,0.0,0.0,0.0,6.906284786404236,0.0,0.0,0.520123627507656,6.386161158896581,1.0818383169408732,0.0,0.0,0.0,0.267779626519009,0.0,0,0.0,0,6.386161158896581,,,,,,,,,,,
1195,7/8/1970,0.785,1.376,7.000,3.463,1.376,0.0,2.087,0.0,0.0,0.0,6.386161158896581,0.0,0.0,0.4564910159280193,5.929670142968561,0.9580994915301899,0.0,0.0,0.0,0.23300969228478388,0.0,0,0.0,0,5.929670142968561,,,,,,,,,,,
1196,7/9/1970,2.746,1.351,7.000,3.463,1.351,0.0,2.112,0.0,0.0,0.0,5.929670142968561,0.0,0.0,0.4034131056386261,5.526257037329935,0.8538487691164038,0.0,0.0,0.0,0.20424876540030493,0.0,0,0.0,0,5.526257037329935,,,,,,,,,,,
1197,7/10/1970,1.974,0.286,7.000,3.463,0.286,0.0,3.177,0.0,0.0,0.0,5.526257037329935,0.0,0.0,0.35871613605877317,5.1675409012711615,0.7652380855233373,0.0,0.0,0.0,0.18022066479843588,0.0,0,0.0,0,5.1675409012711615,,,,,,,,,,,
1198,7/11/1970,1.585,0.380,7.000,3.463,0.38,0.0,3.083,0.0,0.0,0.0,5.1675409012711615,0.0,0.0,0.32075417349253055,4.846786727778631,0.6893212609029404,0.0,0.0,0.0,0.15996666743094426,0.0,0,0.0,0,4.846786727778631,,,,,,,,,,,
1199,7/12/1970,0.607,0.604,7.000,3.463,0.604,0.0,2.859,0.0,0.0,0.0,4.846786727778631,0.0,0.0,0.28826303924932567,4.558523688529306,0.6238118876252232,0.0,0.0,0.0,0.1427559102055386,0.0,0,0.0,0,4.558523688529306,,,,,,,,,,,
1200,7/13/1970,0.580,0.115,7.000,3.463,0.115,0.0,3.348,0.0,0.0,0.0,4.558523688529306,0.0,0.0,0.2602592284013737,4.298264460127932,0.5669138342806879,0.0,0.0,0.0,0.1280238445015611,0.0,0,0.0,0,4.298264460127932,,,,,,,,,,,
1201,7/14/1970,0.525,0.453,7.000,3.463,0.453,0.0,3.0100000000000002,0.0,0.0,0.0,4.298264460127932,0.0,0.0,0.23596866350539403,4.0622957966225375,0.5172004723516654,0.0,0.0,0.0,0.11532916085264194,0.0,0,0.0,0,4.0622957966225375,,,,,,,,,,,
1202,7/15/1970,0.473,0.397,7.000,3.463,0.397,0.0,3.066,0.0,0.0,0.0,4.0622957966225375,0.0,0.0,0.21477563759265733,3.84752015902988,0.47352723826073634,0.0,0.0,0.0,0.10432312726033084,0.0,0,0.0,0,3.84752015902988,,,,,,,,,,,
1203,7/16/1970,0.448,1.354,7.000,3.463,1.354,0.0,2.109,0.0,0.0,0.0,3.84752015902988,0.0,0.0,0.19618567115434182,3.6513344878755385,0.4349674085701018,0.0,0.0,0.0,0.09472742692370985,0.0,0,0.0,0,3.6513344878755385,,,,,,,,,,,
1204,7/17/1970,0.473,4.501,7.000,3.463,3.463,1.0380000000000003,0.0,0,0.9485585542964393,0.0,4.599893042171978,0.0,0.0,0.26420761684316096,4.335685425328816,0.5749621639998151,0.08944144570356097,0.08944144570356097,0.0,0.13009492125009703,0.08944144570356097,0,0.0,0,4.335685425328816,,,,,,,,,,,
1205,7/18/1970,0.473,14.989,7.000,3.463,3.463,11.526,0.0,0,11.52599999998513,0.08944144570356097,15.862083574573283,0.0,0.08944144570356097,2.0795346815770057,13.782548892996278,3.8871310635419967,1.4869035852534892e-11,1.4869035852534892e-11,0.00039814925933685493,1.1728426282624884,0.08904329645909315,0,0.0,0,13.782548892996278,,,,,,,,,,,
1206,7/19/1970,3.850,41.746,7.000,3.463,3.463,38.283,0.0,0,38.28260185074066,0.08904329645909315,52.065547120631955,0.0,0.08904329645909315,15.07589737244282,36.98964974818914,23.105277773360047,0.0003981492593368531,0.0003981492593368531,0.00039637689502025175,9.686479983557351,0.08904506882340975,0,0.0,0,36.98964974818914,,,,,,,,,,,
1207,7/20/1970,98.180,83.491,7.000,3.463,3.463,80.028,0.0,0,80.02760362310498,0.08904506882340975,117.01764975607882,0.0,0.08904506882340975,58.13683664985862,58.8808131062202,74.22736710154831,0.00039637689502026037,0.00039637689502026037,0.00039638478471316067,40.82294555916112,0.08904506093371685,0,0.0,0,58.8808131062202,,,,,,,,,,,
1208,7/21/1970,165.156,83.728,7.000,3.463,3.463,80.265,0.0,0,80.2646036152153,0.08904506093371685,139.14581310618507,0.0,0.08904506093371685,77.59183391093121,61.55397919525386,94.5878428881278,0.0003963847847131611,0.0003963847847131611,0.0003963847495921342,55.528763722430746,0.08904506096883787,0,0.0,0,61.55397919525386,,,,,,,,,,,
1209,7/22/1970,78.782,7.725,7.000,3.463,3.463,4.262,0.0,0,4.261603615250407,0.08904506096883787,65.81597919525402,0.0,0.08904506096883787,22.28014553539045,43.53583365986357,32.548686908143644,0.0003963847495921373,0.0003963847495921373,0.00039638474974847566,14.688007456427716,0.08904506096868153,0,0.0,0,43.53583365986357,,,,,,,,,,,
1210,7/23/1970,26.791,2.884,7.000,3.463,2.884,0.0,0.5790000000000002,0.0,0.0,0.08904506096868153,43.536010459404544,0.04932828095889038,0.039716780009791154,11.188713659182953,32.34729680022159,17.7466202264536,0.0,0.0,0.00017679954097067526,7.049228967392264,0.03953998046882048,0,0.0,0,32.34729680022159,,,,,,,,,,,
1211,7/24/1970,13.563,2.826,7.000,3.463,2.826,0.0,0.637,0.0,0.0,0.03953998046882048,32.347362880447456,0.024695520017531374,0.014844460451289104,6.819678677771404,25.527684202676053,11.407227789789085,0.0,0.0,6.608022586670558e-05,4.1588878224392,0.014778380225422398,0,0.0,0,25.527684202676053,,,,,,,,,,,
1212,7/25/1970,11.855,5.897,7.000,3.463,3.463,2.434,0.0,0,2.3593369345069926,0.014778380225422398,27.887086923252294,0.0,0.014778380225422398,5.3256304710959625,22.56145645215633,9.132865846913262,0.07466306549300761,0.07466306549300761,6.57860692508472e-05,3.195345499475183,0.08937565964917915,0,0.0,0,22.56145645215633,,,,,,,,,,,
1213,7/26/1970,11.035,6.100,7.000,3.463,3.463,2.6369999999999996,0.0,0,2.636934213930749,0.08937565964917915,25.198788522499306,0.0,0.08937565964917915,4.497783509495798,20.70100501300351,7.841103069483579,6.57860692508482e-05,6.57860692508482e-05,0.0003978564122275447,2.668808430934231,0.08904358930620246,0,0.0,0,20.70100501300351,,,,,,,,,,,
1214,7/27/1970,8.802,6.195,7.000,3.463,3.463,2.732,0.0,0,2.731602143587773,0.08904358930620246,23.43300353478991,0.0,0.08904358930620246,3.9848536410583715,19.44814989373154,7.027341977096378,0.0003978564122275434,0.0003978564122275434,0.0003963781986313322,2.3456922589487315,0.08904506751979867,0,0.0,0,19.44814989373154,,,,,,,,,,,
1215,7/28/1970,15.260,17.274,7.000,3.463,3.463,13.811,0.0,0,13.810603621801368,0.08904506751979867,33.25914990031182,0.0,0.08904506751979867,7.143060893182238,26.11608900712958,11.891129023442389,0.00039637819863133617,0.00039637819863133617,0.0003963847789101263,4.369397743098349,0.08904506093951987,0,0.0,0,26.11608900712958,,,,,,,,,,,
1216,7/29/1970,14.854,4.652,7.000,3.463,3.463,1.189,0.0,0,1.188603615221091,0.08904506093951987,27.30508900710029,0.0,0.08904506093951987,5.141680729241677,22.16340827785861,8.847967741717584,0.0003963847789089992,0.0003963847789089992,0.0003963847496179664,3.0778496136300397,0.0890450609688109,0,0.0,0,22.16340827785861,,,,,,,,,,,
1217,7/30/1970,8.236,3.343,7.000,3.463,3.343,0.0,0.1200000000000001,0.0,0.0,0.0890450609688109,22.16375915272053,0.010223477918955219,0.07882158304985568,3.6316569266673997,18.53210222605313,6.4602754500499255,0.0,0.0,0.00035087486191884065,2.124766544781039,0.07847070818793683,0,0.0,0,18.53210222605313,,,,,,,,,,,
1218,7/31/1970,8.639,7.523,7.000,3.463,3.463,4.06,0.0,0,4.049029262469507,0.07847070818793683,22.581480801462504,0.0,0.07847070818793683,3.746448851971942,18.835031949490563,6.64521434084772,0.010970737530493178,0.010970737530493178,0.0003493129398669999,2.1964205825551395,0.08909213277856302,0,0.0,0,18.835031949490563,,,,,,,,,,,
1219,8/1/1970,8.639,5.824,8.000,3.792,3.792,2.032,0.0,0,2.031650687060133,0.08909213277856302,20.867079230840954,0.0,0.08909213277856302,3.284494607812191,17.58258462302876,5.897003667137018,0.0003493129398669861,0.0003493129398669861,0.00039659429025880945,1.9089900837924454,0.0890448514281712,0,0.0,0,17.58258462302876,,,,,,,,,,,
1220,8/2/1970,7.608,8.617,8.000,3.792,3.792,4.825000000000001,0.0,0,4.824603405709742,0.0890448514281712,22.40758441255548,0.0,0.0890448514281712,3.698487711642337,18.709096700913143,6.568021581955101,0.0003965942902588,0.0003965942902588,0.0003963838169766429,2.1664650252422253,0.08904506190145337,0,0.0,0,18.709096700913143,,,,,,,,,,,
1221,8/3/1970,5.705,6.401,8.000,3.792,3.792,2.609,0.0,0,2.6086036161830233,0.08904506190145337,21.318096701850067,0.0,0.08904506190145337,3.403662511778216,17.91443419007185,6.091046383093117,0.0003963838169766372,0.0003963838169766372,0.00039638475390002043,1.982896589136978,0.08904506096452998,0,0.0,0,17.91443419007185,,,,,,,,,,,
1222,8/4/1970,5.637,9.071,8.000,3.792,3.792,5.279,0.0,0,5.2786036152461,0.08904506096452998,23.19343419006768,0.0,0.08904506096452998,3.9171861342317027,19.27624805583598,6.919143864348389,0.0003963847539000237,0.0003963847539000237,0.00039638474972929905,2.3032624833455726,0.08904506096870071,0,0.0,0,19.27624805583598,,,,,,,,,,,
1223,8/5/1970,5.705,2.663,8.000,3.792,2.663,0.0,1.129,0.0,0.0,0.08904506096870071,19.27624805583598,0.08904506096870071,0.0,2.8778619386159825,16.398386117219996,5.229024288351304,0.0,0.0,0.0,1.6581668238038338,0.0,0,0.0,0,16.398386117219996,,,,,,,,,,,
1224,8/6/1970,8.396,5.327,8.000,3.792,3.792,1.5350000000000001,0.0,0,1.4455585542815703,0.0,17.843944671501568,0.0,0.0,2.5303691927479846,15.313575478753583,4.650337513224349,0.08944144571842978,0.08944144571842978,0.0,1.4456555570238372,0.08944144571842978,0,0.0,0,15.313575478753583,,,,,,,,,,,
1225,8/7/1970,6.125,7.997,8.000,3.792,3.792,4.205,0.0,0,4.205,0.08944144571842978,19.518973628012986,0.0,0.08944144571842978,2.938511583154892,16.580462044858095,5.329255722739193,2.1845989526319693e-16,2.1845989526319693e-16,0.0003981492594030436,1.6954370032394996,0.08904329645902696,0,0.0,0,16.580462044858095,,,,,,,,,,,
1226,8/8/1970,3.733,1.144,8.000,3.792,1.144,0.0,2.6479999999999997,0.0,0.0,0.08904329645902696,16.580462044858095,0.08904329645902696,0.0,2.2388594273142552,14.34160261754384,4.158586056496665,0.0,0.0,0.0,1.2688491887054472,0.0,0,0.0,0,14.34160261754384,,,,,,,,,,,
1227,8/9/1970,2.594,1.768,8.000,3.792,1.768,0.0,2.024,0.0,0.0,0.0,14.34160261754384,0.0,0.0,1.75803932729902,12.58356329024482,3.3328983845745768,0.0,0.0,0.0,0.9806247172948591,0.0,0,0.0,0,12.58356329024482,,,,,,,,,,,
1228,8/10/1970,2.347,14.893,8.000,3.792,3.792,11.101,0.0,0,11.01155855428157,0.0,23.59512184452639,0.0,0.0,4.030907375421134,19.564214469105256,7.100863875180686,0.08944144571843,0.08944144571843,0.0,2.3745966562688428,0.08944144571843,0,0.0,0,19.564214469105256,,,,,,,,,,,
1229,8/11/1970,68.409,84.545,8.000,3.792,3.792,80.753,0.0,0,80.753,0.08944144571843,100.31761261836465,0.0,0.08944144571843,44.97740814936213,55.34020446900252,59.693091908475665,0.0,0.0,0.00039814925940304455,31.053706790584094,0.08904329645902696,0,0.0,0,55.34020446900252,,,,,,,,,,,
1230,8/12/1970,51.600,4.515,8.000,3.792,3.792,0.7229999999999999,0.0,0,0.722601850778596,0.08904329645902696,56.063202696676136,0.0,0.08904329645902696,17.05410574105652,39.00909695561961,25.754413751322062,0.0003981492214038762,0.0003981492214038762,0.0003963768950199571,11.046764618676187,0.0890450687854109,0,0.0,0,39.00909695561961,,,,,,,,,,,
1231,8/13/1970,16.191,5.675,8.000,3.792,3.792,1.883,0.0,0,1.882603623066981,0.0890450687854109,40.89209696347114,0.0,0.0890450687854109,10.079324208145083,30.81277275532606,16.17341265063664,0.00039637693301911134,0.00039637693301911134,0.0003963847845440085,6.306797764967619,0.08904506093388599,0,0.0,0,30.81277275532606,,,,,,,,,,,
1232,8/14/1970,9.894,7.756,8.000,3.792,3.792,3.9640000000000004,0.0,0,3.9636036152154563,0.08904506093388599,34.776772755291105,0.0,0.08904506093388599,7.694514825030135,27.082257930260973,12.710158262148502,0.0003963847845440136,0.0003963847845440136,0.0003963847495928871,4.729809157977344,0.08904506096883712,0,0.0,0,27.082257930260973,,,,,,,,,,,
1233,8/15/1970,17.465,15.916,8.000,3.792,3.792,12.124,0.0,0,12.123603615250408,0.08904506096883712,39.20625793026113,0.0,0.08904506096883712,9.396326508495708,29.809931421765423,15.193575088712459,0.00039638474959289037,0.00039638474959289037,0.0003963847497484723,5.852351898640323,0.08904506096868153,0,0.0,0,29.809931421765423,,,,,,,,,,,
1234,8/16/1970,15.878,6.229,8.000,3.792,3.792,2.4370000000000003,0.0,0,2.436603615250252,0.08904506096868153,32.246931421765424,0.0,0.08904506096868153,6.784425870959467,25.462505550805957,11.354308580530555,0.0003963847497484729,0.0003963847497484729,0.0003963847497477797,4.135978676213453,0.08904506096868223,0,0.0,0,25.462505550805957,,,,,,,,,,,
1235,8/17/1970,7.454,0.884,8.000,3.792,0.884,0.0,2.908,0.0,0.0,0.08904506096868223,25.462505550805957,0.08904506096868223,0.0,4.576509195592129,20.885996355213827,7.965047844775644,0.0,0.0,0.0,2.718623400882811,0.0,0,0.0,0,20.885996355213827,,,,,,,,,,,
1236,8/18/1970,3.969,0.544,8.000,3.792,0.544,0.0,3.2479999999999998,0.0,0.0,0.0,20.885996355213827,0.0,0.0,3.289458724265732,17.596537630948095,5.905101712025835,0.0,0.0,0.0,1.9120652922498194,0.0,0,0.0,0,17.596537630948095,,,,,,,,,,,
1237,8/19/1970,3.170,0.547,8.000,3.792,0.547,0.0,3.2449999999999997,0.0,0.0,0.0,17.596537630948095,0.0,0.0,2.4721670620943486,15.124370568853747,4.5526375777696835,0.0,0.0,0.0,1.4102424071475481,0.0,0,0.0,0,15.124370568853747,,,,,,,,,,,
1238,8/20/1970,3.062,0.162,8.000,3.792,0.162,0.0,3.63,0.0,0.0,0.0,15.124370568853747,0.0,0.0,1.9208551996093783,13.203515369244368,3.6147165094409766,0.0,0.0,0.0,1.0777051538508262,0.0,0,0.0,0,13.203515369244368,,,,,,,,,,,
1239,8/21/1970,2.798,0.409,8.000,3.792,0.409,0.0,3.383,0.0,0.0,0.0,13.203515369244368,0.0,0.0,1.5317283019426684,11.6717870673017,2.9369200930762163,0.0,0.0,0.0,0.8466775367169932,0.0,0,0.0,0,11.6717870673017,,,,,,,,,,,
1240,8/22/1970,2.644,0.120,8.000,3.792,0.12,0.0,3.6719999999999997,0.0,0.0,0.0,11.6717870673017,0.0,0.0,1.247176841671239,10.424610225630461,2.4310222913768396,0.0,0.0,0.0,0.6801291766991842,0.0,0,0.0,0,10.424610225630461,,,,,,,,,,,
1241,8/23/1970,2.347,0.326,8.000,3.792,0.326,0.0,3.4659999999999997,0.0,0.0,0.0,10.424610225630461,0.0,0.0,1.0330757193203308,9.39153450631013,2.043439698925205,0.0,0.0,0.0,0.5564335618638163,0.0,0,0.0,0,9.39153450631013,,,,,,,,,,,
1242,8/24/1970,2.157,1.223,8.000,3.792,1.223,0.0,2.569,0.0,0.0,0.0,9.39153450631013,0.0,0.0,0.8681472134210239,8.523387292889106,1.7400212088118534,0.0,0.0,0.0,0.46227888100857273,0.0,0,0.0,0,8.523387292889106,,,,,,,,,,,
1243,8/25/1970,2.902,4.110,8.000,3.792,3.792,0.3180000000000005,0.0,0,0.22870444725851752,0.0,8.752091740147623,0.0,0.0,0.7718843107201621,7.980207429427461,1.5606565187347459,0.089295552741483,0.089295552741483,0.0,0.40785365665703466,0.089295552741483,0,0.0,0,7.980207429427461,,,,,,,,,,,
1244,8/26/1970,2.396,0.815,8.000,3.792,0.815,0.0,2.977,0.0,0.0,0.089295552741483,7.980207429427461,0.089295552741483,0.0,0.6617938772615135,7.318413552165947,1.3531698910752668,0.0,0.0,0.0,0.34616047901318103,0.0,0,0.0,0,7.318413552165947,,,,,,,,,,,
1245,8/27/1970,2.111,1.233,8.000,3.792,1.233,0.0,2.5589999999999997,0.0,0.0,0.0,7.318413552165947,0.0,0.0,0.5728760812231325,6.745537470942815,1.18349843011583,0.0,0.0,0.0,0.2968193689191132,0.0,0,0.0,0,6.745537470942815,,,,,,,,,,,
1246,8/28/1970,2.157,0.914,8.000,3.792,0.914,0.0,2.8779999999999997,0.0,0.0,0.0,6.745537470942815,0.0,0.0,0.5001036717813316,6.245433799161484,1.0430447494936403,0.0,0.0,0.0,0.25680845735252766,0.0,0,0.0,0,6.245433799161484,,,,,,,,,,,
1247,8/29/1970,4.029,12.771,8.000,3.792,3.792,8.979000000000001,0.0,0,8.889558554281571,0.0,15.134992353443055,0.0,0.0,1.9231040740325,13.211888279410555,3.618592345903334,0.08944144571843,0.08944144571843,0.0,1.0790499707407903,0.08944144571843,0,0.0,0,13.211888279410555,,,,,,,,,,,
1248,8/30/1970,3.280,1.491,8.000,3.792,1.491,0.0,2.3009999999999997,0.0,0.0,0.08944144571843,13.211888279410555,0.08944144571843,0.0,1.5333475341304803,11.678540745280074,2.9397721603627316,0.0,0.0,0.0,0.8476315104656298,0.0,0,0.0,0,11.678540745280074,,,,,,,,,,,
1249,8/31/1970,2.445,0.687,8.000,3.792,0.687,0.0,3.1049999999999995,0.0,0.0,0.0,11.678540745280074,0.0,0.0,1.248379835870437,10.430160909409636,2.4331820315342503,0.0,0.0,0.0,0.6808284010985123,0.0,0,0.0,0,10.430160909409636,,,,,,,,,,,
1250,9/1/1970,2.111,0.017,9.000,4.609,0.017,0.0,4.592,0.0,0.0,0.0,10.430160909409636,0.0,0.0,1.0339926671664343,9.396168242243203,2.0451140466476967,0.0,0.0,0.0,0.5569599600346833,0.0,0,0.0,0,9.396168242243203,,,,,,,,,,,
1251,9/2/1970,1.929,0.230,9.000,4.609,0.23,0.0,4.379,0.0,0.0,0.0,9.396168242243203,0.0,0.0,0.8688612299472662,8.527307012295937,1.7413450051030273,0.0,0.0,0.0,0.46268411567030016,0.0,0,0.0,0,8.527307012295937,,,,,,,,,,,
1252,9/3/1970,1.840,0.355,9.000,4.609,0.355,0.0,4.254,0.0,0.0,0.0,8.527307012295937,0.0,0.0,0.7391267897436126,7.788180222552325,1.499195581828784,0.0,0.0,0.0,0.38943219540447144,0.0,0,0.0,0,7.788180222552325,,,,,,,,,,,
1253,9/4/1970,1.668,0.153,9.000,4.609,0.153,0.0,4.456,0.0,0.0,0.0,7.788180222552325,0.0,0.0,0.6354661662559709,7.152714056296354,1.3031390010009212,0.0,0.0,0.0,0.3315027142248175,0.0,0,0.0,0,7.152714056296354,,,,,,,,,,,
1254,9/5/1970,1.626,0.320,9.000,4.609,0.32,0.0,4.289,0.0,0.0,0.0,7.152714056296354,0.0,0.0,0.551421739641434,6.60129231665492,1.1422485909329247,0.0,0.0,0.0,0.284986751116793,0.0,0,0.0,0,6.60129231665492,,,,,,,,,,,
1255,9/6/1970,1.503,0.239,9.000,4.609,0.239,0.0,4.37,0.0,0.0,0.0,6.60129231665492,0.0,0.0,0.4824075010780527,6.118884815576867,1.0086511872274693,0.0,0.0,0.0,0.2471347507962383,0.0,0,0.0,0,6.118884815576867,,,,,,,,,,,
1256,9/7/1970,1.463,0.177,9.000,4.609,0.177,0.0,4.432,0.0,0.0,0.0,6.118884815576867,0.0,0.0,0.4250952392359525,5.693789576340914,0.8965563203543658,0.0,0.0,0.0,0.21596915685644966,0.0,0,0.0,0,5.693789576340914,,,,,,,,,,,
1257,9/8/1970,1.626,1.489,9.000,4.609,1.489,0.0,3.12,0.0,0.0,0.0,5.693789576340914,0.0,0.0,0.37702325018023536,5.316766326160679,0.8016280103382752,0.0,0.0,0.0,0.19003965358759908,0.0,0,0.0,0,5.316766326160679,,,,,,,,,,,
1258,9/9/1970,1.544,1.254,9.000,4.609,1.254,0.0,3.355,0.0,0.0,0.0,5.316766326160679,0.0,0.0,0.3363399073243329,4.9804264188363465,0.7205673449644594,0.0,0.0,0.0,0.16826410157522295,0.0,0,0.0,0,4.9804264188363465,,,,,,,,,,,
1259,9/10/1970,1.463,1.387,9.000,4.609,1.387,0.0,3.222,0.0,0.0,0.0,4.9804264188363465,0.0,0.0,0.3016314752923187,4.678794943544028,0.6508285745688118,0.0,0.0,0.0,0.14982257382094671,0.0,0,0.0,0,4.678794943544028,,,,,,,,,,,
1260,9/11/1970,1.384,0.366,9.000,4.609,0.366,0.0,4.243,0.0,0.0,0.0,4.678794943544028,0.0,0.0,0.2718039712235738,4.406990972320454,0.5904219806590352,0.0,0.0,0.0,0.13408519889127035,0.0,0,0.0,0,4.406990972320454,,,,,,,,,,,
1261,9/12/1970,1.307,0.205,9.000,4.609,0.205,0.0,4.404,0.0,0.0,0.0,4.406990972320454,0.0,0.0,0.24600053184711948,4.160990440473334,0.5377744417342002,0.0,0.0,0.0,0.12056205168644604,0.0,0,0.0,0,4.160990440473334,,,,,,,,,,,
1262,9/13/1970,1.231,0.224,9.000,4.609,0.224,0.0,4.385,0.0,0.0,0.0,4.160990440473334,0.0,0.0,0.22354260521594072,3.9374478352573936,0.4916291546182549,0.0,0.0,0.0,0.10886773565702036,0.0,0,0.0,0,3.9374478352573936,,,,,,,,,,,
1263,9/14/1970,1.157,0.294,9.000,4.609,0.294,0.0,4.315,0.0,0.0,0.0,3.9374478352573936,0.0,0.0,0.2038874369795829,3.7335603982778105,0.45097242173328833,0.0,0.0,0.0,0.09869594629776686,0.0,0,0.0,0,3.7335603982778105,,,,,,,,,,,
1264,9/15/1970,1.121,0.042,9.000,4.609,0.042,0.0,4.567,0.0,0.0,0.0,3.7335603982778105,0.0,0.0,0.18659689532661597,3.5469635029511943,0.4149794619895754,0.0,0.0,0.0,0.08980093596119369,0.0,0,0.0,0,3.5469635029511943,,,,,,,,,,,
1265,9/16/1970,1.086,0.459,9.000,4.609,0.459,0.0,4.15,0.0,0.0,0.0,3.5469635029511943,0.0,0.0,0.1713143110904507,3.3756491918607434,0.3829737971377585,0.0,0.0,0.0,0.08198382729243764,0.0,0,0.0,0,3.3756491918607434,,,,,,,,,,,
1266,9/17/1970,1.050,1.060,9.000,4.609,1.06,0.0,3.549,0.0,0.0,0.0,3.3756491918607434,0.0,0.0,0.15774706572994232,3.217902126130801,0.3543964611353774,0.0,0.0,0.0,0.07508238327350983,0.0,0,0.0,0,3.217902126130801,,,,,,,,,,,
1267,9/18/1970,1.050,0.339,9.000,4.609,0.339,0.0,4.27,0.0,0.0,0.0,3.217902126130801,0.0,0.0,0.14565335602675689,3.072248770104044,0.32878240849964385,0.0,0.0,0.0,0.06896327478606971,0.0,0,0.0,0,3.072248770104044,,,,,,,,,,,
1268,9/19/1970,1.050,0.702,9.000,4.609,0.702,0.0,3.907,0.0,0.0,0.0,3.072248770104044,0.0,0.0,0.13483203095359075,2.9374167391504535,0.3057422609392542,0.0,0.0,0.0,0.06351617516574015,0.0,0,0.0,0,2.9374167391504535,,,,,,,,,,,
1269,9/20/1970,1.753,4.716,9.000,4.609,4.609,0.1070000000000002,0.0,0,0.03253761204440078,0.0,2.9699543511948545,0.0,0.0,0.127433047204129,2.8425213039907256,0.28991846836061,0.07446238795559942,0.07446238795559942,0.0,0.05980816729278528,0.07446238795559942,0,0.0,0,2.8425213039907256,,,,,,,,,,,
1270,9/21/1970,1.503,1.325,9.000,4.609,1.325,0.0,3.284,0.0,0.0,0.07446238795559942,2.8425213039907256,0.07446238795559942,0.0,0.11845098004875117,2.7240703239419743,0.270627193165615,0.0,0.0,0.0,0.05532588304456446,0.0,0,0.0,0,2.7240703239419743,,,,,,,,,,,
1271,9/22/1970,1.231,0.211,9.000,4.609,0.211,0.0,4.398,0.0,0.0,0.0,2.7240703239419743,0.0,0.0,0.11033915056017701,2.6137311733817974,0.2531229015565683,0.0,0.0,0.0,0.05129701392994816,0.0,0,0.0,0,2.6137311733817974,,,,,,,,,,,
1272,9/23/1970,1.086,0.275,9.000,4.609,0.275,0.0,4.334,0.0,0.0,0.0,2.6137311733817974,0.0,0.0,0.10299132384329829,2.510739849538499,0.2371953814232161,0.0,0.0,0.0,0.047664358041592594,0.0,0,0.0,0,2.510739849538499,,,,,,,,,,,
1273,9/24/1970,1.050,0.369,9.000,4.609,0.369,0.0,4.24,0.0,0.0,0.0,2.510739849538499,0.0,0.0,0.09631678341656878,2.4144230661219304,0.2226641715797726,0.0,0.0,0.0,0.04437929233920913,0.0,0,0.0,0,2.4144230661219304,,,,,,,,,,,
1274,9/25/1970,0.947,0.393,9.000,4.609,0.393,0.0,4.216,0.0,0.0,0.0,2.4144230661219304,0.0,0.0,0.09023770961049807,2.3241853565114323,0.20937367272885868,0.0,0.0,0.0,0.04140029143928039,0.0,0,0.0,0,2.3241853565114323,,,,,,,,,,,
1275,9/26/1970,0.914,0.483,9.000,4.609,0.483,0.0,4.126,0.0,0.0,0.0,2.3241853565114323,0.0,0.0,0.08468705792486955,2.239498298586563,0.19718916821787716,0.0,0.0,0.0,0.03869173415003046,0.0,0,0.0,0,2.239498298586563,,,,,,,,,,,
1276,9/27/1970,0.881,0.073,9.000,4.609,0.073,0.0,4.536,0.0,0.0,0.0,2.239498298586563,0.0,0.0,0.07960683162682583,2.159891466959737,0.18599356640151948,0.0,0.0,0.0,0.03622293592915463,0.0,0,0.0,0,2.159891466959737,,,,,,,,,,,
1277,9/28/1970,0.849,0.413,9.000,4.609,0.413,0.0,4.196,0.0,0.0,0.0,2.159891466959737,0.0,0.0,0.07494666731725777,2.0849447996424795,0.1756847190775058,0.0,0.0,0.0,0.03396735993799505,0.0,0,0.0,0,2.0849447996424795,,,,,,,,,,,
1278,9/29/1970,0.914,4.216,9.000,4.609,4.216,0.0,0.3929999999999998,0.0,0.0,0.0,2.0849447996424795,0.0,0.0,0.07066267052446996,2.0142821291180093,0.16617320264166258,0.0,0.0,0.0,0.0319019701914773,0.0,0,0.0,0,2.0142821291180093,,,,,,,,,,,
1279,9/30/1970,1.269,1.739,9.000,4.609,1.739,0.0,2.87,0.0,0.0,0.0,2.0142821291180093,0.0,0.0,0.0667164522410478,1.9475656768769616,0.15738047307452932,0.0,0.0,0.0,0.030006698453242858,0.0,0,0.0,0,1.9475656768769616,,,,,,,,,,,
1280,10/1/1970,1.157,0.611,10.000,5.054,0.611,0.0,4.4430000000000005,0.0,0.0,0.0,1.9475656768769616,0.0,0.0,0.06307432787370187,1.8844913490032598,0.1492373246105824,0.0,0.0,0.0,0.028264002708325013,0.0,0,0.0,0,1.8844913490032598,,,,,,,,,,,
1281,10/2/1970,1.015,0.099,10.000,5.054,0.099,0.0,4.955,0.0,0.0,0.0,1.8844913490032598,0.0,0.0,0.05970664817154166,1.8247847008317182,0.14168259639360523,0.0,0.0,0.0,0.026658499770290292,0.0,0,0.0,0,1.8247847008317182,,,,,,,,,,,
1282,10/3/1970,0.914,0.236,10.000,5.054,0.236,0.0,4.8180000000000005,0.0,0.0,0.0,1.8247847008317182,0.0,0.0,0.05658723795043515,1.768197462881283,0.1346620826419058,0.0,0.0,0.0,0.02517665821481322,0.0,0,0.0,0,1.768197462881283,,,,,,,,,,,
1283,10/4/1970,0.881,0.323,10.000,5.054,0.323,0.0,4.731,0.0,0.0,0.0,1.768197462881283,0.0,0.0,0.05369292329072279,1.7145045395905603,0.12812761061252326,0.0,0.0,0.0,0.023806540646682438,0.0,0,0.0,0,1.7145045395905603,,,,,,,,,,,
1284,10/5/1970,0.881,0.084,10.000,5.054,0.084,0.0,4.970000000000001,0.0,0.0,0.0,1.7145045395905603,0.0,0.0,0.051003131685884794,1.6635014079046755,0.12203625754217128,0.0,0.0,0.0,0.02253758650076679,0.0,0,0.0,0,1.6635014079046755,,,,,,,,,,,
1285,10/6/1970,0.881,0.153,10.000,5.054,0.153,0.0,4.901000000000001,0.0,0.0,0.0,1.6635014079046755,0.0,0.0,0.048499552609023944,1.6150018552956515,0.11634968318702595,0.0,0.0,0.0,0.021360428296809106,0.0,0,0.0,0,1.6150018552956515,,,,,,,,,,,
1286,10/7/1970,0.849,0.324,10.000,5.054,0.324,0.0,4.73,0.0,0.0,0.0,1.6150018552956515,0.0,0.0,0.04616584832837615,1.5688360069672753,0.1110335589096662,0.0,0.0,0.0,0.02026673562315929,0.0,0,0.0,0,1.5688360069672753,,,,,,,,,,,
1287,10/8/1970,0.914,0.236,10.000,5.054,0.236,0.0,4.8180000000000005,0.0,0.0,0.0,1.5688360069672753,0.0,0.0,0.043987406683044177,1.5248486002842312,0.10605707771690538,0.0,0.0,0.0,0.019249082198545008,0.0,0,0.0,0,1.5248486002842312,,,,,,,,,,,
1288,10/9/1970,0.914,0.179,10.000,5.054,0.179,0.0,4.875,0.0,0.0,0.0,1.5248486002842312,0.0,0.0,0.04195112903255804,1.4828974712516731,0.10139253242579738,0.0,0.0,0.0,0.018300832216444074,0.0,0,0.0,0,1.4828974712516731,,,,,,,,,,,
1289,10/10/1970,0.881,0.000,10.000,5.054,0.0,0.0,5.054,0.0,0.0,0.0,1.4828974712516731,0.0,0.0,0.04004524780033723,1.442852223451336,0.09701495137181307,0.0,0.0,0.0,0.01741604286137007,0.0,0,0.0,0,1.442852223451336,,,,,,,,,,,
1290,10/11/1970,0.849,0.000,10.000,5.054,0.0,0.0,5.054,0.0,0.0,0.0,1.442852223451336,0.0,0.0,0.03825916900444495,1.404593054446891,0.09290178288512191,0.0,0.0,0.0,0.01658938043705449,0.0,0,0.0,0,1.404593054446891,,,,,,,,,,,
1291,10/12/1970,0.817,0.082,10.000,5.054,0.082,0.0,4.972,0.0,0.0,0.0,1.404593054446891,0.0,0.0,0.03658333595772184,1.368009718489169,0.08903262123508617,0.0,0.0,0.0,0.01581604799134792,0.0,0,0.0,0,1.368009718489169,,,,,,,,,,,
1292,10/13/1970,0.817,0.280,10.000,5.054,0.28,0.0,4.774,0.0,0.0,0.0,1.368009718489169,0.0,0.0,0.03500911096120502,1.3330006075279641,0.08538896794743145,0.0,0.0,0.0,0.015091722683559248,0.0,0,0.0,0,1.3330006075279641,,,,,,,,,,,
1293,10/14/1970,0.785,0.321,10.000,5.054,0.321,0.0,4.7330000000000005,0.0,0.0,0.0,1.3330006075279641,0.0,0.0,0.033528672339160986,1.299471935188803,0.08195402338639103,0.0,0.0,0.0,0.014412501433957848,0.0,0,0.0,0,1.299471935188803,,,,,,,,,,,
1294,10/15/1970,0.754,0.055,10.000,5.054,0.055,0.0,4.9990000000000006,0.0,0.0,0.0,1.299471935188803,0.0,0.0,0.03213492459424291,1.2673370105945603,0.07871250430746393,0.0,0.0,0.0,0.013774853635629298,0.0,0,0.0,0,1.2673370105945603,,,,,,,,,,,
1295,10/16/1970,0.754,0.218,10.000,5.054,0.218,0.0,4.836,0.0,0.0,0.0,1.2673370105945603,0.0,0.0,0.030821419815488783,1.2365155907790715,0.07565048375856366,0.0,0.0,0.0,0.013175579906302103,0.0,0,0.0,0,1.2365155907790715,,,,,,,,,,,
1296,10/17/1970,0.754,0.058,10.000,5.054,0.058,0.0,4.996,0.0,0.0,0.0,1.2365155907790715,0.0,0.0,0.029582288764583436,1.2069333020144881,0.07275525026474457,0.0,0.0,0.0,0.012611776020450924,0.0,0,0.0,0,1.2069333020144881,,,,,,,,,,,
1297,10/18/1970,0.754,0.371,10.000,5.054,0.371,0.0,4.683,0.0,0.0,0.0,1.2069333020144881,0.0,0.0,0.02841218030853719,1.178521121705951,0.0700151836955361,0.0,0.0,0.0,0.01208080129651771,0.0,0,0.0,0,1.178521121705951,,,,,,,,,,,
1298,10/19/1970,0.724,0.081,10.000,5.054,0.081,0.0,4.973,0.0,0.0,0.0,1.178521121705951,0.0,0.0,0.027306208068897556,1.1512149136370535,0.06741964560116698,0.0,0.0,0.0,0.011580250825727617,0.0,0,0.0,0,1.1512149136370535,,,,,,,,,,,
1299,10/20/1970,0.724,0.190,10.000,5.054,0.19,0.0,4.864,0.0,0.0,0.0,1.1512149136370535,0.0,0.0,0.026259903326199388,1.124955010310854,0.064958882128289,0.0,0.0,0.0,0.011107931021914434,0.0,0,0.0,0,1.124955010310854,,,,,,,,,,,
1300,10/21/1970,0.754,0.000,10.000,5.054,0.0,0.0,5.054,0.0,0.0,0.0,1.124955010310854,0.0,0.0,0.02526917335952924,1.099685836951325,0.06262393789827332,0.0,0.0,0.0,0.010661838049387388,0.0,0,0.0,0,1.099685836951325,,,,,,,,,,,
1301,10/22/1970,0.754,0.000,10.000,5.054,0.0,0.0,5.054,0.0,0.0,0.0,1.099685836951325,0.0,0.0,0.024330264519648242,1.0753555724316768,0.06040657946071607,0.0,0.0,0.0,0.010240138750892707,0.0,0,0.0,0,1.0753555724316768,,,,,,,,,,,
1302,10/23/1970,0.724,0.085,10.000,5.054,0.085,0.0,4.969,0.0,0.0,0.0,1.0753555724316768,0.0,0.0,0.023439729433993507,1.0519158429976834,0.058299227128764564,0.0,0.0,0.0,0.009841153752353681,0.0,0,0.0,0,1.0519158429976834,,,,,,,,,,,
1303,10/24/1970,0.694,0.225,10.000,5.054,0.225,0.0,4.829000000000001,0.0,0.0,0.0,1.0519158429976834,0.0,0.0,0.02259439782624579,1.0293214451714376,0.05629489416722638,0.0,0.0,0.0,0.00946334246710496,0.0,0,0.0,0,1.0293214451714376,,,,,,,,,,,
1304,10/25/1970,0.694,0.015,10.000,5.054,0.015,0.0,5.039000000000001,0.0,0.0,0.0,1.0293214451714376,0.0,0.0,0.021791350504613616,1.007530094666824,0.054387132444049996,0.0,0.0,0.0,0.00910528976123073,0.0,0,0.0,0,1.007530094666824,,,,,,,,,,,
1305,10/26/1970,0.694,0.025,10.000,5.054,0.025,0.0,5.029,0.0,0.0,0.0,1.007530094666824,0.0,0.0,0.02102789613367453,0.9865021985331495,0.052569983774689875,0.0,0.0,0.0,0.008765694074567282,0.0,0,0.0,0,0.9865021985331495,,,,,,,,,,,
1306,10/27/1970,0.607,0.202,10.000,5.054,0.202,0.0,4.852,0.0,0.0,0.0,0.9865021985331495,0.0,0.0,0.020301550456289424,0.96620064807686,0.050837936290417045,0.0,0.0,0.0,0.00844335681991917,0.0,0,0.0,0,0.96620064807686,,,,,,,,,,,
1307,10/28/1970,0.607,0.106,10.000,5.054,0.106,0.0,4.948,0.0,0.0,0.0,0.96620064807686,0.0,0.0,0.01961001767621289,0.9465906304006472,0.04918588524855386,0.0,0.0,0.0,0.00813717290687117,0.0,0,0.0,0,0.9465906304006472,,,,,,,,,,,
1308,10/29/1970,0.607,0.001,10.000,5.054,0.001,0.0,5.053,0.0,0.0,0.0,0.9465906304006472,0.0,0.0,0.018951173749761484,0.9276394566508857,0.04760909777718434,0.0,0.0,0.0,0.007846122256922744,0.0,0,0.0,0,0.9276394566508857,,,,,,,,,,,
1309,10/30/1970,0.607,0.610,10.000,5.054,0.61,0.0,4.444,0.0,0.0,0.0,0.9276394566508857,0.0,0.0,0.018323051367266044,0.9093164052836196,0.04610318111101626,0.0,0.0,0.0,0.007569262194078633,0.0,0,0.0,0,0.9093164052836196,,,,,,,,,,,
1310,10/31/1970,0.607,0.223,10.000,5.054,0.223,0.0,4.831,0.0,0.0,0.0,0.9093164052836196,0.0,0.0,0.017723826432853213,0.8915925788507664,0.04466405393033423,0.0,0.0,0.0,0.0073057206099576555,0.0,0,0.0,0,0.8915925788507664,,,,,,,,,,,
1311,11/1/1970,0.607,0.110,11.000,5.054,0.11,0.0,4.944,0.0,0.0,0.0,0.8915925788507664,0.0,0.0,0.017151805875064773,0.8744407729757016,0.04328792046271242,0.0,0.0,0.0,0.007054689815312398,0.0,0,0.0,0,0.8744407729757016,,,,,,,,,,,
1312,11/2/1970,0.580,0.003,11.000,5.054,0.003,0.0,5.051,0.0,0.0,0.0,0.8744407729757016,0.0,0.0,0.016605416641510575,0.857835356334191,0.041971247048461585,0.0,0.0,0.0,0.006815421000904526,0.0,0,0.0,0,0.857835356334191,,,,,,,,,,,
1313,11/3/1970,0.525,0.062,11.000,5.054,0.062,0.0,4.992,0.0,0.0,0.0,0.857835356334191,0.0,0.0,0.01608319574864609,0.8417521605855448,0.040710740906607985,0.0,0.0,0.0,0.006587219240220108,0.0,0,0.0,0,0.8417521605855448,,,,,,,,,,,
1314,11/4/1970,0.665,0.129,11.000,5.054,0.129,0.0,4.925000000000001,0.0,0.0,0.0,0.8417521605855448,0.0,0.0,0.015583781273277027,0.8261683793122678,0.0395033308693269,0.0,0.0,0.0,0.0063694389747604475,0.0,0,0.0,0,0.8261683793122678,,,,,,,,,,,
1315,11/5/1970,0.785,3.634,11.000,5.054,3.634,0.0,1.4200000000000004,0.0,0.0,0.0,0.8261683793122678,0.0,0.0,0.015105904185865063,0.8110624751264027,0.0383461498798519,0.0,0.0,0.0,0.006161479929794823,0.0,0,0.0,0,0.8110624751264027,,,,,,,,,,,
1316,11/6/1970,0.724,0.024,11.000,5.054,0.024,0.0,5.03,0.0,0.0,0.0,0.8110624751264027,0.0,0.0,0.014648380937430826,0.7964140941889719,0.03723651907251537,0.0,0.0,0.0,0.005962783414670741,0.0,0,0.0,0,0.7964140941889719,,,,,,,,,,,
1317,11/7/1970,0.754,0.084,11.000,5.054,0.084,0.0,4.970000000000001,0.0,0.0,0.0,0.7964140941889719,0.0,0.0,0.014210106722069073,0.7822039874669028,0.036171933274227276,0.0,0.0,0.0,0.005772828967179062,0.0,0,0.0,0,0.7822039874669028,,,,,,,,,,,
1318,11/8/1970,0.754,0.321,11.000,5.054,0.321,0.0,4.7330000000000005,0.0,0.0,0.0,0.7822039874669028,0.0,0.0,0.013790049346015304,0.7684139381208874,0.035150047784775804,0.0,0.0,0.0,0.005591131306179201,0.0,0,0.0,0,0.7684139381208874,,,,,,,,,,,
1319,11/9/1970,0.817,2.195,11.000,5.054,2.195,0.0,2.8590000000000004,0.0,0.0,0.0,0.7684139381208874,0.0,0.0,0.013387243642010657,0.7550266944788768,0.03416866630918368,0.0,0.0,0.0,0.005417237560800062,0.0,0,0.0,0,0.7550266944788768,,,,,,,,,,,
1320,11/10/1970,0.817,0.655,11.000,5.054,0.655,0.0,4.399,0.0,0.0,0.0,0.7550266944788768,0.0,0.0,0.013000786374554032,0.7420259081043228,0.033225729929274916,0.0,0.0,0.0,0.005250724748127372,0.0,0,0.0,0,0.7420259081043228,,,,,,,,,,,
1321,11/11/1970,0.785,1.548,11.000,5.054,1.548,0.0,3.5060000000000002,0.0,0.0,0.0,0.7420259081043228,0.0,0.0,0.01262983158763657,0.7293960765166863,0.03231930701385322,0.0,0.0,0.0,0.005091197474437661,0.0,0,0.0,0,0.7293960765166863,,,,,,,,,,,
1322,11/12/1970,0.785,0.338,11.000,5.054,0.338,0.0,4.716,0.0,0.0,0.0,0.7293960765166863,0.0,0.0,0.012273586351834554,0.7171224901648517,0.031447583977684566,0.0,0.0,0.0,0.004938285837803025,0.0,0,0.0,0,0.7171224901648517,,,,,,,,,,,
1323,11/13/1970,0.754,0.142,11.000,5.054,0.142,0.0,4.912,0.0,0.0,0.0,0.7171224901648517,0.0,0.0,0.011931306872287254,0.7051911832925645,0.030608856808998622,0.0,0.0,0.0,0.004791643512320086,0.0,0,0.0,0,0.7051911832925645,,,,,,,,,,,
1324,11/14/1970,0.724,0.025,11.000,5.054,0.025,0.0,5.029,0.0,0.0,0.0,0.7051911832925645,0.0,0.0,0.011602294923188082,0.6935888883693764,0.02980152329364079,0.0,0.0,0.0,0.004650945996355158,0.0,0,0.0,0,0.6935888883693764,,,,,,,,,,,
1325,11/15/1970,0.636,0.149,11.000,5.054,0.149,0.0,4.905,0.0,0.0,0.0,0.6935888883693764,0.0,0.0,0.011285894578040611,0.6823029937913357,0.02902407587145603,0.0,0.0,0.0,0.004515889009083164,0.0,0,0.0,0,0.6823029937913357,,,,,,,,,,,
1326,11/16/1970,0.636,0.121,11.000,5.054,0.121,0.0,4.933,0.0,0.0,0.0,0.6823029937913357,0.0,0.0,0.010981489208136139,0.6713215045831996,0.028275095067089067,0.0,0.0,0.0,0.004386187021262712,0.0,0,0.0,0,0.6713215045831996,,,,,,,,,,,
1327,11/17/1970,0.636,0.034,11.000,5.054,0.034,0.0,5.0200000000000005,0.0,0.0,0.0,0.6713215045831996,0.0,0.0,0.010688498724549094,0.6606330058586505,0.02755324344324741,0.0,0.0,0.0,0.00426157190766204,0.0,0,0.0,0,0.6606330058586505,,,,,,,,,,,
1328,11/18/1970,0.607,0.001,11.000,5.054,0.001,0.0,5.053,0.0,0.0,0.0,0.6606330058586505,0.0,0.0,0.010406377041465522,0.650226628817185,0.026857260029683656,0.0,0.0,0.0,0.0041417917098542315,0.0,0,0.0,0,0.650226628817185,,,,,,,,,,,
1329,11/19/1970,0.607,0.075,11.000,5.054,0.075,0.0,4.979,0.0,0.0,0.0,0.650226628817185,0.0,0.0,0.010134609740897707,0.6400920190762872,0.026185955185790973,0.0,0.0,0.0,0.004026609499256194,0.0,0,0.0,0,0.6400920190762872,,,,,,,,,,,
1330,11/20/1970,0.525,0.065,11.000,5.054,0.065,0.0,4.989,0.0,0.0,0.0,0.6400920190762872,0.0,0.0,0.009872711920828696,0.6302193071554585,0.025538205858838894,0.0,0.0,0.0,0.003915802331312535,0.0,0,0.0,0,0.6302193071554585,,,,,,,,,,,
1331,11/21/1970,0.525,1.512,11.000,5.054,1.512,0.0,3.5420000000000003,0.0,0.0,0.0,0.6302193071554585,0.0,0.0,0.009620226210603555,0.6205990809448549,0.024912951203564716,0.0,0.0,0.0,0.003809160282638242,0.0,0,0.0,0,0.6205990809448549,,,,,,,,,,,
1332,11/22/1970,0.552,0.014,11.000,5.054,0.014,0.0,5.04,0.0,0.0,0.0,0.6205990809448549,0.0,0.0,0.009376720938965556,0.6112223600058894,0.02430918853213111,0.0,0.0,0.0,0.0037064855637467657,0.0,0,0.0,0,0.6112223600058894,,,,,,,,,,,
1333,11/23/1970,0.580,0.048,11.000,5.054,0.048,0.0,5.006,0.0,0.0,0.0,0.6112223600058894,0.0,0.0,0.009141788441547602,0.6020805715643418,0.023725969566408878,0.0,0.0,0.0,0.0036075917007145552,0.0,0,0.0,0,0.6020805715643418,,,,,,,,,,,
1334,11/24/1970,0.580,0.041,11.000,5.054,0.041,0.0,5.013,0.0,0.0,0.0,0.6020805715643418,0.0,0.0,0.00891504349589179,0.59316552806845,0.02316239696718423,0.0,0.0,0.0,0.003512302779779756,0.0,0,0.0,0,0.59316552806845,,,,,,,,,,,
1335,11/25/1970,0.580,0.045,11.000,5.054,0.045,0.0,5.009,0.0,0.0,0.0,0.59316552806845,0.0,0.0,0.00869612187320006,0.58446940619525,0.022617621117257593,0.0,0.0,0.0,0.003420452749450559,0.0,0,0.0,0,0.58446940619525,,,,,,,,,,,
1336,11/26/1970,0.580,0.170,11.000,5.054,0.17,0.0,4.884,0.0,0.0,0.0,0.58446940619525,0.0,0.0,0.00848467899703178,0.5759847271982182,0.022090837137526843,0.0,0.0,0.0,0.00333188477521575,0.0,0,0.0,0,0.5759847271982182,,,,,,,,,,,
1337,11/27/1970,0.525,0.043,11.000,5.054,0.043,0.0,5.011,0.0,0.0,0.0,0.5759847271982182,0.0,0.0,0.0082803887000728,0.5677043384981455,0.02158128211705826,0.0,0.0,0.0,0.0032464506424130634,0.0,0,0.0,0,0.5677043384981455,,,,,,,,,,,
1338,11/28/1970,0.525,0.001,11.000,5.054,0.001,0.0,5.053,0.0,0.0,0.0,0.5677043384981455,0.0,0.0,0.0080829420709168,0.5596213964272287,0.021088232539867514,0.0,0.0,0.0,0.0031640102032262736,0.0,0,0.0,0,0.5596213964272287,,,,,,,,,,,
1339,11/29/1970,0.525,0.000,11.000,5.054,0.0,0.0,5.054,0.0,0.0,0.0,0.5596213964272287,0.0,0.0,0.007892046383533692,0.551729350043695,0.02061100189268113,0.0,0.0,0.0,0.003084430864154756,0.0,0,0.0,0,0.551729350043695,,,,,,,,,,,
1340,11/30/1970,0.525,0.000,11.000,5.054,0.0,0.0,5.054,0.0,0.0,0.0,0.551729350043695,0.0,0.0,0.007707424102760586,0.5440219259409345,0.020148938439345124,0.0,0.0,0.0,0.0030075871106343592,0.0,0,0.0,0,0.5440219259409345,,,,,,,,,,,
1341,12/1/1970,0.499,0.000,12.000,5.337,0.0,0.0,5.337,0.0,0.0,0.0,0.5440219259409345,0.0,0.0,0.007528811959746224,0.5364931139811883,0.019701423148807542,0.0,0.0,0.0,0.0029333600657899146,0.0,0,0.0,0,0.5364931139811883,,,,,,,,,,,
1342,12/2/1970,0.525,0.003,12.000,5.337,0.003,0.0,5.334,0.0,0.0,0.0,0.5364931139811883,0.0,0.0,0.0073559600918169325,0.5291371538893713,0.019267867764740078,0.0,0.0,0.0,0.0028616370805712296,0.0,0,0.0,0,0.5291371538893713,,,,,,,,,,,
1343,12/3/1970,0.525,0.000,12.000,5.337,0.0,0.0,5.337,0.0,0.0,0.0,0.5291371538893713,0.0,0.0,0.007188631241717031,0.5219485226476543,0.018847713005893704,0.0,0.0,0.0,0.0027923113527692305,0.0,0,0.0,0,0.5219485226476543,,,,,,,,,,,
1344,12/4/1970,0.552,0.045,12.000,5.337,0.045,0.0,5.292,0.0,0.0,0.0,0.5219485226476543,0.0,0.0,0.007026600011615153,0.5149219226360392,0.01844042688721553,0.0,0.0,0.0,0.002725281572629866,0.0,0,0.0,0,0.5149219226360392,,,,,,,,,,,
1345,12/5/1970,0.552,0.067,12.000,5.337,0.067,0.0,5.27,0.0,0.0,0.0,0.5149219226360392,0.0,0.0,0.006869652167664445,0.5080522704683748,0.018045503152598553,0.0,0.0,0.0,0.002660451592982972,0.0,0,0.0,0,0.5080522704683748,,,,,,,,,,,
1346,12/6/1970,0.525,0.481,12.000,5.337,0.481,0.0,4.856,0.0,0.0,0.0,0.5080522704683748,0.0,0.0,0.006717583991263906,0.5013346864771109,0.017662459810902562,0.0,0.0,0.0,0.002597730121983801,0.0,0,0.0,0,0.5013346864771109,,,,,,,,,,,
1347,12/7/1970,0.525,0.082,12.000,5.337,0.082,0.0,5.255,0.0,0.0,0.0,0.5013346864771109,0.0,0.0,0.006570201673493691,0.4947644848036172,0.017290837767579576,0.0,0.0,0.0,0.0025370304367282777,0.0,0,0.0,0,0.4947644848036172,,,,,,,,,,,
1348,12/8/1970,0.525,0.109,12.000,5.337,0.109,0.0,5.228,0.0,0.0,0.0,0.4947644848036172,0.0,0.0,0.0064273207494926505,0.48833716405412453,0.016930199544869646,0.0,0.0,0.0,0.0024782701161510418,0.0,0,0.0,0,0.48833716405412453,,,,,,,,,,,
1349,12/9/1970,0.499,0.060,12.000,5.337,0.06,0.0,5.277,0.0,0.0,0.0,0.48833716405412453,0.0,0.0,0.0062887655698147076,0.4820483984843098,0.0165801280841074,0.0,0.0,0.0,0.002421370791749588,0.0,0,0.0,0,0.4820483984843098,,,,,,,,,,,
1350,12/10/1970,0.424,0.543,12.000,5.337,0.543,0.0,4.794,0.0,0.0,0.0,0.4820483984843098,0.0,0.0,0.006154368806044488,0.47589402967826533,0.0162402256242032,0.0,0.0,0.0,0.002366257914799581,0.0,0,0.0,0,0.47589402967826533,,,,,,,,,,,
1351,12/11/1970,0.552,0.463,12.000,5.337,0.463,0.0,4.874,0.0,0.0,0.0,0.47589402967826533,0.0,0.0,0.006023970988174531,0.4698700586900908,0.015910112650839255,0.0,0.0,0.0,0.0023128605388371267,0.0,0,0.0,0,0.4698700586900908,,,,,,,,,,,
1352,12/12/1970,0.552,0.254,12.000,5.337,0.254,0.0,5.083,0.0,0.0,0.0,0.4698700586900908,0.0,0.0,0.005897420071448375,0.4639726386186424,0.015589426911355958,0.0,0.0,0.0,0.0022611111162843746,0.0,0,0.0,0,0.4639726386186424,,,,,,,,,,,
1353,12/13/1970,0.525,0.144,12.000,5.337,0.144,0.0,5.193,0.0,0.0,0.0,0.4639726386186424,0.0,0.0,0.005774571030557908,0.4581980675880845,0.015277822490700154,0.0,0.0,0.0,0.0022109453081863846,0.0,0,0.0,0,0.4581980675880845,,,,,,,,,,,
1354,12/14/1970,0.499,0.000,12.000,5.337,0.0,0.0,5.337,0.0,0.0,0.0,0.4581980675880845,0.0,0.0,0.005655285479251278,0.45254278210883325,0.014974968944169486,0.0,0.0,0.0,0.0021623018061105986,0.0,0,0.0,0,0.45254278210883325,,,,,,,,,,,
1355,12/15/1970,0.473,0.089,12.000,5.337,0.089,0.0,5.247999999999999,0.0,0.0,0.0,0.45254278210883325,0.0,0.0,0.005539431313560855,0.4470033507952724,0.014680550483017965,0.0,0.0,0.0,0.0021151221653362274,0.0,0,0.0,0,0.4470033507952724,,,,,,,,,,,
1356,12/16/1970,0.473,0.027,12.000,5.337,0.027,0.0,5.31,0.0,0.0,0.0,0.4470033507952724,0.0,0.0,0.0054268823770008,0.44157646841827164,0.014394265209290926,0.0,0.0,0.0,0.002069350648530255,0.0,0,0.0,0,0.44157646841827164,,,,,,,,,,,
1357,12/17/1970,0.473,0.050,12.000,5.337,0.05,0.0,5.287,0.0,0.0,0.0,0.44157646841827164,0.0,0.0,0.005317518146211692,0.43625895027205996,0.014115824396534703,0.0,0.0,0.0,0.00202493407917,0.0,0,0.0,0,0.43625895027205996,,,,,,,,,,,
1358,12/18/1970,0.448,0.174,12.000,5.337,0.174,0.0,5.162999999999999,0.0,0.0,0.0,0.43625895027205996,0.0,0.0,0.005211223435646821,0.4310477268364131,0.013844951813280427,0.0,0.0,0.0,0.001981821704030072,0.0,0,0.0,0,0.4310477268364131,,,,,,,,,,,
1359,12/19/1970,0.499,0.152,12.000,5.337,0.152,0.0,5.185,0.0,0.0,0.0,0.4310477268364131,0.0,0.0,0.0051078881200019135,0.4259398387164112,0.01358138308643425,0.0,0.0,0.0,0.0019399650641043968,0.0,0,0.0,0,0.4259398387164112,,,,,,,,,,,
1360,12/20/1970,0.499,0.193,12.000,5.337,0.193,0.0,5.144,0.0,0.0,0.0,0.4259398387164112,0.0,0.0,0.005007406873188343,0.4209324318432229,0.013324865101920016,0.0,0.0,0.0,0.0018993178733824109,0.0,0,0.0,0,0.4209324318432229,,,,,,,,,,,
1361,12/21/1970,0.525,0.429,12.000,5.337,0.429,0.0,4.9079999999999995,0.0,0.0,0.0,0.4209324318432229,0.0,0.0,0.004909678922739876,0.416022752920483,0.013075155440116365,0.0,0.0,0.0,0.0018598359049428238,0.0,0,0.0,0,0.416022752920483,,,,,,,,,,,
1362,12/22/1970,0.580,0.729,12.000,5.337,0.729,0.0,4.608,0.0,0.0,0.0,0.416022752920483,0.0,0.0,0.004814607818625755,0.41120814510185727,0.012832021843810876,0.0,0.0,0.0,0.0018214768838689633,0.0,0,0.0,0,0.41120814510185727,,,,,,,,,,,
1363,12/23/1970,0.580,0.602,12.000,5.337,0.602,0.0,4.734999999999999,0.0,0.0,0.0,0.41120814510185727,0.0,0.0,0.004722101215518725,0.4064860438863385,0.012595241716559161,0.0,0.0,0.0,0.0017842003865269549,0.0,0,0.0,0,0.4064860438863385,,,,,,,,,,,
1364,12/24/1970,0.580,0.045,12.000,5.337,0.045,0.0,5.292,0.0,0.0,0.0,0.4064860438863385,0.0,0.0,0.004632070667636413,0.4018539732187021,0.012364601649489644,0.0,0.0,0.0,0.001747967745782178,0.0,0,0.0,0,0.4018539732187021,,,,,,,,,,,
1365,12/25/1970,0.552,0.074,12.000,5.337,0.074,0.0,5.263,0.0,0.0,0.0,0.4018539732187021,0.0,0.0,0.004544431435338585,0.39730954178336353,0.012139896974734837,0.0,0.0,0.0,0.0017127419617608175,0.0,0,0.0,0,0.39730954178336353,,,,,,,,,,,
1366,12/26/1970,0.525,0.199,12.000,5.337,0.199,0.0,5.138,0.0,0.0,0.0,0.39730954178336353,0.0,0.0,0.004459102302721795,0.39285043948064174,0.011920931343799525,0.0,0.0,0.0,0.0016784876177921727,0.0,0,0.0,0,0.39285043948064174,,,,,,,,,,,
1367,12/27/1970,0.499,0.110,12.000,5.337,0.11,0.0,5.226999999999999,0.0,0.0,0.0,0.39285043948064174,0.0,0.0,0.004376005405507289,0.38847443407513443,0.011707516329295212,0.0,0.0,0.0,0.0016451708011939194,0.0,0,0.0,0,0.38847443407513443,,,,,,,,,,,
1368,12/28/1970,0.473,0.000,12.000,5.337,0.0,0.0,5.337,0.0,0.0,0.0,0.38847443407513443,0.0,0.0,0.004295066068568096,0.3841793680065663,0.011499471048580397,0.0,0.0,0.0,0.001612759028586922,0.0,0,0.0,0,0.3841793680065663,,,,,,,,,,,
1369,12/29/1970,0.473,0.070,12.000,5.337,0.07,0.0,5.2669999999999995,0.0,0.0,0.0,0.3841793680065663,0.0,0.0,0.004216212652487369,0.37996315535407893,0.011296621807947568,0.0,0.0,0.0,0.0015812211754486702,0.0,0,0.0,0,0.37996315535407893,,,,,,,,,,,
1370,12/30/1970,0.499,0.003,12.000,5.337,0.003,0.0,5.334,0.0,0.0,0.0,0.37996315535407893,0.0,0.0,0.004139376408582617,0.3758237789454963,0.011098801766091643,0.0,0.0,0.0,0.0015505274096351183,0.0,0,0.0,0,0.3758237789454963,,,,,,,,,,,
1371,12/31/1970,0.525,0.000,12.000,5.337,0.0,0.0,5.337,0.0,0.0,0.0,0.3758237789454963,0.0,0.0,0.004064491341869787,0.3717592876036265,0.010905850615681263,0.0,0.0,0.0,0.0015206491286198027,0.0,0,0.0,0,0.3717592876036265,,,,,,,,,,,
1372,1/1/1971,0.525,0.002,1.000,5.134,0.002,0.0,5.132000000000001,0.0,0.0,0.0,0.3717592876036265,0.0,0.0,0.003991494081477444,0.36776779352214906,0.010717614281934318,0.0,0.0,0.0,0.0014915589002167274,0.0,0,0.0,0,0.36776779352214906,,,,,,,,,,,
1373,1/2/1971,0.499,0.138,1.000,5.134,0.138,0.0,4.996,0.0,0.0,0.0,0.36776779352214906,0.0,0.0,0.0039203237580548505,0.3638474697640942,0.010533944637173427,0.0,0.0,0.0,0.0014632304065697562,0.0,0,0.0,0,0.3638474697640942,,,,,,,,,,,
1374,1/3/1971,0.473,0.001,1.000,5.134,0.001,0.0,5.133,0.0,0.0,0.0,0.3638474697640942,0.0,0.0,0.00385092188774876,0.35999654787634544,0.010354699230405502,0.0,0.0,0.0,0.001435638391206277,0.0,0,0.0,0,0.35999654787634544,,,,,,,,,,,
1375,1/4/1971,0.473,0.028,1.000,5.134,0.028,0.0,5.106000000000001,0.0,0.0,0.0,0.35999654787634544,0.0,0.0,0.0037832322623524823,0.35621331561399294,0.010179741031033274,0.0,0.0,0.0,0.0014087586089667837,0.0,0,0.0,0,0.35621331561399294,,,,,,,,,,,
1376,1/5/1971,0.499,0.499,1.000,5.134,0.499,0.0,4.635000000000001,0.0,0.0,0.0,0.35621331561399294,0.0,0.0,0.0037172008452573168,0.3524961147687356,0.010008938185865545,0.0,0.0,0.0,0.0013825677786348477,0.0,0,0.0,0,0.3524961147687356,,,,,,,,,,,
1377,1/6/1971,0.525,0.540,1.000,5.134,0.54,0.0,4.594,0.0,0.0,0.0,0.3524961147687356,0.0,0.0,0.003652775672861097,0.3488433390958745,0.00984216378864746,0.0,0.0,0.0,0.0013570435381038302,0.0,0,0.0,0,0.3488433390958745,,,,,,,,,,,
1378,1/7/1971,0.552,0.471,1.000,5.134,0.471,0.0,4.663,0.0,0.0,0.0,0.3488433390958745,0.0,0.0,0.0035899067611114125,0.3452534323347631,0.00967929566138298,0.0,0.0,0.0,0.001332164401927692,0.0,0,0.0,0,0.3452534323347631,,,,,,,,,,,
1379,1/8/1971,0.525,0.200,1.000,5.134,0.2,0.0,4.934,0.0,0.0,0.0,0.3452534323347631,0.0,0.0,0.003528546016882211,0.3417248863178809,0.009520216146768687,0.0,0.0,0.0,0.001307909721113414,0.0,0,0.0,0,0.3417248863178809,,,,,,,,,,,
1380,1/9/1971,0.525,1.564,1.000,5.134,1.564,0.0,3.5700000000000003,0.0,0.0,0.0,0.3417248863178809,0.0,0.0,0.003468647153902178,0.33825623916397873,0.009364811911101828,0.0,0.0,0.0,0.001284259645022024,0.0,0,0.0,0,0.33825623916397873,,,,,,,,,,,
1381,1/10/1971,0.552,0.550,1.000,5.134,0.55,0.0,4.5840000000000005,0.0,0.0,0.0,0.33825623916397873,0.0,0.0,0.003410165612971449,0.33484607355100726,0.009212973757066104,0.0,0.0,0.0,0.0012611950852539243,0.0,0,0.0,0,0.33484607355100726,,,,,,,,,,,
1382,1/11/1971,0.552,0.117,1.000,5.134,0.117,0.0,5.017,0.0,0.0,0.0,0.33484607355100726,0.0,0.0,0.003353058486220216,0.33149301506478707,0.009064596445836544,0.0,0.0,0.0,0.001238697681402394,0.0,0,0.0,0,0.33149301506478707,,,,,,,,,,,
1383,1/12/1971,0.525,0.072,1.000,5.134,0.072,0.0,5.062,0.0,0.0,0.0,0.33149301506478707,0.0,0.0,0.0032972844451784875,0.3281957306196086,0.008919578527979975,0.0,0.0,0.0,0.001216749768566633,0.0,0,0.0,0,0.3281957306196086,,,,,,,,,,,
1384,1/13/1971,0.499,0.673,1.000,5.134,0.673,0.0,4.461,0.0,0.0,0.0,0.3281957306196086,0.0,0.0,0.003242803672440891,0.3249529269471677,0.008777822182660154,0.0,0.0,0.0,0.001195334346522736,0.0,0,0.0,0,0.3249529269471677,,,,,,,,,,,
1385,1/14/1971,0.607,1.010,1.000,5.134,1.01,0.0,4.1240000000000006,0.0,0.0,0.0,0.3249529269471677,0.0,0.0,0.003189577796724066,0.32176334915044363,0.008639233064687406,0.0,0.0,0.0,0.0011744350504575007,0.0,0,0.0,0,0.32176334915044363,,,,,,,,,,,
1386,1/15/1971,0.552,0.000,1.000,5.134,0.0,0.0,5.134,0.0,0.0,0.0,0.32176334915044363,0.0,0.0,0.003137569831126822,0.3186257793193168,0.008503720158980677,0.0,0.0,0.0,0.001154036123176009,0.0,0,0.0,0,0.3186257793193168,,,,,,,,,,,
1387,1/16/1971,0.552,0.044,1.000,5.134,0.044,0.0,5.090000000000001,0.0,0.0,0.0,0.3186257793193168,0.0,0.0,0.003086744114415054,0.31553903520490173,0.008371195642036604,0.0,0.0,0.0,0.0011341223886995524,0.0,0,0.0,0,0.31553903520490173,,,,,,,,,,,
1388,1/17/1971,0.525,0.235,1.000,5.134,0.235,0.0,4.899,0.0,0.0,0.0,0.31553903520490173,0.0,0.0,0.0030370662551644093,0.3125019689497373,0.008241574750024757,0.0,0.0,0.0,0.0011146792271757163,0.0,0,0.0,0,0.3125019689497373,,,,,,,,,,,
1389,1/18/1971,0.499,0.756,1.000,5.134,0.756,0.0,4.378,0.0,0.0,0.0,0.3125019689497373,0.0,0.0,0.0029885030786039376,0.3095134658711334,0.00811477565315133,0.0,0.0,0.0,0.001095692551027308,0.0,0,0.0,0,0.3095134658711334,,,,,,,,,,,
1390,1/19/1971,0.473,6.636,1.000,5.134,5.134,1.5019999999999998,0.0,0,1.4125585542815702,0.0,1.7220720201527036,0.0,0.0,0.05137887948793541,1.670693140664768,0.12288829494434823,0.08944144571842953,0.08944144571842953,0.0,0.022714592472646993,0.08944144571842953,0,0.0,0,1.670693140664768,,,,,,,,,,,
1391,1/20/1971,0.473,0.177,1.000,5.134,0.177,0.0,4.957000000000001,0.0,0.0,0.08944144571842953,1.670693140664768,0.08944144571842953,0.0,0.04884951546700618,1.621843625197762,0.11714559161542112,0.0,0.0,0.0,0.021524741678250567,0.0,0,0.0,0,1.621843625197762,,,,,,,,,,,
1392,1/21/1971,0.473,0.089,1.000,5.134,0.089,0.0,5.045,0.0,0.0,0.0,1.621843625197762,0.0,0.0,0.04649226893521354,1.5753513562625483,0.11177805772781786,0.0,0.0,0.0,0.02041949829279683,0.0,0,0.0,0,1.5753513562625483,,,,,,,,,,,
1393,1/22/1971,0.448,0.471,1.000,5.134,0.471,0.0,4.663,0.0,0.0,0.0,1.5753513562625483,0.0,0.0,0.044292292889717436,1.531059063372831,0.10675440625895513,0.0,0.0,0.0,0.019391313162240742,0.0,0,0.0,0,1.531059063372831,,,,,,,,,,,
1394,1/23/1971,0.724,3.663,1.000,5.134,3.663,0.0,1.4710000000000005,0.0,0.0,0.0,1.531059063372831,0.0,0.0,0.04223628246301147,1.4888227809098196,0.1020465070129595,0.0,0.0,0.0,0.01843344292282757,0.0,0,0.0,0,1.4888227809098196,,,,,,,,,,,
1395,1/24/1971,0.849,2.910,1.000,5.134,2.91,0.0,2.224,0.0,0.0,0.0,1.4888227809098196,0.0,0.0,0.04031228850623414,1.4485104924035854,0.09762901461583513,0.0,0.0,0.0,0.017539850356323994,0.0,0,0.0,0,1.4485104924035854,,,,,,,,,,,
1396,1/25/1971,0.724,0.986,1.000,5.134,0.986,0.0,4.148000000000001,0.0,0.0,0.0,1.4485104924035854,0.0,0.0,0.03850955677112706,1.4100009356324583,0.09347904644517098,0.0,0.0,0.0,0.016705118696424232,0.0,0,0.0,0,1.4100009356324583,,,,,,,,,,,
1397,1/26/1971,0.694,1.014,1.000,5.134,1.014,0.0,4.12,0.0,0.0,0.0,1.4100009356324583,0.0,0.0,0.0368183887689102,1.3731825468635481,0.08957590300010658,0.0,0.0,0.0,0.01592437771267837,0.0,0,0.0,0,1.3731825468635481,,,,,,,,,,,
1398,1/27/1971,0.694,0.656,1.000,5.134,0.656,0.0,4.478000000000001,0.0,0.0,0.0,1.3731825468635481,0.0,0.0,0.03523002104534066,1.3379525258182074,0.08590082445692283,0.0,0.0,0.0,0.015193239770132757,0.0,0,0.0,0,1.3379525258182074,,,,,,,,,,,
1399,1/28/1971,0.665,0.597,1.000,5.134,0.597,0.0,4.537000000000001,0.0,0.0,0.0,1.3379525258182074,0.0,0.0,0.03373652015100392,1.3042160056672036,0.08243677817183843,0.0,0.0,0.0,0.01450774436561805,0.0,0,0.0,0,1.3042160056672036,,,,,,,,,,,
1400,1/29/1971,0.636,0.705,1.000,5.134,0.705,0.0,4.429,0.0,0.0,0.0,1.3042160056672036,0.0,0.0,0.032330691028421725,1.2718853146387818,0.07916827272884638,0.0,0.0,0.0,0.013864309889095396,0.0,0,0.0,0,1.2718853146387818,,,,,,,,,,,
1401,1/30/1971,0.636,0.489,1.000,5.134,0.489,0.0,4.6450000000000005,0.0,0.0,0.0,1.2718853146387818,0.0,0.0,0.031005996901744166,1.2408793177370376,0.07608119482113579,0.0,0.0,0.0,0.013259691561542938,0.0,0,0.0,0,1.2408793177370376,,,,,,,,,,,
1402,1/31/1971,0.636,0.625,1.000,5.134,0.625,0.0,4.509,0.0,0.0,0.0,1.2408793177370376,0.0,0.0,0.029756489055590918,1.2111228286814466,0.07316266582717286,0.0,0.0,0.0,0.012690944668117366,0.0,0,0.0,0,1.2111228286814466,,,,,,,,,,,
1403,2/1/1971,0.636,0.068,2.000,4.866,0.068,0.0,4.798,0.0,0.0,0.0,1.2111228286814466,0.0,0.0,0.02857674513892236,1.1825460835425243,0.07040091541870797,0.0,0.0,0.0,0.012155392343566494,0.0,0,0.0,0,1.1825460835425243,,,,,,,,,,,
1404,2/2/1971,0.580,0.417,2.000,4.866,0.417,0.0,4.449,0.0,0.0,0.0,1.1825460835425243,0.0,0.0,0.027461814837165782,1.1550842687053586,0.06778516993535218,0.0,0.0,0.0,0.011650597281523426,0.0,0,0.0,0,1.1550842687053586,,,,,,,,,,,
1405,2/3/1971,0.817,2.229,2.000,4.866,2.229,0.0,2.6369999999999996,0.0,0.0,0.0,1.1550842687053586,0.0,0.0,0.026407171928823196,1.1286770967765354,0.06530555359302652,0.0,0.0,0.0,0.011174336834719675,0.0,0,0.0,0,1.1286770967765354,,,,,,,,,,,
1406,2/4/1971,0.881,3.102,2.000,4.866,3.102,0.0,1.7639999999999998,0.0,0.0,0.0,1.1286770967765354,0.0,0.0,0.025408671887588247,1.103268424888947,0.06295300087292735,0.0,0.0,0.0,0.010724581052798101,0.0,0,0.0,0,1.103268424888947,,,,,,,,,,,
1407,2/5/1971,0.694,0.307,2.000,4.866,0.307,0.0,4.558999999999999,0.0,0.0,0.0,1.103268424888947,0.0,0.0,0.024462514312564954,1.078805910576382,0.06071917867291223,0.0,0.0,0.0,0.010299473271096085,0.0,0,0.0,0,1.078805910576382,,,,,,,,,,,
1408,2/6/1971,0.665,0.011,2.000,4.866,0.011,0.0,4.8549999999999995,0.0,0.0,0.0,1.078805910576382,0.0,0.0,0.023565209571539084,1.055240701004843,0.058596417001916555,0.0,0.0,0.0,0.009897312919778193,0.0,0,0.0,0,1.055240701004843,,,,,,,,,,,
1409,2/7/1971,0.636,0.066,2.000,4.866,0.066,0.0,4.8,0.0,0.0,0.0,1.055240701004843,0.0,0.0,0.02271354912868287,1.03252715187616,0.05657764716630842,0.0,0.0,0.0,0.009516540269871534,0.0,0,0.0,0,1.03252715187616,,,,,,,,,,,
1410,2/8/1971,0.607,0.181,2.000,4.866,0.181,0.0,4.685,0.0,0.0,0.0,1.03252715187616,0.0,0.0,0.02190457910125429,1.0106225727749059,0.0546563465400104,0.0,0.0,0.0,0.009155722872600289,0.0,0,0.0,0,1.0106225727749059,,,,,,,,,,,
1411,2/9/1971,0.580,0.040,2.000,4.866,0.04,0.0,4.826,0.0,0.0,0.0,1.0106225727749059,0.0,0.0,0.021135576651978974,0.9894869961229269,0.05282648913190581,0.0,0.0,0.0,0.008813543482158322,0.0,0,0.0,0,0.9894869961229269,,,,,,,,,,,
1412,2/10/1971,0.552,0.071,2.000,4.866,0.071,0.0,4.795,0.0,0.0,0.0,0.9894869961229269,0.0,0.0,0.02040402887668113,0.9690829672462458,0.05108250126791693,0.0,0.0,0.0,0.008488789280708958,0.0,0,0.0,0,0.9690829672462458,,,,,,,,,,,
1413,2/11/1971,0.525,0.024,2.000,4.866,0.024,0.0,4.842,0.0,0.0,0.0,0.9690829672462458,0.0,0.0,0.019707613891848753,0.949375353354397,0.04941922179401849,0.0,0.0,0.0,0.00818034224878905,0.0,0,0.0,0,0.949375353354397,,,,,,,,,,,
1414,2/12/1971,0.525,0.183,2.000,4.866,0.183,0.0,4.683,0.0,0.0,0.0,0.949375353354397,0.0,0.0,0.019044183865408838,0.9303311694889882,0.047831866282676085,0.0,0.0,0.0,0.007887170545104967,0.0,0,0.0,0,0.9303311694889882,,,,,,,,,,,
1415,2/13/1971,0.525,0.659,2.000,4.866,0.659,0.0,4.207,0.0,0.0,0.0,0.9303311694889882,0.0,0.0,0.018411749767072955,0.9119194197219153,0.04631599479072471,0.0,0.0,0.0,0.00760832077750836,0.0,0,0.0,0,0.9119194197219153,,,,,,,,,,,
1416,2/14/1971,0.580,0.326,2.000,4.866,0.326,0.0,4.54,0.0,0.0,0.0,0.9119194197219153,0.0,0.0,0.01780846764304178,0.8941109520788735,0.04486748277315616,0.0,0.0,0.0,0.007342911062199941,0.0,0,0.0,0,0.8941109520788735,,,,,,,,,,,
1417,2/15/1971,0.580,0.591,2.000,4.866,0.591,0.0,4.2749999999999995,0.0,0.0,0.0,0.8941109520788735,0.0,0.0,0.017232626244338273,0.8768783258345352,0.0434824948060254,0.0,0.0,0.0,0.007090124781321408,0.0,0,0.0,0,0.8768783258345352,,,,,,,,,,,
1418,2/16/1971,0.754,3.148,2.000,4.866,3.148,0.0,1.7179999999999995,0.0,0.0,0.0,0.8768783258345352,0.0,0.0,0.016682635859166677,0.8601956899753685,0.042157460813856414,0.0,0.0,0.0,0.006849204960386589,0.0,0,0.0,0,0.8601956899753685,,,,,,,,,,,
1419,2/17/1971,0.849,2.502,2.000,4.866,2.502,0.0,2.364,0.0,0.0,0.0,0.8601956899753685,0.0,0.0,0.016157018217965165,0.8440386717574034,0.040889054533488935,0.0,0.0,0.0,0.006619449196745614,0.0,0,0.0,0,0.8440386717574034,,,,,,,,,,,
1420,2/18/1971,0.665,0.103,2.000,4.866,0.103,0.0,4.763,0.0,0.0,0.0,0.8440386717574034,0.0,0.0,0.015654397355652497,0.8283842744017509,0.03967417397806654,0.0,0.0,0.0,0.006400205078700503,0.0,0,0.0,0,0.8283842744017509,,,,,,,,,,,
1421,2/19/1971,0.607,0.046,2.000,4.866,0.046,0.0,4.819999999999999,0.0,0.0,0.0,0.8283842744017509,0.0,0.0,0.015173491329315397,0.8132107830724354,0.038509923692507435,0.0,0.0,0.0,0.006190866042189494,0.0,0,0.0,0,0.8132107830724354,,,,,,,,,,,
1422,2/20/1971,0.580,0.034,2.000,4.866,0.034,0.0,4.832,0.0,0.0,0.0,0.8132107830724354,0.0,0.0,0.014713104701541599,0.7984976783708938,0.03739359861590212,0.0,0.0,0.0,0.005990867618293613,0.0,0,0.0,0,0.7984976783708938,,,,,,,,,,,
1423,2/21/1971,0.580,0.000,2.000,4.866,0.0,0.0,4.866,0.0,0.0,0.0,0.7984976783708938,0.0,0.0,0.01427212171002511,0.7842255566608687,0.03632266938733608,0.0,0.0,0.0,0.005799684030329598,0.0,0,0.0,0,0.7842255566608687,,,,,,,,,,,
1424,2/22/1971,0.580,0.104,2.000,4.866,0.104,0.0,4.762,0.0,0.0,0.0,0.7842255566608687,0.0,0.0,0.013849500053169657,0.770376056607699,0.03529476895006123,0.0,0.0,0.0,0.005616825104094907,0.0,0,0.0,0,0.770376056607699,,,,,,,,,,,
1425,2/23/1971,0.580,0.146,2.000,4.866,0.146,0.0,4.72,0.0,0.0,0.0,0.770376056607699,0.0,0.0,0.013444265229374705,0.7569317913783243,0.03430768032509109,0.0,0.0,0.0,0.005441833459021607,0.0,0,0.0,0,0.7569317913783243,,,,,,,,,,,
1426,2/24/1971,0.525,0.312,2.000,4.866,0.312,0.0,4.553999999999999,0.0,0.0,0.0,0.7569317913783243,0.0,0.0,0.013055505374661405,0.743876286003663,0.033359325439476756,0.0,0.0,0.0,0.00527428195166076,0.0,0,0.0,0,0.743876286003663,,,,,,,,,,,
1427,2/25/1971,0.499,0.245,2.000,4.866,0.245,0.0,4.6209999999999996,0.0,0.0,0.0,0.743876286003663,0.0,0.0,0.012682366549415113,0.7311939194542478,0.03244775490699506,0.0,0.0,0.0,0.005113771346128704,0.0,0,0.0,0,0.7311939194542478,,,,,,,,,,,
1428,2/26/1971,0.473,0.687,2.000,4.866,0.687,0.0,4.178999999999999,0.0,0.0,0.0,0.7311939194542478,0.0,0.0,0.01232404843040047,0.7188698710238474,0.031571138669968024,0.0,0.0,0.0,0.0049599281889628226,0.0,0,0.0,0,0.7188698710238474,,,,,,,,,,,
1429,2/27/1971,0.499,0.584,2.000,4.866,0.584,0.0,4.282,0.0,0.0,0.0,0.7188698710238474,0.0,0.0,0.011979800368940979,0.7068900706549064,0.030727757420628235,0.0,0.0,0.0,0.004812402868309006,0.0,0,0.0,0,0.7068900706549064,,,,,,,,,,,
1430,2/28/1971,0.473,0.617,2.000,4.866,0.617,0.0,4.249,0.0,0.0,0.0,0.7068900706549064,0.0,0.0,0.011648917780331362,0.695241152874575,0.029915994729011262,0.0,0.0,0.0,0.004670867839541028,0.0,0,0.0,0,0.695241152874575,,,,,,,,,,,
1431,3/1/1971,0.473,0.118,3.000,4.631,0.118,0.0,4.513,0.0,0.0,0.0,0.695241152874575,0.0,0.0,0.011330738833239177,0.6839104140413358,0.029134329811937587,0.0,0.0,0.0,0.0045350160013319825,0.0,0,0.0,0,0.6839104140413358,,,,,,,,,,,
1432,3/2/1971,0.448,0.112,3.000,4.631,0.112,0.0,4.519,0.0,0.0,0.0,0.6839104140413358,0.0,0.0,0.011024641411114236,0.6728857726302215,0.02838133088436521,0.0,0.0,0.0,0.004404559207892741,0.0,0,0.0,0,0.6728857726302215,,,,,,,,,,,
1433,3/3/1971,0.525,2.086,3.000,4.631,2.086,0.0,2.5450000000000004,0.0,0.0,0.0,0.6728857726302215,0.0,0.0,0.010730040320513575,0.6621557323097079,0.027655649040356573,0.0,0.0,0.0,0.004279226904590882,0.0,0,0.0,0,0.6621557323097079,,,,,,,,,,,
1434,3/4/1971,0.636,1.318,3.000,4.631,1.318,0.0,3.313,0.0,0.0,0.0,0.6621557323097079,0.0,0.0,0.010446384723812444,0.6517093475858955,0.02695601261620251,0.0,0.0,0.0,0.004158764875490181,0.0,0,0.0,0,0.6517093475858955,,,,,,,,,,,
1435,3/5/1971,0.607,0.221,3.000,4.631,0.221,0.0,4.41,0.0,0.0,0.0,0.6517093475858955,0.0,0.0,0.01017315577604786,0.6415361918098477,0.02628122199296151,0.0,0.0,0.0,0.0040429340925269295,0.0,0,0.0,0,0.6415361918098477,,,,,,,,,,,
1436,3/6/1971,0.552,0.221,3.000,4.631,0.221,0.0,4.41,0.0,0.0,0.0,0.6415361918098477,0.0,0.0,0.009909864447665636,0.631626327362182,0.025630144799874358,0.0,0.0,0.0,0.003931509657083616,0.0,0,0.0,0,0.631626327362182,,,,,,,,,,,
1437,3/7/1971,0.525,0.259,3.000,4.631,0.259,0.0,4.372,0.0,0.0,0.0,0.631626327362182,0.0,0.0,0.009656049516744626,0.6219702778454375,0.025001711483863376,0.0,0.0,0.0,0.003824279825648818,0.0,0,0.0,0,0.6219702778454375,,,,,,,,,,,
1438,3/8/1971,0.499,0.474,3.000,4.631,0.474,0.0,4.157,0.0,0.0,0.0,0.6219702778454375,0.0,0.0,0.009411275715879389,0.612559002129558,0.024394911213674472,0.0,0.0,0.0,0.0037210451120784794,0.0,0,0.0,0,0.612559002129558,,,,,,,,,,,
1439,3/9/1971,0.473,0.537,3.000,4.631,0.537,0.0,4.094,0.0,0.0,0.0,0.612559002129558,0.0,0.0,0.009175132020337753,0.6033838701092203,0.023808788090215725,0.0,0.0,0.0,0.0036216174597102574,0.0,0,0.0,0,0.6033838701092203,,,,,,,,,,,
1440,3/10/1971,0.473,0.005,3.000,4.631,0.005,0.0,4.626,0.0,0.0,0.0,0.6033838701092203,0.0,0.0,0.00894723006539274,0.5944366400438276,0.023242437637329038,0.0,0.0,0.0,0.0035258194772398777,0.0,0,0.0,0,0.5944366400438276,,,,,,,,,,,
1441,3/11/1971,0.580,2.561,3.000,4.631,2.561,0.0,2.0700000000000003,0.0,0.0,0.0,0.5944366400438276,0.0,0.0,0.008727202681876536,0.585709437361951,0.022695003549636206,0.0,0.0,0.0,0.0034334837328556683,0.0,0,0.0,0,0.585709437361951,,,,,,,,,,,
1442,3/12/1971,0.580,0.700,3.000,4.631,0.7,0.0,3.931,0.0,0.0,0.0,0.585709437361951,0.0,0.0,0.008514702540033078,0.577194734821918,0.022165674676259926,0.0,0.0,0.0,0.003344452101652772,0.0,0,0.0,0,0.577194734821918,,,,,,,,,,,
1443,3/13/1971,0.580,0.895,3.000,4.631,0.895,0.0,3.736,0.0,0.0,0.0,0.577194734821918,0.0,0.0,0.008309400892668817,0.5688853339292491,0.021653682221159917,0.0,0.0,0.0,0.003258575161818997,0.0,0,0.0,0,0.5688853339292491,,,,,,,,,,,
1444,3/14/1971,0.947,2.906,3.000,4.631,2.906,0.0,1.725,0.0,0.0,0.0,0.5688853339292491,0.0,0.0,0.008110986409430102,0.560774347519819,0.02115829714256966,0.0,0.0,0.0,0.003175711635506105,0.0,0,0.0,0,0.560774347519819,,,,,,,,,,,
1445,3/15/1971,0.636,2.189,3.000,4.631,2.189,0.0,2.442,0.0,0.0,0.0,0.560774347519819,0.0,0.0,0.007919164094780929,0.5528551834250381,0.02067882773559114,0.0,0.0,0.0,0.003095727870679001,0.0,0,0.0,0,0.5528551834250381,,,,,,,,,,,
1446,3/16/1971,1.050,7.814,3.000,4.631,4.631,3.183,0.0,0,3.09355855428157,0.0,3.6464137377066077,0.0,0.0,0.17939445618772318,3.4670192815188847,0.3999191519560066,0.08944144571843,0.08944144571843,0.0,0.08611138671581714,0.08944144571843,0,0.0,0,3.4670192815188847,,,,,,,,,,,
1447,3/17/1971,1.269,5.675,3.000,4.631,4.631,1.0439999999999996,0.0,0,1.0439999999999996,0.08944144571843,4.511417430778287,0.0,0.08944144571843,0.2557922997826668,4.25562513099562,0.5577978330251558,0.0,0.0,0.00039814925940304455,0.125683267107262,0.08904329645902696,0,0.0,0,4.25562513099562,,,,,,,,,,,
1448,3/18/1971,0.817,0.400,3.000,4.631,0.4,0.0,4.231,0.0,0.0,0.08904329645902696,4.25562513099562,0.08904329645902696,0.0,0.23208018006194034,4.02354495093368,0.5092090117353503,0.0,0.0,0.0,0.11330472411014678,0.0,0,0.0,0,4.02354495093368,,,,,,,,,,,
1449,3/19/1971,0.849,0.366,3.000,4.631,0.366,0.0,4.265000000000001,0.0,0.0,0.0,4.02354495093368,0.0,0.0,0.2113718786006143,3.8121730723330653,0.46648522541377085,0.0,0.0,0.0,0.10256195170149582,0.0,0,0.0,0,3.8121730723330653,,,,,,,,,,,
1450,3/20/1971,0.665,0.230,3.000,4.631,0.23,0.0,4.401,0.0,0.0,0.0,3.8121730723330653,0.0,0.0,0.1931909568468554,3.61898211548621,0.42873233780333625,0.0,0.0,0.0,0.09318707292043416,0.0,0,0.0,0,3.61898211548621,,,,,,,,,,,
1451,3/21/1971,0.580,0.358,3.000,4.631,0.358,0.0,4.273000000000001,0.0,0.0,0.0,3.61898211548621,0.0,0.0,0.1771508223556192,3.4418312931305906,0.3952192574404193,0.0,0.0,0.0,0.08496402592906205,0.0,0,0.0,0,3.4418312931305906,,,,,,,,,,,
1452,3/22/1971,0.580,0.501,3.000,4.631,0.501,0.0,4.13,0.0,0.0,0.0,3.4418312931305906,0.0,0.0,0.1629352592715419,3.2788960338590485,0.3653436208553917,0.0,0.0,0.0,0.07771709905419819,0.0,0,0.0,0,3.2788960338590485,,,,,,,,,,,
1453,3/23/1971,0.525,0.613,3.000,4.631,0.613,0.0,4.018000000000001,0.0,0.0,0.0,3.2788960338590485,0.0,0.0,0.15028369182160847,3.12861234203744,0.3386056065147047,0.0,0.0,0.0,0.07130230230425237,0.0,0,0.0,0,3.12861234203744,,,,,,,,,,,
1454,3/24/1971,0.580,0.929,3.000,4.631,0.929,0.0,3.702,0.0,0.0,0.0,3.12861234203744,0.0,0.0,0.13897991281780978,2.9896324292196303,0.3145877506243971,0.0,0.0,0.0,0.06560080393298577,0.0,0,0.0,0,2.9896324292196303,,,,,,,,,,,
1455,3/25/1971,0.607,1.233,3.000,4.631,1.233,0.0,3.398,0.0,0.0,0.0,2.9896324292196303,0.0,0.0,0.12884337846393898,2.8607890507556912,0.29293924324687887,0.0,0.0,0.0,0.06051388825274692,0.0,0,0.0,0,2.8607890507556912,,,,,,,,,,,
1456,3/26/1971,0.724,2.852,3.000,4.631,2.852,0.0,1.7790000000000004,0.0,0.0,0.0,2.8607890507556912,0.0,0.0,0.11972242438464756,2.7410666263710435,0.2733636038260608,0.0,0.0,0.0,0.05595904640668517,0.0,0,0.0,0,2.7410666263710435,,,,,,,,,,,
1457,3/27/1971,0.754,9.458,3.000,4.631,4.631,4.827,0.0,0,4.73755855428157,0.0,7.478625180652614,0.0,0.0,0.5939301750266764,6.884695005625938,1.2238569869833882,0.08944144571843,0.08944144571843,0.0,0.3084596348385741,0.08944144571843,0,0.0,0,6.884695005625938,,,,,,,,,,,
1458,3/28/1971,0.817,5.567,3.000,4.631,4.631,0.9359999999999999,0.0,0,0.9359999999999999,0.08944144571843,7.82109315488534,0.0,0.08944144571843,0.6399482795215287,7.181144875363811,1.3116683235970106,0.0,0.0,0.00039814925940304455,0.3339953218905864,0.08904329645902696,0,0.0,0,7.181144875363811,,,,,,,,,,,
1459,3/29/1971,0.785,1.575,3.000,4.631,1.575,0.0,3.056,0.0,0.0,0.08904329645902696,7.181144875363811,0.08904329645902696,0.0,0.5550795899003897,6.626065285463421,1.1492905117650745,0.0,0.0,0.0,0.2870020394054399,0.0,0,0.0,0,6.626065285463421,,,,,,,,,,,
1460,3/30/1971,0.817,1.466,3.000,4.631,1.466,0.0,3.165,0.0,0.0,0.0,6.626065285463421,0.0,0.0,0.4854285279842413,6.1406367574791805,1.0145297176869175,0.0,0.0,0.0,0.24878458214312613,0.0,0,0.0,0,6.1406367574791805,,,,,,,,,,,
1461,3/31/1971,0.636,1.653,3.000,4.631,1.653,0.0,2.978,0.0,0.0,0.0,6.1406367574791805,0.0,0.0,0.42761683149560037,5.7130199259835805,0.9015120068374131,0.0,0.0,0.0,0.21733481136163377,0.0,0,0.0,0,5.7130199259835805,,,,,,,,,,,
1462,4/1/1971,0.636,1.372,4.000,4.235,1.372,0.0,2.8630000000000004,0.0,0.0,0.0,5.7130199259835805,0.0,0.0,0.37914791841321327,5.333872007570367,0.8058424706756941,0.0,0.0,0.0,0.19118127863667544,0.0,0,0.0,0,5.333872007570367,,,,,,,,,,,
1463,4/2/1971,0.607,0.531,4.000,4.235,0.531,0.0,3.704,0.0,0.0,0.0,5.333872007570367,0.0,0.0,0.33814535660746814,4.995726650962899,0.7241797745073,0.0,0.0,0.0,0.16922693425858049,0.0,0,0.0,0,4.995726650962899,,,,,,,,,,,
1464,4/3/1971,0.580,1.001,4.000,4.235,1.001,0.0,3.2340000000000004,0.0,0.0,0.0,4.995726650962899,0.0,0.0,0.30317744595620144,4.6925492050066975,0.6539470955145166,0.0,0.0,0.0,0.15064113444556287,0.0,0,0.0,0,4.6925492050066975,,,,,,,,,,,
1465,4/4/1971,0.607,4.064,4.000,4.235,4.064,0.0,0.17100000000000026,0.0,0.0,0.0,4.6925492050066975,0.0,0.0,0.27313698006424647,4.419412224942451,0.5931315991859356,0.0,0.0,0.0,0.1347861761524326,0.0,0,0.0,0,4.419412224942451,,,,,,,,,,,
1466,4/5/1971,0.754,3.973,4.000,4.235,3.973,0.0,0.26200000000000045,0.0,0.0,0.0,4.419412224942451,0.0,0.0,0.24715721852820574,4.172255006414245,0.5401427252147593,0.0,0.0,0.0,0.12116632483253244,0.0,0,0.0,0,4.172255006414245,,,,,,,,,,,
1467,4/6/1971,1.544,10.725,4.000,4.235,4.235,6.489999999999999,0.0,0,6.400558554281569,0.0,10.572813560695813,0.0,0.0,1.0576697125156231,9.515143848180191,2.088303062680961,0.08944144571843,0.08944144571843,0.0,0.5705629592589255,0.08944144571843,0,0.0,0,9.515143848180191,,,,,,,,,,,
1468,4/7/1971,2.850,4.761,4.000,4.235,4.235,0.5259999999999998,0.0,0,0.5259999999999998,0.08944144571843,10.041541997439595,0.0,0.08944144571843,0.9705839969271687,9.070958000512427,1.9290132360651548,0.0,0.0,0.00039814925940304455,0.5206323633732772,0.08904329645902696,0,0.0,0,9.070958000512427,,,,,,,,,,,
1469,4/8/1971,3.280,12.471,4.000,4.235,4.235,8.236,0.0,0,8.235601850740597,0.08904329645902696,17.306956228148042,0.0,0.08904329645902696,2.404733408191502,14.90222281995654,4.439147063299208,0.0003981492594030382,0.0003981492594030382,0.0003963768950199571,1.3692809626749627,0.08904506882341005,0,0.0,0,14.90222281995654,,,,,,,,,,,
1470,4/9/1971,2.798,4.346,4.000,4.235,4.235,0.11099999999999977,0.0,0,0.11063681572139322,0.08904506882341005,15.013256020462647,0.0,0.08904506882341005,1.8973928625662466,13.115863157896401,3.5742536206898694,0.0003631842786065417,0.0003631842786065417,0.000396384784713162,1.0636809806064085,0.08901186831730344,0,0.0,0,13.115863157896401,,,,,,,,,,,
1471,4/10/1971,1.626,0.728,4.000,4.235,0.728,0.0,3.5070000000000006,0.0,0.0,0.08901186831730344,13.115863157896401,0.08901186831730344,0.0,1.5148184041366053,11.601044753759796,2.9071184523692586,0.0,0.0,0.0,0.836719015224985,0.0,0,0.0,0,11.601044753759796,,,,,,,,,,,
1472,4/11/1971,1.086,1.113,4.000,4.235,1.113,0.0,3.1220000000000003,0.0,0.0,0.0,11.601044753759796,0.0,0.0,1.2346038162130675,10.366440937546729,2.4084384722049506,0.0,0.0,0.0,0.6728239358981076,0.0,0,0.0,0,10.366440937546729,,,,,,,,,,,
1473,4/12/1971,0.849,0.938,4.000,4.235,0.938,0.0,3.2970000000000006,0.0,0.0,0.0,10.366440937546729,0.0,0.0,1.0234860024570132,9.342954935089717,2.02592094817182,0.0,0.0,0.0,0.5509301780395546,0.0,0,0.0,0,9.342954935089717,,,,,,,,,,,
1474,4/13/1971,0.785,2.774,4.000,4.235,2.774,0.0,1.4610000000000003,0.0,0.0,0.0,9.342954935089717,0.0,0.0,0.8606756869216796,8.482279248168037,1.7261632447518986,0.0,0.0,0.0,0.45803979141009027,0.0,0,0.0,0,8.482279248168037,,,,,,,,,,,
1475,4/14/1971,0.817,1.990,4.000,4.235,1.99,0.0,2.245,0.0,0.0,0.0,8.482279248168037,0.0,0.0,0.732633412514977,7.749645835653061,1.4869854378210365,0.0,0.0,0.0,0.3857868931083963,0.0,0,0.0,0,7.749645835653061,,,,,,,,,,,
1476,4/15/1971,0.817,6.242,4.000,4.235,4.235,2.0069999999999997,0.0,0,1.9175585542815696,0.0,9.66720438993463,0.0,0.0,0.911032659164263,8.756171730770367,1.819367193145815,0.08944144571843,0.08944144571843,0.0,0.4866564935241701,0.08944144571843,0,0.0,0,8.756171730770367,,,,,,,,,,,
1477,4/16/1971,0.849,1.436,4.000,4.235,1.436,0.0,2.7990000000000004,0.0,0.0,0.08944144571843,8.756171730770367,0.08944144571843,0.0,0.772484123539863,7.983687607230504,1.5617798246632206,0.0,0.0,0.0,0.4081914529555172,0.0,0,0.0,0,7.983687607230504,,,,,,,,,,,
1478,4/17/1971,0.817,0.292,4.000,4.235,0.292,0.0,3.9430000000000005,0.0,0.0,0.0,7.983687607230504,0.0,0.0,0.6622749623231258,7.321412644907378,1.354082551831036,0.0,0.0,0.0,0.34642868155524326,0.0,0,0.0,0,7.321412644907378,,,,,,,,,,,
1479,4/18/1971,0.754,0.095,4.000,4.235,0.095,0.0,4.140000000000001,0.0,0.0,0.0,7.321412644907378,0.0,0.0,0.573267409928574,6.748145234978804,1.1842496542311396,0.0,0.0,0.0,0.2970354709793823,0.0,0,0.0,0,6.748145234978804,,,,,,,,,,,
1480,4/19/1971,0.754,0.234,4.000,4.235,0.234,0.0,4.001,0.0,0.0,0.0,6.748145234978804,0.0,0.0,0.5004259392621297,6.247719295716674,1.0436701893521727,0.0,0.0,0.0,0.2569848379722224,0.0,0,0.0,0,6.247719295716674,,,,,,,,,,,
1481,4/20/1971,0.694,0.170,4.000,4.235,0.17,0.0,4.065,0.0,0.0,0.0,6.247719295716674,0.0,0.0,0.4401171507527935,5.807602144963881,0.9260455791870001,0.0,0.0,0.0,0.22411255663684287,0.0,0,0.0,0,5.807602144963881,,,,,,,,,,,
1482,4/21/1971,0.665,1.615,4.000,4.235,1.615,0.0,2.62,0.0,0.0,0.0,5.807602144963881,0.0,0.0,0.3896672198068824,5.417934925156999,0.8266819899374399,0.0,0.0,0.0,0.19683966173336742,0.0,0,0.0,0,5.417934925156999,,,,,,,,,,,
1483,4/22/1971,0.636,1.727,4.000,4.235,1.727,0.0,2.508,0.0,0.0,0.0,5.417934925156999,0.0,0.0,0.3470740034297484,5.070860921727251,0.7420234539852758,0.0,0.0,0.0,0.17399345685090753,0.0,0,0.0,0,5.070860921727251,,,,,,,,,,,
1484,4/23/1971,0.607,0.446,4.000,4.235,0.446,0.0,3.789,0.0,0.0,0.0,5.070860921727251,0.0,0.0,0.31081498120130235,4.7600459405259485,0.6693363031677494,0.0,0.0,0.0,0.15468906284234757,0.0,0,0.0,0,4.7600459405259485,,,,,,,,,,,
1485,4/24/1971,0.580,1.561,4.000,4.235,1.561,0.0,2.6740000000000004,0.0,0.0,0.0,4.7600459405259485,0.0,0.0,0.27971624210663304,4.4803296984193155,0.6064912666174521,0.0,0.0,0.0,0.13824923138391654,0.0,0,0.0,0,4.4803296984193155,,,,,,,,,,,
1486,4/25/1971,0.552,1.429,4.000,4.235,1.429,0.0,2.806,0.0,0.0,0.0,4.4803296984193155,0.0,0.0,0.2528613203389118,4.227468378080403,0.5518101102995145,0.0,0.0,0.0,0.12414895284511336,0.0,0,0.0,0,4.227468378080403,,,,,,,,,,,
1487,4/26/1971,0.665,5.862,4.000,4.235,4.235,1.6269999999999998,0.0,0,1.5375585542815697,0.0,5.765026932361973,0.0,0.0,0.3849178152950083,5.380109117066965,0.8172784725676836,0.08944144571842998,0.08944144571842998,0.0,0.19428367296513277,0.08944144571842998,0,0.0,0,5.380109117066965,,,,,,,,,,,
1488,4/27/1971,0.665,0.484,4.000,4.235,0.484,0.0,3.7510000000000003,0.0,0.0,0.08944144571842998,5.380109117066965,0.08944144571842998,0.0,0.34304486108273513,5.03706425598423,0.7339756498224562,0.0,0.0,0.0,0.171841503608604,0.0,0,0.0,0,5.03706425598423,,,,,,,,,,,
1489,4/28/1971,0.724,4.979,4.000,4.235,4.235,0.7439999999999998,0.0,0,0.654558564932628,0.0,5.691622820916859,0.0,0.0,0.376784155305611,5.314838665611248,0.801153631887606,0.08944143506737182,0.08944143506737182,0.0,0.18991120977270348,0.08944143506737182,0,0.0,0,5.314838665611248,,,,,,,,,,,
1490,4/29/1971,0.636,1.379,4.000,4.235,1.379,0.0,2.8560000000000003,0.0,0.0,0.08944143506737182,5.314838665611248,0.08944143506737182,0.0,0.33613669144333963,4.978701974167908,0.7201606497421081,0.0,0.0,0.0,0.1681557493147763,0.0,0,0.0,0,4.978701974167908,,,,,,,,,,,
1491,4/30/1971,0.817,4.685,4.000,4.235,4.235,0.4499999999999993,0.0,0,0.36056618357186637,0.0,5.339268157739775,0.0,0.0,0.33871570474647217,5.000552452993302,0.7253206526042141,0.0894338164281329,0.0894338164281329,0.0,0.16953116708339439,0.0894338164281329,0,0.0,0,5.000552452993302,,,,,,,,,,,
1492,5/1/1971,1.423,5.570,5.000,3.714,3.714,1.8560000000000003,0.0,0,1.8559923707097032,0.0894338164281329,6.856942939000566,0.0,0.0894338164281329,0.5139450296875044,6.342997909313062,1.0698786996679353,7.6292902970983784e-06,7.6292902970983784e-06,0.0003981152975606664,0.2643906670631927,0.08904333042086934,0,0.0,0,6.342997909313062,,,,,,,,,,,
1493,5/2/1971,0.881,4.943,5.000,3.714,3.714,1.2289999999999996,0.0,0,1.2286018847024394,0.08904333042086934,7.571996171061703,0.0,0.08904333042086934,0.6063402811944977,6.965655889867206,1.2475910513576636,0.00039811529756020206,0.00039811529756020206,0.00039637704620135053,0.31533365611261716,0.0890450686722282,0,0.0,0,6.965655889867206,,,,,,,,,,,
1494,5/3/1971,0.785,3.529,5.000,3.714,3.529,0.0,0.18500000000000005,0.0,0.0,0.0890450686722282,6.965982113568372,0.01576119642877309,0.0732838722434551,0.5276383695441942,6.438343744024178,1.0963689447204095,0.0,0.0,0.0003262237011661662,0.2719050296004127,0.07295764854228894,0,0.0,0,6.438343744024178,,,,,,,,,,,
1495,5/4/1971,8.396,32.683,5.000,3.714,3.714,28.969,0.0,0,28.952516202823862,0.07295764854228894,35.39118471836198,0.0,0.07295764854228894,7.922415450558527,27.46876926780345,13.04647804122916,0.016483797176141072,0.016483797176141072,0.00032477151393936395,4.879261574253161,0.08911667420449064,0,0.0,0,27.46876926780345,,,,,,,,,,,
1496,5/5/1971,3.969,2.898,5.000,3.714,2.898,0.0,0.8159999999999998,0.0,0.0,0.08911667420449064,27.46885626614321,0.06957310580804119,0.019543568396449454,5.193180364085592,22.275675902057618,8.92784717482243,0.0,0.0,8.699833975889902e-05,3.1107169857497237,0.019456570056690554,0,0.0,0,22.275675902057618,,,,,,,,,,,
1497,5/6/1971,2.544,9.480,5.000,3.714,3.714,5.766,0.0,0,5.696015124338261,0.019456570056690554,27.97177763746188,0.0,0.019456570056690554,5.352613561694767,22.619164075767113,9.174559484706185,0.06998487566173946,0.06998487566173946,8.661106600380626e-05,3.212603348130082,0.08935483465242622,0,0.0,0,22.619164075767113,,,,,,,,,,,
1498,5/7/1971,1.797,11.634,5.000,3.714,3.714,7.92,0.0,0,7.919913388933996,0.08935483465242622,30.53947522841071,0.0,0.08935483465242622,6.196337457724454,24.343137770686255,10.46642565492448,8.661106600378555e-05,8.661106600378555e-05,0.0003977637095999468,3.7549932342343446,0.08904368200883006,0,0.0,0,24.343137770686255,,,,,,,,,,,
1499,5/8/1971,19.562,46.030,5.000,3.714,3.714,42.316,0.0,0,42.3156022362904,0.08904368200883006,66.65913638558796,0.0,0.08904368200883006,22.75788593156872,43.901250454019234,33.15675584392426,0.00039776370959994194,0.00039776370959994194,0.000396378611297767,15.023912842947905,0.08904506710713224,0,0.0,0,43.901250454019234,,,,,,,,,,,
1500,5/9/1971,12.227,6.094,5.000,3.714,3.714,2.3800000000000003,0.0,0,2.3796036213887026,0.08904506710713224,46.281250460185014,0.0,0.08904506710713224,12.389133111990715,33.8921173481943,19.425466687582492,0.0003963786112977688,0.0003963786112977688,0.0003963847770731386,7.858049392496101,0.08904506094135686,0,0.0,0,33.8921173481943,,,,,,,,,,,
1501,5/10/1971,2.850,5.036,5.000,3.714,3.714,1.3219999999999996,0.0,0,1.3216036152229265,0.08904506094135686,35.21411734816685,0.0,0.08904506094135686,7.856463975939435,27.357653372227418,12.949277758778575,0.0003963847770730816,0.0003963847770730816,0.00039638474962614377,4.835982533940301,0.08904506096880381,0,0.0,0,27.357653372227418,,,,,,,,,,,
1502,5/11/1971,2.644,4.430,5.000,3.714,3.714,0.7159999999999997,0.0,0,0.715603615294614,0.08904506096880381,28.07365337227178,0.0,0.08904506096880381,5.3851441592425395,22.688509213029242,9.224792375707848,0.000396384705385742,0.000396384705385742,0.00039638474974832403,3.2334168817709017,0.08904506092444123,0,0.0,0,22.688509213029242,,,,,,,,,,,
1503,5/12/1971,1.884,1.702,5.000,3.714,1.702,0.0,2.012,0.0,0.0,0.08904506092444123,22.688509213029242,0.08904506092444123,0.0,3.776090370817486,18.912418842211757,6.692867739139192,0.0,0.0,0.0,2.2149467165993957,0.0,0,0.0,0,18.912418842211757,,,,,,,,,,,
1504,5/13/1971,1.423,0.488,5.000,3.714,0.488,0.0,3.226,0.0,0.0,0.0,18.912418842211757,0.0,0.0,2.7879024515304778,16.12451639068128,5.079945397825033,0.0,0.0,0.0,1.6029807063700194,0.0,0,0.0,0,16.12451639068128,,,,,,,,,,,
1505,5/14/1971,1.231,1.339,5.000,3.714,1.339,0.0,2.375,0.0,0.0,0.0,16.12451639068128,0.0,0.0,2.13719233651509,13.987324054166189,3.985598799131726,0.0,0.0,0.0,1.2075322093415635,0.0,0,0.0,0,13.987324054166189,,,,,,,,,,,
1506,5/15/1971,1.194,5.321,5.000,3.714,3.714,1.6069999999999998,0.0,0,1.5175585542815697,0.0,15.504882608447758,0.0,0.0,2.0020730310180546,13.502809577429703,3.7544139958989,0.08944144571842996,0.08944144571842996,0.0,1.1263378733173302,0.08944144571842996,0,0.0,0,13.502809577429703,,,,,,,,,,,
1507,5/16/1971,4.029,18.130,5.000,3.714,3.714,14.415999999999999,0.0,0,14.415999999999999,0.08944144571842996,27.919207726689105,0.0,0.08944144571842996,5.33585797648625,22.583349750202856,9.148672044058557,3.971998095694485e-17,3.971998095694485e-17,0.0003981492594030444,3.2018861332085877,0.08904329645902696,0,0.0,0,22.583349750202856,,,,,,,,,,,
1508,5/17/1971,11.855,15.610,5.000,3.714,3.714,11.895999999999999,0.0,0,11.895601850740595,0.08904329645902696,34.47934797783847,0.0,0.08904329645902696,7.585150212018467,26.894197765820003,12.548324739532685,0.0003981492594030382,0.0003981492594030382,0.0003963768950199571,4.658192994018987,0.08904506882341005,0,0.0,0,26.894197765820003,,,,,,,,,,,
1509,5/18/1971,3.062,1.946,5.000,3.714,1.946,0.0,1.768,0.0,0.0,0.08904506882341005,26.894197765820003,0.08904506882341005,0.0,5.0133739693982236,21.88082379642178,8.648549559454967,0.0,0.0,0.0,2.9960581058293574,0.0,0,0.0,0,21.88082379642178,,,,,,,,,,,
1510,5/19/1971,1.929,1.544,5.000,3.714,1.544,0.0,2.17,0.0,0.0,0.0,21.88082379642178,0.0,0.0,3.5547185964907237,18.326105199931057,6.335965564065626,0.0,0.0,0.0,2.0768240945806085,0.0,0,0.0,0,18.326105199931057,,,,,,,,,,,
1511,5/20/1971,1.711,2.134,5.000,3.714,2.134,0.0,1.58,0.0,0.0,0.0,18.326105199931057,0.0,0.0,2.645347540939285,15.680757658991771,4.842672510385129,0.0,0.0,0.0,1.5157708402324395,0.0,0,0.0,0,15.680757658991771,,,,,,,,,,,
1512,5/21/1971,1.307,1.814,5.000,3.714,1.814,0.0,1.9,0.0,0.0,0.0,15.680757658991771,0.0,0.0,2.040065836517934,13.640691822473837,3.819570292256748,0.0,0.0,0.0,1.1491326586925072,0.0,0,0.0,0,13.640691822473837,,,,,,,,,,,
1513,5/22/1971,3.969,11.256,5.000,3.714,3.714,7.542,0.0,0,7.45255855428157,0.0,21.093250376755407,0.0,0.0,3.3440412379870614,17.749209138768347,5.99405712816085,0.08944144571843,0.08944144571843,0.0,1.945898526466431,0.08944144571843,0,0.0,0,17.749209138768347,,,,,,,,,,,
1514,5/23/1971,5.231,3.656,5.000,3.714,3.656,0.0,0.05799999999999983,0.0,0.0,0.08944144571843,17.749585197978014,0.004962375133690825,0.08447907058473918,2.5081073744686715,15.241477823509342,4.612995551067726,0.0,0.0,0.00037605920966727685,1.4321039313748003,0.0841030113750719,0,0.0,0,15.241477823509342,,,,,,,,,,,
1515,5/24/1971,3.062,5.965,5.000,3.714,3.714,2.251,0.0,0,2.2456615656566417,0.0841030113750719,17.487513774345288,0.0,0.0841030113750719,2.446691580162373,15.040822194182915,4.509799983247194,0.005338434343358112,0.005338434343358112,0.00037438517930452893,1.3947590005795711,0.08906706053912547,0,0.0,0,15.040822194182915,,,,,,,,,,,
1516,5/25/1971,1.974,2.974,5.000,3.714,2.974,0.0,0.7399999999999998,0.0,0.0,0.08906706053912547,15.040937966261291,0.06305967306035941,0.02600738747876606,1.9032272400054442,13.137710726255847,3.584320070228558,0.0,0.0,0.00011577207837490311,1.0671673101787806,0.025891615400391157,0,0.0,0,13.137710726255847,,,,,,,,,,,
1517,5/26/1971,1.797,3.389,5.000,3.714,3.389,0.0,0.3250000000000002,0.0,0.0,0.025891615400391157,13.137789005311992,0.008306773068622196,0.017584842331768963,1.5190413034329295,11.618747701879062,2.914563723489666,0.0,0.0,7.827905614533728e-05,0.8392052691524509,0.017506563275623624,0,0.0,0,11.618747701879062,,,,,,,,,,,
1518,5/27/1971,1.974,4.361,5.000,3.714,3.714,0.6469999999999998,0.0,0,0.5750651802404427,0.017506563275623624,12.193890812715852,0.0,0.017506563275623624,1.3415379044466083,10.852352908269243,2.599864557730137,0.07193481975955712,0.07193481975955712,7.793059634596025e-05,0.7351069671681516,0.08936345243883478,0,0.0,0,10.852352908269243,,,,,,,,,,,
1519,5/28/1971,4.395,7.022,5.000,3.714,3.714,3.3080000000000003,0.0,0,3.307922006720405,0.08936345243883478,14.160672717061388,0.0,0.08936345243883478,1.7212300536584713,12.439442663402916,3.268842171830246,7.799327959522068e-05,7.799327959522068e-05,0.00039780207174010127,0.9587568639746703,0.0890436436466899,0,0.0,0,12.439442663402916,,,,,,,,,,,
1520,5/29/1971,4.149,8.843,5.000,3.714,3.714,5.129,0.0,0,5.128602197928259,0.0890436436466899,17.5684412397717,0.0,0.0890436436466899,2.4655917157243485,15.102849524047352,4.541585313675996,0.00039780207174010333,0.00039780207174010333,0.00039637844052841536,1.4062450546401344,0.08904506727790158,0,0.0,0,15.102849524047352,,,,,,,,,,,
1521,5/30/1971,3.733,8.561,5.000,3.714,3.714,4.8469999999999995,0.0,0,4.846603621559471,0.08904506727790158,19.949849530384657,0.0,0.08904506727790158,3.047416529276662,16.902433001107994,5.5086929900153,0.0003963784405284229,0.0003963784405284229,0.00039638477783331957,1.7624873420305176,0.08904506094059668,0,0.0,0,16.902433001107994,,,,,,,,,,,
1522,5/31/1971,5.984,9.220,5.000,3.714,3.714,5.506,0.0,0,5.505603615222167,0.08904506094059668,22.408433001079786,0.0,0.08904506094059668,3.6987211544647125,18.709711846615072,6.568397568994302,0.0003963847778333228,0.0003963847778333228,0.00039638474962275976,2.1666107672757615,0.08904506096880724,0,0.0,0,18.709711846615072,,,,,,,,,,,
1523,6/1/1971,3.062,4.467,6.000,3.269,3.269,1.1979999999999995,0.0,0,1.1976036152503777,0.08904506096880724,19.9077118466152,0.0,0.08904506096880724,3.0366962609776973,16.8710155856375,5.491060140378383,0.00039638474962184556,0.00039638474962184556,0.0003963847497483393,1.755880020885054,0.08904506096868076,0,0.0,0,16.8710155856375,,,,,,,,,,,
1524,6/2/1971,2.396,4.816,6.000,3.269,3.269,1.5469999999999997,0.0,0,1.5466036152502505,0.08904506096868076,18.4180155856375,0.0,0.08904506096868076,2.667496377856448,15.750519207781053,4.879622930927626,0.00039638474974924555,0.00039638474974924555,0.00039638474974777624,1.5293008134877266,0.08904506096868223,0,0.0,0,15.750519207781053,,,,,,,,,,,
1525,6/3/1971,2.019,6.598,6.000,3.269,3.269,3.3289999999999997,0.0,0,3.328603615250252,0.08904506096868223,19.079519207781054,0.0,0.08904506096868223,2.8290773545739754,16.25044185320708,5.148240926235168,0.0003963847497477797,0.0003963847497477797,0.0003963847497477828,1.6282253482841276,0.08904506096868223,0,0.0,0,16.25044185320708,,,,,,,,,,,
1526,6/4/1971,1.711,3.802,6.000,3.269,3.269,0.5329999999999999,0.0,0,0.532603617898629,0.08904506096868223,16.783441855855457,0.0,0.08904506096868223,2.2847261828051604,14.498715673050297,4.236369090018823,0.0003963821013709326,0.0003963821013709326,0.0003963847497477828,1.2965726767776884,0.08904505832030538,0,0.0,0,14.498715673050297,,,,,,,,,,,
1527,6/5/1971,3.335,5.447,6.000,3.269,3.269,2.178,0.0,0,2.1776036126018754,0.08904505832030538,16.67671567039013,0.0,0.08904505832030538,2.2605631927393435,14.416152477650787,4.195412109125577,0.00039638739812462804,0.00039638739812462804,0.0003963847379585136,1.281963099883853,0.08904506098047149,0,0.0,0,14.416152477650787,,,,,,,,,,,
1528,6/6/1971,2.544,6.894,6.000,3.269,3.269,3.625,0.0,0,3.6246036152620413,0.08904506098047149,18.041152477662628,0.0,0.08904506098047149,2.5771492660107813,15.464003211651846,4.7286970835634845,0.0003963847379585112,0.0003963847379585112,0.0003963847498002628,1.4741578828769815,0.08904506096862974,0,0.0,0,15.464003211651846,,,,,,,,,,,
1529,6/7/1971,1.974,1.363,6.000,3.269,1.363,0.0,1.9060000000000001,0.0,0.0,0.08904506096862974,15.464003211651846,0.08904506096862974,0.0,1.9932831559563169,13.47072005569553,3.7393223832853497,0.0,0.0,0.0,1.1210681896267418,0.0,0,0.0,0,13.47072005569553,,,,,,,,,,,
1530,6/8/1971,1.463,0.303,6.000,3.269,0.303,0.0,2.966,0.0,0.0,0.0,13.47072005569553,0.0,0.0,1.5837396736171487,11.88698038207838,3.0283907103907315,0.0,0.0,0.0,0.8773529460904564,0.0,0,0.0,0,11.88698038207838,,,,,,,,,,,
1531,6/9/1971,1.269,0.435,6.000,3.269,0.435,0.0,2.834,0.0,0.0,0.0,11.88698038207838,0.0,0.0,1.2857356562734772,10.601244725804904,2.500153326452079,0.0,0.0,0.0,0.7025628442159491,0.0,0,0.0,0,10.601244725804904,,,,,,,,,,,
1532,6/10/1971,1.194,1.893,6.000,3.269,1.893,0.0,1.3760000000000001,0.0,0.0,0.0,10.601244725804904,0.0,0.0,1.0624142282939197,9.538830497510984,2.0969470798203624,0.0,0.0,0.0,0.5732912163824734,0.0,0,0.0,0,9.538830497510984,,,,,,,,,,,
1533,6/11/1971,1.157,3.022,6.000,3.269,3.022,0.0,0.24700000000000033,0.0,0.0,0.0,9.538830497510984,0.0,0.0,0.8909588866932445,8.64787161081774,1.7822682668655,0.0,0.0,0.0,0.475236224394048,0.0,0,0.0,0,8.64787161081774,,,,,,,,,,,
1534,6/12/1971,1.121,2.735,6.000,3.269,2.735,0.0,0.5340000000000003,0.0,0.0,0.0,8.64787161081774,0.0,0.0,0.7566258361927958,7.891245774624944,1.5320559965916358,0.0,0.0,0.0,0.3992663917503119,0.0,0,0.0,0,7.891245774624944,,,,,,,,,,,
1535,6/13/1971,1.086,0.922,6.000,3.269,0.922,0.0,2.347,0.0,0.0,0.0,7.891245774624944,0.0,0.0,0.6495437291393701,7.2417020454855745,1.3299116465069076,0.0,0.0,0.0,0.3393354285220295,0.0,0,0.0,0,7.2417020454855745,,,,,,,,,,,
1536,6/14/1971,1.463,3.976,6.000,3.269,3.269,0.7069999999999999,0.0,0,0.6175585786433643,0.0,7.859260624128939,0.0,0.0,0.6451617274187649,7.214098896710174,1.3215831583164928,0.08944142135663562,0.08944142135663562,0.0,0.3368960868082346,0.08944142135663562,0,0.0,0,7.214098896710174,,,,,,,,,,,
1537,6/15/1971,1.463,0.741,6.000,3.269,0.741,0.0,2.528,0.0,0.0,0.08944142135663562,7.214098896710174,0.08944142135663562,0.0,0.5593314817967855,6.654767414913388,1.1574713457054453,0.0,0.0,0.0,0.289345712360419,0.0,0,0.0,0,6.654767414913388,,,,,,,,,,,
1538,6/16/1971,2.746,3.450,6.000,3.269,3.269,0.18100000000000005,0.0,0,0.09462976774976475,0.0,6.749397182663152,0.0,0.0,0.5005806844593998,6.248816498203753,1.0439704993428822,0.0863702322502353,0.0863702322502353,0.0,0.25706953441691477,0.0863702322502353,0,0.0,0,6.248816498203753,,,,,,,,,,,
1539,6/17/1971,11.035,1.205,6.000,3.269,1.205,0.0,2.064,0.0,0.0,0.0863702322502353,6.248816498203753,0.0863702322502353,0.0,0.44024597800354964,5.808570520200203,0.9262981346520569,0.0,0.0,0.0,0.22418247410826694,0.0,0,0.0,0,5.808570520200203,,,,,,,,,,,
1540,6/18/1971,3.560,3.477,6.000,3.269,3.269,0.20799999999999974,0.0,0,0.12025093773036824,0.0,5.928821457930572,0.0,0.0,0.4033168792818796,5.525504578648692,0.8536588419748661,0.0877490622696315,0.0877490622696315,0.0,0.2041968404646132,0.0877490622696315,0,0.0,0,5.525504578648692,,,,,,,,,,,
1541,6/19/1971,1.585,4.940,6.000,3.269,3.269,1.6710000000000003,0.0,0,1.6693076165512017,0.0877490622696315,7.195202810801815,0.0,0.0877490622696315,0.5568918273661202,6.638310983435695,1.1527779563107678,0.0016923834487985053,0.0016923834487985053,0.00039061560192073653,0.2880008136243011,0.08905083011650927,0,0.0,0,6.638310983435695,,,,,,,,,,,
1542,6/20/1971,1.929,3.689,6.000,3.269,3.269,0.41999999999999993,0.0,0,0.419609417054643,0.08905083011650927,7.05831681092149,0.0,0.08905083011650927,0.5393462838965113,6.51897052702498,1.118974595632784,0.0003905829453569139,0.0003905829453569139,0.0003964104311521505,0.2783400669369557,0.08904500263071403,0,0.0,0,6.51897052702498,,,,,,,,,,,
1543,6/21/1971,2.065,6.751,6.000,3.269,3.269,3.482,0.0,0,3.481603556912284,0.08904500263071403,10.000970468427319,0.0,0.08904500263071403,0.964056941788244,9.036913526639076,1.917024991764881,0.00039644308771597496,0.00039644308771597496,0.00039638449005588444,0.5169016239907723,0.08904506122837412,0,0.0,0,9.036913526639076,,,,,,,,,,,
1544,6/22/1971,2.251,1.729,6.000,3.269,1.729,0.0,1.54,0.0,0.0,0.08904506122837412,9.036913526639076,0.08904506122837412,0.0,0.8142029201855502,8.222710606453525,1.6397305359723942,0.0,0.0,0.0,0.4317278705306516,0.0,0,0.0,0,8.222710606453525,,,,,,,,,,,
1545,6/23/1971,5.099,0.912,6.000,3.269,0.912,0.0,2.357,0.0,0.0,0.0,8.222710606453525,0.0,0.0,0.6956499971164211,7.527060609337104,1.4172657945618587,0.0,0.0,0.0,0.36506592049081976,0.0,0,0.0,0,7.527060609337104,,,,,,,,,,,
1546,6/24/1971,6.125,2.501,6.000,3.269,2.501,0.0,0.7680000000000002,0.0,0.0,0.0,7.527060609337104,0.0,0.0,0.6003550016093071,6.926705607727797,1.236149336941533,0.0,0.0,0.0,0.3120172115545498,0.0,0,0.0,0,6.926705607727797,,,,,,,,,,,
1547,6/25/1971,1.307,5.648,6.000,3.269,3.269,2.3789999999999996,0.0,0,2.2895585542815695,0.0,9.216264162009367,0.0,0.0,0.8413124229286926,8.374951739080673,1.6902003309632796,0.08944144571843,0.08944144571843,0.0,0.4470650503696748,0.08944144571843,0,0.0,0,8.374951739080673,,,,,,,,,,,
1548,6/26/1971,1.345,5.458,6.000,3.269,3.269,2.189,0.0,0,2.189,0.08944144571843,10.564349888340077,0.0,0.08944144571843,1.0562589588916422,9.508090929448436,2.085732150306541,0.0,0.0,0.00039814925940304455,0.5697518833359406,0.08904329645902696,0,0.0,0,9.508090929448436,,,,,,,,,,,
1549,6/27/1971,2.494,7.212,6.000,3.269,3.269,3.9429999999999996,0.0,0,3.9426018507405964,0.08904329645902696,13.451089157084052,0.0,0.08904329645902696,1.5798948992004942,11.871194257883557,3.02163888399781,0.0003981492594030382,0.0003981492594030382,0.0003963768950199571,0.8750830677181465,0.08904506882341005,0,0.0,0,11.871194257883557,,,,,,,,,,,
1550,6/28/1971,2.347,7.825,6.000,3.269,3.269,4.556,0.0,0,4.55560362310498,0.08904506882341005,16.427194265773252,0.0,0.08904506882341005,2.204472911463631,14.222721354309622,4.100166908714076,0.00039637689501995115,0.00039637689501995115,0.000396384784713162,1.248089220606885,0.08904506093371685,0,0.0,0,14.222721354309622,,,,,,,,,,,
1551,6/29/1971,12.040,8.813,6.000,3.269,3.269,5.5440000000000005,0.0,0,5.543603615215288,0.08904506093371685,19.7667213542745,0.0,0.08904506093371685,3.000936771599306,16.765784582675195,5.432194724766325,0.0003963847847131611,0.0003963847847131611,0.0003963847495921342,1.733851173380589,0.08904506096883787,0,0.0,0,16.765784582675195,,,,,,,,,,,
1552,6/30/1971,23.669,9.100,6.000,3.269,3.269,5.8309999999999995,0.0,0,5.830603615250407,0.08904506096883787,22.59678458267535,0.0,0.08904506096883787,3.7506815080216023,18.846103074653747,6.6520215232976145,0.0003963847495921373,0.0003963847495921373,0.00039638474974847566,2.199065430493396,0.08904506096868153,0,0.0,0,18.846103074653747,,,,,,,,,,,
1553,7/1/1971,11.306,27.883,7.000,3.463,3.463,24.419999999999998,0.0,0,24.41960361525025,0.08904506096868153,43.26610307465374,0.0,0.08904506096868153,11.073342831296815,32.19276024335693,17.58402024780767,0.0003963847497484729,0.0003963847497484729,0.0003963847497477797,6.971785368122141,0.08904506096868223,0,0.0,0,32.19276024335693,,,,,,,,,,,
1554,7/2/1971,13.661,13.662,7.000,3.463,3.463,10.199000000000002,0.0,0,10.198603615250255,0.08904506096868223,42.391760243356934,0.0,0.08904506096868223,10.702901502642725,31.68885874071421,17.06038254982138,0.0003963847497477797,0.0003963847497477797,0.0003963847497477828,6.72348505602216,0.08904506096868223,0,0.0,0,31.68885874071421,,,,,,,,,,,
1555,7/3/1971,10.066,6.670,7.000,3.463,3.463,3.207,0.0,0,3.206603615250252,0.08904506096868223,34.89585874071421,0.0,0.08904506096868223,7.738478765843366,27.157379974870842,12.7751332292589,0.0003963847497477797,0.0003963847497477797,0.0003963847497477828,4.758617374586697,0.08904506096868223,0,0.0,0,27.157379974870842,,,,,,,,,,,
1556,7/4/1971,3.675,2.776,7.000,3.463,2.776,0.0,0.6870000000000003,0.0,0.0,0.08904506096868223,27.157515815512767,0.05852941108593775,0.030515649882744474,5.095449636882432,22.062066178630335,8.776181123820718,0.0,0.0,0.00013584064192416974,3.0483630958471157,0.030379809240820305,0,0.0,0,22.062066178630335,,,,,,,,,,,
1557,7/5/1971,3.225,5.182,7.000,3.463,3.463,1.7190000000000003,0.0,0,1.6599383635223905,0.030379809240820305,23.722139778099024,0.0,0.030379809240820305,4.067137725167374,19.65500205293165,7.158637808856678,0.0590616364776097,0.0590616364776097,0.0001352359462985064,2.39735095756278,0.0893062097721315,0,0.0,0,19.65500205293165,,,,,,,,,,,
1558,7/6/1971,2.544,2.807,7.000,3.463,2.807,0.0,0.6560000000000001,0.0,0.0,0.0893062097721315,19.655150115258216,0.056045043935631915,0.03326116583649958,2.972759118616375,16.682390996641843,5.385758031345654,0.0,0.0,0.00014806232656808862,1.7165051029243248,0.03311310350993149,0,0.0,0,16.682390996641843,,,,,,,,,,,
1559,7/7/1971,5.705,11.836,7.000,3.463,3.463,8.373000000000001,0.0,0,8.316671657791503,0.03311310350993149,24.99921005765937,0.0,0.03311310350993149,4.438568442879894,20.560641614779474,7.747713801722943,0.05632834220849852,0.05632834220849852,0.0001474032260225299,2.6313768610822033,0.0892940424924075,0,0.0,0,20.560641614779474,,,,,,,,,,,
1560,7/8/1971,13.272,7.684,7.000,3.463,3.463,4.221,0.0,0,4.220852596773978,0.0892940424924075,24.7818917046463,0.0,0.0892940424924075,4.374447441115663,20.407444263530635,7.646428432943436,0.00014740322602250624,0.00014740322602250624,0.000397493092848456,2.5908811596971497,0.08904395262558155,0,0.0,0,20.407444263530635,,,,,,,,,,,
1561,7/9/1971,4.029,3.469,7.000,3.463,3.463,0.005999999999999783,0.0,0,0.005950189718258623,0.08904395262558155,20.413790833064844,0.0,0.08904395262558155,3.166444490616845,17.247346342447997,5.704036045278671,4.981028174115963e-05,4.981028174115963e-05,0.00039637981595024463,1.8359505943392311,0.08869738309137247,0,0.0,0,17.247346342447997,,,,,,,,,,,
1562,7/10/1971,2.445,0.903,7.000,3.463,0.903,0.0,2.56,0.0,0.0,0.08869738309137247,17.247346342447997,0.08869738309137247,0.0,2.390944998051762,14.856401344396236,4.415901643612379,0.0,0.0,0.0,1.3609146587007919,0.0,0,0.0,0,14.856401344396236,,,,,,,,,,,
1563,7/11/1971,1.974,1.476,7.000,3.463,1.476,0.0,1.987,0.0,0.0,0.0,14.856401344396236,0.0,0.0,1.8644689289109064,12.99193241548533,3.5173907786008702,0.0,0.0,0.0,1.0440205788999999,0.0,0,0.0,0,12.99193241548533,,,,,,,,,,,
1564,7/12/1971,1.884,2.365,7.000,3.463,2.365,0.0,1.0979999999999999,0.0,0.0,0.0,12.99193241548533,0.0,0.0,1.4910379566908942,11.500894458794436,2.865155184778694,0.0,0.0,0.0,0.8227267021728711,0.0,0,0.0,0,11.500894458794436,,,,,,,,,,,
1565,7/13/1971,2.019,2.861,7.000,3.463,2.861,0.0,0.6019999999999999,0.0,0.0,0.0,11.500894458794436,0.0,0.0,1.216891361523506,10.28400309727093,2.3765875053758214,0.0,0.0,0.0,0.6625408727166474,0.0,0,0.0,0,10.28400309727093,,,,,,,,,,,
1566,7/14/1971,2.445,5.684,7.000,3.463,3.463,2.221,0.0,0,2.13155855428157,0.0,12.4155616515525,0.0,0.0,1.3824297229411404,11.03313192861136,2.6726891462071185,0.08944144571843,0.08944144571843,0.0,0.7590120994463944,0.08944144571843,0,0.0,0,11.03313192861136,,,,,,,,,,,
1567,7/15/1971,1.840,0.849,7.000,3.463,0.849,0.0,2.614,0.0,0.0,0.08944144571843,11.03313192861136,0.08944144571843,0.0,1.13552612432286,9.8976058042885,2.2297231993933946,0.0,0.0,0.0,0.6154324426503821,0.0,0,0.0,0,9.8976058042885,,,,,,,,,,,
1568,7/16/1971,1.384,1.669,7.000,3.463,1.669,0.0,1.794,0.0,0.0,0.0,9.8976058042885,0.0,0.0,0.9475075947245866,8.950098209563913,1.8865967664128447,0.0,0.0,0.0,0.507449807129252,0.0,0,0.0,0,8.950098209563913,,,,,,,,,,,
1569,7/17/1971,1.307,0.728,7.000,3.463,0.728,0.0,2.7350000000000003,0.0,0.0,0.0,8.950098209563913,0.0,0.0,0.801208311963849,8.148889897600064,1.6154877067578788,0.0,0.0,0.0,0.4243880190535385,0.0,0,0.0,0,8.148889897600064,,,,,,,,,,,
1570,7/18/1971,1.307,1.681,7.000,3.463,1.681,0.0,1.782,0.0,0.0,0.0,8.148889897600064,0.0,0.0,0.6852723274990555,7.463617570101008,1.3976471372587118,0.0,0.0,0.0,0.35926439723504755,0.0,0,0.0,0,7.463617570101008,,,,,,,,,,,
1571,7/19/1971,1.626,4.668,7.000,3.463,3.463,1.205,0.0,0,1.1155585542819253,0.0,8.579176124382933,0.0,0.0,0.7466351255065933,7.83254099887634,1.5133029923092167,0.08944144571807477,0.08944144571807477,0.0,0.3936499096868894,0.08944144571807477,0,0.0,0,7.83254099887634,,,,,,,,,,,
1572,7/20/1971,1.345,3.397,7.000,3.463,3.397,0.0,0.06600000000000028,0.0,0.0,0.08944144571807477,7.832914011182593,0.005646840669350918,0.08379460504872385,0.6415611289008172,7.191352882281776,1.3147363190756671,0.0,0.0,0.00037301230625396076,0.3348925465392881,0.0834215927424699,0,0.0,0,7.191352882281776,,,,,,,,,,,
1573,7/21/1971,1.231,1.703,7.000,3.463,1.703,0.0,1.76,0.0,0.0,0.0834215927424699,7.191352882281776,0.0834215927424699,0.0,0.556395290213035,6.634957592068741,1.1518225184471274,0.0,0.0,0.0,0.28772713695732705,0.0,0,0.0,0,6.634957592068741,,,,,,,,,,,
1574,7/22/1971,1.194,0.787,7.000,3.463,0.787,0.0,2.676,0.0,0.0,0.0,6.634957592068741,0.0,0.0,0.4865147709278788,6.148442821140862,1.0166426979953609,0.0,0.0,0.0,0.249377962247009,0.0,0,0.0,0,6.148442821140862,,,,,,,,,,,
1575,7/23/1971,1.884,6.262,7.000,3.463,3.463,2.7989999999999995,0.0,0,2.7095585542815694,0.0,8.858001375422432,0.0,0.0,0.7875147262172022,8.07048664920523,1.589904528372737,0.08944144571843,0.08944144571843,0.0,0.4166618329548983,0.08944144571843,0,0.0,0,8.07048664920523,,,,,,,,,,,
1576,7/24/1971,10.240,22.140,7.000,3.463,3.463,18.677,0.0,0,18.677,0.08944144571843,26.747884798464632,0.0,0.08944144571843,4.967999211979307,21.779885586485324,8.577886256911382,0.0,0.0,0.00039814925940304455,2.9671659042671625,0.08904329645902696,0,0.0,0,21.779885586485324,,,,,,,,,,,
1577,7/25/1971,6.196,3.821,7.000,3.463,3.463,0.3580000000000001,0.0,0,0.3576019839033916,0.08904329645902696,22.137883947283736,0.0,0.08904329645902696,3.6245933463477864,18.51329060093595,6.448874806243817,0.00039801609660849595,0.00039801609660849595,0.0003963768950199571,2.1203622195708354,0.08904493566061551,0,0.0,0,18.51329060093595,,,,,,,,,,,
1578,7/26/1971,1.974,0.696,7.000,3.463,0.696,0.0,2.7670000000000003,0.0,0.0,0.08904493566061551,18.51329060093595,0.08904493566061551,0.0,2.690533942289748,15.822756658646203,4.918022365665013,0.0,0.0,0.0,1.5433815247151472,0.0,0,0.0,0,15.822756658646203,,,,,,,,,,,
1579,7/27/1971,1.423,0.660,7.000,3.463,0.66,0.0,2.803,0.0,0.0,0.0,15.822756658646203,0.0,0.0,2.0709487897985426,13.75180786884766,3.872445057855482,0.0,0.0,0.0,1.167682318084755,0.0,0,0.0,0,13.75180786884766,,,,,,,,,,,
1580,7/28/1971,1.307,0.912,7.000,3.463,0.912,0.0,2.551,0.0,0.0,0.0,13.75180786884766,0.0,0.0,1.6392006018267593,12.1126072670209,3.1256146771662574,0.0,0.0,0.0,0.9101359155109032,0.0,0,0.0,0,12.1126072670209,,,,,,,,,,,
1581,7/29/1971,1.307,3.850,7.000,3.463,3.463,0.387,0.0,0,0.2975897601414806,0.0,12.410197027162381,0.0,0.0,1.3814343124752115,11.028762714687169,2.6709188049729073,0.08941023985851941,0.08941023985851941,0.0,0.7584296296049197,0.08941023985851941,0,0.0,0,11.028762714687169,,,,,,,,,,,
1582,7/30/1971,4.210,14.350,7.000,3.463,3.463,10.887,0.0,0,10.88696879414009,0.08941023985851941,21.91612951917354,0.0,0.08941023985851941,3.5642832423327016,18.35184627684084,6.351435042588809,3.1205859910594096e-05,3.1205859910594096e-05,0.00039801034628605904,2.082780410007015,0.08904343537214394,0,0.0,0,18.35184627684084,,,,,,,,,,,
1583,7/31/1971,7.454,9.998,7.000,3.463,3.463,6.534999999999999,0.0,0,6.534601989653713,0.08904343537214394,24.886844644007944,0.0,0.08904343537214394,4.405367796185209,20.481476847822734,7.695290900437296,0.00039801034628606354,0.00039801034628606354,0.00039637751339272834,2.6104041087472414,0.08904506820503727,0,0.0,0,20.481476847822734,,,,,,,,,,,
1584,8/1/1971,5.432,4.797,8.000,3.792,3.792,1.005,0.0,0,1.0046036224866761,0.08904506820503727,21.48647685509137,0.0,0.08904506820503727,3.448586533866231,18.03789032122514,6.1640057844587695,0.00039637751332367345,0.00039637751332367345,0.000396384781960471,2.010802479252735,0.08904506093640048,0,0.0,0,18.03789032122514,,,,,,,,,,,
1585,8/2/1971,5.365,7.613,8.000,3.792,3.792,3.8210000000000006,0.0,0,3.820603615217971,0.08904506093640048,21.858890321192714,0.0,0.08904506093640048,3.548781793983293,18.310108527209422,6.3263613422367,0.00039638478202952805,0.00039638478202952805,0.00039638474960408036,2.073127523099147,0.08904506096882592,0,0.0,0,18.310108527209422,,,,,,,,,,,
1586,8/3/1971,2.494,0.815,8.000,3.792,0.815,0.0,2.977,0.0,0.0,0.08904506096882592,18.310108527209422,0.08904506096882592,0.0,2.6415001654262724,15.66860836178315,4.836250768124376,0.0,0.0,0.0,1.5134213670492116,0.0,0,0.0,0,15.66860836178315,,,,,,,,,,,
1587,8/4/1971,2.251,3.464,8.000,3.792,3.464,0.0,0.32799999999999985,0.0,0.0,0.0,15.66860836178315,0.0,0.0,2.037432145275375,13.631176216507775,3.8150574959727526,0.0,0.0,0.0,1.1475515989311205,0.0,0,0.0,0,13.631176216507775,,,,,,,,,,,
1588,8/5/1971,5.637,10.217,8.000,3.792,3.792,6.425000000000001,0.0,0,6.335558554281571,0.0,19.966734770789344,0.0,0.0,3.051716551403247,16.9150182193861,5.515763883598878,0.08944144571843,0.08944144571843,0.0,1.765138044152898,0.08944144571843,0,0.0,0,16.9150182193861,,,,,,,,,,,
1589,8/6/1971,20.473,27.845,8.000,3.792,3.792,24.052999999999997,0.0,0,24.052999999999997,0.08944144571843,40.9684163686455,0.0,0.08944144571843,10.110696467947314,30.857719900698186,16.218206205555983,0.0,0.0,0.00039814925940304455,6.32772171221718,0.08904329645902696,0,0.0,0,30.857719900698186,,,,,,,,,,,
1590,8/7/1971,19.902,1.051,8.000,3.792,1.051,0.0,2.7409999999999997,0.0,0.0,0.08904329645902696,30.857719900698186,0.08904329645902696,0.0,6.304328465668843,24.553391435029344,10.63020488059062,0.0,0.0,0.0,3.8247819485122627,0.0,0,0.0,0,24.553391435029344,,,,,,,,,,,
1591,8/8/1971,3.909,1.394,8.000,3.792,1.394,0.0,2.3979999999999997,0.0,0.0,0.0,24.553391435029344,0.0,0.0,4.307430286330145,20.245961148699198,7.540389386029664,0.0,0.0,0.0,2.548598123624406,0.0,0,0.0,0,20.245961148699198,,,,,,,,,,,
1592,8/9/1971,2.544,0.330,8.000,3.792,0.33,0.0,3.4619999999999997,0.0,0.0,0.0,20.245961148699198,0.0,0.0,3.12317588982896,17.122785258870238,5.63311736968926,0.0,0.0,0.0,1.8092241164016925,0.0,0,0.0,0,17.122785258870238,,,,,,,,,,,
1593,8/10/1971,1.974,0.090,8.000,3.792,0.09,0.0,3.702,0.0,0.0,0.0,17.122785258870238,0.0,0.0,2.3622351544238596,14.760550104446377,4.367456927052779,0.0,0.0,0.0,1.3435047786737153,0.0,0,0.0,0,14.760550104446377,,,,,,,,,,,
1594,8/11/1971,1.711,0.498,8.000,3.792,0.498,0.0,3.2939999999999996,0.0,0.0,0.0,14.760550104446377,0.0,0.0,1.8444632942656642,12.916086810180714,3.4827913921079134,0.0,0.0,0.0,1.0320854178945469,0.0,0,0.0,0,12.916086810180714,,,,,,,,,,,
1595,8/12/1971,1.585,1.018,8.000,3.792,1.018,0.0,2.774,0.0,0.0,0.0,12.916086810180714,0.0,0.0,1.4765586548517806,11.439528155328933,2.839574072598451,0.0,0.0,0.0,0.8142143180295139,0.0,0,0.0,0,11.439528155328933,,,,,,,,,,,
1596,8/13/1971,1.463,1.034,8.000,3.792,1.034,0.0,2.758,0.0,0.0,0.0,11.439528155328933,0.0,0.0,1.2060888354845052,10.233439319844427,2.357141458267778,0.0,0.0,0.0,0.6562742308793943,0.0,0,0.0,0,10.233439319844427,,,,,,,,,,,
1597,8/14/1971,1.345,0.583,8.000,3.792,0.583,0.0,3.2089999999999996,0.0,0.0,0.0,10.233439319844427,0.0,0.0,1.0016941618290736,9.231745158015354,1.9860567598437173,0.0,0.0,0.0,0.5384368514514242,0.0,0,0.0,0,9.231745158015354,,,,,,,,,,,
1598,8/15/1971,1.269,0.165,8.000,3.792,0.165,0.0,3.627,0.0,0.0,0.0,9.231745158015354,0.0,0.0,0.8436690620929314,8.388076095922422,1.694581034142912,0.0,0.0,0.0,0.4483998694059133,0.0,0,0.0,0,8.388076095922422,,,,,,,,,,,
1599,8/16/1971,1.157,0.091,8.000,3.792,0.091,0.0,3.7009999999999996,0.0,0.0,0.0,8.388076095922422,0.0,0.0,0.7191227819705976,7.668953313951825,1.4615507633098708,0.0,0.0,0.0,0.3782090229677532,0.0,0,0.0,0,7.668953313951825,,,,,,,,,,,
1600,8/17/1971,1.086,0.334,8.000,3.792,0.334,0.0,3.4579999999999997,0.0,0.0,0.0,7.668953313951825,0.0,0.0,0.6193354433999733,7.0496178705518515,1.2724014645757167,0.0,0.0,0.0,0.3225416698693959,0.0,0,0.0,0,7.0496178705518515,,,,,,,,,,,
1601,8/18/1971,1.050,0.111,8.000,3.792,0.111,0.0,3.6809999999999996,0.0,0.0,0.0,7.0496178705518515,0.0,0.0,0.5382388873321772,6.511378983219674,1.1168381345924185,0.0,0.0,0.0,0.2777310102062546,0.0,0,0.0,0,6.511378983219674,,,,,,,,,,,
1602,8/19/1971,1.050,2.729,8.000,3.792,2.729,0.0,1.0629999999999997,0.0,0.0,0.0,6.511378983219674,0.0,0.0,0.4715061919175423,6.039872791302132,0.987414285287491,0.0,0.0,0.0,0.24118705135745733,0.0,0,0.0,0,6.039872791302132,,,,,,,,,,,
1603,8/20/1971,1.050,2.330,8.000,3.792,2.33,0.0,1.4619999999999997,0.0,0.0,0.0,6.039872791302132,0.0,0.0,0.4159860475685243,5.623886743733608,0.8786348936898208,0.0,0.0,0.0,0.21104022432491884,0.0,0,0.0,0,5.623886743733608,,,,,,,,,,,
1604,8/21/1971,1.015,0.642,8.000,3.792,0.642,0.0,3.15,0.0,0.0,0.0,5.623886743733608,0.0,0.0,0.36934032027395053,5.254546423459657,0.786373050409669,0.0,0.0,0.0,0.18591501660089885,0.0,0,0.0,0,5.254546423459657,,,,,,,,,,,
1605,8/22/1971,0.914,0.580,8.000,3.792,0.58,0.0,3.2119999999999997,0.0,0.0,0.0,5.254546423459657,0.0,0.0,0.32980545417307255,4.924740969286584,0.707480658035635,0.0,0.0,0.0,0.16478218121707303,0.0,0,0.0,0,4.924740969286584,,,,,,,,,,,
1606,8/23/1971,0.947,1.746,8.000,3.792,1.746,0.0,2.046,0.0,0.0,0.0,4.924740969286584,0.0,0.0,0.2960316179294054,4.628709351357179,0.6395226345653305,0.0,0.0,0.0,0.14685988144908632,0.0,0,0.0,0,4.628709351357179,,,,,,,,,,,
1607,8/24/1971,1.015,2.000,8.000,3.792,2.0,0.0,1.7919999999999998,0.0,0.0,0.0,4.628709351357179,0.0,0.0,0.26697194768415144,4.361737403673027,0.5805917240982736,0.0,0.0,0.0,0.13154613006831792,0.0,0,0.0,0,4.361737403673027,,,,,,,,,,,
1608,8/25/1971,0.947,0.803,8.000,3.792,0.803,0.0,2.989,0.0,0.0,0.0,4.361737403673027,0.0,0.0,0.24180482941134057,4.119932574261687,0.5291771071095888,0.0,0.0,0.0,0.11837171898387029,0.0,0,0.0,0,4.119932574261687,,,,,,,,,,,
1609,8/26/1971,0.914,0.841,8.000,3.792,0.841,0.0,2.9509999999999996,0.0,0.0,0.0,4.119932574261687,0.0,0.0,0.21987842908133046,3.900054145180356,0.484069645173456,0.0,0.0,0.0,0.10696685153096656,0.0,0,0.0,0,3.900054145180356,,,,,,,,,,,
1610,8/27/1971,0.914,0.500,8.000,3.792,0.5,0.0,3.292,0.0,0.0,0.0,3.900054145180356,0.0,0.0,0.20067048732436416,3.699383657855992,0.4442925266940307,0.0,0.0,0.0,0.0970371143520012,0.0,0,0.0,0,3.699383657855992,,,,,,,,,,,
1611,8/28/1971,0.881,0.366,8.000,3.792,0.366,0.0,3.4259999999999997,0.0,0.0,0.0,3.699383657855992,0.0,0.0,0.18375876670740302,3.515624891148589,0.40904981582819216,0.0,0.0,0.0,0.08834592588509313,0.0,0,0.0,0,3.515624891148589,,,,,,,,,,,
1612,8/29/1971,0.817,0.593,8.000,3.792,0.593,0.0,3.199,0.0,0.0,0.0,3.515624891148589,0.0,0.0,0.16879904907210283,3.3468258420764863,0.3776878098502162,0.0,0.0,0.0,0.08070154728297756,0.0,0,0.0,0,3.3468258420764863,,,,,,,,,,,
1613,8/30/1971,0.817,1.764,8.000,3.792,1.764,0.0,2.0279999999999996,0.0,0.0,0.0,3.3468258420764863,0.0,0.0,0.15550856029965732,3.191317281776829,0.34966568615861476,0.0,0.0,0.0,0.07394735390496104,0.0,0,0.0,0,3.191317281776829,,,,,,,,,,,
1614,8/31/1971,0.817,2.038,8.000,3.792,2.038,0.0,1.754,0.0,0.0,0.0,3.191317281776829,0.0,0.0,0.1436533477091202,3.047663934067709,0.32453297200259285,0.0,0.0,0.0,0.0679544680101248,0.0,0,0.0,0,3.047663934067709,,,,,,,,,,,
1615,9/1/1971,0.914,1.134,9.000,4.609,1.134,0.0,3.475,0.0,0.0,0.0,3.047663934067709,0.0,0.0,0.13303857077313544,2.9146253632945736,0.3019120835121939,0.0,0.0,0.0,0.06261612232842079,0.0,0,0.0,0,2.9146253632945736,,,,,,,,,,,
1616,9/2/1971,0.981,2.433,9.000,4.609,2.433,0.0,2.176,0.0,0.0,0.0,2.9146253632945736,0.0,0.0,0.12350096307397301,2.7911244002206006,0.28148467184522036,0.0,0.0,0.0,0.05784330684373858,0.0,0,0.0,0,2.7911244002206006,,,,,,,,,,,
1617,9/3/1971,1.121,5.319,9.000,4.609,4.609,0.71,0.0,0,0.6205585770627126,0.0,3.4116829772833133,0.0,0.0,0.16056352430386173,3.2511194529794514,0.360342210374339,0.08944142293728738,0.08944142293728738,0.0,0.07651196718386824,0.08944142293728738,0,0.0,0,3.2511194529794514,,,,,,,,,,,
1618,9/4/1971,1.050,0.461,9.000,4.609,0.461,0.0,4.148,0.0,0.0,0.08944142293728738,3.2511194529794514,0.08944142293728738,0.0,0.14816785339909477,3.1029515995803565,0.33411944331893584,0.0,0.0,0.0,0.07023288306673249,0.0,0,0.0,0,3.1029515995803565,,,,,,,,,,,
1619,9/5/1971,0.947,0.381,9.000,4.609,0.381,0.0,4.228,0.0,0.0,0.0,3.1029515995803565,0.0,0.0,0.13708526637240862,2.965866333207948,0.31054956660542216,0.0,0.0,0.0,0.06464808337070366,0.0,0,0.0,0,2.965866333207948,,,,,,,,,,,
1620,9/6/1971,0.817,0.488,9.000,4.609,0.488,0.0,4.121,0.0,0.0,0.0,2.965866333207948,0.0,0.0,0.12714083758868408,2.838725495619264,0.28929231271610406,0.0,0.0,0.0,0.059662011498971525,0.0,0,0.0,0,2.838725495619264,,,,,,,,,,,
1621,9/7/1971,0.785,1.597,9.000,4.609,1.597,0.0,3.012,0.0,0.0,0.0,2.838725495619264,0.0,0.0,0.11818747158251634,2.7205380240367476,0.27005982942072665,0.0,0.0,0.0,0.05519471490604688,0.0,0,0.0,0,2.7205380240367476,,,,,,,,,,,
1622,9/8/1971,0.754,0.484,9.000,4.609,0.484,0.0,4.125,0.0,0.0,0.0,2.7205380240367476,0.0,0.0,0.1101007924922422,2.6104372315445055,0.2526073216830278,0.0,0.0,0.0,0.05117891735218346,0.0,0,0.0,0,2.6104372315445055,,,,,,,,,,,
1623,9/9/1971,0.754,0.852,9.000,4.609,0.852,0.0,3.757,0.0,0.0,0.0,2.6104372315445055,0.0,0.0,0.10277509088202542,2.50766214066248,0.23672558209905925,0.0,0.0,0.0,0.04755770803672188,0.0,0,0.0,0,2.50766214066248,,,,,,,,,,,
1624,9/10/1971,0.724,0.257,9.000,4.609,0.257,0.0,4.352,0.0,0.0,0.0,2.50766214066248,0.0,0.0,0.09612008583241446,2.4115420548300657,0.22223498699540037,0.0,0.0,0.0,0.04428270412767288,0.0,0,0.0,0,2.4115420548300657,,,,,,,,,,,
1625,9/11/1971,0.724,2.563,9.000,4.609,2.563,0.0,2.046,0.0,0.0,0.0,2.4115420548300657,0.0,0.0,0.09005832069499159,2.3214837341350743,0.20898063888926344,0.0,0.0,0.0,0.04131257956095618,0.0,0,0.0,0,2.3214837341350743,,,,,,,,,,,
1626,9/12/1971,0.754,1.957,9.000,4.609,1.957,0.0,2.652,0.0,0.0,0.0,2.3214837341350743,0.0,0.0,0.08452305509155343,2.236960679043521,0.19682841214802402,0.0,0.0,0.0,0.038611879408552215,0.0,0,0.0,0,2.236960679043521,,,,,,,,,,,
1627,9/13/1971,13.857,36.478,9.000,4.609,4.609,31.869,0.0,0,31.77955855428157,0.0,34.01651923332509,0.0,0.0,7.416213631639158,26.600305601685932,12.297765260158364,0.08944144571843,0.08944144571843,0.0,4.547700619692331,0.08944144571843,0,0.0,0,26.600305601685932,,,,,,,,,,,
1628,9/14/1971,5.914,3.902,9.000,4.609,3.902,0.0,0.7069999999999999,0.0,0.0,0.08944144571843,26.600434480856315,0.06048964171585211,0.028951804002577894,4.922438837885692,21.67799564297062,8.506859010960229,0.0,0.0,0.0001288791703825651,2.938172977583989,0.02882292483219533,0,0.0,0,21.67799564297062,,,,,,,,,,,
1629,9/15/1971,2.251,2.326,9.000,4.609,2.326,0.0,2.283,0.0,0.0,0.02882292483219533,21.67799564297062,0.02882292483219533,0.0,3.4999699795313854,18.178025663439236,6.247329979612203,0.0,0.0,0.0,2.0427501548449336,0.0,0,0.0,0,18.178025663439236,,,,,,,,,,,
1630,9/16/1971,1.384,1.309,9.000,4.609,1.309,0.0,3.3,0.0,0.0,0.0,18.178025663439236,0.0,0.0,2.6098184588435234,15.568207204595712,4.783333285122001,0.0,0.0,0.0,1.4940829183950852,0.0,0,0.0,0,15.568207204595712,,,,,,,,,,,
1631,9/17/1971,1.423,5.298,9.000,4.609,4.609,0.6890000000000001,0.0,0,0.5995585907159925,0.0,16.167765795311706,0.0,0.0,2.1467548881779512,14.021010907133753,4.001903995771508,0.08944140928400753,0.08944140928400753,0.0,1.2132914953106895,0.08944140928400753,0,0.0,0,14.021010907133753,,,,,,,,,,,
1632,9/18/1971,1.463,2.987,9.000,4.609,2.987,0.0,1.6219999999999999,0.0,0.0,0.08944140928400753,14.021010907133753,0.08944140928400753,0.0,1.693030011453837,12.327980895679916,3.219678858006488,0.0,0.0,0.0,0.9420244016457686,0.0,0,0.0,0,12.327980895679916,,,,,,,,,,,
1633,9/19/1971,1.194,0.133,9.000,4.609,0.133,0.0,4.476,0.0,0.0,0.0,12.327980895679916,0.0,0.0,1.366214947560761,10.961765948119155,2.643836316363446,0.0,0.0,0.0,0.7495273856737282,0.0,0,0.0,0,10.961765948119155,,,,,,,,,,,
1634,9/20/1971,1.015,0.456,9.000,4.609,0.456,0.0,4.153,0.0,0.0,0.0,10.961765948119155,0.0,0.0,1.1233109341843823,9.838455013934773,2.2075942563220647,0.0,0.0,0.0,0.6083789351264189,0.0,0,0.0,0,9.838455013934773,,,,,,,,,,,
1635,9/21/1971,0.914,0.067,9.000,4.609,0.067,0.0,4.542,0.0,0.0,0.0,9.838455013934773,0.0,0.0,0.9380888016762136,8.90036621225856,1.8692582994076765,0.0,0.0,0.0,0.5020752950668453,0.0,0,0.0,0,8.90036621225856,,,,,,,,,,,
1636,9/22/1971,0.849,0.337,9.000,4.609,0.337,0.0,4.272,0.0,0.0,0.0,8.90036621225856,0.0,0.0,0.7938020911925173,8.106564121066041,1.6016556270097875,0.0,0.0,0.0,0.4202081975425856,0.0,0,0.0,0,8.106564121066041,,,,,,,,,,,
1637,9/23/1971,0.817,0.067,9.000,4.609,0.067,0.0,4.542,0.0,0.0,0.0,8.106564121066041,0.0,0.0,0.6793503680999554,7.427213752966086,1.3864407805372105,0.0,0.0,0.0,0.3559563745465698,0.0,0,0.0,0,7.427213752966086,,,,,,,,,,,
1638,9/24/1971,0.785,0.057,9.000,4.609,0.057,0.0,4.552,0.0,0.0,0.0,7.427213752966086,0.0,0.0,0.587140875751511,6.840072877214575,1.2108555110160537,0.0,0.0,0.0,0.30470299248910543,0.0,0,0.0,0,6.840072877214575,,,,,,,,,,,
1639,9/25/1971,0.754,0.186,9.000,4.609,0.186,0.0,4.423,0.0,0.0,0.0,6.840072877214575,0.0,0.0,0.5118393362149138,6.328233540999661,1.0658001907555124,0.0,0.0,0.0,0.2632363054494504,0.0,0,0.0,0,6.328233540999661,,,,,,,,,,,
1640,9/26/1971,0.694,0.002,9.000,4.609,0.002,0.0,4.607,0.0,0.0,0.0,6.328233540999661,0.0,0.0,0.4496106691774326,5.878622871822229,0.9446414997768812,0.0,0.0,0.0,0.22926848696699942,0.0,0,0.0,0,5.878622871822229,,,,,,,,,,,
1641,9/27/1971,0.694,0.225,9.000,4.609,0.225,0.0,4.384,0.0,0.0,0.0,5.878622871822229,0.0,0.0,0.397641568317624,5.480981303504604,0.8424509670095127,0.0,0.0,0.0,0.20113582034867514,0.0,0,0.0,0,5.480981303504604,,,,,,,,,,,
1642,9/28/1971,0.694,0.217,9.000,4.609,0.217,0.0,4.392,0.0,0.0,0.0,5.480981303504604,0.0,0.0,0.35383135237032326,5.127149951134281,0.7555047861707662,0.0,0.0,0.0,0.17760622009039223,0.0,0,0.0,0,5.127149951134281,,,,,,,,,,,
1643,9/29/1971,0.694,0.116,9.000,4.609,0.116,0.0,4.493,0.0,0.0,0.0,5.127149951134281,0.0,0.0,0.3165865620161797,4.810563389118101,0.6809470512489401,0.0,0.0,0.0,0.15775238071312447,0.0,0,0.0,0,4.810563389118101,,,,,,,,,,,
1644,9/30/1971,0.724,0.712,9.000,4.609,0.712,0.0,3.8970000000000002,0.0,0.0,0.0,4.810563389118101,0.0,0.0,0.28468134839336184,4.525882040724739,0.6165580201897826,0.0,0.0,0.0,0.1408662188865078,0.0,0,0.0,0,4.525882040724739,,,,,,,,,,,
1645,10/1/1971,0.724,0.903,10.000,5.054,0.903,0.0,4.151,0.0,0.0,0.0,4.525882040724739,0.0,0.0,0.25716063865733707,4.268721402067403,0.5605915220517683,0.0,0.0,0.0,0.126399964553214,0.0,0,0.0,0,4.268721402067403,,,,,,,,,,,
1646,10/2/1971,0.724,1.023,10.000,5.054,1.023,0.0,4.031000000000001,0.0,0.0,0.0,4.268721402067403,0.0,0.0,0.23327174087614774,4.035449661191255,0.5116588707679455,0.0,0.0,0.0,0.11392484349871551,0.0,0,0.0,0,4.035449661191255,,,,,,,,,,,
1647,10/3/1971,0.754,0.298,10.000,5.054,0.298,0.0,4.756,0.0,0.0,0.0,4.035449661191255,0.0,0.0,0.21241523792627193,3.8230344232649833,0.46864466847911207,0.0,0.0,0.0,0.10310161052544052,0.0,0,0.0,0,3.8230344232649833,,,,,,,,,,,
1648,10/4/1971,0.817,2.159,10.000,5.054,2.159,0.0,2.8950000000000005,0.0,0.0,0.0,3.8230344232649833,0.0,0.0,0.19410920255400943,3.6289252207109737,0.4306448597278635,0.0,0.0,0.0,0.09365921367192495,0.0,0,0.0,0,3.6289252207109737,,,,,,,,,,,
1649,10/5/1971,0.914,8.464,10.000,5.054,5.054,3.41,0.0,0,3.32055855428157,0.0,6.949483774992544,0.0,0.0,0.5255572362976408,6.423926538694903,1.0923465012627216,0.08944144571843,0.08944144571843,0.0,0.2707621506752017,0.08944144571843,0,0.0,0,6.423926538694903,,,,,,,,,,,
1650,10/6/1971,0.914,1.976,10.000,5.054,1.976,0.0,3.0780000000000003,0.0,0.0,0.08944144571843,6.423926538694903,0.08944144571843,0.0,0.460999075530897,5.9629274631640055,0.966908633964807,0.0,0.0,0.0,0.23546297696203686,0.0,0,0.0,0,5.9629274631640055,,,,,,,,,,,
1651,10/7/1971,0.914,3.261,10.000,5.054,3.261,0.0,1.7930000000000001,0.0,0.0,0.0,5.9629274631640055,0.0,0.0,0.4071911420531075,5.555736321110898,0.8613029292390496,0.0,0.0,0.0,0.20628808304331836,0.0,0,0.0,0,5.555736321110898,,,,,,,,,,,
1652,10/8/1971,0.849,2.028,10.000,5.054,2.028,0.0,3.0260000000000002,0.0,0.0,0.0,5.555736321110898,0.0,0.0,0.36191103114660356,5.193825289964295,0.771598711514617,0.0,0.0,0.0,0.18193191322086566,0.0,0,0.0,0,5.193825289964295,,,,,,,,,,,
1653,10/9/1971,0.817,0.416,10.000,5.054,0.416,0.0,4.638,0.0,0.0,0.0,5.193825289964295,0.0,0.0,0.3234779428086704,4.870347347155624,0.6947898859255783,0.0,0.0,0.0,0.1614148536063231,0.0,0,0.0,0,4.870347347155624,,,,,,,,,,,
1654,10/10/1971,0.694,0.387,10.000,5.054,0.387,0.0,4.667,0.0,0.0,0.0,4.870347347155624,0.0,0.0,0.2906022711037529,4.579745076051871,0.6285458664084164,0.0,0.0,0.0,0.14399091869494005,0.0,0,0.0,0,4.579745076051871,,,,,,,,,,,
1655,10/11/1971,0.694,1.377,10.000,5.054,1.377,0.0,3.6770000000000005,0.0,0.0,0.0,4.579745076051871,0.0,0.0,0.26228167705494365,4.317463398996928,0.5710374590718593,0.0,0.0,0.0,0.12908443780014361,0.0,0,0.0,0,4.317463398996928,,,,,,,,,,,
1656,10/12/1971,0.665,0.981,10.000,5.054,0.981,0.0,4.073,0.0,0.0,0.0,4.317463398996928,0.0,0.0,0.23772793550895185,4.079735463487976,0.520812957530701,0.0,0.0,0.0,0.11624580327901145,0.0,0,0.0,0,4.079735463487976,,,,,,,,,,,
1657,10/13/1971,1.121,7.149,10.000,5.054,5.054,2.0949999999999998,0.0,0,2.0055585542815697,0.0,6.085294017769546,0.0,0.0,0.4212129570173637,5.664081060752182,0.888921997977094,0.08944144571843,0.08944144571843,0.0,0.21386761712345284,0.08944144571843,0,0.0,0,5.664081060752182,,,,,,,,,,,
1658,10/14/1971,1.086,4.071,10.000,5.054,4.071,0.0,0.9830000000000005,0.0,0.0,0.08944144571843,5.664104821754857,0.08410370269686375,0.005337743021566255,0.3737529087131814,5.290351913041675,0.795137460221322,0.0,0.0,2.3761002674428575e-05,0.18828326421438546,0.005313982018891826,0,0.0,0,5.290351913041675,,,,,,,,,,,
1659,10/15/1971,1.157,3.421,10.000,5.054,3.421,0.0,1.6330000000000005,0.0,0.0,0.005313982018891826,5.290351913041675,0.005313982018891826,0.0,0.33355955177464275,4.956792361267032,0.715001422612744,0.0,0.0,0.0,0.1667820242371935,0.0,0,0.0,0,4.956792361267032,,,,,,,,,,,
1660,10/16/1971,0.914,1.703,10.000,5.054,1.703,0.0,3.351,0.0,0.0,0.0,4.956792361267032,0.0,0.0,0.29924965332569964,4.6575427079413325,0.6460216624168034,0.0,0.0,0.0,0.1485619872791079,0.0,0,0.0,0,4.6575427079413325,,,,,,,,,,,
1661,10/17/1971,0.754,6.801,10.000,5.054,5.054,1.7469999999999999,0.0,0,1.6575585542815698,0.0,6.315101262222902,0.0,0.0,0.44805670012419624,5.867044562098706,0.9415997022803371,0.08944144571843,0.08944144571843,0.0,0.2284240318387696,0.08944144571843,0,0.0,0,5.867044562098706,,,,,,,,,,,
1662,10/18/1971,0.914,2.258,10.000,5.054,2.258,0.0,2.7960000000000003,0.0,0.0,0.08944144571843,5.867044562098706,0.08944144571843,0.0,0.3963371262046649,5.470707435894042,0.8398731573175797,0.0,0.0,0.0,0.20043266476926117,0.0,0,0.0,0,5.470707435894042,,,,,,,,,,,
1663,10/19/1971,0.817,0.432,10.000,5.054,0.432,0.0,4.622,0.0,0.0,0.0,5.470707435894042,0.0,0.0,0.3527266400193327,5.117980795874709,0.7533021572093378,0.0,0.0,0.0,0.17701528155949708,0.0,0,0.0,0,5.117980795874709,,,,,,,,,,,
1664,10/20/1971,0.849,1.193,10.000,5.054,1.193,0.0,3.861,0.0,0.0,0.0,5.117980795874709,0.0,0.0,0.315643510289875,4.8023372855848345,0.6790509890597626,0.0,0.0,0.0,0.15725159462989044,0.0,0,0.0,0,4.8023372855848345,,,,,,,,,,,
1665,10/21/1971,0.817,0.991,10.000,5.054,0.991,0.0,4.063000000000001,0.0,0.0,0.0,4.8023372855848345,0.0,0.0,0.28387046514873804,4.518466820436096,0.6149148401262442,0.0,0.0,0.0,0.14043861531046753,0.0,0,0.0,0,4.518466820436096,,,,,,,,,,,
1666,10/22/1971,0.724,2.183,10.000,5.054,2.183,0.0,2.8710000000000004,0.0,0.0,0.0,4.518466820436096,0.0,0.0,0.2564588008153977,4.262008019620699,0.5591587393266902,0.0,0.0,0.0,0.12603233018672183,0.0,0,0.0,0,4.262008019620699,,,,,,,,,,,
1667,10/23/1971,0.665,11.326,10.000,5.054,5.054,6.272,0.0,0,6.18255855428157,0.0,10.444566573902268,0.0,0.0,1.0363739356380408,9.408192638264227,2.049461630564661,0.08944144571843,0.08944144571843,0.0,0.5583271336059141,0.08944144571843,0,0.0,0,9.408192638264227,,,,,,,,,,,
1668,10/24/1971,0.849,4.093,10.000,5.054,4.093,0.0,0.9610000000000003,0.0,0.0,0.08944144571843,9.408224778251284,0.08222142247373962,0.007220023244690385,0.8707201324749189,8.537504645776366,1.7447909950300375,0.0,0.0,3.213998705696126e-05,0.4637392244406682,0.007187883257633424,0,0.0,0,8.537504645776366,,,,,,,,,,,
1669,10/25/1971,0.914,0.956,10.000,5.054,0.956,0.0,4.098000000000001,0.0,0.0,0.007187883257633424,8.537504645776366,0.007187883257633424,0.0,0.7406005548049949,7.796904090971371,1.5019655881466258,0.0,0.0,0.0,0.3902598431430873,0.0,0,0.0,0,7.796904090971371,,,,,,,,,,,
1670,10/26/1971,0.817,1.074,10.000,5.054,1.074,0.0,3.9800000000000004,0.0,0.0,0.0,7.796904090971371,0.0,0.0,0.636652963154927,7.160251127816444,1.3053979200083834,0.0,0.0,0.0,0.3321626073791696,0.0,0,0.0,0,7.160251127816444,,,,,,,,,,,
1671,10/27/1971,0.754,0.298,10.000,5.054,0.298,0.0,4.756,0.0,0.0,0.0,7.160251127816444,0.0,0.0,0.5523905012189809,6.607860626597463,1.1441139711322987,0.0,0.0,0.0,0.28552040377325255,0.0,0,0.0,0,6.607860626597463,,,,,,,,,,,
1672,10/28/1971,0.694,0.002,10.000,5.054,0.002,0.0,5.0520000000000005,0.0,0.0,0.0,6.607860626597463,0.0,0.0,0.4832077617547112,6.124652864842752,1.0102086747693146,0.0,0.0,0.0,0.24757171999796498,0.0,0,0.0,0,6.124652864842752,,,,,,,,,,,
1673,10/29/1971,0.607,0.124,10.000,5.054,0.124,0.0,4.930000000000001,0.0,0.0,0.0,6.124652864842752,0.0,0.0,0.42576331867016803,5.698889546172584,0.8978695191480895,0.0,0.0,0.0,0.21633092634350162,0.0,0,0.0,0,5.698889546172584,,,,,,,,,,,
1674,10/30/1971,0.580,1.188,10.000,5.054,1.188,0.0,3.8660000000000005,0.0,0.0,0.0,5.698889546172584,0.0,0.0,0.3775862557761154,5.321303290396468,0.8027449561879448,0.0,0.0,0.0,0.19034212618129234,0.0,0,0.0,0,5.321303290396468,,,,,,,,,,,
1675,10/31/1971,0.580,2.055,10.000,5.054,2.055,0.0,2.999,0.0,0.0,0.0,5.321303290396468,0.0,0.0,0.336818392443121,4.984484897953347,0.7215248626194527,0.0,0.0,0.0,0.16851924108654404,0.0,0,0.0,0,4.984484897953347,,,,,,,,,,,
1676,11/1/1971,0.694,3.630,11.000,5.054,3.63,0.0,1.4240000000000004,0.0,0.0,0.0,4.984484897953347,0.0,0.0,0.3020412452694719,4.682443652683875,0.6516552746543693,0.0,0.0,0.0,0.15003951201913582,0.0,0,0.0,0,4.682443652683875,,,,,,,,,,,
1677,11/2/1971,0.817,1.737,11.000,5.054,1.737,0.0,3.317,0.0,0.0,0.0,4.682443652683875,0.0,0.0,0.2721573355056079,4.410286317178267,0.5911403615406199,0.0,0.0,0.0,0.1342709973706756,0.0,0,0.0,0,4.410286317178267,,,,,,,,,,,
1678,11/3/1971,0.636,0.256,11.000,5.054,0.256,0.0,4.798,0.0,0.0,0.0,4.410286317178267,0.0,0.0,0.24630718803397203,4.163979129144295,0.5384023895837654,0.0,0.0,0.0,0.12072223601120038,0.0,0,0.0,0,4.163979129144295,,,,,,,,,,,
1679,11/4/1971,0.499,0.431,11.000,5.054,0.431,0.0,4.623,0.0,0.0,0.0,4.163979129144295,0.0,0.0,0.22381027353745328,3.9401688556068413,0.49218103098518723,0.0,0.0,0.0,0.10900667615636023,0.0,0,0.0,0,3.9401688556068413,,,,,,,,,,,
1680,11/5/1971,0.473,0.144,11.000,5.054,0.144,0.0,4.91,0.0,0.0,0.0,3.9401688556068413,0.0,0.0,0.20412232248357223,3.736046533123269,0.4514598634053214,0.0,0.0,0.0,0.09881713368269045,0.0,0,0.0,0,3.736046533123269,,,,,,,,,,,
1681,11/6/1971,0.525,0.198,11.000,5.054,0.198,0.0,4.856,0.0,0.0,0.0,3.736046533123269,0.0,0.0,0.1868040291596413,3.5492425039636277,0.415411976977155,0.0,0.0,0.0,0.08990718358900307,0.0,0,0.0,0,3.5492425039636277,,,,,,,,,,,
1682,11/7/1971,0.525,1.869,11.000,5.054,1.869,0.0,3.1850000000000005,0.0,0.0,0.0,3.5492425039636277,0.0,0.0,0.17149780564908446,3.3777446983145434,0.38335921408433965,0.0,0.0,0.0,0.08207742149089176,0.0,0,0.0,0,3.3777446983145434,,,,,,,,,,,
1683,11/8/1971,0.580,2.234,11.000,5.054,2.234,0.0,2.8200000000000003,0.0,0.0,0.0,3.3777446983145434,0.0,0.0,0.1579103076090555,3.219834390705488,0.354741271944649,0.0,0.0,0.0,0.07516519636965868,0.0,0,0.0,0,3.219834390705488,,,,,,,,,,,
1684,11/9/1971,0.849,5.480,11.000,5.054,5.054,0.42600000000000016,0.0,0,0.33657160219835847,0.0,3.5564059929038465,0.0,0.0,0.17207508796723814,3.3843309049366086,0.38457156940522436,0.0894283978016417,0.0894283978016417,0.0,0.08237191608790333,0.0894283978016417,0,0.0,0,3.3843309049366086,,,,,,,,,,,
1685,11/10/1971,0.754,2.059,11.000,5.054,2.059,0.0,2.995,0.0,0.0,0.0894283978016417,3.3843309049366086,0.0894283978016417,0.0,0.15842381876285594,3.225907086173753,0.35582578841913953,0.0,0.0,0.0,0.07542573882931553,0.0,0,0.0,0,3.225907086173753,,,,,,,,,,,
1686,11/11/1971,0.724,1.602,11.000,5.054,1.602,0.0,3.452,0.0,0.0,0.0,3.225907086173753,0.0,0.0,0.1462577435027398,3.079649342671013,0.33006578473868786,0.0,0.0,0.0,0.069268308569488,0.0,0,0.0,0,3.079649342671013,,,,,,,,,,,
1687,11/12/1971,0.785,1.568,11.000,5.054,1.568,0.0,3.486,0.0,0.0,0.0,3.079649342671013,0.0,0.0,0.13537378136703485,2.944275561303978,0.3068985760211181,0.0,0.0,0.0,0.06378820951386117,0.0,0,0.0,0,2.944275561303978,,,,,,,,,,,
1688,11/13/1971,0.724,0.969,11.000,5.054,0.969,0.0,4.085,0.0,0.0,0.0,2.944275561303978,0.0,0.0,0.12560199419767068,2.8186735671063077,0.28599326413855913,0.0,0.0,0.0,0.05889268708734466,0.0,0,0.0,0,2.8186735671063077,,,,,,,,,,,
1689,11/14/1971,0.636,0.617,11.000,5.054,0.617,0.0,4.437,0.0,0.0,0.0,2.8186735671063077,0.0,0.0,0.11679934729765781,2.70187421980865,0.2670696737649526,0.0,0.0,0.0,0.0545040588379645,0.0,0,0.0,0,2.70187421980865,,,,,,,,,,,
1690,11/15/1971,0.552,0.117,11.000,5.054,0.117,0.0,4.937,0.0,0.0,0.0,2.70187421980865,0.0,0.0,0.10884479280388056,2.5930294270047693,0.2498893397444113,0.0,0.0,0.0,0.0505569000494197,0.0,0,0.0,0,2.5930294270047693,,,,,,,,,,,
1691,11/16/1971,0.552,1.937,11.000,5.054,1.937,0.0,3.117,0.0,0.0,0.0,2.5930294270047693,0.0,0.0,0.10163536554567673,2.4913940614590926,0.23424830477809913,0.0,0.0,0.0,0.04699581957390637,0.0,0,0.0,0,2.4913940614590926,,,,,,,,,,,
1692,11/17/1971,0.552,0.371,11.000,5.054,0.371,0.0,4.683,0.0,0.0,0.0,2.4913940614590926,0.0,0.0,0.09508306061368774,2.396311000845405,0.21997132392107138,0.0,0.0,0.0,0.04377368923000936,0.0,0,0.0,0,2.396311000845405,,,,,,,,,,,
1693,11/18/1971,0.525,0.045,11.000,5.054,0.045,0.0,5.009,0.0,0.0,0.0,2.396311000845405,0.0,0.0,0.08911231928530793,2.307198681560097,0.2069071707710153,0.0,0.0,0.0,0.04085022458224814,0.0,0,0.0,0,2.307198681560097,,,,,,,,,,,
1694,11/19/1971,0.665,1.402,11.000,5.054,1.402,0.0,3.652,0.0,0.0,0.0,2.307198681560097,0.0,0.0,0.0836579919469731,2.223540689613124,0.19492481266972841,0.0,0.0,0.0,0.03819084001605282,0.0,0,0.0,0,2.223540689613124,,,,,,,,,,,
1695,11/20/1971,0.724,3.640,11.000,5.054,3.64,0.0,1.4140000000000001,0.0,0.0,0.0,2.223540689613124,0.0,0.0,0.07866367765603029,2.1448770119570937,0.18391027606270605,0.0,0.0,0.0,0.035765719469616514,0.0,0,0.0,0,2.1448770119570937,,,,,,,,,,,
1696,11/21/1971,0.665,0.077,11.000,5.054,0.077,0.0,4.977,0.0,0.0,0.0,2.1448770119570937,0.0,0.0,0.07408036307699353,2.0707966488801,0.17376406350261975,0.0,0.0,0.0,0.033549057866537696,0.0,0,0.0,0,2.0707966488801,,,,,,,,,,,
1697,11/22/1971,0.552,0.398,11.000,5.054,0.398,0.0,4.656000000000001,0.0,0.0,0.0,2.0707966488801,0.0,0.0,0.06986530087141452,2.0009313480086854,0.16439901426381917,0.0,0.0,0.0,0.031518438527668294,0.0,0,0.0,0,2.0009313480086854,,,,,,,,,,,
1698,11/23/1971,0.525,0.002,11.000,5.054,0.002,0.0,5.0520000000000005,0.0,0.0,0.0,2.0009313480086854,0.0,0.0,0.0659810807511757,1.9349502672575096,0.15573852374438796,0.0,0.0,0.0,0.02965431955745831,0.0,0,0.0,0,1.9349502672575096,,,,,,,,,,,
1699,11/24/1971,0.580,0.005,11.000,5.054,0.005,0.0,5.049,0.0,0.0,0.0,1.9349502672575096,0.0,0.0,0.06239485641990978,1.8725554108376,0.1477150546333669,0.0,0.0,0.0,0.027939608062795433,0.0,0,0.0,0,1.8725554108376,,,,,,,,,,,
1700,11/25/1971,0.665,0.244,11.000,5.054,0.244,0.0,4.8100000000000005,0.0,0.0,0.0,1.8725554108376,0.0,0.0,0.05907769931989527,1.8134777115177045,0.14026888656799297,0.0,0.0,0.0,0.0263593055483752,0.0,0,0.0,0,1.8134777115177045,,,,,,,,,,,
1701,11/26/1971,0.607,0.125,11.000,5.054,0.125,0.0,4.929,0.0,0.0,0.0,1.8134777115177045,0.0,0.0,0.056004056050346585,1.757473655467358,0.13334706169181948,0.0,0.0,0.0,0.024900211288641103,0.0,0,0.0,0,1.757473655467358,,,,,,,,,,,
1702,11/27/1971,0.499,0.153,11.000,5.054,0.153,0.0,4.901000000000001,0.0,0.0,0.0,1.757473655467358,0.0,0.0,0.05315129095226083,1.704322364515097,0.12690249188264602,0.0,0.0,0.0,0.023550673156019122,0.0,0,0.0,0,1.704322364515097,,,,,,,,,,,
1703,11/28/1971,0.448,0.025,11.000,5.054,0.025,0.0,5.029,0.0,0.0,0.0,1.704322364515097,0.0,0.0,0.050499298979358086,1.653823065535739,0.12089319999505957,0.0,0.0,0.0,0.02230037747569192,0.0,0,0.0,0,1.653823065535739,,,,,,,,,,,
1704,11/29/1971,0.400,0.012,11.000,5.054,0.012,0.0,5.042000000000001,0.0,0.0,0.0,1.653823065535739,0.0,0.0,0.048030176828661356,1.6057928887070778,0.11528167266518083,0.0,0.0,0.0,0.02114017111759059,0.0,0,0.0,0,1.6057928887070778,,,,,,,,,,,
1705,11/30/1971,0.424,0.731,11.000,5.054,0.731,0.0,4.323,0.0,0.0,0.0,1.6057928887070778,0.0,0.0,0.04572794256401124,1.5600649461430667,0.11003430636369539,0.0,0.0,0.0,0.020061910330709434,0.0,0,0.0,0,1.5600649461430667,,,,,,,,,,,
1706,12/1/1971,0.424,0.268,12.000,5.337,0.268,0.0,5.069,0.0,0.0,0.0,1.5600649461430667,0.0,0.0,0.0435782957644288,1.5164866503786378,0.10512093169199233,0.0,0.0,0.0,0.019058331851686944,0.0,0,0.0,0,1.5164866503786378,,,,,,,,,,,
1707,12/2/1971,0.424,0.384,12.000,5.337,0.384,0.0,4.952999999999999,0.0,0.0,0.0,1.5164866503786378,0.0,0.0,0.04156841166800595,1.4749182387106319,0.10051440357452394,0.0,0.0,0.0,0.018122942638303257,0.0,0,0.0,0,1.4749182387106319,,,,,,,,,,,
1708,12/3/1971,0.424,0.180,12.000,5.337,0.18,0.0,5.157,0.0,0.0,0.0,1.4749182387106319,0.0,0.0,0.039686763938431624,1.4352314747722001,0.09619024714619155,0.0,0.0,0.0,0.017249925234480108,0.0,0,0.0,0,1.4352314747722001,,,,,,,,,,,
1709,12/4/1971,0.424,0.082,12.000,5.337,0.082,0.0,5.255,0.0,0.0,0.0,1.4352314747722001,0.0,0.0,0.037922971615025856,1.3973085031571744,0.09212635087325584,0.0,0.0,0.0,0.01643405630134144,0.0,0,0.0,0,1.3973085031571744,,,,,,,,,,,
1710,12/5/1971,0.400,0.001,12.000,5.337,0.001,0.0,5.335999999999999,0.0,0.0,0.0,1.3973085031571744,0.0,0.0,0.03626766656444249,1.3610408365927318,0.08830269986283623,0.0,0.0,0.0,0.01567063627576066,0.0,0,0.0,0,1.3610408365927318,,,,,,,,,,,
1711,12/6/1971,0.376,0.046,12.000,5.337,0.046,0.0,5.2909999999999995,0.0,0.0,0.0,1.3610408365927318,0.0,0.0,0.034712378368957866,1.326328458223774,0.08470114347426433,0.0,0.0,0.0,0.014955428464421024,0.0,0,0.0,0,1.326328458223774,,,,,,,,,,,
1712,12/7/1971,0.376,0.092,12.000,5.337,0.092,0.0,5.245,0.0,0.0,0.0,1.326328458223774,0.0,0.0,0.03324943409060204,1.293079024133172,0.0813051922962617,0.0,0.0,0.0,0.014284606163998553,0.0,0,0.0,0,1.293079024133172,,,,,,,,,,,
1713,12/8/1971,0.376,0.154,12.000,5.337,0.154,0.0,5.183,0.0,0.0,0.0,1.293079024133172,0.0,0.0,0.03187187076440366,1.2612071533687683,0.07809984033724908,0.0,0.0,0.0,0.013654706629374168,0.0,0,0.0,0,1.2612071533687683,,,,,,,,,,,
1714,12/9/1971,0.353,0.459,12.000,5.337,0.459,0.0,4.878,0.0,0.0,0.0,1.2612071533687683,0.0,0.0,0.03057335881516112,1.2306337945536072,0.07507140892389413,0.0,0.0,0.0,0.013062590901820872,0.0,0,0.0,0,1.2306337945536072,,,,,,,,,,,
1715,12/10/1971,0.353,0.006,12.000,5.337,0.006,0.0,5.3309999999999995,0.0,0.0,0.0,1.2306337945536072,0.0,0.0,0.02934813487425651,1.2012856596793506,0.0722074093405917,0.0,0.0,0.0,0.012505408665820908,0.0,0,0.0,0,1.2012856596793506,,,,,,,,,,,
1716,12/11/1971,0.353,0.000,12.000,5.337,0.0,0.0,5.337,0.0,0.0,0.0,1.2012856596793506,0.0,0.0,0.02819094270712338,1.1730947169722272,0.06949642169021197,0.0,0.0,0.0,0.011980567432847769,0.0,0,0.0,0,1.1730947169722272,,,,,,,,,,,
1717,12/12/1971,0.331,0.019,12.000,5.337,0.019,0.0,5.318,0.0,0.0,0.0,1.1730947169722272,0.0,0.0,0.027096981156882943,1.1459977358153444,0.06692798783041026,0.0,0.0,0.0,0.011485705458124119,0.0,0,0.0,0,1.1459977358153444,,,,,,,,,,,
1718,12/13/1971,0.331,0.000,12.000,5.337,0.0,0.0,5.337,0.0,0.0,0.0,1.1459977358153444,0.0,0.0,0.026061858172459585,1.1199358776428847,0.06449251655317675,0.0,0.0,0.0,0.011018667886064305,0.0,0,0.0,0,1.1199358776428847,,,,,,,,,,,
1719,12/14/1971,0.331,0.027,12.000,5.337,0.027,0.0,5.31,0.0,0.0,0.0,1.1199358776428847,0.0,0.0,0.025081550125888724,1.094854327516996,0.062181199438728005,0.0,0.0,0.0,0.010577485695067487,0.0,0,0.0,0,1.094854327516996,,,,,,,,,,,
1720,12/15/1971,0.376,1.496,12.000,5.337,1.496,0.0,3.8409999999999997,0.0,0.0,0.0,1.094854327516996,0.0,0.0,0.024152365738159237,1.0707019617788367,0.05998593603691682,0.0,0.0,0.0,0.010160357075156822,0.0,0,0.0,0,1.0707019617788367,,,,,,,,,,,
1721,12/16/1971,0.448,0.341,12.000,5.337,0.341,0.0,4.9959999999999996,0.0,0.0,0.0,1.0707019617788367,0.0,0.0,0.023270914029544457,1.0474310477492923,0.05789926721708205,0.0,0.0,0.0,0.009765630924779172,0.0,0,0.0,0,1.0474310477492923,,,,,,,,,,,
1722,12/17/1971,0.376,0.000,12.000,5.337,0.0,0.0,5.337,0.0,0.0,0.0,1.0474310477492923,0.0,0.0,0.022434075792030717,1.0249969719572616,0.05591431568642176,0.0,0.0,0.0,0.009391792197609761,0.0,0,0.0,0,1.0249969719572616,,,,,,,,,,,
1723,12/18/1971,0.353,0.015,12.000,5.337,0.015,0.0,5.322,0.0,0.0,0.0,1.0249969719572616,0.0,0.0,0.021638978150652483,1.003357993806609,0.054024732812255574,0.0,0.0,0.0,0.009037448867850887,0.0,0,0.0,0,1.003357993806609,,,,,,,,,,,
1724,12/19/1971,0.353,0.132,12.000,5.337,0.132,0.0,5.205,0.0,0.0,0.0,1.003357993806609,0.0,0.0,0.020882971839343064,0.982475021967266,0.05222465099882701,0.0,0.0,0.0,0.008701320314423,0.0,0,0.0,0,0.982475021967266,,,,,,,,,,,
1725,12/20/1971,0.331,0.008,12.000,5.337,0.008,0.0,5.329,0.0,0.0,0.0,0.982475021967266,0.0,0.0,0.020163610866998916,0.9623114111002671,0.050508640967781356,0.0,0.0,0.0,0.008382226951563402,0.0,0,0.0,0,0.9623114111002671,,,,,,,,,,,
1726,12/21/1971,0.331,0.000,12.000,5.337,0.0,0.0,5.337,0.0,0.0,0.0,0.9623114111002671,0.0,0.0,0.019478634292229874,0.9428327768080372,0.04887167337579214,0.0,0.0,0.0,0.008079080956450088,0.0,0,0.0,0,0.9428327768080372,,,,,,,,,,,
1727,12/22/1971,0.331,0.103,12.000,5.337,0.103,0.0,5.234,0.0,0.0,0.0,0.9428327768080372,0.0,0.0,0.018825949861882553,0.9240068269461547,0.04730908427519885,0.0,0.0,0.0,0.007790877964197837,0.0,0,0.0,0,0.9240068269461547,,,,,,,,,,,
1728,12/23/1971,0.331,0.101,12.000,5.337,0.101,0.0,5.236,0.0,0.0,0.0,0.9240068269461547,0.0,0.0,0.018203619299838943,0.9058032076463157,0.04581654398579431,0.0,0.0,0.0,0.007516689617462433,0.0,0,0.0,0,0.9058032076463157,,,,,,,,,,,
1729,12/24/1971,0.331,0.433,12.000,5.337,0.433,0.0,4.904,0.0,0.0,0.0,0.9058032076463157,0.0,0.0,0.017609845059606388,0.8881933625867093,0.04439002899959207,0.0,0.0,0.0,0.007255656872379018,0.0,0,0.0,0,0.8881933625867093,,,,,,,,,,,
1730,12/25/1971,0.448,0.230,12.000,5.337,0.23,0.0,5.106999999999999,0.0,0.0,0.0,0.8881933625867093,0.0,0.0,0.017042958377495674,0.8711504042092136,0.043025796586796373,0.0,0.0,0.0,0.007006983975020095,0.0,0,0.0,0,0.8711504042092136,,,,,,,,,,,
1731,12/26/1971,0.376,0.125,12.000,5.337,0.125,0.0,5.212,0.0,0.0,0.0,0.8711504042092136,0.0,0.0,0.016501408483289164,0.8546489957259245,0.04172036181136088,0.0,0.0,0.0,0.006769933033295329,0.0,0,0.0,0,0.8546489957259245,,,,,,,,,,,
1732,12/27/1971,0.353,0.098,12.000,5.337,0.098,0.0,5.239,0.0,0.0,0.0,0.8546489957259245,0.0,0.0,0.01598375284270018,0.8386652428832243,0.04047047669936936,0.0,0.0,0.0,0.006543819118486541,0.0,0,0.0,0,0.8386652428832243,,,,,,,,,,,
1733,12/28/1971,0.353,0.090,12.000,5.337,0.09,0.0,5.247,0.0,0.0,0.0,0.8386652428832243,0.0,0.0,0.015488648321011917,0.8231765945622124,0.03927311133375957,0.0,0.0,0.0,0.006328005838633374,0.0,0,0.0,0,0.8231765945622124,,,,,,,,,,,
1734,12/29/1971,0.353,0.118,12.000,5.337,0.118,0.0,5.218999999999999,0.0,0.0,0.0,0.8231765945622124,0.0,0.0,0.015014843170392176,0.8081617513918202,0.03812543667529079,0.0,0.0,0.0,0.006121901332940151,0.0,0,0.0,0,0.8081617513918202,,,,,,,,,,,
1735,12/30/1971,0.376,0.126,12.000,5.337,0.126,0.0,5.210999999999999,0.0,0.0,0.0,0.8081617513918202,0.0,0.0,0.014561169754790219,0.79360058163703,0.037024808932671,0.0,0.0,0.0,0.005924954642415874,0.0,0,0.0,0,0.79360058163703,,,,,,,,,,,
1736,12/31/1971,0.376,0.786,12.000,5.337,0.786,0.0,4.551,0.0,0.0,0.0,0.79360058163703,0.0,0.0,0.014126537936272157,0.7794740437007578,0.035968755324877644,0.0,0.0,0.0,0.005736652417216918,0.0,0,0.0,0,0.7794740437007578,,,,,,,,,,,
1737,1/1/1972,0.376,0.530,1.000,5.134,0.53,0.0,4.604,0.0,0.0,0.0,0.7794740437007578,0.0,0.0,0.013709929055344234,0.7657641146454136,0.034954961096321194,0.0,0.0,0.0,0.005556515925745984,0.0,0,0.0,0,0.7657641146454136,,,,,,,,,,,
1738,1/2/1972,0.376,1.205,1.000,5.134,1.205,0.0,3.9290000000000003,0.0,0.0,0.0,0.7657641146454136,0.0,0.0,0.01331039044542066,0.7524537241999929,0.033981257660951454,0.0,0.0,0.0,0.00538409833456427,0.0,0,0.0,0,0.7524537241999929,,,,,,,,,,,
1739,1/3/1972,0.473,2.748,1.000,5.134,2.748,0.0,2.386,0.0,0.0,0.0,0.7524537241999929,0.0,0.0,0.012927030428262005,0.7395266937717309,0.033045611764981456,0.0,0.0,0.0,0.00521898223167675,0.0,0,0.0,0,0.7395266937717309,,,,,,,,,,,
1740,1/4/1972,0.580,1.760,1.000,5.134,1.76,0.0,3.3740000000000006,0.0,0.0,0.0,0.7395266937717309,0.0,0.0,0.012559013743066096,0.7269676800286647,0.03214611556984924,0.0,0.0,0.0,0.0050607773688200325,0.0,0,0.0,0,0.7269676800286647,,,,,,,,,,,
1741,1/5/1972,0.552,1.187,1.000,5.134,1.187,0.0,3.947,0.0,0.0,0.0,0.7269676800286647,0.0,0.0,0.012205557367043963,0.7147621226616208,0.031280977567566745,0.0,0.0,0.0,0.004909118601076941,0.0,0,0.0,0,0.7147621226616208,,,,,,,,,,,
1742,1/6/1972,0.473,0.173,1.000,5.134,0.173,0.0,4.961,0.0,0.0,0.0,0.7147621226616208,0.0,0.0,0.011865926689850642,0.7028961959717701,0.03044851424989977,0.0,0.0,0.0,0.004763664004511247,0.0,0,0.0,0,0.7028961959717701,,,,,,,,,,,
1743,1/7/1972,0.473,0.423,1.000,5.134,0.423,0.0,4.711,0.0,0.0,0.0,0.7028961959717701,0.0,0.0,0.011539432008243443,0.6913567639635266,0.029647142461039586,0.0,0.0,0.0,0.004624093154602145,0.0,0,0.0,0,0.6913567639635266,,,,,,,,,,,
1744,1/8/1972,0.448,0.127,1.000,5.134,0.127,0.0,5.007000000000001,0.0,0.0,0.0,0.6913567639635266,0.0,0.0,0.011225425310877377,0.6801313386526493,0.028875372370702274,0.0,0.0,0.0,0.004490105550098113,0.0,0,0.0,0,0.6801313386526493,,,,,,,,,,,
1745,1/9/1972,0.424,1.184,1.000,5.134,1.184,0.0,3.95,0.0,0.0,0.0,0.6801313386526493,0.0,0.0,0.010923297326277172,0.6692080413263721,0.028131801011042457,0.0,0.0,0.0,0.004361419168534956,0.0,0,0.0,0,0.6692080413263721,,,,,,,,,,,
1746,1/10/1972,0.424,1.084,1.000,5.134,1.084,0.0,4.050000000000001,0.0,0.0,0.0,0.6692080413263721,0.0,0.0,0.0106324748097987,0.6585755665165735,0.027415106326495346,0.0,0.0,0.0,0.00423776914110024,0.0,0,0.0,0,0.6585755665165735,,,,,,,,,,,
1747,1/11/1972,0.400,0.000,1.000,5.134,0.0,0.0,5.134,0.0,0.0,0.0,0.6585755665165735,0.0,0.0,0.01035241804785389,0.6482231484687195,0.02672404169075385,0.0,0.0,0.0,0.004118906535799729,0.0,0,0.0,0,0.6482231484687195,,,,,,,,,,,
1748,1/12/1972,0.331,0.002,1.000,5.134,0.002,0.0,5.132000000000001,0.0,0.0,0.0,0.6482231484687195,0.0,0.0,0.010082618559859955,0.6381405299088596,0.02605743084962042,0.0,0.0,0.0,0.00400459723901078,0.0,0,0.0,0,0.6381405299088596,,,,,,,,,,,
1749,1/13/1972,0.309,0.122,1.000,5.134,0.122,0.0,5.0120000000000005,0.0,0.0,0.0,0.6381405299088596,0.0,0.0,0.009822596980319847,0.6283179329285398,0.02541416325251588,0.0,0.0,0.0,0.0038946209265108716,0.0,0,0.0,0,0.6283179329285398,,,,,,,,,,,
1750,1/14/1972,0.309,0.000,1.000,5.134,0.0,0.0,5.134,0.0,0.0,0.0,0.6283179329285398,0.0,0.0,0.00957190110517436,0.6187460318233654,0.02479318973903406,0.0,0.0,0.0,0.003788770115961615,0.0,0,0.0,0,0.6187460318233654,,,,,,,,,,,
1751,1/15/1972,0.309,0.104,1.000,5.134,0.104,0.0,5.03,0.0,0.0,0.0,0.6187460318233654,0.0,0.0,0.009330104088113042,0.6094159277352523,0.02419351855015605,0.0,0.0,0.0,0.003686849293623179,0.0,0,0.0,0,0.6094159277352523,,,,,,,,,,,
1752,1/16/1972,0.331,0.231,1.000,5.134,0.231,0.0,4.9030000000000005,0.0,0.0,0.0,0.6094159277352523,0.0,0.0,0.009096802773912345,0.60031912496134,0.023614211636622147,0.0,0.0,0.0,0.003588674108782457,0.0,0,0.0,0,0.60031912496134,,,,,,,,,,,
1753,1/17/1972,0.331,1.091,1.000,5.134,1.091,0.0,4.043,0.0,0.0,0.0,0.60031912496134,0.0,0.0,0.008871616157104885,0.5914475088042351,0.023054381239544636,0.0,0.0,0.0,0.003494070630010884,0.0,0,0.0,0,0.5914475088042351,,,,,,,,,,,
1754,1/18/1972,0.552,6.365,1.000,5.134,5.134,1.2309999999999999,0.0,0,1.1415585542817686,0.0,1.7330060630860036,0.0,0.0,0.051923733795337206,1.6810823292906665,0.12412314634103395,0.0894414457182314,0.0894414457182314,0.0,0.022971411740813692,0.0894414457182314,0,0.0,0,1.6810823292906665,,,,,,,,,,,
1755,1/19/1972,0.785,4.739,1.000,5.134,4.739,0.0,0.39500000000000046,0.0,0.0,0.0894414457182314,1.6813300376941098,0.03379548582420211,0.05564595989402929,0.049368969750831125,1.6319610679432788,0.11832635678461581,0.0,0.0,0.0002477084034433716,0.0217687767960534,0.05539825149058592,0,0.0,0,1.6319610679432788,,,,,,,,,,,
1756,1/20/1972,0.754,1.366,1.000,5.134,1.366,0.0,3.7680000000000002,0.0,0.0,0.05539825149058592,1.6319610679432788,0.05539825149058592,0.0,0.046976656275847656,1.5849844116674312,0.11288228927685777,0.0,0.0,0.0,0.020646318303138417,0.0,0,0.0,0,1.5849844116674312,,,,,,,,,,,
1757,1/21/1972,0.724,1.791,1.000,5.134,1.791,0.0,3.3430000000000004,0.0,0.0,0.0,1.5849844116674312,0.0,0.0,0.044744614416104486,1.5402397972513266,0.10778843697965726,0.0,0.0,0.0,0.01960244203985474,0.0,0,0.0,0,1.5402397972513266,,,,,,,,,,,
1758,1/22/1972,0.636,2.100,1.000,5.134,2.1,0.0,3.0340000000000003,0.0,0.0,0.0,1.5402397972513266,0.0,0.0,0.04265923000411988,1.4975805672472067,0.10301603565066841,0.0,0.0,0.0,0.01863024323686756,0.0,0,0.0,0,1.4975805672472067,,,,,,,,,,,
1759,1/23/1972,0.525,0.990,1.000,5.134,0.99,0.0,4.144,0.0,0.0,0.0,1.4975805672472067,0.0,0.0,0.040708281692739996,1.4568722855544667,0.09853918001651074,0.0,0.0,0.0,0.01772354307688095,0.0,0,0.0,0,1.4568722855544667,,,,,,,,,,,
1760,1/24/1972,0.525,0.595,1.000,5.134,0.595,0.0,4.539000000000001,0.0,0.0,0.0,1.4568722855544667,0.0,0.0,0.038880775080972985,1.4179915104734937,0.09433449182470521,0.0,0.0,0.0,0.016876800248957543,0.0,0,0.0,0,1.4179915104734937,,,,,,,,,,,
1761,1/25/1972,0.448,0.853,1.000,5.134,0.853,0.0,4.281000000000001,0.0,0.0,0.0,1.4179915104734937,0.0,0.0,0.03716679928553554,1.3808247111879581,0.09038083180729367,0.0,0.0,0.0,0.016085034705938993,0.0,0,0.0,0,1.3808247111879581,,,,,,,,,,,
1762,1/26/1972,0.499,1.113,1.000,5.134,1.113,0.0,4.021000000000001,0.0,0.0,0.0,1.3808247111879581,0.0,0.0,0.03555740256875983,1.3452673086191984,0.08665904905991047,0.0,0.0,0.0,0.015343761750892209,0.0,0,0.0,0,1.3452673086191984,,,,,,,,,,,
1763,1/27/1972,0.694,5.138,1.000,5.134,5.134,0.0039999999999995595,0.0,0,2.664610869000661e-06,0.0,1.3452699732300675,0.0,0.0,0.03404459658497811,1.3112253766450894,0.08315202325959718,0.003997335389130559,0.003997335389130559,0.0,0.014648986435985225,0.003997335389130559,0,0.0,0,1.3112253766450894,,,,,,,,,,,
1764,1/28/1972,0.694,0.354,1.000,5.134,0.354,0.0,4.78,0.0,0.0,0.003997335389130559,1.3112253766450894,0.003997335389130559,0.0,0.03262080598670906,1.2786045706583804,0.0798434153432833,0.0,0.0,0.0,0.013996944578938637,0.0,0,0.0,0,1.2786045706583804,,,,,,,,,,,
1765,1/29/1972,0.636,0.388,1.000,5.134,0.388,0.0,4.746,0.0,0.0,0.0,1.2786045706583804,0.0,0.0,0.031279480537448924,1.2473250901209314,0.07671911001339582,0.0,0.0,0.0,0.01338437840443162,0.0,0,0.0,0,1.2473250901209314,,,,,,,,,,,
1766,1/30/1972,0.552,0.153,1.000,5.134,0.153,0.0,4.981000000000001,0.0,0.0,0.0,1.2473250901209314,0.0,0.0,0.030014552659451944,1.2173105374614794,0.07376597879775443,0.0,0.0,0.0,0.012808282614122795,0.0,0,0.0,0,1.2173105374614794,,,,,,,,,,,
1767,1/31/1972,0.424,0.090,1.000,5.134,0.09,0.0,5.0440000000000005,0.0,0.0,0.0,1.2173105374614794,0.0,0.0,0.028820493527115004,1.1884900439343644,0.07097202692587852,0.0,0.0,0.0,0.012265926220428467,0.0,0,0.0,0,1.1884900439343644,,,,,,,,,,,
1768,2/1/1972,0.424,0.000,2.000,4.866,0.0,0.0,4.866,0.0,0.0,0.0,1.1884900439343644,0.0,0.0,0.027692257269348274,1.160797786665016,0.06832627875439885,0.0,0.0,0.0,0.011754823473968185,0.0,0,0.0,0,1.160797786665016,,,,,,,,,,,
1769,2/2/1972,0.424,0.270,2.000,4.866,0.27,0.0,4.596,0.0,0.0,0.0,1.160797786665016,0.0,0.0,0.02662523175138957,1.1341725549136266,0.06581867640984837,0.0,0.0,0.0,0.011272708287436543,0.0,0,0.0,0,1.1341725549136266,,,,,,,,,,,
1770,2/3/1972,0.331,0.137,2.000,4.866,0.137,0.0,4.728999999999999,0.0,0.0,0.0,1.1341725549136266,0.0,0.0,0.02561519506857753,1.108557359845049,0.06343998994040032,0.0,0.0,0.0,0.01081751168691647,0.0,0,0.0,0,1.108557359845049,,,,,,,,,,,
1771,2/4/1972,0.309,0.610,2.000,4.866,0.61,0.0,4.255999999999999,0.0,0.0,0.0,1.108557359845049,0.0,0.0,0.02465827701071041,1.0838990828343387,0.06118173751201727,0.0,0.0,0.0,0.010387341890870856,0.0,0,0.0,0,1.0838990828343387,,,,,,,,,,,
1772,2/5/1972,0.309,0.540,2.000,4.866,0.54,0.0,4.326,0.0,0.0,0.0,1.0838990828343387,0.0,0.0,0.023750924861738357,1.0601481579726002,0.059036114390353556,0.0,0.0,0.0,0.009980466675148306,0.0,0,0.0,0,1.0601481579726002,,,,,,,,,,,
1773,2/6/1972,0.309,0.273,2.000,4.866,0.273,0.0,4.593,0.0,0.0,0.0,1.0601481579726002,0.0,0.0,0.022889872989091148,1.037258284983509,0.056995929624021384,0.0,0.0,0.0,0.009595297731244214,0.0,0,0.0,0,1.037258284983509,,,,,,,,,,,
1774,2/7/1972,0.288,0.248,2.000,4.866,0.248,0.0,4.617999999999999,0.0,0.0,0.0,1.037258284983509,0.0,0.0,0.02207211575272649,1.0151861692307826,0.05505454949274392,0.0,0.0,0.0,0.009230376766339879,0.0,0,0.0,0,1.0151861692307826,,,,,,,,,,,
1775,2/8/1972,0.288,0.133,2.000,4.866,0.133,0.0,4.733,0.0,0.0,0.0,1.0151861692307826,0.0,0.0,0.02129488332828413,0.9938912859024985,0.05320584690978691,0.0,0.0,0.0,0.008884363128583291,0.0,0,0.0,0,0.9938912859024985,,,,,,,,,,,
1776,2/9/1972,0.288,0.193,2.000,4.866,0.193,0.0,4.673,0.0,0.0,0.0,0.9938912859024985,0.0,0.0,0.020555620093430278,0.9733356658090683,0.0514441560754426,0.0,0.0,0.0,0.008556022770726932,0.0,0,0.0,0,0.9733356658090683,,,,,,,,,,,
1777,2/10/1972,0.267,0.162,2.000,4.866,0.162,0.0,4.704,0.0,0.0,0.0,0.9733356658090683,0.0,0.0,0.01985196527312478,0.9534837005359434,0.04976423177017457,0.0,0.0,0.0,0.008244218390465127,0.0,0,0.0,0,0.9534837005359434,,,,,,,,,,,
1778,2/11/1972,0.267,0.699,2.000,4.866,0.699,0.0,4.167,0.0,0.0,0.0,0.9534837005359434,0.0,0.0,0.019181735579422016,0.9343019649565214,0.0481612127547558,0.0,0.0,0.0,0.007947900607329089,0.0,0,0.0,0,0.9343019649565214,,,,,,,,,,,
1779,2/12/1972,0.267,0.438,2.000,4.866,0.438,0.0,4.428,0.0,0.0,0.0,0.9343019649565214,0.0,0.0,0.01854290961558876,0.9157590553409326,0.046630588812375334,0.0,0.0,0.0,0.0076661000543922515,0.0,0,0.0,0,0.9157590553409326,,,,,,,,,,,
1780,2/13/1972,0.288,2.101,2.000,4.866,2.101,0.0,2.7649999999999997,0.0,0.0,0.0,0.9157590553409326,0.0,0.0,0.017933613843670634,0.897825441497262,0.04516817102593647,0.0,0.0,0.0,0.007397920278800137,0.0,0,0.0,0,0.897825441497262,,,,,,,,,,,
1781,2/14/1972,0.331,0.605,2.000,4.866,0.605,0.0,4.260999999999999,0.0,0.0,0.0,0.897825441497262,0.0,0.0,0.0173521099399015,0.8804733315573604,0.04377006493403968,0.0,0.0,0.0,0.007142531358676123,0.0,0,0.0,0,0.8804733315573604,,,,,,,,,,,
1782,2/15/1972,0.353,1.122,2.000,4.866,1.122,0.0,3.7439999999999998,0.0,0.0,0.0,0.8804733315573604,0.0,0.0,0.01679678338414154,0.8636765481732188,0.0424326462526162,0.0,0.0,0.0,0.00689916415560547,0.0,0,0.0,0,0.8636765481732188,,,,,,,,,,,
1783,2/16/1972,0.331,0.229,2.000,4.866,0.229,0.0,4.637,0.0,0.0,0.0,0.8636765481732188,0.0,0.0,0.016266133148367036,0.8474104150248518,0.041152538886852934,0.0,0.0,0.0,0.006667105131949581,0.0,0,0.0,0,0.8474104150248518,,,,,,,,,,,
1784,2/17/1972,0.331,0.732,2.000,4.866,0.732,0.0,4.1339999999999995,0.0,0.0,0.0,0.8474104150248518,0.0,0.0,0.01575876236555125,0.8316516526593005,0.039926594990762225,0.0,0.0,0.0,0.006445691670928351,0.0,0,0.0,0,0.8316516526593005,,,,,,,,,,,
1785,2/18/1972,0.376,0.379,2.000,4.866,0.379,0.0,4.487,0.0,0.0,0.0,0.8316516526593005,0.0,0.0,0.015273369874436372,0.8163782827848641,0.03875187686020916,0.0,0.0,0.0,0.006234307844930724,0.0,0,0.0,0,0.8163782827848641,,,,,,,,,,,
1786,2/19/1972,0.400,1.893,2.000,4.866,1.893,0.0,2.973,0.0,0.0,0.0,0.8163782827848641,0.0,0.0,0.014808742548010408,0.8015695402368537,0.037625640470016916,0.0,0.0,0.0,0.006032380584041127,0.0,0,0.0,0,0.8015695402368537,,,,,,,,,,,
1787,2/20/1972,0.473,4.069,2.000,4.866,4.069,0.0,0.7969999999999997,0.0,0.0,0.0,0.8015695402368537,0.0,0.0,0.014363748324230003,0.7872057919126236,0.03654532048743085,0.0,0.0,0.0,0.005839376202443999,0.0,0,0.0,0,0.7872057919126236,,,,,,,,,,,
1788,2/21/1972,0.580,1.764,2.000,4.866,1.764,0.0,3.1019999999999994,0.0,0.0,0.0,0.7872057919126236,0.0,0.0,0.013937329866893037,0.7732684620457306,0.035508516613172135,0.0,0.0,0.0,0.0056547972453114565,0.0,0,0.0,0,0.7732684620457306,,,,,,,,,,,
1789,2/22/1972,0.552,0.541,2.000,4.866,0.541,0.0,4.324999999999999,0.0,0.0,0.0,0.7732684620457306,0.0,0.0,0.0135284987927505,0.7597399632529801,0.03451298111791609,0.0,0.0,0.0,0.005478179623091658,0.0,0,0.0,0,0.7597399632529801,,,,,,,,,,,
1790,2/23/1972,0.552,0.078,2.000,4.866,0.078,0.0,4.787999999999999,0.0,0.0,0.0,0.7597399632529801,0.0,0.0,0.01313633040811677,0.7466036328448633,0.033556607456606255,0.0,0.0,0.0,0.005309090003885194,0.0,0,0.0,0,0.7466036328448633,,,,,,,,,,,
1791,2/24/1972,0.552,0.679,2.000,4.866,0.679,0.0,4.186999999999999,0.0,0.0,0.0,0.7466036328448633,0.0,0.0,0.012759958904526955,0.7338436739403363,0.032637419855829776,0.0,0.0,0.0,0.005147123437897318,0.0,0,0.0,0,0.7338436739403363,,,,,,,,,,,
1792,2/25/1972,0.552,1.427,2.000,4.866,1.427,0.0,3.4389999999999996,0.0,0.0,0.0,0.7338436739403363,0.0,0.0,0.01239857296851716,0.7214451009718191,0.03175356378076524,0.0,0.0,0.0,0.004991901190848538,0.0,0,0.0,0,0.7214451009718191,,,,,,,,,,,
1793,2/26/1972,0.525,0.545,2.000,4.866,0.545,0.0,4.321,0.0,0.0,0.0,0.7214451009718191,0.0,0.0,0.012051411765468057,0.709393689206351,0.030903297198168003,0.0,0.0,0.0,0.004843068765768997,0.0,0,0.0,0,0.709393689206351,,,,,,,,,,,
1794,2/27/1972,0.525,2.607,2.000,4.866,2.607,0.0,2.2589999999999995,0.0,0.0,0.0,0.709393689206351,0.0,0.0,0.011717761261740404,0.6976759279446106,0.0300849825606502,0.0,0.0,0.0,0.004700294094839289,0.0,0,0.0,0,0.6976759279446106,,,,,,,,,,,
1795,2/28/1972,0.525,3.951,2.000,4.866,3.951,0.0,0.9149999999999996,0.0,0.0,0.0,0.6976759279446106,0.0,0.0,0.01139695085311703,0.6862789770914937,0.029297079445291696,0.0,0.0,0.0,0.0045632658849119245,0.0,0,0.0,0,0.6862789770914937,,,,,,,,,,,
1796,2/29/1972,0.525,4.852,2.000,4.866,4.852,0.0,0.013999999999999346,0.0,0.0,0.0,0.6862789770914937,0.0,0.0,0.011088350270913228,0.6751906268205804,0.02853813778650965,0.0,0.0,0.0,0.004431692102087506,0.0,0,0.0,0,0.6751906268205804,,,,,,,,,,,
1797,3/1/1972,0.525,0.502,3.000,4.631,0.502,0.0,4.1290000000000004,0.0,0.0,0.0,0.6751906268205804,0.0,0.0,0.010791366740081448,0.664399260080499,0.027806791649228477,0.0,0.0,0.0,0.004305298582257536,0.0,0,0.0,0,0.664399260080499,,,,,,,,,,,
1798,3/2/1972,0.607,11.245,3.000,4.631,4.631,6.613999999999999,0.0,0,6.524558554281569,0.0,7.188957814362068,0.0,0.0,0.5560864803163186,6.632871334045749,1.1512282710315676,0.08944144571843,0.08944144571843,0.0,0.2875569381340689,0.08944144571843,0,0.0,0,6.632871334045749,,,,,,,,,,,
1799,3/3/1972,1.753,9.833,3.000,4.631,4.631,5.202,0.0,0,5.202,0.08944144571843,11.835269483305153,0.0,0.08944144571843,1.2764271400979577,10.558842343207195,2.4834819448485197,0.0,0.0,0.00039814925940304455,0.697143008141673,0.08904329645902696,0,0.0,0,10.558842343207195,,,,,,,,,,,
1800,3/4/1972,1.231,0.859,3.000,4.631,0.859,0.0,3.7720000000000002,0.0,0.0,0.08904329645902696,10.558842343207195,0.08904329645902696,0.0,1.0553413471504445,9.50350099605675,2.0840597599616166,0.0,0.0,0.0,0.5692243647022289,0.0,0,0.0,0,9.50350099605675,,,,,,,,,,,
1801,3/5/1972,0.694,0.666,3.000,4.631,0.666,0.0,3.9650000000000003,0.0,0.0,0.0,9.50350099605675,0.0,0.0,0.8854658555022331,8.618035140554518,1.7721038594285339,0.0,0.0,0.0,0.4721140902217109,0.0,0,0.0,0,8.618035140554518,,,,,,,,,,,
1802,3/6/1972,0.580,0.247,3.000,4.631,0.247,0.0,4.384,0.0,0.0,0.0,8.618035140554518,0.0,0.0,0.7522800516896913,7.865755088864827,1.523901354832181,0.0,0.0,0.0,0.39682271673620084,0.0,0,0.0,0,7.865755088864827,,,,,,,,,,,
1803,3/7/1972,0.525,0.229,3.000,4.631,0.229,0.0,4.402,0.0,0.0,0.0,7.865755088864827,0.0,0.0,0.6460505163067519,7.219704572558075,1.3232727785899376,0.0,0.0,0.0,0.3373907636248742,0.0,0,0.0,0,7.219704572558075,,,,,,,,,,,
1804,3/8/1972,0.525,0.433,3.000,4.631,0.433,0.0,4.198,0.0,0.0,0.0,7.219704572558075,0.0,0.0,0.5600560451546029,6.659648527403472,1.1588649363407943,0.0,0.0,0.0,0.28974521398659187,0.0,0,0.0,0,6.659648527403472,,,,,,,,,,,
1805,3/9/1972,0.499,0.411,3.000,4.631,0.411,0.0,4.220000000000001,0.0,0.0,0.0,6.659648527403472,0.0,0.0,0.4895359908083634,6.170112536595108,1.0225176689775128,0.0,0.0,0.0,0.25102881683342587,0.0,0,0.0,0,6.170112536595108,,,,,,,,,,,
1806,3/10/1972,0.499,4.001,3.000,4.631,4.001,0.0,0.6299999999999999,0.0,0.0,0.0,6.170112536595108,0.0,0.0,0.4310433208730557,5.739069215722052,0.908242448851479,0.0,0.0,0.0,0.21919139270416754,0.0,0,0.0,0,5.739069215722052,,,,,,,,,,,
1807,3/11/1972,0.580,6.768,3.000,4.631,4.631,2.1369999999999996,0.0,0,2.0475585542815695,0.0,7.786627770003622,0.0,0.0,0.6352550631291595,7.151372706874462,1.3027371562823087,0.08944144571843,0.08944144571843,0.0,0.33138534331518027,0.08944144571843,0,0.0,0,7.151372706874462,,,,,,,,,,,
1808,3/12/1972,0.636,0.742,3.000,4.631,0.742,0.0,3.8890000000000002,0.0,0.0,0.08944144571843,7.151372706874462,0.08944144571843,0.0,0.5512494034276222,6.60012330344684,1.1419167245600017,0.0,0.0,0.0,0.28489182433378574,0.0,0,0.0,0,6.60012330344684,,,,,,,,,,,
1809,3/13/1972,0.607,0.619,3.000,4.631,0.619,0.0,4.0120000000000005,0.0,0.0,0.0,6.60012330344684,0.0,0.0,0.4822651280840747,6.117858175362765,1.008374075894656,0.0,0.0,0.0,0.2470570153560855,0.0,0,0.0,0,6.117858175362765,,,,,,,,,,,
1810,3/14/1972,0.525,1.788,3.000,4.631,1.788,0.0,2.843,0.0,0.0,0.0,6.117858175362765,0.0,0.0,0.42497637349696754,5.692881801865798,0.8963226571695884,0.0,0.0,0.0,0.21590479418137654,0.0,0,0.0,0,5.692881801865798,,,,,,,,,,,
1811,3/15/1972,0.607,1.946,3.000,4.631,1.946,0.0,2.6850000000000005,0.0,0.0,0.0,5.692881801865798,0.0,0.0,0.37692307264191116,5.315958729223887,0.8014292549421927,0.0,0.0,0.0,0.18998583670324706,0.0,0,0.0,0,5.315958729223887,,,,,,,,,,,
1812,3/16/1972,0.636,1.190,3.000,4.631,1.19,0.0,3.4410000000000003,0.0,0.0,0.0,5.315958729223887,0.0,0.0,0.3362547636771766,4.97970396554671,0.7203969495336993,0.0,0.0,0.0,0.1682187034834559,0.0,0,0.0,0,4.97970396554671,,,,,,,,,,,
1813,3/17/1972,0.580,0.880,3.000,4.631,0.88,0.0,3.7510000000000003,0.0,0.0,0.0,4.97970396554671,0.0,0.0,0.3015585551256706,4.678145410421039,0.6506814513519149,0.0,0.0,0.0,0.14978397085365153,0.0,0,0.0,0,4.678145410421039,,,,,,,,,,,
1814,3/18/1972,0.552,2.522,3.000,4.631,2.522,0.0,2.1090000000000004,0.0,0.0,0.0,4.678145410421039,0.0,0.0,0.2717410855465762,4.406404324874463,0.5902941284870343,0.0,0.0,0.0,0.13405213534953325,0.0,0,0.0,0,4.406404324874463,,,,,,,,,,,
1815,3/19/1972,0.525,1.777,3.000,4.631,1.777,0.0,2.854,0.0,0.0,0.0,4.406404324874463,0.0,0.0,0.2459459559921806,4.160458368882282,0.5376626794341607,0.0,0.0,0.0,0.12053354492659286,0.0,0,0.0,0,4.160458368882282,,,,,,,,,,,
1816,3/20/1972,0.665,8.608,3.000,4.631,4.631,3.9770000000000003,0.0,0,3.8875585542815703,0.0,8.048016923163853,0.0,0.0,0.6711927337818203,7.376824189382033,1.370990437306492,0.08944144571843,0.08944144571843,0.0,0.3514026072448222,0.08944144571843,0,0.0,0,7.376824189382033,,,,,,,,,,,
1817,3/21/1972,0.665,2.570,3.000,4.631,2.57,0.0,2.0610000000000004,0.0,0.0,0.08944144571843,7.376824189382033,0.08944144571843,0.0,0.5805168542381656,6.796307335143867,1.1981587362158832,0.0,0.0,0.0,0.3010405548858093,0.0,0,0.0,0,6.796307335143867,,,,,,,,,,,
1818,3/22/1972,0.636,3.405,3.000,4.631,3.405,0.0,1.2260000000000004,0.0,0.0,0.0,6.796307335143867,0.0,0.0,0.5063927287364647,6.289914606407402,1.0552444533365632,0.0,0.0,0.0,0.26025187459385857,0.0,0,0.0,0,6.289914606407402,,,,,,,,,,,
1819,3/23/1972,0.499,0.629,3.000,4.631,0.629,0.0,4.002000000000001,0.0,0.0,0.0,6.289914606407402,0.0,0.0,0.4450823375696713,5.844832268837731,0.9357752669743449,0.0,0.0,0.0,0.22680824688830817,0.0,0,0.0,0,5.844832268837731,,,,,,,,,,,
1820,3/24/1972,0.607,0.372,3.000,4.631,0.372,0.0,4.259,0.0,0.0,0.0,5.844832268837731,0.0,0.0,0.3938394342840681,5.450992834553663,0.8349354504109027,0.0,0.0,0.0,0.19908671678029316,0.0,0,0.0,0,5.450992834553663,,,,,,,,,,,
1821,3/25/1972,0.607,0.395,3.000,4.631,0.395,0.0,4.236000000000001,0.0,0.0,0.0,5.450992834553663,0.0,0.0,0.35061067095777015,5.100382163595893,0.7490817767689761,0.0,0.0,0.0,0.17588373657437747,0.0,0,0.0,0,5.100382163595893,,,,,,,,,,,
1822,3/26/1972,0.525,0.948,3.000,4.631,0.948,0.0,3.6830000000000003,0.0,0.0,0.0,5.100382163595893,0.0,0.0,0.3138366373398317,4.786545526256061,0.675416982415081,0.0,0.0,0.0,0.15629237124261303,0.0,0,0.0,0,4.786545526256061,,,,,,,,,,,
1823,3/27/1972,0.580,2.857,3.000,4.631,2.857,0.0,1.774,0.0,0.0,0.0,4.786545526256061,0.0,0.0,0.2823163959812023,4.504229130274859,0.611764698682032,0.0,0.0,0.0,0.13961933181585973,0.0,0,0.0,0,4.504229130274859,,,,,,,,,,,
1824,3/28/1972,0.724,4.858,3.000,4.631,4.631,0.22699999999999942,0.0,0,0.13866877520734133,0.0,4.6428979054822,0.0,0.0,0.26833727250410894,4.374560632978091,0.5833706413161404,0.0883312247926581,0.0883312247926581,0.0,0.132263259055135,0.0883312247926581,0,0.0,0,4.374560632978091,,,,,,,,,,,
1825,3/29/1972,0.724,6.904,3.000,4.631,4.631,2.2729999999999997,0.0,0,2.2718897790742276,0.0883312247926581,6.646843619155032,0.0,0.0883312247926581,0.4879682291417488,6.158875390013283,1.0194694078770643,0.0011102209257719017,0.0011102209257719017,0.0003932071027124941,0.2501720767585777,0.0890482386157175,0,0.0,0,6.158875390013283,,,,,,,,,,,
1826,3/30/1972,0.914,10.129,3.000,4.631,4.631,5.497999999999999,0.0,0,5.497606792897287,0.0890482386157175,11.656878581805636,0.0,0.0890482386157175,1.244522920715222,10.412355661090414,2.4262570237011296,0.0003932071027124939,0.0003932071027124939,0.0003963988950671432,0.678586777393159,0.08904504682336287,0,0.0,0,10.412355661090414,,,,,,,,,,,
1827,3/31/1972,0.914,5.171,3.000,4.631,4.631,0.54,0.0,0,0.5396036033696633,0.08904504682336287,10.952355649146858,0.0,0.08904504682336287,1.1217041878148282,9.83065146133203,2.204681882192664,0.0003963966303367382,0.0003963966303367382,0.0003963846867797887,0.607451514057772,0.08904505876691982,0,0.0,0,9.83065146133203,,,,,,,,,,,
1828,4/1/1972,0.849,1.053,4.000,4.235,1.053,0.0,3.1820000000000004,0.0,0.0,0.08904505876691982,9.83065146133203,0.08904505876691982,0.0,0.9368490254297026,8.893802435902327,1.8669749425634057,0.0,0.0,0.0,0.5013681228081441,0.0,0,0.0,0,8.893802435902327,,,,,,,,,,,
1829,4/2/1972,0.817,0.617,4.000,4.235,0.617,0.0,3.6180000000000003,0.0,0.0,0.0,8.893802435902327,0.0,0.0,0.7928266522158149,8.100975783686511,1.5998330503949678,0.0,0.0,0.0,0.4196578833445955,0.0,0,0.0,0,8.100975783686511,,,,,,,,,,,
1830,4/3/1972,0.754,0.381,4.000,4.235,0.381,0.0,3.854,0.0,0.0,0.0,8.100975783686511,0.0,0.0,0.6785700196969852,7.422405763989526,1.3849634915712854,0.0,0.0,0.0,0.35552061091420745,0.0,0,0.0,0,7.422405763989526,,,,,,,,,,,
1831,4/4/1972,0.665,4.180,4.000,4.235,4.18,0.0,0.055000000000000604,0.0,0.0,0.0,7.422405763989526,0.0,0.0,0.5865075387285984,6.8358982252609275,1.2096420510045507,0.0,0.0,0.0,0.3043527008617453,0.0,0,0.0,0,6.8358982252609275,,,,,,,,,,,
1832,4/5/1972,0.665,0.481,4.000,4.235,0.481,0.0,3.7540000000000004,0.0,0.0,0.0,6.8358982252609275,0.0,0.0,0.5113187968406535,6.324579428420274,1.064791753914449,0.0,0.0,0.0,0.2629509888281961,0.0,0,0.0,0,6.324579428420274,,,,,,,,,,,
1833,4/6/1972,0.665,0.192,4.000,4.235,0.192,0.0,4.043,0.0,0.0,0.0,6.324579428420274,0.0,0.0,0.4491780545712405,5.875401373849034,0.9437947664928291,0.0,0.0,0.0,0.22903337697986367,0.0,0,0.0,0,5.875401373849034,,,,,,,,,,,
1834,4/7/1972,0.636,0.367,4.000,4.235,0.367,0.0,3.8680000000000003,0.0,0.0,0.0,5.875401373849034,0.0,0.0,0.3972784539388736,5.4781229199101595,0.8417334538433107,0.0,0.0,0.0,0.20094006937375894,0.0,0,0.0,0,5.4781229199101595,,,,,,,,,,,
1835,4/8/1972,0.580,0.130,4.000,4.235,0.13,0.0,4.105,0.0,0.0,0.0,5.4781229199101595,0.0,0.0,0.3535238618404676,5.124599058069692,0.7548917490108555,0.0,0.0,0.0,0.1774417234324157,0.0,0,0.0,0,5.124599058069692,,,,,,,,,,,
1836,4/9/1972,0.552,0.468,4.000,4.235,0.468,0.0,3.7670000000000003,0.0,0.0,0.0,5.124599058069692,0.0,0.0,0.3163240885382977,4.808274969531395,0.6804193748594545,0.0,0.0,0.0,0.15761299029605194,0.0,0,0.0,0,4.808274969531395,,,,,,,,,,,
1837,4/10/1972,0.525,0.639,4.000,4.235,0.639,0.0,3.596,0.0,0.0,0.0,4.808274969531395,0.0,0.0,0.2844556759122794,4.523819293619115,0.6161007502803721,0.0,0.0,0.0,0.14074720681545652,0.0,0,0.0,0,4.523819293619115,,,,,,,,,,,
1838,4/11/1972,0.525,1.308,4.000,4.235,1.308,0.0,2.9270000000000005,0.0,0.0,0.0,4.523819293619115,0.0,0.0,0.2569653261686977,4.266853967450418,0.560192825414223,0.0,0.0,0.0,0.12629764997666879,0.0,0,0.0,0,4.266853967450418,,,,,,,,,,,
1839,4/12/1972,0.525,0.267,4.000,4.235,0.267,0.0,3.9680000000000004,0.0,0.0,0.0,4.266853967450418,0.0,0.0,0.23310168363236977,4.033752283818048,0.5113092864204344,0.0,0.0,0.0,0.11383632848870072,0.0,0,0.0,0,4.033752283818048,,,,,,,,,,,
1840,4/13/1972,0.525,0.922,4.000,4.235,0.922,0.0,3.313,0.0,0.0,0.0,4.033752283818048,0.0,0.0,0.21226634982390852,3.8214859339941394,0.4683365602772152,0.0,0.0,0.0,0.10302459014599519,0.0,0,0.0,0,3.8214859339941394,,,,,,,,,,,
1841,4/14/1972,0.525,6.543,4.000,4.235,4.235,2.308,0.0,0,2.21855855428157,0.0,6.04004448827571,0.0,0.0,0.4160057566542092,5.624038731621501,0.8786737019734442,0.08944144571843,0.08944144571843,0.0,0.21105088119142487,0.08944144571843,0,0.0,0,5.624038731621501,,,,,,,,,,,
1842,4/15/1972,0.665,2.517,4.000,4.235,2.517,0.0,1.7180000000000004,0.0,0.0,0.08944144571843,5.624038731621501,0.08944144571843,0.0,0.36935695638448307,5.254681775237017,0.7864061084576617,0.0,0.0,0.0,0.18592394176242474,0.0,0,0.0,0,5.254681775237017,,,,,,,,,,,
1843,4/16/1972,0.607,2.234,4.000,4.235,2.234,0.0,2.0010000000000003,0.0,0.0,0.0,5.254681775237017,0.0,0.0,0.32981961338368987,4.924862161853327,0.7075090358815608,0.0,0.0,0.0,0.1647897211583705,0.0,0,0.0,0,4.924862161853327,,,,,,,,,,,
1844,4/17/1972,0.552,0.892,4.000,4.235,0.892,0.0,3.3430000000000004,0.0,0.0,0.0,4.924862161853327,0.0,0.0,0.2960437597273669,4.62881840212596,0.6395471654742875,0.0,0.0,0.0,0.14686630129431502,0.0,0,0.0,0,4.62881840212596,,,,,,,,,,,
1845,4/18/1972,0.525,0.095,4.000,4.235,0.095,0.0,4.140000000000001,0.0,0.0,0.0,4.62881840212596,0.0,0.0,0.2669824307088882,4.361835971417071,0.5806130646826848,0.0,0.0,0.0,0.1315516352988969,0.0,0,0.0,0,4.361835971417071,,,,,,,,,,,
1846,4/19/1972,0.499,0.121,4.000,4.235,0.121,0.0,4.114000000000001,0.0,0.0,0.0,4.361835971417071,0.0,0.0,0.2418139367669153,4.120022034650156,0.5291957803617916,0.0,0.0,0.0,0.11837647071337913,0.0,0,0.0,0,4.120022034650156,,,,,,,,,,,
1847,4/20/1972,0.525,0.396,4.000,4.235,0.396,0.0,3.8390000000000004,0.0,0.0,0.0,4.120022034650156,0.0,0.0,0.21988638655462459,3.9001356480955316,0.4840860717499026,0.0,0.0,0.0,0.10697097742614207,0.0,0,0.0,0,3.9001356480955316,,,,,,,,,,,
1848,4/21/1972,0.525,1.193,4.000,4.235,1.193,0.0,3.0420000000000003,0.0,0.0,0.0,3.9001356480955316,0.0,0.0,0.20067747669042196,3.6994581714051096,0.44430704798045006,0.0,0.0,0.0,0.09704071655802114,0.0,0,0.0,0,3.6994581714051096,,,,,,,,,,,
1849,4/22/1972,0.580,3.480,4.000,4.235,3.48,0.0,0.7550000000000003,0.0,0.0,0.0,3.6994581714051096,0.0,0.0,0.18376493557726983,3.5156932358278397,0.40906271116460646,0.0,0.0,0.0,0.08834908685559649,0.0,0,0.0,0,3.5156932358278397,,,,,,,,,,,
1850,4/23/1972,6.850,54.734,4.000,4.235,4.235,50.499,0.0,0,50.409558554281574,0.0,53.925251790109414,0.0,0.0,15.984022454121842,37.94122933598757,24.32728157066776,0.08944144571843,0.08944144571843,0.0,10.309566790470958,0.08944144571843,0,0.0,0,37.94122933598757,,,,,,,,,,,
1851,4/24/1972,10.066,12.123,4.000,4.235,4.235,7.887999999999999,0.0,0,7.887999999999999,0.08944144571843,45.829627485246974,0.0,0.08944144571843,12.188295929898091,33.641331555348884,19.14618810080173,0.0,0.0,0.00039814925940304455,7.722355286660929,0.08904329645902696,0,0.0,0,33.641331555348884,,,,,,,,,,,
1852,4/25/1972,3.850,9.406,4.000,4.235,4.235,5.171,0.0,0,5.1706018507405975,0.08904329645902696,38.8123297829845,0.0,0.08904329645902696,9.23950347251073,29.57282631047377,14.967304374955747,0.0003981492594030382,0.0003981492594030382,0.0003963768950199571,5.748307597076013,0.08904506882341005,0,0.0,0,29.57282631047377,,,,,,,,,,,
1853,4/26/1972,4.583,6.967,4.000,4.235,4.235,2.7319999999999993,0.0,0,2.7316036231049794,0.08904506882341005,32.30482631836346,0.0,0.08904506882341005,6.804738845095019,25.50008747326844,11.384805178459775,0.00039637689501995115,0.00039637689501995115,0.000396384784713162,4.149178171913741,0.08904506093371685,0,0.0,0,25.50008747326844,,,,,,,,,,,
1854,4/27/1972,3.675,9.545,4.000,4.235,4.235,5.31,0.0,0,5.309603615215287,0.08904506093371685,30.81008747323332,0.0,0.08904506093371685,6.288117723162672,24.52196975007065,10.605641316336216,0.0003963847847131611,0.0003963847847131611,0.0003963847495921342,3.81430077574441,0.08904506096883787,0,0.0,0,24.52196975007065,,,,,,,,,,,
1855,4/28/1972,1.753,7.066,4.000,4.235,4.235,2.8309999999999995,0.0,0,2.8306036152504075,0.08904506096883787,27.352969750070805,0.0,0.08904506096883787,5.156716471345926,22.19625327872488,8.87129875648418,0.0003963847495921373,0.0003963847495921373,0.00039638474974847566,3.0874432841038666,0.08904506096868153,0,0.0,0,22.19625327872488,,,,,,,,,,,
1856,4/29/1972,5.637,21.927,4.000,4.235,4.235,17.692,0.0,0,17.69160361525025,0.08904506096868153,39.888253278724875,0.0,0.08904506096868153,9.670319199967487,30.217934078757388,15.587731225397311,0.0003963847497484729,0.0003963847497484729,0.0003963847497477797,6.034405771725139,0.08904506096868223,0,0.0,0,30.217934078757388,,,,,,,,,,,
1857,4/30/1972,15.158,29.096,4.000,4.235,4.235,24.861,0.0,0,24.860603615250252,0.08904506096868223,55.078934078757385,0.0,0.08904506096868223,16.5580169635775,38.520917115179884,25.094471778489073,0.0003963847497477797,0.0003963847497477797,0.0003963847497477828,10.704610486732669,0.08904506096868223,0,0.0,0,38.520917115179884,,,,,,,,,,,
1858,5/1/1972,17.358,16.122,5.000,3.714,3.714,12.408,0.0,0,12.407603615250252,0.08904506096868223,50.928917115179885,0.0,0.08904506096868223,14.531368460533058,36.397548654646826,22.367509390355675,0.0003963847497477797,0.0003963847497477797,0.0003963847497477828,9.314039102414228,0.08904506096868223,0,0.0,0,36.397548654646826,,,,,,,,,,,
1859,5/2/1972,3.675,3.217,5.000,3.714,3.217,0.0,0.4969999999999999,0.0,0.0,0.08904506096868223,36.39775655261115,0.042342237714281,0.04670282325440123,8.301504443539338,28.096252109071813,13.603237221223111,0.0,0.0,0.0002078979643208023,5.12848380538354,0.046494925290080424,0,0.0,0,28.096252109071813,,,,,,,,,,,
1860,5/3/1972,1.753,0.774,5.000,3.714,0.774,0.0,2.94,0.0,0.0,0.046494925290080424,28.096252109071813,0.046494925290080424,0.0,5.3923709889476195,22.703881120124194,9.235947032623393,0.0,0.0,0.0,3.2380418339942487,0.0,0,0.0,0,22.703881120124194,,,,,,,,,,,
1861,5/4/1972,1.345,2.242,5.000,3.714,2.242,0.0,1.472,0.0,0.0,0.0,22.703881120124194,0.0,0.0,3.7803552917278527,18.923525828396343,6.699720885555401,0.0,0.0,0.0,2.2176131080817076,0.0,0,0.0,0,18.923525828396343,,,,,,,,,,,
1862,5/5/1972,1.050,3.322,5.000,3.714,3.322,0.0,0.3919999999999999,0.0,0.0,0.0,18.923525828396343,0.0,0.0,2.79063180939172,16.132894019004624,5.084475736102083,0.0,0.0,0.0,1.604653340995672,0.0,0,0.0,0,16.132894019004624,,,,,,,,,,,
1863,5/6/1972,1.086,5.474,5.000,3.714,3.714,1.7600000000000002,0.0,0,1.6705585542815702,0.0,17.803452573286194,0.0,0.0,2.520806430858128,15.282646142428066,4.634301079616632,0.08944144571843,0.08944144571843,0.0,1.439833370555272,0.08944144571843,0,0.0,0,15.282646142428066,,,,,,,,,,,
1864,5/7/1972,3.335,16.317,5.000,3.714,3.714,12.603,0.0,0,12.603,0.08944144571843,27.88604429168747,0.0,0.08944144571843,5.325298620895456,22.560745670792013,9.132352926497834,0.0,0.0,0.00039814925940304455,3.1951332904334255,0.08904329645902696,0,0.0,0,22.560745670792013,,,,,,,,,,,
1865,5/8/1972,4.457,8.431,5.000,3.714,3.714,4.716999999999999,0.0,0,4.716601850740596,0.08904329645902696,27.277743898427627,0.0,0.08904329645902696,5.133101566716803,22.144642331710823,8.834651880161012,0.0003981492594030382,0.0003981492594030382,0.0003963768950199571,3.07237643998463,0.08904506882341005,0,0.0,0,22.144642331710823,,,,,,,,,,,
1866,5/9/1972,2.251,2.352,5.000,3.714,2.352,0.0,1.362,0.0,0.0,0.08904506882341005,22.144642331710823,0.08904506882341005,0.0,3.6264377629149367,18.518204568795888,6.451851934535397,0.0,0.0,0.0,2.1215122066166887,0.0,0,0.0,0,18.518204568795888,,,,,,,,,,,
1867,5/10/1972,2.494,5.823,5.000,3.714,3.714,2.1090000000000004,0.0,0,2.0195585542815704,0.0,20.537763123077458,0.0,0.0,3.198558850092365,17.339204272985093,5.756605833988907,0.08944144571843,0.08944144571843,0.0,1.855802797255368,0.08944144571843,0,0.0,0,17.339204272985093,,,,,,,,,,,
1868,5/11/1972,2.157,1.335,5.000,3.714,1.335,0.0,2.379,0.0,0.0,0.08944144571843,17.339204272985093,0.08944144571843,0.0,2.4122059435907355,14.926998329394358,4.451739100994212,0.0,0.0,0.0,1.3738163445986724,0.0,0,0.0,0,14.926998329394358,,,,,,,,,,,
1869,5/12/1972,1.544,0.926,5.000,3.714,0.926,0.0,2.788,0.0,0.0,0.0,14.926998329394358,0.0,0.0,1.8792587677143295,13.047739561680029,3.542946284848978,0.0,0.0,0.0,1.0528494727147364,0.0,0,0.0,0,13.047739561680029,,,,,,,,,,,
1870,5/13/1972,1.269,4.235,5.000,3.714,3.714,0.5210000000000004,0.0,0,0.4315601138324646,0.0,13.479299675512493,0.0,0.0,1.5854211933353082,11.893878482177184,3.0313431462118916,0.08943988616753573,0.08943988616753573,0.0,0.8783457959250418,0.08943988616753573,0,0.0,0,11.893878482177184,,,,,,,,,,,
1871,5/14/1972,1.269,4.981,5.000,3.714,3.714,1.267,0.0,0,1.2669984404491057,0.08943988616753573,13.161275064943341,0.0,0.08943988616753573,1.5235699129247684,11.637705152018572,2.922545816700885,1.559550894266278e-06,1.559550894266278e-06,0.0003981423170506645,0.841872016935713,0.08904330340137934,0,0.0,0,11.637705152018572,,,,,,,,,,,
1872,5/15/1972,1.231,3.936,5.000,3.714,3.714,0.22199999999999998,0.0,0,0.22160464444552466,0.08904330340137934,11.859706173390022,0.0,0.08904330340137934,1.280822634579229,10.578883538810793,2.4913555792453983,0.0003953555544753114,0.0003953555544753114,0.00039637692592389023,0.6997019394554941,0.08904228202993075,0,0.0,0,10.578883538810793,,,,,,,,,,,
1873,5/16/1972,2.494,12.021,5.000,3.714,3.714,8.307,0.0,0,8.306600836311501,0.08904228202993075,18.885880747501577,0.0,0.08904228202993075,2.781385480790337,16.10449526671124,5.0691263023646345,0.00039916368849924905,0.00039916368849924905,0.0003963723792813068,1.598987341785071,0.0890450733391487,0,0.0,0,16.10449526671124,,,,,,,,,,,
1874,5/17/1972,7.149,11.263,5.000,3.714,3.714,7.5489999999999995,0.0,0,7.548603627620718,0.0890450733391487,23.653495279136774,0.0,0.0890450733391487,4.047541597229385,19.605953681907387,7.127396404999875,0.00039637237928130345,0.00039637237928130345,0.0003963848048150061,2.38504203763201,0.089045060913615,0,0.0,0,19.605953681907387,,,,,,,,,,,
1875,5/18/1972,15.774,21.692,5.000,3.714,3.714,17.978,0.0,0,17.977603615195186,0.089045060913615,37.58395368185207,0.0,0.089045060913615,8.757293096087999,28.826660585764074,14.268396986888945,0.00039638480481500653,0.00039638480481500653,0.00039638474950265065,5.42912073707301,0.08904506096892735,0,0.0,0,28.826660585764074,,,,,,,,,,,
1876,5/19/1972,7.377,2.020,5.000,3.714,2.02,0.0,1.694,0.0,0.0,0.08904506096892735,28.826660585764074,0.08904506096892735,0.0,5.628029120524536,23.198631465239536,9.598741027459832,0.0,0.0,0.0,3.389076517909822,0.0,0,0.0,0,23.198631465239536,,,,,,,,,,,
1877,5/20/1972,2.746,2.640,5.000,3.714,2.64,0.0,1.0739999999999998,0.0,0.0,0.0,23.198631465239536,0.0,0.0,3.9186492074103403,19.279982257829197,6.921485443926643,0.0,0.0,0.0,2.304179371803114,0.0,0,0.0,0,19.279982257829197,,,,,,,,,,,
1878,5/21/1972,2.251,4.384,5.000,3.714,3.714,0.6700000000000004,0.0,0,0.5805586100034485,0.0,19.860540867832647,0.0,0.0,3.0247134032616785,16.83582746457097,5.471342777484832,0.08944138999655177,0.08944138999655177,0.0,1.7484963330852694,0.08944138999655177,0,0.0,0,16.83582746457097,,,,,,,,,,,
1879,5/22/1972,1.585,10.040,5.000,3.714,3.714,6.325999999999999,0.0,0,6.32599994427812,0.08944138999655177,23.162225557860445,0.0,0.08944138999655177,3.9084052597423984,19.253820298118047,6.905088458168247,5.572187823943209e-08,5.572187823943209e-08,0.00039814901135669004,2.297760100083171,0.08904329670707331,0,0.0,0,19.253820298118047,,,,,,,,,,,
1880,5/23/1972,10.327,21.216,5.000,3.714,3.714,17.502000000000002,0.0,0,17.501601850988646,0.08904329670707331,36.75581852600282,0.0,0.08904329670707331,8.438060002170213,28.31775852383261,13.80299809630108,0.00039814901135669324,0.00039814901135669324,0.0003963768961241373,5.218444177220968,0.08904506882230587,0,0.0,0,28.31775852383261,,,,,,,,,,,
1881,5/24/1972,14.352,13.504,5.000,3.714,3.714,9.79,0.0,0,9.789603623103876,0.08904506882230587,38.10775853172119,0.0,0.08904506882230587,8.961652908512068,29.14610562320912,14.565182526557214,0.0003963768961241347,0.0003963768961241347,0.00039638478470824674,5.564253892109644,0.08904506093372176,0,0.0,0,29.14610562320912,,,,,,,,,,,
1882,5/25/1972,3.560,1.457,5.000,3.714,1.457,0.0,2.2569999999999997,0.0,0.0,0.08904506093372176,29.14610562320912,0.08904506093372176,0.0,5.73235839899828,23.41374722421084,9.75878040347755,0.0,0.0,0.0,3.4560758406705587,0.0,0,0.0,0,23.41374722421084,,,,,,,,,,,
1883,5/26/1972,2.644,0.808,5.000,3.714,0.808,0.0,2.9059999999999997,0.0,0.0,0.0,23.41374722421084,0.0,0.0,3.9793974790233486,19.434349745187493,7.01862533514361,0.0,0.0,0.0,2.3422692956561666,0.0,0,0.0,0,19.434349745187493,,,,,,,,,,,
1884,5/27/1972,1.840,1.242,5.000,3.714,1.242,0.0,2.472,0.0,0.0,0.0,19.434349745187493,0.0,0.0,2.9173092454623033,16.51704049972519,5.2942410027949345,0.0,0.0,0.0,1.6824020177157784,0.0,0,0.0,0,16.51704049972519,,,,,,,,,,,
1885,5/28/1972,1.503,0.817,5.000,3.714,0.817,0.0,2.8970000000000002,0.0,0.0,0.0,16.51704049972519,0.0,0.0,2.2246046170978726,14.292435882627318,4.134379597532605,0.0,0.0,0.0,1.2602406516974596,0.0,0,0.0,0,14.292435882627318,,,,,,,,,,,
1886,5/29/1972,1.345,3.094,5.000,3.714,3.094,0.0,0.6200000000000001,0.0,0.0,0.0,14.292435882627318,0.0,0.0,1.748005785719158,12.54443009690816,3.315450742181095,0.0,0.0,0.0,0.9746609223864222,0.0,0,0.0,0,12.54443009690816,,,,,,,,,,,
1887,5/30/1972,1.503,6.901,5.000,3.714,3.714,3.187,0.0,0,3.09755855428157,0.0,15.64198865118973,0.0,0.0,2.0316663562430324,13.610322294946696,3.805175876573655,0.08944144571843,0.08944144571843,0.0,1.1440907452448157,0.08944144571843,0,0.0,0,13.610322294946696,,,,,,,,,,,
1888,5/31/1972,2.019,10.974,5.000,3.714,3.714,7.26,0.0,0,7.26,0.08944144571843,20.8707204442061,0.0,0.08944144571843,3.2854498797623,17.5852705644438,5.8985621198100535,0.0,0.0,0.00039814925940304455,1.9095818391461217,0.08904329645902696,0,0.0,0,17.5852705644438,,,,,,,,,,,
1889,6/1/1972,21.635,46.249,6.000,3.269,3.269,42.980000000000004,0.0,0,42.9796018507406,0.08904329645902696,60.565268792079415,0.0,0.08904329645902696,19.397176904127065,41.16809188795235,28.834592036733376,0.0003981492594030382,0.0003981492594030382,0.0003963768950199571,12.671369352773388,0.08904506882341005,0,0.0,0,41.16809188795235,,,,,,,,,,,
1890,6/2/1972,48.651,17.987,6.000,3.269,3.269,14.717999999999998,0.0,0,14.717603623104978,0.08904506882341005,55.88609189584204,0.0,0.08904506882341005,16.964406842200507,38.92168505364154,25.63529859416853,0.00039637689501995115,0.00039637689501995115,0.000396384784713162,10.984849904262363,0.08904506093371685,0,0.0,0,38.92168505364154,,,,,,,,,,,
1891,6/3/1972,22.107,5.229,6.000,3.269,3.269,1.96,0.0,0,1.9596036152152867,0.08904506093371685,40.88168505360642,0.0,0.08904506093371685,10.075047256700055,30.806637796906365,16.167304564610067,0.0003963847847131611,0.0003963847847131611,0.0003963847495921342,6.30394555402419,0.08904506096883787,0,0.0,0,30.806637796906365,,,,,,,,,,,
1892,6/4/1972,9.300,8.498,6.000,3.269,3.269,5.228999999999999,0.0,0,5.228603615250407,0.08904506096883787,36.03563779690652,0.0,0.08904506096883787,8.164309625978952,27.87132817092757,13.402121018969314,0.0003963847495921373,0.0003963847495921373,0.00039638474974847566,5.038200311211914,0.08904506096868153,0,0.0,0,27.87132817092757,,,,,,,,,,,
1893,6/5/1972,7.998,8.540,6.000,3.269,3.269,5.270999999999999,0.0,0,5.27060361525025,0.08904506096868153,33.14232817092757,0.0,0.08904506096868153,7.10129357315706,26.041034597770512,11.828783315360472,0.0003963847497484729,0.0003963847497484729,0.0003963847497477797,4.342172859937811,0.08904506096868223,0,0.0,0,26.041034597770512,,,,,,,,,,,
1894,6/6/1972,6.196,3.843,6.000,3.269,3.269,0.5739999999999998,0.0,0,0.5736036163090624,0.08904506096868223,26.61503459882932,0.0,0.08904506096868223,4.9269426074087175,21.688091991420606,8.51388361157207,0.0003963836909373651,0.0003963836909373651,0.0003963847497477828,2.941038225161562,0.08904505990987181,0,0.0,0,21.688091991420606,,,,,,,,,,,
1895,6/7/1972,7.074,6.569,6.000,3.269,3.269,3.3,0.0,0,3.2996036141914415,0.08904505990987181,24.98809199035708,0.0,0.08904505990987181,4.435278939828902,20.55281305052818,7.7425217482448865,0.0003963858085581893,0.0003963858085581893,0.0003963847450344804,2.629298429526354,0.08904506097339553,0,0.0,0,20.55281305052818,,,,,,,,,,,
1896,6/8/1972,4.968,6.487,6.000,3.269,3.269,3.218,0.0,0,3.2176036152549656,0.08904506097339553,23.770813050532915,0.0,0.08904506097339553,4.0810555438624725,19.689757506670443,7.180816321159963,0.00039638474503447704,0.00039638474503447704,0.0003963847497687641,2.406095531381128,0.08904506096866124,0,0.0,0,19.689757506670443,,,,,,,,,,,
1897,6/9/1972,5.365,4.807,6.000,3.269,3.269,1.5380000000000003,0.0,0,1.5376036152502315,0.08904506096866124,21.22775750667042,0.0,0.08904506096866124,3.3796571176665626,17.84810038900386,6.0520176371489045,0.00039638474976875994,0.00039638474976875994,0.0003963847497476894,1.967994838102953,0.08904506096868231,0,0.0,0,17.84810038900386,,,,,,,,,,,
1898,6/10/1972,3.170,6.635,6.000,3.269,3.269,3.3659999999999997,0.0,0,3.3656036152502518,0.08904506096868231,21.21410038900386,0.0,0.08904506096868231,3.376033993885735,17.838066395118126,6.046124457439909,0.0003963847497476899,0.0003963847497476899,0.0003963847497477832,1.9657463268894806,0.08904506096868223,0,0.0,0,17.838066395118126,,,,,,,,,,,
1899,6/11/1972,14.854,21.131,6.000,3.269,3.269,17.862000000000002,0.0,0,17.861603615250253,0.08904506096868223,35.70006639511813,0.0,0.08904506096868223,8.037990426463082,27.662075968655046,13.21656948307229,0.0003963847497477797,0.0003963847497477797,0.0003963847497477828,4.955161901648323,0.08904506096868223,0,0.0,0,27.662075968655046,,,,,,,,,,,
1900,6/12/1972,31.047,16.419,6.000,3.269,3.269,13.15,0.0,0,13.149603615250253,0.08904506096868223,40.81207596865505,0.0,0.08904506096868223,10.046472248019315,30.76560372063574,16.126486677026428,0.0003963847497477797,0.0003963847497477797,0.0003963847497477828,6.284891514330652,0.08904506096868223,0,0.0,0,30.76560372063574,,,,,,,,,,,
1901,6/13/1972,27.952,14.853,6.000,3.269,3.269,11.584,0.0,0,11.583603615250253,0.08904506096868223,42.34960372063574,0.0,0.08904506096868223,10.685168200742558,31.664435519893182,17.035255499978,0.0003963847497477797,0.0003963847497477797,0.0003963847497477828,6.711612759589474,0.08904506096868223,0,0.0,0,31.664435519893182,,,,,,,,,,,
1902,6/14/1972,16.930,2.266,6.000,3.269,2.266,0.0,1.0030000000000001,0.0,0.0,0.08904506096868223,31.66445151783049,0.0854512362724826,0.003593824696199621,6.581411732443101,25.08303978538739,11.04889850712254,0.0,0.0,1.5997937306612753e-05,4.004202909142408,0.0035778267588930084,0,0.0,0,25.08303978538739,,,,,,,,,,,
1903,6/15/1972,5.705,0.249,6.000,3.269,0.249,0.0,3.02,0.0,0.0,0.0035778267588930084,25.08303978538739,0.0035778267588930084,0.0,4.463402543034756,20.61963724235263,7.7868972020186105,0.0,0.0,0.0,2.647071244286655,0.0,0,0.0,0,20.61963724235263,,,,,,,,,,,
1904,6/16/1972,3.909,1.475,6.000,3.269,1.475,0.0,1.794,0.0,0.0,0.0,20.61963724235263,0.0,0.0,3.219838920738089,17.399798321614544,5.791409353226942,0.0,0.0,0.0,1.8689647793147628,0.0,0,0.0,0,17.399798321614544,,,,,,,,,,,
1905,6/17/1972,3.008,0.022,6.000,3.269,0.022,0.0,3.2470000000000003,0.0,0.0,0.0,17.399798321614544,0.0,0.0,2.426271902670323,14.973526418944221,4.475431033327443,0.0,0.0,0.0,1.382356046286097,0.0,0,0.0,0,14.973526418944221,,,,,,,,,,,
1906,6/18/1972,2.445,0.293,6.000,3.269,0.293,0.0,2.976,0.0,0.0,0.0,14.973526418944221,0.0,0.0,1.8890317906782301,13.084494628265992,3.5598224188800938,0.0,0.0,0.0,1.0586860560869293,0.0,0,0.0,0,13.084494628265992,,,,,,,,,,,
1907,6/19/1972,2.347,2.145,6.000,3.269,2.145,0.0,1.124,0.0,0.0,0.0,13.084494628265992,0.0,0.0,1.5087850314763118,11.575709596789679,2.896477794994484,0.0,0.0,0.0,0.8331676271764888,0.0,0,0.0,0,11.575709596789679,,,,,,,,,,,
1908,6/20/1972,2.157,0.236,6.000,3.269,0.236,0.0,3.0330000000000004,0.0,0.0,0.0,11.575709596789679,0.0,0.0,1.2301134007713468,10.345596196018333,2.4003676599762818,0.0,0.0,0.0,0.6702160763033358,0.0,0,0.0,0,10.345596196018333,,,,,,,,,,,
1909,6/21/1972,1.884,1.487,6.000,3.269,1.487,0.0,1.782,0.0,0.0,0.0,10.345596196018333,0.0,0.0,1.0200582753468281,9.325537920671504,2.019655563526426,0.0,0.0,0.0,0.548963882091858,0.0,0,0.0,0,9.325537920671504,,,,,,,,,,,
1910,6/22/1972,1.884,2.049,6.000,3.269,2.049,0.0,1.2200000000000002,0.0,0.0,0.0,9.325537920671504,0.0,0.0,0.8580032483382374,8.467534672333267,1.7212039699860087,0.0,0.0,0.0,0.4565241275653774,0.0,0,0.0,0,8.467534672333267,,,,,,,,,,,
1911,6/23/1972,2.299,7.484,6.000,3.269,3.269,4.215,0.0,0,4.12555855428157,0.0,12.593093226614837,0.0,0.0,1.4155323820570218,11.177560844557815,2.731495440393171,0.08944144571843,0.08944144571843,0.0,0.7783979070458814,0.08944144571843,0,0.0,0,11.177560844557815,,,,,,,,,,,
1912,6/24/1972,2.445,3.040,6.000,3.269,3.04,0.0,0.2290000000000001,0.0,0.0,0.08944144571843,11.177871776207056,0.019592825958882804,0.0698486197595472,1.1604621602485308,10.017409615958524,2.2748308848822747,0.0,0.0,0.0003109316492394097,0.6298468935541909,0.06953768811030779,0,0.0,0,10.017409615958524,,,,,,,,,,,
1913,6/25/1972,2.251,1.704,6.000,3.269,1.704,0.0,1.5650000000000002,0.0,0.0,0.06953768811030779,10.017409615958524,0.06953768811030779,0.0,0.9666995113808559,9.050710104577668,1.9218794558995247,0.0,0.0,0.0,0.5184118664294932,0.0,0,0.0,0,9.050710104577668,,,,,,,,,,,
1914,6/26/1972,2.850,7.415,6.000,3.269,3.269,4.146,0.0,0,4.05655855428157,0.0,13.107268658859237,0.0,0.0,1.5131643941214086,11.594104264737828,2.904201782791975,0.08944144571843,0.08944144571843,0.0,0.8357453324446147,0.08944144571843,0,0.0,0,11.594104264737828,,,,,,,,,,,
1915,6/27/1972,2.494,2.197,6.000,3.269,2.197,0.0,1.072,0.0,0.0,0.08944144571843,11.594104264737828,0.08944144571843,0.0,1.2333730297465517,10.360731234991276,2.406226594612393,0.0,0.0,0.0,0.6721090805394689,0.0,0,0.0,0,10.360731234991276,,,,,,,,,,,
1916,6/28/1972,2.902,2.438,6.000,3.269,2.438,0.0,0.831,0.0,0.0,0.0,10.360731234991276,0.0,0.0,1.0225466367162201,9.338184598275056,2.024204109818329,0.0,0.0,0.0,0.5503912731184482,0.0,0,0.0,0,9.338184598275056,,,,,,,,,,,
1917,6/29/1972,3.850,10.080,6.000,3.269,3.269,6.811,0.0,0,6.72155855428157,0.0,16.059743152556628,0.0,0.0,2.12290276886433,13.936840383692298,3.961219968033943,0.08944144571843,0.08944144571843,0.0,1.1989291215300795,0.08944144571843,0,0.0,0,13.936840383692298,,,,,,,,,,,
1918,6/30/1972,2.798,3.756,6.000,3.269,3.269,0.48699999999999966,0.0,0,0.48699999999999966,0.08944144571843,14.424238532951701,0.0,0.08944144571843,1.7749546891378518,12.64928384381385,3.362291325241592,0.0,0.0,0.00039814925940304455,0.9906840340735473,0.08904329645902696,0,0.0,0,12.64928384381385,,,,,,,,,,,
1919,7/1/1972,2.594,3.762,7.000,3.463,3.463,0.29899999999999993,0.0,0,0.298602348874662,0.08904329645902696,12.948282569583531,0.0,0.08904329645902696,1.4826980809358716,11.465584488647659,2.850423683337321,0.000397651125337889,0.000397651125337889,0.0003963768950199571,0.8178230201226507,0.0890445706893449,0,0.0,0,11.465584488647659,,,,,,,,,,,
1920,7/2/1972,2.299,8.363,7.000,3.463,3.463,4.8999999999999995,0.0,0,4.899603124970914,0.0890445706893449,16.36558399618584,0.0,0.0890445706893449,2.190710335640005,14.174873660545835,4.076760200123463,0.0003968750290850953,0.0003968750290850953,0.00039638256726567413,1.239786372362915,0.08904506315116432,0,0.0,0,14.174873660545835,,,,,,,,,,,
1921,7/3/1972,1.929,0.859,7.000,3.463,0.859,0.0,2.604,0.0,0.0,0.08904506315116432,14.174873660545835,0.08904506315116432,0.0,1.72410789018111,12.450765770364725,3.2738549556105707,0.0,0.0,0.0,0.9604654445230937,0.0,0,0.0,0,12.450765770364725,,,,,,,,,,,
1922,7/4/1972,1.711,1.462,7.000,3.463,1.462,0.0,2.0010000000000003,0.0,0.0,0.0,12.450765770364725,0.0,0.0,1.3889689900157243,11.061796780349,2.6843163190924484,0.0,0.0,0.0,0.7628392724121584,0.0,0,0.0,0,11.061796780349,,,,,,,,,,,
1923,7/5/1972,1.753,5.304,7.000,3.463,3.463,1.8410000000000002,0.0,0,1.7515585542815701,0.0,12.813355334630572,0.0,0.0,1.4570369363077718,11.3563183983228,2.8050470337956837,0.08944144571843,0.08944144571843,0.0,0.802746197677902,0.08944144571843,0,0.0,0,11.3563183983228,,,,,,,,,,,
1924,7/6/1972,8.558,19.600,7.000,3.463,3.463,16.137,0.0,0,16.137,0.08944144571843,27.493716547582203,0.0,0.08944144571843,5.2010160785967745,22.29270046898543,8.93999281750317,0.0,0.0,0.00039814925940304455,3.115719670573714,0.08904329645902696,0,0.0,0,22.29270046898543,,,,,,,,,,,
1925,7/7/1972,44.085,25.565,7.000,3.463,3.463,22.102,0.0,0,22.101601850740597,0.08904329645902696,44.39469869662104,0.0,0.08904329645902696,11.558929980510264,32.83576871611078,18.2668801784522,0.0003981492594030382,0.0003981492594030382,0.0003963768950199571,7.298092147695024,0.08904506882341005,0,0.0,0,32.83576871611078,,,,,,,,,,,
1926,7/8/1972,33.502,2.016,7.000,3.463,2.016,0.0,1.447,0.0,0.0,0.08904506882341005,32.83576871611078,0.08904506882341005,0.0,6.992155716243866,25.843612999866913,11.665660384274736,0.0,0.0,0.0,4.271084212817415,0.0,0,0.0,0,25.843612999866913,,,,,,,,,,,
1927,7/9/1972,9.384,0.951,7.000,3.463,0.951,0.0,2.512,0.0,0.0,0.0,25.843612999866913,0.0,0.0,4.691241888644087,21.152371111222827,8.145249537922288,0.0,0.0,0.0,2.7913231805858163,0.0,0,0.0,0,21.152371111222827,,,,,,,,,,,
1928,7/10/1972,4.149,0.164,7.000,3.463,0.164,0.0,3.299,0.0,0.0,0.0,21.152371111222827,0.0,0.0,3.3596771105572216,17.792694000665605,6.019510740978919,0.0,0.0,0.0,1.9555972211815027,0.0,0,0.0,0,17.792694000665605,,,,,,,,,,,
1929,7/11/1972,3.391,2.554,7.000,3.463,2.554,0.0,0.9090000000000003,0.0,0.0,0.0,17.792694000665605,0.0,0.0,2.5182680827788393,15.274425917886767,4.630043308931694,0.0,0.0,0.0,1.4382881680071633,0.0,0,0.0,0,15.274425917886767,,,,,,,,,,,
1930,7/12/1972,3.733,7.300,7.000,3.463,3.463,3.8369999999999997,0.0,0,3.7475585542815697,0.0,19.021984472168334,0.0,0.0,2.814873070165976,16.207111402002358,5.124692510346682,0.08944144571843,0.08944144571843,0.0,1.6195138453659248,0.08944144571843,0,0.0,0,16.207111402002358,,,,,,,,,,,
1931,7/13/1972,2.850,1.448,7.000,3.463,1.448,0.0,2.015,0.0,0.0,0.08944144571843,16.207111402002358,0.08944144571843,0.0,2.15546912797156,14.051642274030797,4.0167564236996585,0.0,0.0,0.0,1.21854133471369,0.0,0,0.0,0,14.051642274030797,,,,,,,,,,,
1932,7/14/1972,3.116,3.484,7.000,3.463,3.463,0.020999999999999908,0.0,0,0.00037756267366865354,0.0,14.052019836704465,0.0,0.0,1.699275131915902,12.352744704788563,3.230573190849163,0.020622437326331254,0.020622437326331254,0.0,0.9457283664706435,0.020622437326331254,0,0.0,0,12.352744704788563,,,,,,,,,,,
1933,7/15/1972,3.618,6.151,7.000,3.463,3.463,2.6879999999999997,0.0,0,2.6191809916079007,0.020622437326331254,14.972017497329272,0.0,0.020622437326331254,1.888714530170967,13.083302967158305,3.559274704924571,0.06881900839209876,0.06881900839209876,9.180093280706664e-05,1.0584965524993182,0.08934964478562295,0,0.0,0,13.083302967158305,,,,,,,,,,,
1934,7/16/1972,3.225,0.986,7.000,3.463,0.986,0.0,2.4770000000000003,0.0,0.0,0.08934964478562295,13.083302967158305,0.08934964478562295,0.0,1.508556019210255,11.57474694794805,2.896073822505757,0.0,0.0,0.0,0.8330328434402394,0.0,0,0.0,0,11.57474694794805,,,,,,,,,,,
1935,7/17/1972,2.494,0.371,7.000,3.463,0.371,0.0,3.092,0.0,0.0,0.0,11.57474694794805,0.0,0.0,1.229942909507607,10.344804038440444,2.400061176016277,0.0,0.0,0.0,0.6701170739002654,0.0,0,0.0,0,10.344804038440444,,,,,,,,,,,
1936,7/18/1972,1.884,1.858,7.000,3.463,1.858,0.0,1.605,0.0,0.0,0.0,10.344804038440444,0.0,0.0,1.0199281030085285,9.324875935431916,2.019417590804038,0.0,0.0,0.0,0.5488892180378864,0.0,0,0.0,0,9.324875935431916,,,,,,,,,,,
1937,7/19/1972,1.668,1.381,7.000,3.463,1.381,0.0,2.082,0.0,0.0,0.0,9.324875935431916,0.0,0.0,0.8579017399764619,8.466974195455453,1.7210155735354966,0.0,0.0,0.0,0.45646656358359833,0.0,0,0.0,0,8.466974195455453,,,,,,,,,,,
1938,7/20/1972,1.585,4.167,7.000,3.463,3.463,0.7039999999999997,0.0,0,0.6145585803336882,0.0,9.08153277578914,0.0,0.0,0.8209140760654492,8.260618699723691,1.6522379350927214,0.08944141966631158,0.08944141966631158,0.0,0.4355216152904583,0.08944141966631158,0,0.0,0,8.260618699723691,,,,,,,,,,,
1939,7/21/1972,2.065,4.143,7.000,3.463,3.463,0.6799999999999997,0.0,0,0.6799999739478878,0.08944141966631158,8.941016822815012,0.0,0.08944141966631158,0.7998538349583767,8.141162987856635,1.6129588623641407,2.6052111931873504e-08,2.6052111931873504e-08,0.00039814914343184603,0.4236234071898353,0.08904329657499166,0,0.0,0,8.141162987856635,,,,,,,,,,,
1940,7/22/1972,2.157,2.391,7.000,3.463,2.391,0.0,1.072,0.0,0.0,0.08904329657499166,8.141162987856635,0.08904329657499166,0.0,0.6841896925835531,7.456973295273082,1.3955990291047111,0.0,0.0,0.0,0.3586594934166461,0.0,0,0.0,0,7.456973295273082,,,,,,,,,,,
1941,7/23/1972,1.668,0.993,7.000,3.463,0.993,0.0,2.47,0.0,0.0,0.0,7.456973295273082,0.0,0.0,0.5910670610572795,6.865906234215803,1.2183756224950597,0.0,0.0,0.0,0.3068750755517041,0.0,0,0.0,0,6.865906234215803,,,,,,,,,,,
1942,7/24/1972,1.384,0.529,7.000,3.463,0.529,0.0,2.934,0.0,0.0,0.0,6.865906234215803,0.0,0.0,0.5150652198413687,6.350841014374434,1.0720478472357537,0.0,0.0,0.0,0.26500489309337355,0.0,0,0.0,0,6.350841014374434,,,,,,,,,,,
1943,7/25/1972,1.345,0.023,7.000,3.463,0.023,0.0,3.44,0.0,0.0,0.0,6.350841014374434,0.0,0.0,0.452290895971755,5.898550118402679,0.9498859431590342,0.0,0.0,0.0,0.2307254220685732,0.0,0,0.0,0,5.898550118402679,,,,,,,,,,,
1944,7/26/1972,1.269,0.768,7.000,3.463,0.768,0.0,2.6950000000000003,0.0,0.0,0.0,5.898550118402679,0.0,0.0,0.3998906357778309,5.4986594826248485,0.8468939972688151,0.0,0.0,0.0,0.20234852958918398,0.0,0,0.0,0,5.4986594826248485,,,,,,,,,,,
1945,7/27/1972,1.157,0.233,7.000,3.463,0.233,0.0,3.23,0.0,0.0,0.0,5.4986594826248485,0.0,0.0,0.3557354568438908,5.142924025780958,0.7593000609092384,0.0,0.0,0.0,0.178625058441139,0.0,0,0.0,0,5.142924025780958,,,,,,,,,,,
1946,7/28/1972,1.086,0.130,7.000,3.463,0.13,0.0,3.333,0.0,0.0,0.0,5.142924025780958,0.0,0.0,0.3182115647609742,4.824712461019984,0.6842132302164337,0.0,0.0,0.0,0.15861553147348115,0.0,0,0.0,0,4.824712461019984,,,,,,,,,,,
1947,7/29/1972,1.086,0.222,7.000,3.463,0.222,0.0,3.241,0.0,0.0,0.0,4.824712461019984,0.0,0.0,0.28607824807336374,4.53863421294662,0.6193879031434001,0.0,0.0,0.0,0.14160303472989288,0.0,0,0.0,0,4.53863421294662,,,,,,,,,,,
1948,7/30/1972,1.015,2.620,7.000,3.463,2.62,0.0,0.843,0.0,0.0,0.0,4.53863421294662,0.0,0.0,0.25836940332237557,4.280264809624245,0.5630585188215845,0.0,0.0,0.0,0.12703329033281735,0.0,0,0.0,0,4.280264809624245,,,,,,,,,,,
1949,7/31/1972,1.585,2.861,7.000,3.463,2.861,0.0,0.6019999999999999,0.0,0.0,0.0,4.280264809624245,0.0,0.0,0.23432403773725322,4.0459407718869915,0.5138216586615445,0.0,0.0,0.0,0.11447265966079762,0.0,0,0.0,0,4.0459407718869915,,,,,,,,,,,
1950,8/1/1972,1.423,1.080,8.000,3.792,1.08,0.0,2.7119999999999997,0.0,0.0,0.0,4.0459407718869915,0.0,0.0,0.21333640844929533,3.8326043634376963,0.4705505953635352,0.0,0.0,0.0,0.10357821441768757,0.0,0,0.0,0,3.8326043634376963,,,,,,,,,,,
1951,8/2/1972,1.157,0.980,8.000,3.792,0.98,0.0,2.812,0.0,0.0,0.0,3.8326043634376963,0.0,0.0,0.19491971188218693,3.6376846515555092,0.4323324646646995,0.0,0.0,0.0,0.09407608101573126,0.0,0,0.0,0,3.6376846515555092,,,,,,,,,,,
1952,8/3/1972,1.086,1.092,8.000,3.792,1.092,0.0,2.6999999999999997,0.0,0.0,0.0,3.6376846515555092,0.0,0.0,0.17867927872076184,3.4590053728347474,0.39842146236535947,0.0,0.0,0.0,0.0857455525634942,0.0,0,0.0,0,3.4590053728347474,,,,,,,,,,,
1953,8/4/1972,1.015,0.153,8.000,3.792,0.153,0.0,3.639,0.0,0.0,0.0,3.4590053728347474,0.0,0.0,0.16429253808667374,3.294712834748074,0.3682035590305387,0.0,0.0,0.0,0.07840728350745024,0.0,0,0.0,0,3.294712834748074,,,,,,,,,,,
1954,8/5/1972,0.914,0.515,8.000,3.792,0.515,0.0,3.2769999999999997,0.0,0.0,0.0,3.294712834748074,0.0,0.0,0.15149386909124393,3.14321896565683,0.3411696034379023,0.0,0.0,0.0,0.0719144149352163,0.0,0,0.0,0,3.14321896565683,,,,,,,,,,,
1955,8/6/1972,1.194,3.155,8.000,3.792,3.155,0.0,0.637,0.0,0.0,0.0,3.14321896565683,0.0,0.0,0.1400630260485007,3.0031559396083294,0.31689461104623734,0.0,0.0,0.0,0.06614583085313115,0.0,0,0.0,0,3.0031559396083294,,,,,,,,,,,
1956,8/7/1972,1.157,5.323,8.000,3.792,3.792,1.5310000000000006,0.0,0,1.4415585542815708,0.0,4.4447144938899,0.0,0.0,0.2495201139698637,4.195194379920037,0.5449782111946867,0.08944144571842977,0.08944144571842977,0.0,0.12240131986634595,0.08944144571842977,0,0.0,0,4.195194379920037,,,,,,,,,,,
1957,8/8/1972,1.086,0.902,8.000,3.792,0.902,0.0,2.8899999999999997,0.0,0.0,0.08944144571842977,4.195194379920037,0.08944144571842977,0.0,0.22661357644685995,3.9685808034731767,0.4979580516593465,0.0,0.0,0.0,0.11046246115307758,0.0,0,0.0,0,3.9685808034731767,,,,,,,,,,,
1958,8/9/1972,0.947,0.161,8.000,3.792,0.161,0.0,3.631,0.0,0.0,0.0,3.9685808034731767,0.0,0.0,0.20658137168234633,3.7619994317908305,0.45656060458852893,0.0,0.0,0.0,0.10008641041914522,0.0,0,0.0,0,3.7619994317908305,,,,,,,,,,,
1959,8/10/1972,0.849,0.724,8.000,3.792,0.724,0.0,3.0679999999999996,0.0,0.0,0.0,3.7619994317908305,0.0,0.0,0.18897179453114918,3.573027637259681,0.41993648810170897,0.0,0.0,0.0,0.09101958493632285,0.0,0,0.0,0,3.573027637259681,,,,,,,,,,,
1960,8/11/1972,0.881,1.401,8.000,3.792,1.401,0.0,2.391,0.0,0.0,0.0,3.573027637259681,0.0,0.0,0.17341755959429409,3.399610077665387,0.38738982874177824,0.0,0.0,0.0,0.08305701514303873,0.0,0,0.0,0,3.399610077665387,,,,,,,,,,,
1961,8/12/1972,0.881,1.636,8.000,3.792,1.636,0.0,2.1559999999999997,0.0,0.0,0.0,3.399610077665387,0.0,0.0,0.1596176666546641,3.2399924110107228,0.3583462311619341,0.0,0.0,0.0,0.07603168130492614,0.0,0,0.0,0,3.2399924110107228,,,,,,,,,,,
1962,8/13/1972,0.849,0.566,8.000,3.792,0.566,0.0,3.226,0.0,0.0,0.0,3.2399924110107228,0.0,0.0,0.1473236373481946,3.092668773662528,0.33232827297205386,0.0,0.0,0.0,0.06980646613119597,0.0,0,0.0,0,3.092668773662528,,,,,,,,,,,
1963,8/14/1972,0.817,0.427,8.000,3.792,0.427,0.0,3.3649999999999998,0.0,0.0,0.0,3.092668773662528,0.0,0.0,0.13632896160880162,2.9563398120537263,0.3089365705512115,0.0,0.0,0.0,0.06426801771004263,0.0,0,0.0,0,2.9563398120537263,,,,,,,,,,,
1964,8/15/1972,0.817,0.300,8.000,3.792,0.3,0.0,3.492,0.0,0.0,0.0,2.9563398120537263,0.0,0.0,0.12646092799048694,2.8298788840632394,0.2878350146898507,0.0,0.0,0.0,0.05932202368836415,0.0,0,0.0,0,2.8298788840632394,,,,,,,,,,,
1965,8/16/1972,0.785,2.246,8.000,3.792,2.246,0.0,1.5459999999999998,0.0,0.0,0.0,2.8298788840632394,0.0,0.0,0.11757424324584469,2.7123046408173948,0.26873915929475534,0.0,0.0,0.0,0.0548895392407912,0.0,0,0.0,0,2.7123046408173948,,,,,,,,,,,
1966,8/17/1972,0.785,0.518,8.000,3.792,0.518,0.0,3.274,0.0,0.0,0.0,2.7123046408173948,0.0,0.0,0.10954600809030597,2.6027586327270886,0.251407017027386,0.0,0.0,0.0,0.05090410979564723,0.0,0,0.0,0,2.6027586327270886,,,,,,,,,,,
1967,8/18/1972,0.881,2.892,8.000,3.792,2.892,0.0,0.8999999999999999,0.0,0.0,0.0,2.6027586327270886,0.0,0.0,0.10227173034078377,2.5004869023863048,0.2356317086240578,0.0,0.0,0.0,0.04730949875508597,0.0,0,0.0,0,2.5004869023863048,,,,,,,,,,,
1968,8/19/1972,1.231,10.477,8.000,3.792,3.792,6.6850000000000005,0.0,0,6.5955585542815705,0.0,9.096045456667875,0.0,0.0,0.8231016673322801,8.272943789335596,1.6563129950512532,0.08944144571843,0.08944144571843,0.0,0.4367586791835571,0.08944144571843,0,0.0,0,8.272943789335596,,,,,,,,,,,
1969,8/20/1972,1.974,13.717,8.000,3.792,3.792,9.925,0.0,0,9.925,0.08944144571843,18.198341938595,0.0,0.08944144571843,2.6146816144414484,15.583660324153552,4.791460423723065,0.0,0.0,0.00039814925940304455,1.4970503797482537,0.08904329645902696,0,0.0,0,15.583660324153552,,,,,,,,,,,
1970,8/21/1972,1.544,5.795,8.000,3.792,3.792,2.003,0.0,0,2.002601850740597,0.08904329645902696,17.586658551789167,0.0,0.08904329645902696,2.4698542810378736,15.116804270751294,4.548750449320809,0.0003981492594030382,0.0003981492594030382,0.0003963768950199571,1.4088363175345038,0.08904506882341005,0,0.0,0,15.116804270751294,,,,,,,,,,,
1971,8/22/1972,3.560,11.372,8.000,3.792,3.792,7.58,0.0,0,7.57960362310498,0.08904506882341005,22.69680427864099,0.0,0.08904506882341005,3.7783915896287286,18.91841268901226,6.696565589484756,0.00039637689501995115,0.00039637689501995115,0.000396384784713162,2.2163853939969678,0.08904506093371685,0,0.0,0,18.91841268901226,,,,,,,,,,,
1972,8/23/1972,1.544,1.732,8.000,3.792,1.732,0.0,2.0599999999999996,0.0,0.0,0.08904506093371685,18.91841268901226,0.08904506093371685,0.0,2.7893752073933453,16.129037481618916,5.082390016350436,0.0,0.0,0.0,1.6038832431808057,0.0,0,0.0,0,16.129037481618916,,,,,,,,,,,
1973,8/24/1972,0.849,0.865,8.000,3.792,0.865,0.0,2.9269999999999996,0.0,0.0,0.0,16.129037481618916,0.0,0.0,2.138191161711433,13.990846319907483,3.9873022447761137,0.0,0.0,0.0,1.2081336976321597,0.0,0,0.0,0,13.990846319907483,,,,,,,,,,,
1974,8/25/1972,1.194,7.018,8.000,3.792,3.792,3.226,0.0,0,3.13655855428157,0.0,17.127404874189054,0.0,0.0,2.363297442567801,14.764107431621253,4.369250480803617,0.08944144571843,0.08944144571843,0.0,1.344148711761834,0.08944144571843,0,0.0,0,14.764107431621253,,,,,,,,,,,
1975,8/26/1972,3.503,22.157,8.000,3.792,3.792,18.365000000000002,0.0,0,18.365000000000002,0.08944144571843,33.12950558088066,0.0,0.08944144571843,7.096715076026832,26.03279050485383,11.821946291085975,0.0,0.0,0.00039814925940304455,4.339189131668388,0.08904329645902696,0,0.0,0,26.03279050485383,,,,,,,,,,,
1976,8/27/1972,14.552,31.517,8.000,3.792,3.792,27.725,0.0,0,27.724601850740598,0.08904329645902696,53.757788732489445,0.0,0.08904329645902696,15.90137838067922,37.856410351810226,24.216494968203694,0.0003981492594030382,0.0003981492594030382,0.0003963768950199571,10.252764225952493,0.08904506882341005,0,0.0,0,37.856410351810226,,,,,,,,,,,
1977,8/28/1972,24.527,25.456,8.000,3.792,3.792,21.664,0.0,0,21.663603623104983,0.08904506882341005,59.52041035969992,0.0,0.08904506882341005,18.842664101619857,40.67774625808006,28.110905082275703,0.00039637689501995115,0.00039637689501995115,0.000396384784713162,12.285660019963508,0.08904506093371685,0,0.0,0,40.67774625808006,,,,,,,,,,,
1978,8/29/1972,11.671,9.634,8.000,3.792,3.792,5.8420000000000005,0.0,0,5.841603615215288,0.08904506093371685,46.51974625804495,0.0,0.08904506093371685,12.495721587301732,34.024024670743216,19.573432855358778,0.0003963847847131611,0.0003963847847131611,0.0003963847495921342,7.930124046099262,0.08904506096883787,0,0.0,0,34.024024670743216,,,,,,,,,,,
1979,8/30/1972,5.033,1.433,8.000,3.792,1.433,0.0,2.359,0.0,0.0,0.08904506096883787,34.024024670743216,0.08904506096883787,0.0,7.418941033022571,26.605083637720647,12.301816019322876,0.0,0.0,0.0,4.549483161979326,0.0,0,0.0,0,26.605083637720647,,,,,,,,,,,
1980,8/31/1972,2.494,0.843,8.000,3.792,0.843,0.0,2.949,0.0,0.0,0.0,26.605083637720647,0.0,0.0,4.92387280716788,21.681210830552764,8.509095675760413,0.0,0.0,0.0,2.9390852340226674,0.0,0,0.0,0,21.681210830552764,,,,,,,,,,,
1981,9/1/1972,2.396,0.093,9.000,4.609,0.093,0.0,4.516,0.0,0.0,0.0,21.681210830552764,0.0,0.0,3.5008351899295027,18.18037564062326,6.248731879873873,0.0,0.0,0.0,2.0432883652510214,0.0,0,0.0,0,18.18037564062326,,,,,,,,,,,
1982,9/2/1972,1.884,0.194,9.000,4.609,0.194,0.0,4.415,0.0,0.0,0.0,18.18037564062326,0.0,0.0,2.6103807933004255,15.569994847322835,4.784273118852856,0.0,0.0,0.0,1.4944260321050473,0.0,0,0.0,0,15.569994847322835,,,,,,,,,,,
1983,9/3/1972,1.626,0.296,9.000,4.609,0.296,0.0,4.313,0.0,0.0,0.0,15.569994847322835,0.0,0.0,2.01610536906762,13.553889478255215,3.7784930406322417,0.0,0.0,0.0,1.1347536581418465,0.0,0,0.0,0,13.553889478255215,,,,,,,,,,,
1984,9/4/1972,1.423,0.456,9.000,4.609,0.456,0.0,4.153,0.0,0.0,0.0,13.553889478255215,0.0,0.0,1.6000701059737408,11.953819372281474,3.0570513768496843,0.0,0.0,0.0,0.8869981398748891,0.0,0,0.0,0,11.953819372281474,,,,,,,,,,,
1985,9/5/1972,1.231,0.063,9.000,4.609,0.063,0.0,4.546,0.0,0.0,0.0,11.953819372281474,0.0,0.0,1.2978074414282024,10.656011930853271,2.5217571932898823,0.0,0.0,0.0,0.7095954233180612,0.0,0,0.0,0,10.656011930853271,,,,,,,,,,,
1986,9/6/1972,1.121,0.404,9.000,4.609,0.404,0.0,4.205,0.0,0.0,0.0,10.656011930853271,0.0,0.0,1.0715775544721966,9.584434376381076,2.1136319943917488,0.0,0.0,0.0,0.5785627058295434,0.0,0,0.0,0,9.584434376381076,,,,,,,,,,,
1987,9/7/1972,1.086,5.132,9.000,4.609,4.609,0.5229999999999997,0.0,0,0.4335600456234069,0.0,10.017994422004483,0.0,0.0,0.9667935714126333,9.051200850591849,1.9220522249646144,0.08943995437659277,0.08943995437659277,0.0,0.5184656272442352,0.08943995437659277,0,0.0,0,9.051200850591849,,,,,,,,,,,
1988,9/8/1972,8.156,10.032,9.000,4.609,4.609,5.423,0.0,0,5.4229985086581625,0.08943995437659277,14.474597501870695,0.0,0.08943995437659277,1.785294792465716,12.689302709404979,3.3802454447334567,1.4913418372340238e-06,1.4913418372340238e-06,0.00039814262068378815,0.9968362525059896,0.08904330309774622,0,0.0,0,12.689302709404979,,,,,,,,,,,
1989,9/9/1972,9.637,13.553,9.000,4.609,4.609,8.944,0.0,0,8.943601857379317,0.08904330309774622,21.63330094370887,0.0,0.08904330309774622,3.487951450327064,18.145349493381808,6.227852473199907,0.00039814262068379,0.00039814262068379,0.00039637692457226514,2.0352748478766842,0.08904506879385773,0,0.0,0,18.145349493381808,,,,,,,,,,,
1990,9/10/1972,2.955,1.680,9.000,4.609,1.68,0.0,2.9290000000000003,0.0,0.0,0.08904506879385773,18.145349493381808,0.08904506879385773,0.0,2.602004283908909,15.5433452094729,4.770271236511086,0.0,0.0,0.0,1.4893155292471922,0.0,0,0.0,0,15.5433452094729,,,,,,,,,,,
1991,9/11/1972,1.929,0.744,9.000,4.609,0.744,0.0,3.865,0.0,0.0,0.0,15.5433452094729,0.0,0.0,2.0103573669295645,13.532987842543335,3.7686316567945357,0.0,0.0,0.0,1.1313058713076156,0.0,0,0.0,0,13.532987842543335,,,,,,,,,,,
1992,9/12/1972,1.585,1.265,9.000,4.609,1.265,0.0,3.3440000000000003,0.0,0.0,0.0,13.532987842543335,0.0,0.0,1.5959597375000367,11.937028105043298,3.0498401159648973,0.0,0.0,0.0,0.8845698327548498,0.0,0,0.0,0,11.937028105043298,,,,,,,,,,,
1993,9/13/1972,1.711,7.202,9.000,4.609,4.609,2.593,0.0,0,2.50355855428157,0.0,14.440586659324868,0.0,0.0,1.778308782389893,12.662277876934976,3.3681163363732147,0.08944144571843,0.08944144571843,0.0,0.9926794154074218,0.08944144571843,0,0.0,0,12.662277876934976,,,,,,,,,,,
1994,9/14/1972,2.111,2.603,9.000,4.609,2.603,0.0,2.006,0.0,0.0,0.08944144571843,12.662277876934976,0.08944144571843,0.0,1.4285173235305169,11.233760553404458,2.7545278559877735,0.0,0.0,0.0,0.7860104265848213,0.0,0,0.0,0,11.233760553404458,,,,,,,,,,,
1995,9/15/1972,1.626,0.499,9.000,4.609,0.499,0.0,4.11,0.0,0.0,0.0,11.233760553404458,0.0,0.0,1.1701486858595078,10.063611867544951,2.292329509040188,0.0,0.0,0.0,0.6354517807514993,0.0,0,0.0,0,10.063611867544951,,,,,,,,,,,
1996,9/16/1972,1.194,1.027,9.000,4.609,1.027,0.0,3.582,0.0,0.0,0.0,10.063611867544951,0.0,0.0,0.9741419418624695,9.089469925682481,1.935545130679921,0.0,0.0,0.0,0.5226667124113767,0.0,0,0.0,0,9.089469925682481,,,,,,,,,,,
1997,9/17/1972,1.121,1.366,9.000,4.609,1.366,0.0,3.243,0.0,0.0,0.0,9.089469925682481,0.0,0.0,0.822110206033968,8.267359719648514,1.654466209238885,0.0,0.0,0.0,0.4361979895759537,0.0,0,0.0,0,8.267359719648514,,,,,,,,,,,
1998,9/18/1972,7.454,11.332,9.000,4.609,4.609,6.723000000000001,0.0,0,6.633558554281571,0.0,14.900918273930085,0.0,0.0,1.873789636925886,13.027128637004198,3.533498412862551,0.08944144571843,0.08944144571843,0.0,1.0495841035980231,0.08944144571843,0,0.0,0,13.027128637004198,,,,,,,,,,,
1999,9/19/1972,4.709,10.368,9.000,4.609,4.609,5.759,0.0,0,5.759,0.08944144571843,18.7865267862636,0.0,0.08944144571843,2.757041298595471,16.02948548766813,5.028688117449707,0.0,0.0,0.00039814925940304455,1.5840755611000783,0.08904329645902696,0,0.0,0,16.02948548766813,,,,,,,,,,,
2000,9/20/1972,2.251,0.689,9.000,4.609,0.689,0.0,3.92,0.0,0.0,0.08904329645902696,16.02948548766813,0.08904329645902696,0.0,2.116240797266249,13.91324469040188,3.94984868228084,0.0,0.0,0.0,1.194919557134063,0.0,0,0.0,0,13.91324469040188,,,,,,,,,,,
2001,9/21/1972,1.884,0.888,9.000,4.609,0.888,0.0,3.721,0.0,0.0,0.0,13.91324469040188,0.0,0.0,1.6713977629634296,12.24184692743845,3.1819124907011243,0.0,0.0,0.0,0.9292013403318616,0.0,0,0.0,0,12.24184692743845,,,,,,,,,,,
2002,9/22/1972,1.668,1.395,9.000,4.609,1.395,0.0,3.214,0.0,0.0,0.0,12.24184692743845,0.0,0.0,1.3503427571713553,10.891504170267094,2.615562345571847,0.0,0.0,0.0,0.7402502352285198,0.0,0,0.0,0,10.891504170267094,,,,,,,,,,,
2003,9/23/1972,1.307,1.323,9.000,4.609,1.323,0.0,3.286,0.0,0.0,0.0,10.891504170267094,0.0,0.0,1.1113364231559015,9.780167747111193,2.1858803321314944,0.0,0.0,0.0,0.6014693015584692,0.0,0,0.0,0,9.780167747111193,,,,,,,,,,,
2004,9/24/1972,1.269,0.910,9.000,4.609,0.91,0.0,3.699,0.0,0.0,0.0,9.780167747111193,0.0,0.0,0.9288443655939959,8.851323381517197,1.8522259982393874,0.0,0.0,0.0,0.4968037253136769,0.0,0,0.0,0,8.851323381517197,,,,,,,,,,,
2005,9/25/1972,1.194,1.392,9.000,4.609,1.392,0.0,3.217,0.0,0.0,0.0,8.851323381517197,0.0,0.0,0.7865254705471696,8.064797910970027,1.588054881894774,0.0,0.0,0.0,0.4161040162396104,0.0,0,0.0,0,8.064797910970027,,,,,,,,,,,
2006,9/26/1972,1.463,1.972,9.000,4.609,1.972,0.0,2.637,0.0,0.0,0.0,8.064797910970027,0.0,0.0,0.6735268706181047,7.391271040351922,1.3754128168256041,0.0,0.0,0.0,0.3527052027460773,0.0,0,0.0,0,7.391271040351922,,,,,,,,,,,
2007,9/27/1972,1.929,3.110,9.000,4.609,3.11,0.0,1.499,0.0,0.0,0.0,7.391271040351922,0.0,0.0,0.5824129082181743,6.808858132133748,1.2017942480115453,0.0,0.0,0.0,0.3020886082193323,0.0,0,0.0,0,6.808858132133748,,,,,,,,,,,
2008,9/28/1972,1.626,0.013,9.000,4.609,0.013,0.0,4.596,0.0,0.0,0.0,6.808858132133748,0.0,0.0,0.5079522873697672,6.300905844763981,1.0582678596228807,0.0,0.0,0.0,0.26110620914057026,0.0,0,0.0,0,6.300905844763981,,,,,,,,,,,
2009,9/29/1972,1.307,0.434,9.000,4.609,0.434,0.0,4.175,0.0,0.0,0.0,6.300905844763981,0.0,0.0,0.446379349084126,5.854526495679854,0.9383154650647076,0.0,0.0,0.0,0.22751274495654067,0.0,0,0.0,0,5.854526495679854,,,,,,,,,,,
2010,9/30/1972,1.086,0.335,9.000,4.609,0.335,0.0,4.274,0.0,0.0,0.0,5.854526495679854,0.0,0.0,0.39492873821293006,5.459597757466924,0.8370891991430073,0.0,0.0,0.0,0.1996736484381116,0.0,0,0.0,0,5.459597757466924,,,,,,,,,,,
2011,10/1/1972,0.914,0.134,10.000,5.054,0.134,0.0,4.92,0.0,0.0,0.0,5.459597757466924,0.0,0.0,0.3515336114021808,5.108064146064743,0.7509228526406658,0.0,0.0,0.0,0.1763772371992599,0.0,0,0.0,0,5.108064146064743,,,,,,,,,,,
2012,10/2/1972,0.914,0.544,10.000,5.054,0.544,0.0,4.51,0.0,0.0,0.0,5.108064146064743,0.0,0.0,0.31462484551047243,4.793439300554271,0.677002428098708,0.0,0.0,0.0,0.1567107665670163,0.0,0,0.0,0,4.793439300554271,,,,,,,,,,,
2013,10/3/1972,0.881,0.568,10.000,5.054,0.568,0.0,4.486000000000001,0.0,0.0,0.0,4.793439300554271,0.0,0.0,0.28299439354011685,4.510444907014154,0.6131391746325718,0.0,0.0,0.0,0.13997672623547835,0.0,0,0.0,0,4.510444907014154,,,,,,,,,,,
2014,10/4/1972,0.849,0.127,10.000,5.054,0.127,0.0,4.9270000000000005,0.0,0.0,0.0,4.510444907014154,0.0,0.0,0.25570040471186534,4.254744502302289,0.5576101754241561,0.0,0.0,0.0,0.12563514407624748,0.0,0,0.0,0,4.254744502302289,,,,,,,,,,,
2015,10/5/1972,0.881,2.043,10.000,5.054,2.043,0.0,3.011,0.0,0.0,0.0,4.254744502302289,0.0,0.0,0.23200014388952558,4.022744358412764,0.5090444245562781,0.0,0.0,0.0,0.11326307869042412,0.0,0,0.0,0,4.022744358412764,,,,,,,,,,,
2016,10/6/1972,1.345,5.516,10.000,5.054,5.054,0.46199999999999974,0.0,0,0.37256438810663817,0.0,4.395308746519402,0.0,0.0,0.24491464593204185,4.15039410058736,0.5355503915839127,0.08943561189336159,0.08943561189336159,0.0,0.11999493618699755,0.08943561189336159,0,0.0,0,4.15039410058736,,,,,,,,,,,
2017,10/7/1972,1.307,0.961,10.000,5.054,0.961,0.0,4.093,0.0,0.0,0.08943561189336159,4.15039410058736,0.08943561189336159,0.0,0.22259462493848806,3.927799475648872,0.4896742388142122,0.0,0.0,0.0,0.10837574891193122,0.0,0,0.0,0,3.927799475648872,,,,,,,,,,,
2018,10/8/1972,0.947,0.185,10.000,5.054,0.185,0.0,4.869000000000001,0.0,0.0,0.0,3.927799475648872,0.0,0.0,0.2030554377768261,3.724744037872046,0.44924551411913183,0.0,0.0,0.0,0.09826675661827253,0.0,0,0.0,0,3.724744037872046,,,,,,,,,,,
2019,10/9/1972,0.817,0.000,10.000,5.054,0.0,0.0,5.054,0.0,0.0,0.0,3.724744037872046,0.0,0.0,0.18586309610302304,3.538880941769023,0.41344695203462023,0.0,0.0,0.0,0.08942460207001925,0.0,0,0.0,0,3.538880941769023,,,,,,,,,,,
2020,10/10/1972,0.817,0.111,10.000,5.054,0.111,0.0,4.9430000000000005,0.0,0.0,0.0,3.538880941769023,0.0,0.0,0.17066417453439311,3.36821676723463,0.3816080048975073,0.0,0.0,0.0,0.0816522683584029,0.0,0,0.0,0,3.36821676723463,,,,,,,,,,,
2021,10/11/1972,0.785,0.000,10.000,5.054,0.0,0.0,5.054,0.0,0.0,0.0,3.36821676723463,0.0,0.0,0.1571686177469943,3.2110481494876355,0.3531744284596305,0.0,0.0,0.0,0.07478898030136236,0.0,0,0.0,0,3.2110481494876355,,,,,,,,,,,
2022,10/12/1972,0.785,0.383,10.000,5.054,0.383,0.0,4.671,0.0,0.0,0.0,3.2110481494876355,0.0,0.0,0.14513666548681162,3.0659114840008237,0.32768496780478795,0.0,0.0,0.0,0.06870256757695227,0.0,0,0.0,0,3.0659114840008237,,,,,,,,,,,
2023,10/13/1972,0.754,0.325,10.000,5.054,0.325,0.0,4.729,0.0,0.0,0.0,3.0659114840008237,0.0,0.0,0.13436880810167842,2.9315426758991454,0.30475331105887726,0.0,0.0,0.0,0.06328362963934282,0.0,0,0.0,0,2.9315426758991454,,,,,,,,,,,
2024,10/14/1972,0.754,0.022,10.000,5.054,0.022,0.0,5.032,0.0,0.0,0.0,2.9315426758991454,0.0,0.0,0.12469799747921811,2.8068446784199272,0.28405399389478303,0.0,0.0,0.0,0.05844103449892483,0.0,0,0.0,0,2.8068446784199272,,,,,,,,,,,
2025,10/15/1972,0.724,0.266,10.000,5.054,0.266,0.0,4.788,0.0,0.0,0.0,2.8068446784199272,0.0,0.0,0.11598355406933619,2.690861124350591,0.2653112970265691,0.0,0.0,0.0,0.05409841545778634,0.0,0,0.0,0,2.690861124350591,,,,,,,,,,,
2026,10/16/1972,0.580,0.483,10.000,5.054,0.483,0.0,4.571000000000001,0.0,0.0,0.0,2.690861124350591,0.0,0.0,0.1081063617733705,2.5827547625772205,0.24829043239844364,0.0,0.0,0.0,0.05019142186276206,0.0,0,0.0,0,2.5827547625772205,,,,,,,,,,,
2027,10/17/1972,0.607,0.047,10.000,5.054,0.047,0.0,5.007000000000001,0.0,0.0,0.0,2.5827547625772205,0.0,0.0,0.10096504959566914,2.481789712981551,0.23279049484523032,0.0,0.0,0.0,0.04666554481617355,0.0,0,0.0,0,2.481789712981551,,,,,,,,,,,
2028,10/18/1972,0.552,0.736,10.000,5.054,0.736,0.0,4.3180000000000005,0.0,0.0,0.0,2.481789712981551,0.0,0.0,0.09447293575726741,2.387316777224284,0.21863878677850695,0.0,0.0,0.0,0.04347438508381451,0.0,0,0.0,0,2.387316777224284,,,,,,,,,,,
2029,10/19/1972,0.552,0.491,10.000,5.054,0.491,0.0,4.563000000000001,0.0,0.0,0.0,2.387316777224284,0.0,0.0,0.0885555656337368,2.298761211590547,0.20568621889213834,0.0,0.0,0.0,0.040578263840399094,0.0,0,0.0,0,2.298761211590547,,,,,,,,,,,
2030,10/20/1972,0.724,0.960,10.000,5.054,0.96,0.0,4.094,0.0,0.0,0.0,2.298761211590547,0.0,0.0,0.08314871562526782,2.215612495965279,0.1938035602123762,0.0,0.0,0.0,0.037943101233530556,0.0,0,0.0,0,2.215612495965279,,,,,,,,,,,
2031,10/21/1972,0.724,5.688,10.000,5.054,5.054,0.6339999999999995,0.0,0,0.5445586789139445,0.0,2.7601711748792237,0.0,0.0,0.11278702414649718,2.6473841507327265,0.25841362966511544,0.08944132108605501,0.08944132108605501,0.0,0.05251079968803434,0.08944132108605501,0,0.0,0,2.6473841507327265,,,,,,,,,,,
2032,10/22/1972,0.817,5.513,10.000,5.054,5.054,0.45899999999999963,0.0,0,0.4589998753719714,0.08944132108605501,3.106782174809299,0.0,0.08944132108605501,0.13736743399206094,2.969414740817238,0.31115120307077115,1.2462802825570288e-07,1.2462802825570288e-07,0.0003981487046011023,0.06478991638542525,0.08904329700948217,0,0.0,0,2.969414740817238,,,,,,,,,,,
2033,10/23/1972,0.947,3.062,10.000,5.054,3.062,0.0,1.9920000000000004,0.0,0.0,0.08904329700948217,2.969414740817238,0.08904329700948217,0.0,0.12739446073559701,2.842020280081641,0.2898357895258609,0.0,0.0,0.0,0.0597888660609018,0.0,0,0.0,0,2.842020280081641,,,,,,,,,,,
2034,10/24/1972,0.947,1.721,10.000,5.054,1.721,0.0,3.333,0.0,0.0,0.0,2.842020280081641,0.0,0.0,0.11841618506697993,2.7236040950146614,0.27055228032736706,0.0,0.0,0.0,0.05530856184333223,0.0,0,0.0,0,2.7236040950146614,,,,,,,,,,,
2035,10/25/1972,0.817,0.236,10.000,5.054,0.236,0.0,4.8180000000000005,0.0,0.0,0.0,2.7236040950146614,0.0,0.0,0.11030767782344114,2.6132964171912203,0.25305482865273093,0.0,0.0,0.0,0.05128141952608722,0.0,0,0.0,0,2.6132964171912203,,,,,,,,,,,
2036,10/26/1972,0.785,0.157,10.000,5.054,0.157,0.0,4.897,0.0,0.0,0.0,2.6132964171912203,0.0,0.0,0.10296277357678213,2.5103336436144383,0.23713335520593895,0.0,0.0,0.0,0.04765027568917119,0.0,0,0.0,0,2.5103336436144383,,,,,,,,,,,
2037,10/27/1972,0.724,1.555,10.000,5.054,1.555,0.0,3.4990000000000006,0.0,0.0,0.0,2.5103336436144383,0.0,0.0,0.09629081342340748,2.414042830191031,0.22260750950569133,0.0,0.0,0.0,0.044366539047891417,0.0,0,0.0,0,2.414042830191031,,,,,,,,,,,
2038,10/28/1972,0.636,0.287,10.000,5.054,0.287,0.0,4.767,0.0,0.0,0.0,2.414042830191031,0.0,0.0,0.09021402567900194,2.323828804512029,0.20932178501588145,0.0,0.0,0.0,0.04138871056689188,0.0,0,0.0,0,2.323828804512029,,,,,,,,,,,
2039,10/29/1972,0.552,0.434,10.000,5.054,0.434,0.0,4.62,0.0,0.0,0.0,2.323828804512029,0.0,0.0,0.08466540604037998,2.239163398471649,0.19714154319603536,0.0,0.0,0.0,0.03868119103139853,0.0,0,0.0,0,2.239163398471649,,,,,,,,,,,
2040,10/30/1972,0.473,0.643,10.000,5.054,0.643,0.0,4.4110000000000005,0.0,0.0,0.0,2.239163398471649,0.0,0.0,0.07958699161168427,2.1595764068599648,0.18594975848554052,0.0,0.0,0.0,0.03621331432153293,0.0,0,0.0,0,2.1595764068599648,,,,,,,,,,,
2041,10/31/1972,0.580,0.376,10.000,5.054,0.376,0.0,4.678,0.0,0.0,0.0,2.1595764068599648,0.0,0.0,0.07492844760829447,2.0846479592516705,0.17564433883917016,0.0,0.0,0.0,0.03395855911422275,0.0,0,0.0,0,2.0846479592516705,,,,,,,,,,,
2042,11/1/1972,0.785,0.843,11.000,5.054,0.843,0.0,4.211,0.0,0.0,0.0,2.0846479592516705,0.0,0.0,0.07064590386213083,2.0140020553895397,0.16613590857395452,0.0,0.0,0.0,0.031893902550157505,0.0,0,0.0,0,2.0140020553895397,,,,,,,,,,,
2043,11/2/1972,0.914,5.466,11.000,5.054,5.054,0.4119999999999999,0.0,0,0.3225763980733669,0.0,2.3365784534629066,0.0,0.0,0.08544101333277992,2.2511374401301265,0.19884707941328733,0.08942360192663303,0.08942360192663303,0.0,0.03905897378185639,0.08942360192663303,0,0.0,0,2.2511374401301265,,,,,,,,,,,
2044,11/3/1972,0.947,0.840,11.000,5.054,0.84,0.0,4.214,0.0,0.0,0.08942360192663303,2.2511374401301265,0.08942360192663303,0.0,0.08029758114549505,2.1708398589846314,0.18751836115515394,0.0,0.0,0.0,0.03655801972329429,0.0,0,0.0,0,2.1708398589846314,,,,,,,,,,,
2045,11/4/1972,0.881,0.201,11.000,5.054,0.201,0.0,4.853000000000001,0.0,0.0,0.0,2.1708398589846314,0.0,0.0,0.075580905320974,2.095258953663657,0.17709000196234725,0.0,0.0,0.0,0.034273808936525645,0.0,0,0.0,0,2.095258953663657,,,,,,,,,,,
2046,11/5/1972,0.754,0.147,11.000,5.054,0.147,0.0,4.907,0.0,0.0,0.0,2.095258953663657,0.0,0.0,0.07124624059765197,2.0240127130660053,0.1674709012318189,0.0,0.0,0.0,0.03218284581467592,0.0,0,0.0,0,2.0240127130660053,,,,,,,,,,,
2047,11/6/1972,0.665,0.124,11.000,5.054,0.124,0.0,4.930000000000001,0.0,0.0,0.0,2.0240127130660053,0.0,0.0,0.06725447257573577,1.9567582404902695,0.1585810785947183,0.0,0.0,0.0,0.030264671764425276,0.0,0,0.0,0,1.9567582404902695,,,,,,,,,,,
2048,11/7/1972,0.607,0.270,11.000,5.054,0.27,0.0,4.784000000000001,0.0,0.0,0.0,1.9567582404902695,0.0,0.0,0.06357129574485017,1.8931869447454193,0.15035009337839209,0.0,0.0,0.0,0.028501411901760424,0.0,0,0.0,0,1.8931869447454193,,,,,,,,,,,
2049,11/8/1972,0.881,0.042,11.000,5.054,0.042,0.0,5.0120000000000005,0.0,0.0,0.0,1.8931869447454193,0.0,0.0,0.06016652737121632,1.8330204173742028,0.14271571917320758,0.0,0.0,0.0,0.026877398102828947,0.0,0,0.0,0,1.8330204173742028,,,,,,,,,,,
2050,11/9/1972,0.580,0.013,11.000,5.054,0.013,0.0,5.041,0.0,0.0,0.0,1.8330204173742028,0.0,0.0,0.057013532272629064,1.7760068851015738,0.13562282760798897,0.0,0.0,0.0,0.02537885414367542,0.0,0,0.0,0,1.7760068851015738,,,,,,,,,,,
2051,11/10/1972,0.580,0.010,11.000,5.054,0.01,0.0,5.0440000000000005,0.0,0.0,0.0,1.7760068851015738,0.0,0.0,0.054088738543220626,1.721918146558353,0.1290224445109204,0.0,0.0,0.0,0.023993631580022937,0.0,0,0.0,0,1.721918146558353,,,,,,,,,,,
2052,11/11/1972,0.552,0.000,11.000,5.054,0.0,0.0,5.054,0.0,0.0,0.0,1.721918146558353,0.0,0.0,0.05137122822316569,1.6705469183351873,0.1228709487572737,0.0,0.0,0.0,0.022710987289606625,0.0,0,0.0,0,1.6705469183351873,,,,,,,,,,,
2053,11/12/1972,0.525,0.249,11.000,5.054,0.249,0.0,4.805000000000001,0.0,0.0,0.0,1.6705469183351873,0.0,0.0,0.04884238999974805,1.6217045283354392,0.11712938973171101,0.0,0.0,0.0,0.021521395378447446,0.0,0,0.0,0,1.6217045283354392,,,,,,,,,,,
2054,11/13/1972,0.499,0.000,11.000,5.054,0.0,0.0,5.054,0.0,0.0,0.0,1.6217045283354392,0.0,0.0,0.046485623469366084,1.5752189048660732,0.1117629038004246,0.0,0.0,0.0,0.020416387553543195,0.0,0,0.0,0,1.5752189048660732,,,,,,,,,,,
2055,11/14/1972,0.448,0.000,11.000,5.054,0.0,0.0,5.054,0.0,0.0,0.0,1.5752189048660732,0.0,0.0,0.04428608643127964,1.5309328184347935,0.1067402137541337,0.0,0.0,0.0,0.019388417173948628,0.0,0,0.0,0,1.5309328184347935,,,,,,,,,,,
2056,11/15/1972,0.448,0.131,11.000,5.054,0.131,0.0,4.923,0.0,0.0,0.0,1.5309328184347935,0.0,0.0,0.04223047823416663,1.4887023402006268,0.10203319804310534,0.0,0.0,0.0,0.018430743075339394,0.0,0,0.0,0,1.4887023402006268,,,,,,,,,,,
2057,11/16/1972,0.448,0.160,11.000,5.054,0.16,0.0,4.894,0.0,0.0,0.0,1.4887023402006268,0.0,0.0,0.04030685344062977,1.448395486759997,0.09761651893042102,0.0,0.0,0.0,0.017537329969561293,0.0,0,0.0,0,1.448395486759997,,,,,,,,,,,
2058,11/17/1972,0.448,0.003,11.000,5.054,0.003,0.0,5.051,0.0,0.0,0.0,1.448395486759997,0.0,0.0,0.038504461077799285,1.4098910256821977,0.09346730055584275,0.0,0.0,0.0,0.016702762788387702,0.0,0,0.0,0,1.4098910256821977,,,,,,,,,,,
2059,11/18/1972,0.448,0.034,11.000,5.054,0.034,0.0,5.0200000000000005,0.0,0.0,0.0,1.4098910256821977,0.0,0.0,0.03681360555443543,1.3730774201277622,0.0895648494199914,0.0,0.0,0.0,0.015922172799034538,0.0,0,0.0,0,1.3730774201277622,,,,,,,,,,,
2060,11/19/1972,0.448,0.017,11.000,5.054,0.017,0.0,5.037,0.0,0.0,0.0,1.3730774201277622,0.0,0.0,0.03522552598553724,1.337851894142225,0.08589041103747436,0.0,0.0,0.0,0.015191173690599729,0.0,0,0.0,0,1.337851894142225,,,,,,,,,,,
2061,11/20/1972,0.424,0.000,11.000,5.054,0.0,0.0,5.054,0.0,0.0,0.0,1.337851894142225,0.0,0.0,0.03373229120492929,1.3041196029372957,0.0824269575232255,0.0,0.0,0.0,0.014505806133159762,0.0,0,0.0,0,1.3041196029372957,,,,,,,,,,,
2062,11/21/1972,0.400,0.000,11.000,5.054,0.0,0.0,5.054,0.0,0.0,0.0,1.3041196029372957,0.0,0.0,0.032326708188580036,1.2717928947487156,0.07915900171210766,0.0,0.0,0.0,0.013862489558586617,0.0,0,0.0,0,1.2717928947487156,,,,,,,,,,,
2063,11/22/1972,0.353,0.164,11.000,5.054,0.164,0.0,4.890000000000001,0.0,0.0,0.0,1.2717928947487156,0.0,0.0,0.031002241975383503,1.2407906527733321,0.0760724341021537,0.0,0.0,0.0,0.013257980115104236,0.0,0,0.0,0,1.2407906527733321,,,,,,,,,,,
2064,11/23/1972,0.353,0.000,11.000,5.054,0.0,0.0,5.054,0.0,0.0,0.0,1.2407906527733321,0.0,0.0,0.029752945472766752,1.2110377073005654,0.07315437948404116,0.0,0.0,0.0,0.012689333914761961,0.0,0,0.0,0,1.2110377073005654,,,,,,,,,,,
2065,11/24/1972,0.353,0.000,11.000,5.054,0.0,0.0,5.054,0.0,0.0,0.0,1.2110377073005654,0.0,0.0,0.028573397783666396,1.182464309516899,0.07039307059533517,0.0,0.0,0.0,0.01215387483116777,0.0,0,0.0,0,1.182464309516899,,,,,,,,,,,
2066,11/25/1972,0.376,0.000,11.000,5.054,0.0,0.0,5.054,0.0,0.0,0.0,1.182464309516899,0.0,0.0,0.027458649898651093,1.1550056596182479,0.06777773653520187,0.0,0.0,0.0,0.011649166219416614,0.0,0,0.0,0,1.1550056596182479,,,,,,,,,,,
2067,11/26/1972,0.376,0.010,11.000,5.054,0.01,0.0,5.0440000000000005,0.0,0.0,0.0,1.1550056596182479,0.0,0.0,0.026404176769877667,1.1286014828483701,0.06529850400778436,0.0,0.0,0.0,0.011172986025505026,0.0,0,0.0,0,1.1286014828483701,,,,,,,,,,,
2068,11/27/1972,0.376,0.082,11.000,5.054,0.082,0.0,4.972,0.0,0.0,0.0,1.1286014828483701,0.0,0.0,0.025405834928295002,1.103195647920075,0.06294630974163104,0.0,0.0,0.0,0.010723304832125418,0.0,0,0.0,0,1.103195647920075,,,,,,,,,,,
2069,11/28/1972,0.376,0.003,11.000,5.054,0.003,0.0,5.051,0.0,0.0,0.0,1.103195647920075,0.0,0.0,0.024459824927013447,1.0787358229930617,0.06071282266771113,0.0,0.0,0.0,0.0102982664543884,0.0,0,0.0,0,1.0787358229930617,,,,,,,,,,,
2070,11/29/1972,0.353,0.178,11.000,5.054,0.178,0.0,4.876,0.0,0.0,0.0,1.0787358229930617,0.0,0.0,0.02356265799606466,1.055173164996997,0.058590374637160623,0.0,0.0,0.0,0.009896170755002268,0.0,0,0.0,0,1.055173164996997,,,,,,,,,,,
2071,11/30/1972,0.353,0.209,11.000,5.054,0.209,0.0,4.845000000000001,0.0,0.0,0.0,1.055173164996997,0.0,0.0,0.02271112638016441,1.0324620386168326,0.05657189862811805,0.0,0.0,0.0,0.009515458395589156,0.0,0,0.0,0,1.0324620386168326,,,,,,,,,,,
2072,12/1/1972,0.353,0.098,12.000,5.337,0.098,0.0,5.239,0.0,0.0,0.0,1.0324620386168326,0.0,0.0,0.021902276904235997,1.0105597617125965,0.05465087353386298,0.0,0.0,0.0,0.009154697280641225,0.0,0,0.0,0,1.0105597617125965,,,,,,,,,,,
2073,12/2/1972,0.353,0.600,12.000,5.337,0.6,0.0,4.737,0.0,0.0,0.0,1.0105597617125965,0.0,0.0,0.02113338737354949,0.989426374339047,0.05282127474610291,0.0,0.0,0.0,0.008812570484346374,0.0,0,0.0,0,0.989426374339047,,,,,,,,,,,
2074,12/3/1972,0.353,0.350,12.000,5.337,0.35,0.0,4.987,0.0,0.0,0.0,0.989426374339047,0.0,0.0,0.02040194546818552,0.9690244288708615,0.051077529851075706,0.0,0.0,0.0,0.00848786547914966,0.0,0,0.0,0,0.9690244288708615,,,,,,,,,,,
2075,12/4/1972,0.376,0.036,12.000,5.337,0.036,0.0,5.301,0.0,0.0,0.0,0.9690244288708615,0.0,0.0,0.019705629836630482,0.949318799034231,0.049414478844971084,0.0,0.0,0.0,0.00817946450929316,0.0,0,0.0,0,0.949318799034231,,,,,,,,,,,
2076,12/5/1972,0.376,0.007,12.000,5.337,0.007,0.0,5.33,0.0,0.0,0.0,0.949318799034231,0.0,0.0,0.019042293131883124,0.9302765059023479,0.04782733835136668,0.0,0.0,0.0,0.007886335973378041,0.0,0,0.0,0,0.9302765059023479,,,,,,,,,,,
2077,12/6/1972,0.376,0.000,12.000,5.337,0.0,0.0,5.337,0.0,0.0,0.0,0.9302765059023479,0.0,0.0,0.018409946766522203,0.9118665591358257,0.04631166938887127,0.0,0.0,0.0,0.0076075266977847665,0.0,0,0.0,0,0.9118665591358257,,,,,,,,,,,
2078,12/7/1972,0.353,0.016,12.000,5.337,0.016,0.0,5.321,0.0,0.0,0.0,0.9118665591358257,0.0,0.0,0.017806747191600723,0.894059811944225,0.04486334829359697,0.0,0.0,0.0,0.007342154998040821,0.0,0,0.0,0,0.894059811944225,,,,,,,,,,,
2079,12/8/1972,0.353,0.075,12.000,5.337,0.075,0.0,5.262,0.0,0.0,0.0,0.894059811944225,0.0,0.0,0.01723098352870281,0.8768288284155222,0.04347854044980235,0.0,0.0,0.0,0.007089404438331685,0.0,0,0.0,0,0.8768288284155222,,,,,,,,,,,
2080,12/9/1972,0.353,0.000,12.000,5.337,0.0,0.0,5.337,0.0,0.0,0.0,0.8768288284155222,0.0,0.0,0.01668106640561759,0.8601477620099046,0.042153676524201766,0.0,0.0,0.0,0.006848518210636582,0.0,0,0.0,0,0.8601477620099046,,,,,,,,,,,
2081,12/10/1972,0.331,0.000,12.000,5.337,0.0,0.0,5.337,0.0,0.0,0.0,0.8601477620099046,0.0,0.0,0.01615551786434758,0.8439922441455571,0.040885430935981654,0.0,0.0,0.0,0.006618794064709334,0.0,0,0.0,0,0.8439922441455571,,,,,,,,,,,
2082,12/11/1972,0.309,0.000,12.000,5.337,0.0,0.0,5.337,0.0,0.0,0.0,0.8439922441455571,0.0,0.0,0.015652962225994882,0.8283392819195622,0.03967070232631035,0.0,0.0,0.0,0.006399579728545497,0.0,0,0.0,0,0.8283392819195622,,,,,,,,,,,
2083,12/12/1972,0.309,0.000,12.000,5.337,0.0,0.0,5.337,0.0,0.0,0.0,0.8283392819195622,0.0,0.0,0.01517211781080934,0.8131671641087529,0.038506595818758524,0.0,0.0,0.0,0.006190268766272958,0.0,0,0.0,0,0.8131671641087529,,,,,,,,,,,
2084,12/13/1972,0.309,0.192,12.000,5.337,0.192,0.0,5.145,0.0,0.0,0.0,0.8131671641087529,0.0,0.0,0.014711789423636133,0.7984553746851167,0.037390406886139614,0.0,0.0,0.0,0.005990296826736739,0.0,0,0.0,0,0.7984553746851167,,,,,,,,,,,
2085,12/14/1972,0.309,0.000,12.000,5.337,0.0,0.0,5.337,0.0,0.0,0.0,0.7984553746851167,0.0,0.0,0.014270861525417762,0.784184513159699,0.036319606660326194,0.0,0.0,0.0,0.005799138241557105,0.0,0,0.0,0,0.784184513159699,,,,,,,,,,,
2086,12/15/1972,0.309,0.334,12.000,5.337,0.334,0.0,5.003,0.0,0.0,0.0,0.784184513159699,0.0,0.0,0.013848292020501187,0.7703362211391978,0.0352918285400162,0.0,0.0,0.0,0.005616302936239776,0.0,0,0.0,0,0.7703362211391978,,,,,,,,,,,
2087,12/16/1972,0.309,0.096,12.000,5.337,0.096,0.0,5.241,0.0,0.0,0.0,0.7703362211391978,0.0,0.0,0.013443106597456263,0.7568931145417415,0.03430485596756794,0.0,0.0,0.0,0.005441333622106498,0.0,0,0.0,0,0.7568931145417415,,,,,,,,,,,
2088,12/17/1972,0.309,0.509,12.000,5.337,0.509,0.0,4.827999999999999,0.0,0.0,0.0,0.7568931145417415,0.0,0.0,0.013054393568081852,0.7438387209736597,0.033356611260200175,0.0,0.0,0.0,0.005273803240477559,0.0,0,0.0,0,0.7438387209736597,,,,,,,,,,,
2089,12/18/1972,0.309,0.313,12.000,5.337,0.313,0.0,5.024,0.0,0.0,0.0,0.7438387209736597,0.0,0.0,0.012681299155393008,0.7311574218182667,0.032445145393322355,0.0,0.0,0.0,0.005113312633746446,0.0,0,0.0,0,0.7311574218182667,,,,,,,,,,,
2090,12/19/1972,0.309,0.110,12.000,5.337,0.11,0.0,5.226999999999999,0.0,0.0,0.0,0.7311574218182667,0.0,0.0,0.012323023186759919,0.7188343986315068,0.03156862864474446,0.0,0.0,0.0,0.004959488420801904,0.0,0,0.0,0,0.7188343986315068,,,,,,,,,,,
2091,12/20/1972,0.331,0.492,12.000,5.337,0.492,0.0,4.845,0.0,0.0,0.0,0.7188343986315068,0.0,0.0,0.011978815153103553,0.7068555834784033,0.030725342018207685,0.0,0.0,0.0,0.004811981056726407,0.0,0,0.0,0,0.7068555834784033,,,,,,,,,,,
2092,12/21/1972,0.400,4.783,12.000,5.337,4.783,0.0,0.5539999999999994,0.0,0.0,0.0,0.7068555834784033,0.0,0.0,0.011647970599227689,0.6952076128791755,0.029913669373240373,0.0,0.0,0.0,0.004670463058877199,0.0,0,0.0,0,0.6952076128791755,,,,,,,,,,,
2093,12/22/1972,0.607,10.099,12.000,5.337,5.337,4.7620000000000005,0.0,0,4.67255855428157,0.0,5.367766167160746,0.0,0.0,0.3417341854622339,5.026031981698512,0.7313561752969392,0.08944144571843,0.08944144571843,0.0,0.17114183304487127,0.08944144571843,0,0.0,0,5.026031981698512,,,,,,,,,,,
2094,12/23/1972,0.580,0.123,12.000,5.337,0.123,0.0,5.2139999999999995,0.0,0.0,0.08944144571843,5.026031981698512,0.08944144571843,0.0,0.3062488906816352,4.719783091016877,0.6601393031394112,0.0,0.0,0.0,0.15226821690119202,0.0,0,0.0,0,4.719783091016877,,,,,,,,,,,
2095,12/24/1972,0.552,0.808,12.000,5.337,0.808,0.0,4.529,0.0,0.0,0.0,4.719783091016877,0.0,0.0,0.27578407090538876,4.443999020111488,0.5985095062624396,0.0,0.0,0.0,0.13617884425093477,0.0,0,0.0,0,4.443999020111488,,,,,,,,,,,
2096,12/25/1972,0.525,1.204,12.000,5.337,1.204,0.0,4.133,0.0,0.0,0.0,4.443999020111488,0.0,0.0,0.2494531747173832,4.194545845394105,0.5448412706608603,0.0,0.0,0.0,0.1223663226533201,0.0,0,0.0,0,4.194545845394105,,,,,,,,,,,
2097,12/26/1972,0.448,0.642,12.000,5.337,0.642,0.0,4.694999999999999,0.0,0.0,0.0,4.194545845394105,0.0,0.0,0.22655519251921463,3.96799065287489,0.497837786628438,0.0,0.0,0.0,0.11043212962346924,0.0,0,0.0,0,3.96799065287489,,,,,,,,,,,
2098,12/27/1972,0.400,1.861,12.000,5.337,1.861,0.0,3.476,0.0,0.0,0.0,3.96799065287489,0.0,0.0,0.2065301745067705,3.7614604783681194,0.4564544512592785,0.0,0.0,0.0,0.10005997401918792,0.0,0,0.0,0,3.7614604783681194,,,,,,,,,,,
2099,12/28/1972,0.665,11.168,12.000,5.337,5.337,5.8309999999999995,0.0,0,5.7415585542815695,0.0,9.50301903264969,0.0,0.0,0.8853910137980264,8.617628018851663,1.7719653332931407,0.08944144571843,0.08944144571843,0.0,0.47207156040616566,0.08944144571843,0,0.0,0,8.617628018851663,,,,,,,,,,,
2100,12/29/1972,0.665,3.424,12.000,5.337,3.424,0.0,1.9129999999999998,0.0,0.0,0.08944144571843,8.617628018851663,0.08944144571843,0.0,0.752220822273721,7.865407196577943,1.5237901864170553,0.0,0.0,0.0,0.39678941788879807,0.0,0,0.0,0,7.865407196577943,,,,,,,,,,,
2101,12/30/1972,0.580,0.572,12.000,5.337,0.572,0.0,4.765,0.0,0.0,0.0,7.865407196577943,0.0,0.0,0.6460028936955101,7.219404302882433,1.3231822511294247,0.0,0.0,0.0,0.3373642569800642,0.0,0,0.0,0,7.219404302882433,,,,,,,,,,,
2102,12/31/1972,0.473,0.148,12.000,5.337,0.148,0.0,5.189,0.0,0.0,0.0,7.219404302882433,0.0,0.0,0.5600172241950173,6.659387078687415,1.1587902736553923,0.0,0.0,0.0,0.28972380845818835,0.0,0,0.0,0,6.659387078687415,,,,,,,,,,,
2103,1/1/1973,0.754,0.820,1.000,5.134,0.82,0.0,4.314,0.0,0.0,0.0,6.659387078687415,0.0,0.0,0.4895039603689024,6.169883118318513,1.0224553986793634,0.0,0.0,0.0,0.2510113112410994,0.0,0,0.0,0,6.169883118318513,,,,,,,,,,,
2104,1/2/1973,0.754,0.672,1.000,5.134,0.672,0.0,4.462000000000001,0.0,0.0,0.0,6.169883118318513,0.0,0.0,0.4310166093153648,5.738866509003148,0.9081899971300065,0.0,0.0,0.0,0.21917691576328382,0.0,0,0.0,0,5.738866509003148,,,,,,,,,,,
2105,1/3/1973,0.665,6.044,1.000,5.134,5.134,0.9099999999999993,0.0,0,0.8205585545417793,0.0,6.559425063544927,0.0,0.0,0.477319015541462,6.082106048003465,0.9987430511703027,0.08944144545822003,0.08944144545822003,0.0,0.2443573857439685,0.08944144545822003,0,0.0,0,6.082106048003465,,,,,,,,,,,
2106,1/4/1973,0.636,7.089,1.000,5.134,5.134,1.955,0.0,0,1.95499999973979,0.08944144545822003,8.0375041970015,0.0,0.08944144545822003,0.6697321270457388,7.367772069955761,1.3682224445990747,2.602099747553577e-10,2.602099747553577e-10,0.0003981492582447179,0.35058764814717175,0.08904329646018529,0,0.0,0,7.367772069955761,,,,,,,,,,,
2107,1/5/1973,0.724,2.407,1.000,5.134,2.407,0.0,2.7270000000000003,0.0,0.0,0.08904329646018529,7.367772069955761,0.08904329646018529,0.0,0.5793300837911401,6.788441986164621,1.1958827202374558,0.0,0.0,0.0,0.30038467613425873,0.0,0,0.0,0,6.788441986164621,,,,,,,,,,,
2108,1/6/1973,0.694,1.742,1.000,5.134,1.742,0.0,3.3920000000000003,0.0,0.0,0.0,6.788441986164621,0.0,0.0,0.5054163605777929,6.283025625586828,1.0533512596532286,0.0,0.0,0.0,0.25971710298544587,0.0,0,0.0,0,6.283025625586828,,,,,,,,,,,
2109,1/7/1973,0.849,3.783,1.000,5.134,3.783,0.0,1.3510000000000004,0.0,0.0,0.0,6.283025625586828,0.0,0.0,0.4442701791791383,5.838755446407689,0.9341843593835045,0.0,0.0,0.0,0.22636717536019196,0.0,0,0.0,0,5.838755446407689,,,,,,,,,,,
2110,1/8/1973,0.636,0.684,1.000,5.134,0.684,0.0,4.45,0.0,0.0,0.0,5.838755446407689,0.0,0.0,0.3931572183041732,5.445598228103516,0.8335863542592061,0.0,0.0,0.0,0.1987191839793045,0.0,0,0.0,0,5.445598228103516,,,,,,,,,,,
2111,1/9/1973,0.552,2.147,1.000,5.134,2.147,0.0,2.9870000000000005,0.0,0.0,0.0,5.445598228103516,0.0,0.0,0.35003255530403155,5.095565672799484,0.7479283686557473,0.0,0.0,0.0,0.17557465892151866,0.0,0,0.0,0,5.095565672799484,,,,,,,,,,,
2112,1/10/1973,0.665,4.559,1.000,5.134,4.559,0.0,0.5750000000000002,0.0,0.0,0.0,5.095565672799484,0.0,0.0,0.31334284577712224,4.782222827022362,0.6744235916794437,0.0,0.0,0.0,0.15603029285630926,0.0,0,0.0,0,4.782222827022362,,,,,,,,,,,
2113,1/11/1973,0.817,0.297,1.000,5.134,0.297,0.0,4.837000000000001,0.0,0.0,0.0,4.782222827022362,0.0,0.0,0.2818915936346771,4.500331233387684,0.6109033914089158,0.0,0.0,0.0,0.13939543354157458,0.0,0,0.0,0,4.500331233387684,,,,,,,,,,,
2114,1/12/1973,0.607,0.079,1.000,5.134,0.079,0.0,5.055000000000001,0.0,0.0,0.0,4.500331233387684,0.0,0.0,0.25474553325440646,4.245585700133278,0.5556599571380824,0.0,0.0,0.0,0.12513517043244773,0.0,0,0.0,0,4.245585700133278,,,,,,,,,,,
2115,1/13/1973,0.473,0.146,1.000,5.134,0.146,0.0,4.988,0.0,0.0,0.0,4.245585700133278,0.0,0.0,0.23116839852741106,4.014417301605866,0.5073337749947786,0.0,0.0,0.0,0.1128303505824395,0.0,0,0.0,0,4.014417301605866,,,,,,,,,,,
2116,1/14/1973,0.448,0.097,1.000,5.134,0.097,0.0,5.037,0.0,0.0,0.0,4.014417301605866,0.0,0.0,0.21057330043562544,3.803844001170241,0.46483189902275884,0.0,0.0,0.0,0.10214901988487059,0.0,0,0.0,0,3.803844001170241,,,,,,,,,,,
2117,1/15/1973,0.424,0.009,1.000,5.134,0.009,0.0,5.125,0.0,0.0,0.0,3.803844001170241,0.0,0.0,0.19248797675964832,3.611356024410593,0.42726774343200535,0.0,0.0,0.0,0.0928257165284685,0.0,0,0.0,0,3.611356024410593,,,,,,,,,,,
2118,1/16/1973,0.400,0.327,1.000,5.134,0.327,0.0,4.807,0.0,0.0,0.0,3.611356024410593,0.0,0.0,0.176529091760884,3.4348269326497087,0.39391615247892353,0.0,0.0,0.0,0.08464625084647939,0.0,0,0.0,0,3.4348269326497087,,,,,,,,,,,
2119,1/17/1973,0.400,0.060,1.000,5.134,0.06,0.0,5.074000000000001,0.0,0.0,0.0,3.4348269326497087,0.0,0.0,0.16238299370891887,3.27244393894079,0.36417947219865476,0.0,0.0,0.0,0.0774363767759887,0.0,0,0.0,0,3.27244393894079,,,,,,,,,,,
2120,1/18/1973,0.400,0.226,1.000,5.134,0.226,0.0,4.908,0.0,0.0,0.0,3.27244393894079,0.0,0.0,0.1497911436770515,3.1226527952637384,0.3375616496212868,0.0,0.0,0.0,0.07105326213609034,0.0,0,0.0,0,3.1226527952637384,,,,,,,,,,,
2121,1/19/1973,0.400,0.066,1.000,5.134,0.066,0.0,5.0680000000000005,0.0,0.0,0.0,3.1226527952637384,0.0,0.0,0.13853896584913938,2.984113829414599,0.3136482604770957,0.0,0.0,0.0,0.06537899756873566,0.0,0,0.0,0,2.984113829414599,,,,,,,,,,,
2122,1/20/1973,0.376,0.218,1.000,5.134,0.218,0.0,4.916,0.0,0.0,0.0,2.984113829414599,0.0,0.0,0.12844723308061348,2.8556665963339856,0.29209096441248156,0.0,0.0,0.0,0.06031560799554405,0.0,0,0.0,0,2.8556665963339856,,,,,,,,,,,
2123,1/21/1973,0.353,0.079,1.000,5.134,0.079,0.0,5.055000000000001,0.0,0.0,0.0,2.8556665963339856,0.0,0.0,0.11936535124744785,2.736301245086538,0.2725953011654336,0.0,0.0,0.0,0.055781183567657475,0.0,0,0.0,0,2.736301245086538,,,,,,,,,,,
2124,1/22/1973,0.331,0.021,1.000,5.134,0.021,0.0,5.113,0.0,0.0,0.0,2.736301245086538,0.0,0.0,0.11116607992396646,2.6251351651625714,0.25491103217657557,0.0,0.0,0.0,0.05170685320931643,0.0,0,0.0,0,2.6251351651625714,,,,,,,,,,,
2125,1/23/1973,0.331,0.124,1.000,5.134,0.124,0.0,5.010000000000001,0.0,0.0,0.0,2.6251351651625714,0.0,0.0,0.10374134968790306,2.5213938154746685,0.23882443900962438,0.0,0.0,0.0,0.04803439835346306,0.0,0,0.0,0,2.5213938154746685,,,,,,,,,,,
2126,1/24/1973,0.353,1.241,1.000,5.134,1.241,0.0,3.8930000000000002,0.0,0.0,0.0,2.5213938154746685,0.0,0.0,0.0969989239783446,2.424394891496324,0.22415213873540984,0.0,0.0,0.0,0.04471435739116667,0.0,0,0.0,0,2.424394891496324,,,,,,,,,,,
2127,1/25/1973,1.015,6.166,1.000,5.134,5.134,1.032,0.0,0,0.942558554298574,0.0,3.366953445794898,0.0,0.0,0.15707038096813472,3.209883064826763,0.35296686262462446,0.08944144570142602,0.08944144570142602,0.0,0.07473915925381286,0.08944144570142602,0,0.0,0,3.209883064826763,,,,,,,,,,,
2128,1/26/1973,1.194,2.965,1.000,5.134,2.965,0.0,2.1690000000000005,0.0,0.0,0.08944144570142602,3.209883064826763,0.08944144570142602,0.0,0.14504890803058548,3.0648341567961777,0.3274985466842187,0.0,0.0,0.0,0.0686582937454939,0.0,0,0.0,0,3.0648341567961777,,,,,,,,,,,
2129,1/27/1973,1.050,4.474,1.000,5.134,4.474,0.0,0.6600000000000001,0.0,0.0,0.0,3.0648341567961777,0.0,0.0,0.13429012447748914,2.9305440323186884,0.3045853043242597,0.0,0.0,0.0,0.06324413439565602,0.0,0,0.0,0,2.9305440323186884,,,,,,,,,,,
2130,1/28/1973,0.947,4.266,1.000,5.134,4.266,0.0,0.8680000000000003,0.0,0.0,0.0,2.9305440323186884,0.0,0.0,0.12462720726880083,2.805916825049888,0.2839020945379063,0.0,0.0,0.0,0.05840567554552779,0.0,0,0.0,0,2.805916825049888,,,,,,,,,,,
2131,1/29/1973,0.947,4.300,1.000,5.134,4.3,0.0,0.8340000000000005,0.0,0.0,0.0,2.805916825049888,0.0,0.0,0.11591966033496158,2.689997164714926,0.26517354530571385,0.0,0.0,0.0,0.054066652976150084,0.0,0,0.0,0,2.689997164714926,,,,,,,,,,,
2132,1/30/1973,0.724,0.179,1.000,5.134,0.179,0.0,4.955,0.0,0.0,0.0,2.689997164714926,0.0,0.0,0.10804851812388956,2.5819486465910364,0.24816515522604676,0.0,0.0,0.0,0.05016279971747462,0.0,0,0.0,0,2.5819486465910364,,,,,,,,,,,
2133,1/31/1973,0.580,0.027,1.000,5.134,0.027,0.0,5.107,0.0,0.0,0.0,2.5819486465910364,0.0,0.0,0.10091253391628682,2.4810361126747495,0.23267625713912327,0.0,0.0,0.0,0.04663967563227157,0.0,0,0.0,0,2.4810361126747495,,,,,,,,,,,
2134,2/1/1973,0.499,0.024,2.000,4.866,0.024,0.0,4.842,0.0,0.0,0.0,2.4810361126747495,0.0,0.0,0.09442512911016669,2.386610983564583,0.2185343521555205,0.0,0.0,0.0,0.04345093831581352,0.0,0,0.0,0,2.386610983564583,,,,,,,,,,,
2135,2/2/1973,0.525,0.000,2.000,4.866,0.0,0.0,4.866,0.0,0.0,0.0,2.386610983564583,0.0,0.0,0.08851193520190748,2.2980990483626753,0.20559051771134068,0.0,0.0,0.0,0.040556956170191026,0.0,0,0.0,0,2.2980990483626753,,,,,,,,,,,
2136,2/3/1973,0.525,0.050,2.000,4.866,0.05,0.0,4.816,0.0,0.0,0.0,2.2980990483626753,0.0,0.0,0.0831088008406091,2.214990247522066,0.1937156634406374,0.0,0.0,0.0,0.037923688794469355,0.0,0,0.0,0,2.214990247522066,,,,,,,,,,,
2137,2/4/1973,0.499,0.161,2.000,4.866,0.161,0.0,4.705,0.0,0.0,0.0,2.214990247522066,0.0,0.0,0.07816016637145946,2.136830081150607,0.1827974608421516,0.0,0.0,0.0,0.03552177769808516,0.0,0,0.0,0,2.136830081150607,,,,,,,,,,,
2138,2/5/1973,0.473,0.016,2.000,4.866,0.016,0.0,4.85,0.0,0.0,0.0,2.136830081150607,0.0,0.0,0.07361773067849176,2.0632123504721154,0.17273781186468512,0.0,0.0,0.0,0.03332580360826473,0.0,0,0.0,0,2.0632123504721154,,,,,,,,,,,
2139,2/6/1973,0.473,0.000,2.000,4.866,0.0,0.0,4.866,0.0,0.0,0.0,2.0632123504721154,0.0,0.0,0.06943935197214499,1.9937729984999704,0.16345075113992397,0.0,0.0,0.0,0.031313676571888015,0.0,0,0.0,0,1.9937729984999704,,,,,,,,,,,
2140,2/7/1973,0.473,0.150,2.000,4.866,0.15,0.0,4.715999999999999,0.0,0.0,0.0,1.9937729984999704,0.0,0.0,0.06558813692228871,1.9281848615776815,0.1548606991509935,0.0,0.0,0.0,0.02946613254536605,0.0,0,0.0,0,1.9281848615776815,,,,,,,,,,,
2141,2/8/1973,0.580,0.411,2.000,4.866,0.411,0.0,4.455,0.0,0.0,0.0,1.9281848615776815,0.0,0.0,0.06203168227345166,1.8661531793042299,0.1469010009405395,0.0,0.0,0.0,0.027766315863252004,0.0,0,0.0,0,1.8661531793042299,,,,,,,,,,,
2142,2/9/1973,0.754,1.154,2.000,4.866,1.154,0.0,3.7119999999999997,0.0,0.0,0.0,1.8661531793042299,0.0,0.0,0.05874144056289446,1.8074117387413353,0.13951269834380467,0.0,0.0,0.0,0.02619943133886551,0.0,0,0.0,0,1.8074117387413353,,,,,,,,,,,
2143,2/10/1973,0.754,2.305,2.000,4.866,2.305,0.0,2.5609999999999995,0.0,0.0,0.0,1.8074117387413353,0.0,0.0,0.055692187353301656,1.7517195513880337,0.13264349414101298,0.0,0.0,0.0,0.024752453113433045,0.0,0,0.0,0,1.7517195513880337,,,,,,,,,,,
2144,2/11/1973,0.636,0.107,2.000,4.866,0.107,0.0,4.7589999999999995,0.0,0.0,0.0,1.7517195513880337,0.0,0.0,0.05286157190154322,1.6988579794864904,0.1262468746698278,0.0,0.0,0.0,0.023413879979721816,0.0,0,0.0,0,1.6988579794864904,,,,,,,,,,,
2145,2/12/1973,0.552,0.025,2.000,4.866,0.025,0.0,4.840999999999999,0.0,0.0,0.0,1.6988579794864904,0.0,0.0,0.05022973671791253,1.648628242768578,0.12028136385192303,0.0,0.0,0.0,0.022173528943175022,0.0,0,0.0,0,1.648628242768578,,,,,,,,,,,
2146,2/13/1973,0.424,0.014,2.000,4.866,0.014,0.0,4.851999999999999,0.0,0.0,0.0,1.648628242768578,0.0,0.0,0.0477789942539208,1.600849248514657,0.11470988666478246,0.0,0.0,0.0,0.021022360382976592,0.0,0,0.0,0,1.600849248514657,,,,,,,,,,,
2147,2/14/1973,0.376,0.065,2.000,4.866,0.065,0.0,4.800999999999999,0.0,0.0,0.0,1.600849248514657,0.0,0.0,0.04549355116203208,1.555355697352625,0.10949922413055538,0.0,0.0,0.0,0.019952329438262147,0.0,0,0.0,0,1.555355697352625,,,,,,,,,,,
2148,2/15/1973,0.353,0.021,2.000,4.866,0.021,0.0,4.845,0.0,0.0,0.0,1.555355697352625,0.0,0.0,0.04335927232695492,1.51199642502567,0.10461954512607056,0.0,0.0,0.0,0.018956259246981147,0.0,0,0.0,0,1.51199642502567,,,,,,,,,,,
2149,2/16/1973,0.331,0.042,2.000,4.866,0.042,0.0,4.824,0.0,0.0,0.0,1.51199642502567,0.0,0.0,0.04136347827369139,1.4706329467519788,0.10004400291627127,0.0,0.0,0.0,0.018027732464466626,0.0,0,0.0,0,1.4706329467519788,,,,,,,,,,,
2150,2/17/1973,0.288,0.000,2.000,4.866,0.0,0.0,4.866,0.0,0.0,0.0,1.4706329467519788,0.0,0.0,0.039494770687862224,1.4311381760641164,0.09574838641150275,0.0,0.0,0.0,0.01716099812967863,0.0,0,0.0,0,1.4311381760641164,,,,,,,,,,,
2151,2/18/1973,0.288,0.100,2.000,4.866,0.1,0.0,4.766,0.0,0.0,0.0,1.4311381760641164,0.0,0.0,0.037742881696938145,1.3933952943671783,0.09171081785102848,0.0,0.0,0.0,0.016350891463212315,0.0,0,0.0,0,1.3933952943671783,,,,,,,,,,,
2152,2/19/1973,0.288,0.207,2.000,4.866,0.207,0.0,4.659,0.0,0.0,0.0,1.3933952943671783,0.0,0.0,0.03609854330188412,1.3572967510652942,0.08791149000159718,0.0,0.0,0.0,0.015592764598642913,0.0,0,0.0,0,1.3572967510652942,,,,,,,,,,,
2153,2/20/1973,0.309,0.381,2.000,4.866,0.381,0.0,4.484999999999999,0.0,0.0,0.0,1.3572967510652942,0.0,0.0,0.03455337395237486,1.3227433771129193,0.08433243709393508,0.0,0.0,0.0,0.014882426587908342,0.0,0,0.0,0,1.3227433771129193,,,,,,,,,,,
2154,2/21/1973,0.331,0.423,2.000,4.866,0.423,0.0,4.443,0.0,0.0,0.0,1.3227433771129193,0.0,0.0,0.03309977975257025,1.289643597360349,0.08095733465130155,0.0,0.0,0.0,0.01421609129803866,0.0,0,0.0,0,1.289643597360349,,,,,,,,,,,
2155,2/22/1973,0.331,0.222,2.000,4.866,0.222,0.0,4.643999999999999,0.0,0.0,0.0,1.289643597360349,0.0,0.0,0.03173086818999004,1.2579127291703591,0.07777132413186809,0.0,0.0,0.0,0.013590332043040929,0.0,0,0.0,0,1.2579127291703591,,,,,,,,,,,
2156,2/23/1973,0.353,3.547,2.000,4.866,3.547,0.0,1.3189999999999995,0.0,0.0,0.0,1.2579127291703591,0.0,0.0,0.03044037261432278,1.2274723565560364,0.07476085894171891,0.0,0.0,0.0,0.013002041980917898,0.0,0,0.0,0,1.2274723565560364,,,,,,,,,,,
2157,2/24/1973,0.376,2.043,2.000,4.866,2.043,0.0,2.8229999999999995,0.0,0.0,0.0,1.2274723565560364,0.0,0.0,0.02922258596955133,1.198249770586485,0.07191356890246507,0.0,0.0,0.0,0.012448399459375632,0.0,0,0.0,0,1.198249770586485,,,,,,,,,,,
2158,2/25/1973,0.424,10.048,2.000,4.866,4.866,5.182,0.0,0,5.09255855428157,0.0,6.290808324868055,0.0,0.0,0.4451877436485691,5.845620581219486,0.9359817264613871,0.08944144571843,0.08944144571843,0.0,0.22686549529689012,0.08944144571843,0,0.0,0,5.845620581219486,,,,,,,,,,,
2159,2/26/1973,0.525,14.574,2.000,4.866,4.866,9.708,0.0,0,9.708,0.08944144571843,15.55401873047889,0.0,0.08944144571843,2.0126587272572207,13.54136000322167,3.7725802485253443,0.0,0.0,0.00039814925940304455,1.1326862035851282,0.08904329645902696,0,0.0,0,13.54136000322167,,,,,,,,,,,
2160,2/27/1973,0.353,1.633,2.000,4.866,1.633,0.0,3.2329999999999997,0.0,0.0,0.08904329645902696,13.54136000322167,0.08904329645902696,0.0,1.5976056399313234,11.943754363290346,3.052727910907112,0.0,0.0,0.0,0.8855421430990917,0.0,0,0.0,0,11.943754363290346,,,,,,,,,,,
2161,2/28/1973,0.353,0.741,2.000,4.866,0.741,0.0,4.125,0.0,0.0,0.0,11.943754363290346,0.0,0.0,1.2959867155349383,10.647767647755407,2.5184999780882125,0.0,0.0,0.0,0.7085344585676586,0.0,0,0.0,0,10.647767647755407,,,,,,,,,,,
2162,3/1/1973,0.331,1.144,3.000,4.631,1.144,0.0,3.487,0.0,0.0,0.0,10.647767647755407,0.0,0.0,1.0701961573994698,9.577571490355936,2.1111175135601004,0.0,0.0,0.0,0.5777678235285079,0.0,0,0.0,0,9.577571490355936,,,,,,,,,,,
2163,3/2/1973,0.267,5.162,3.000,4.631,4.631,0.5309999999999997,0.0,0,0.4415598013426623,0.0,10.0191312916986,0.0,0.0,0.9669764356737143,9.052154856024885,1.922388105036689,0.08944019865733736,0.08944019865733736,0.0,0.5185701458598416,0.08944019865733736,0,0.0,0,9.052154856024885,,,,,,,,,,,
2164,3/3/1973,0.267,1.510,3.000,4.631,1.51,0.0,3.1210000000000004,0.0,0.0,0.08944019865733736,9.052154856024885,0.08944019865733736,0.0,0.816492881620323,8.235661974404561,1.6439992627569597,0.0,0.0,0.0,0.43302213087120667,0.0,0,0.0,0,8.235661974404561,,,,,,,,,,,
2165,3/4/1973,0.267,0.191,3.000,4.631,0.191,0.0,4.44,0.0,0.0,0.0,8.235661974404561,0.0,0.0,0.6974771213970322,7.538184853007529,1.4207173767660786,0.0,0.0,0.0,0.3660879465885371,0.0,0,0.0,0,7.538184853007529,,,,,,,,,,,
2166,3/5/1973,0.267,0.014,3.000,4.631,0.014,0.0,4.617,0.0,0.0,0.0,7.538184853007529,0.0,0.0,0.6018345045176454,6.936350348489883,1.2389784816803138,0.0,0.0,0.0,0.31283680281843956,0.0,0,0.0,0,6.936350348489883,,,,,,,,,,,
2167,3/6/1973,0.267,0.247,3.000,4.631,0.247,0.0,4.384,0.0,0.0,0.0,6.936350348489883,0.0,0.0,0.5239029123893213,6.412447436100562,1.0891480904342128,0.0,0.0,0.0,0.2698538715063156,0.0,0,0.0,0,6.412447436100562,,,,,,,,,,,
2168,3/7/1973,0.288,0.001,3.000,4.631,0.001,0.0,4.63,0.0,0.0,0.0,6.412447436100562,0.0,0.0,0.4596269388868543,5.9528204972137075,0.9642280785957886,0.0,0.0,0.0,0.23471609277586833,0.0,0,0.0,0,5.9528204972137075,,,,,,,,,,,
2169,3/8/1973,0.267,2.673,3.000,4.631,2.673,0.0,1.9580000000000002,0.0,0.0,0.0,5.9528204972137075,0.0,0.0,0.4060414994202653,5.546778997793442,0.859035222940918,0.0,0.0,0.0,0.20566739383297628,0.0,0,0.0,0,5.546778997793442,,,,,,,,,,,
2170,3/9/1973,0.288,4.870,3.000,4.631,4.631,0.23899999999999988,0.0,0,0.15040873084699577,0.0,5.697187728640438,0.0,0.0,0.37739834813214795,5.31978938050829,0.802372180685651,0.08859126915300411,0.08859126915300411,0.0,0.19024117021970327,0.08859126915300411,0,0.0,0,5.31978938050829,,,,,,,,,,,
2171,3/10/1973,0.331,0.859,3.000,4.631,0.859,0.0,3.7720000000000002,0.0,0.0,0.08859126915300411,5.31978938050829,0.08859126915300411,0.0,0.3366586996295073,4.983130680878783,0.7212053056684902,0.0,0.0,0.0,0.1684340864717414,0.0,0,0.0,0,4.983130680878783,,,,,,,,,,,
2172,3/11/1973,0.353,0.189,3.000,4.631,0.189,0.0,4.442,0.0,0.0,0.0,4.983130680878783,0.0,0.0,0.301904490126156,4.681226190752627,0.6513793840077198,0.0,0.0,0.0,0.14996710969871468,0.0,0,0.0,0,4.681226190752627,,,,,,,,,,,
2173,3/12/1973,0.353,0.127,3.000,4.631,0.127,0.0,4.5040000000000004,0.0,0.0,0.0,4.681226190752627,0.0,0.0,0.2720394083069642,4.409186782445662,0.5909006260207018,0.0,0.0,0.0,0.1342089896373789,0.0,0,0.0,0,4.409186782445662,,,,,,,,,,,
2174,3/13/1973,0.353,0.297,3.000,4.631,0.297,0.0,4.3340000000000005,0.0,0.0,0.0,4.409186782445662,0.0,0.0,0.2462048512158907,4.162981931229772,0.5381928380778378,0.0,0.0,0.0,0.1206687780917409,0.0,0,0.0,0,4.162981931229772,,,,,,,,,,,
2175,3/14/1973,0.353,0.587,3.000,4.631,0.587,0.0,4.0440000000000005,0.0,0.0,0.0,4.162981931229772,0.0,0.0,0.2237209497942431,3.939260981435529,0.4919968692324838,0.0,0.0,0.0,0.1089603090294748,0.0,0,0.0,0,3.939260981435529,,,,,,,,,,,
2176,3/15/1973,0.331,1.977,3.000,4.631,1.977,0.0,2.654,0.0,0.0,0.0,3.939260981435529,0.0,0.0,0.20404394041521842,3.7352170410203103,0.4512972068853241,0.0,0.0,0.0,0.09877669203149535,0.0,0,0.0,0,3.7352170410203103,,,,,,,,,,,
2177,3/16/1973,0.400,7.373,3.000,4.631,4.631,2.742,0.0,0,2.65255855428157,0.0,6.38777559530188,0.0,0.0,0.45668336878756716,5.931092226514313,0.9584755049243914,0.08944144571843,0.08944144571843,0.0,0.233114338208062,0.08944144571843,0,0.0,0,5.931092226514313,,,,,,,,,,,
2178,3/17/1973,1.121,7.012,3.000,4.631,4.631,2.3809999999999993,0.0,0,2.3809999999999993,0.08944144571843,8.312490375773717,0.0,0.08944144571843,0.7083551197197718,7.604135256053945,1.441251203235126,0.0,0.0,0.00039814925940304455,0.3721763309313818,0.08904329645902696,0,0.0,0,7.604135256053945,,,,,,,,,,,
2179,3/18/1973,0.580,0.458,3.000,4.631,0.458,0.0,4.173,0.0,0.0,0.08904329645902696,7.604135256053945,0.08904329645902696,0.0,0.6106356654332256,6.993499590620719,1.2557965912840279,0.0,0.0,0.0,0.31771505861963306,0.0,0,0.0,0,6.993499590620719,,,,,,,,,,,
2180,3/19/1973,0.499,1.280,3.000,4.631,1.28,0.0,3.351,0.0,0.0,0.0,6.993499590620719,0.0,0.0,0.5311167942761812,6.462382796344539,1.1030892557379597,0.0,0.0,0.0,0.2738159094012384,0.0,0,0.0,0,6.462382796344539,,,,,,,,,,,
2181,3/20/1973,0.473,0.964,3.000,4.631,0.964,0.0,3.6670000000000003,0.0,0.0,0.0,6.462382796344539,0.0,0.0,0.46560779677699343,5.9967749995675454,0.9759074801845978,0.0,0.0,0.0,0.23797267396040214,0.0,0,0.0,0,5.9967749995675454,,,,,,,,,,,
2182,3/21/1973,0.400,8.213,3.000,4.631,4.631,3.581999999999999,0.0,0,3.492558554281569,0.0,9.489333553849114,0.0,0.0,0.8832669199813964,8.606066633867718,1.7680333787892317,0.08944144571843,0.08944144571843,0.0,0.47086461392632745,0.08944144571843,0,0.0,0,8.606066633867718,,,,,,,,,,,
2183,3/22/1973,1.797,31.032,3.000,4.631,4.631,26.401,0.0,0,26.401,0.08944144571843,35.00746478312712,0.0,0.08944144571843,7.779772175790038,27.227692607337083,12.836119318225819,0.0,0.0,0.00039814925940304455,4.7856854853795365,0.08904329645902696,0,0.0,0,27.227692607337083,,,,,,,,,,,
2184,3/23/1973,1.194,11.808,3.000,4.631,4.631,7.177,0.0,0,7.176601850740597,0.08904329645902696,34.4046908349727,0.0,0.08904329645902696,7.557796793365971,26.846894041606728,12.507802844434234,0.0003981492594030382,0.0003981492594030382,0.0003963768950199571,4.640291502680084,0.08904506882341005,0,0.0,0,26.846894041606728,,,,,,,,,,,
2185,3/24/1973,1.231,4.974,3.000,4.631,4.631,0.34299999999999997,0.0,0,0.3426038085049894,0.08904506882341005,27.189894234896432,0.0,0.08904506882341005,5.105578702953831,22.0843155319426,8.791915745764163,0.00039619149501055804,0.00039619149501055804,0.000396384784713162,3.0548219855223966,0.08904487553370746,0,0.0,0,22.0843155319426,,,,,,,,,,,
2186,3/25/1973,1.269,0.474,3.000,4.631,0.474,0.0,4.157,0.0,0.0,0.08904487553370746,22.0843155319426,0.08904487553370746,0.0,3.6099873832419798,18.47432814870062,6.42529304556238,0.0,0.0,0.0,2.111256815788475,0.0,0,0.0,0,18.47432814870062,,,,,,,,,,,
2187,3/26/1973,0.881,0.170,3.000,4.631,0.17,0.0,4.461,0.0,0.0,0.0,18.47432814870062,0.0,0.0,2.68110321809151,15.793224930609112,4.902307190057423,0.0,0.0,0.0,1.5376164409614743,0.0,0,0.0,0,15.793224930609112,,,,,,,,,,,
2188,3/27/1973,0.724,0.071,3.000,4.631,0.071,0.0,4.5600000000000005,0.0,0.0,0.0,15.793224930609112,0.0,0.0,2.0645107376482157,13.728714192960897,3.8614289337021,0.0,0.0,0.0,1.1638138299817737,0.0,0,0.0,0,13.728714192960897,,,,,,,,,,,
2189,3/28/1973,0.448,0.635,3.000,4.631,0.635,0.0,3.9960000000000004,0.0,0.0,0.0,13.728714192960897,0.0,0.0,1.634615268572125,12.094098924388772,3.1175885250429394,0.0,0.0,0.0,0.90742272091842,0.0,0,0.0,0,12.094098924388772,,,,,,,,,,,
2190,3/29/1973,0.525,0.089,3.000,4.631,0.089,0.0,4.542,0.0,0.0,0.0,12.094098924388772,0.0,0.0,1.3232898228744225,10.77080910151435,2.5673004696231803,0.0,0.0,0.0,0.7244546160787728,0.0,0,0.0,0,10.77080910151435,,,,,,,,,,,
2191,3/30/1973,0.473,0.349,3.000,4.631,0.349,0.0,4.282,0.0,0.0,0.0,10.77080910151435,0.0,0.0,1.0908867307850525,9.679922370729297,2.1487493173400907,0.0,0.0,0.0,0.589680597328368,0.0,0,0.0,0,9.679922370729297,,,,,,,,,,,
2192,3/31/1973,0.376,0.115,3.000,4.631,0.115,0.0,4.516,0.0,0.0,0.0,9.679922370729297,0.0,0.0,0.9130310956033075,8.76689127512599,1.8230566496439942,0.0,0.0,0.0,0.4877943464548982,0.0,0,0.0,0,8.76689127512599,,,,,,,,,,,
2193,4/1/1973,0.400,0.163,4.000,4.235,0.163,0.0,4.072,0.0,0.0,0.0,8.76689127512599,0.0,0.0,0.774060926882527,7.992830348243464,1.564732447341796,0.0,0.0,0.0,0.4090795428292145,0.0,0,0.0,0,7.992830348243464,,,,,,,,,,,
2194,4/2/1973,0.331,0.560,4.000,4.235,0.56,0.0,3.6750000000000003,0.0,0.0,0.0,7.992830348243464,0.0,0.0,0.6635394823082641,7.329290865935199,1.3564811956790583,0.0,0.0,0.0,0.34713370630335916,0.0,0,0.0,0,7.329290865935199,,,,,,,,,,,
2195,4/3/1973,0.448,1.842,4.000,4.235,1.842,0.0,2.3930000000000002,0.0,0.0,0.0,7.329290865935199,0.0,0.0,0.5742958879296344,6.754994978005565,1.1862237998772243,0.0,0.0,0.0,0.2976034699947511,0.0,0,0.0,0,6.754994978005565,,,,,,,,,,,
2196,4/4/1973,0.400,1.654,4.000,4.235,1.654,0.0,2.5810000000000004,0.0,0.0,0.0,6.754994978005565,0.0,0.0,0.5012728259836663,6.253722152021899,1.0453136300774735,0.0,0.0,0.0,0.2574483842245632,0.0,0,0.0,0,6.253722152021899,,,,,,,,,,,
2197,4/5/1973,3.280,15.046,4.000,4.235,4.235,10.811,0.0,0,10.72155855428157,0.0,16.97528070630347,0.0,0.0,2.328416772952796,14.646863933350673,4.310315522775673,0.08944144571843,0.08944144571843,0.0,1.3230149051243976,0.08944144571843,0,0.0,0,14.646863933350673,,,,,,,,,,,
2198,4/6/1973,1.463,1.039,4.000,4.235,1.039,0.0,3.1960000000000006,0.0,0.0,0.08944144571843,14.646863933350673,0.08944144571843,0.0,1.8208472862454306,12.826016647105241,3.4419009182925344,0.0,0.0,0.0,1.0180073099498734,0.0,0,0.0,0,12.826016647105241,,,,,,,,,,,
2199,4/7/1973,0.914,0.901,4.000,4.235,0.901,0.0,3.3340000000000005,0.0,0.0,0.0,12.826016647105241,0.0,0.0,1.459437306228853,11.366579340876388,2.809294767326407,0.0,0.0,0.0,0.8041557632823944,0.0,0,0.0,0,11.366579340876388,,,,,,,,,,,
2200,4/8/1973,0.849,7.364,4.000,4.235,4.235,3.1289999999999996,0.0,0,3.0395585542815695,0.0,14.406137895157958,0.0,0.0,1.7712439939799594,12.634893901177998,3.3558457687824093,0.08944144571843,0.08944144571843,0.0,0.9884767960219881,0.08944144571843,0,0.0,0,12.634893901177998,,,,,,,,,,,
2201,4/9/1973,1.121,6.531,4.000,4.235,4.235,2.2959999999999994,0.0,0,2.2959999999999994,0.08944144571843,14.931292050437401,0.0,0.08944144571843,1.8801597957702854,13.051132254667115,3.5445025449118055,0.0,0.0,0.00039814925940304455,1.0533874956111566,0.08904329645902696,0,0.0,0,13.051132254667115,,,,,,,,,,,
2202,4/10/1973,1.711,7.030,4.000,4.235,4.235,2.795,0.0,0,2.7946018507405967,0.08904329645902696,15.846130482302732,0.0,0.08904329645902696,2.07605007361456,13.770080408688171,3.8811714335091247,0.0003981492594030382,0.0003981492594030382,0.0003963768950199571,1.1707481327256775,0.08904506882341005,0,0.0,0,13.770080408688171,,,,,,,,,,,
2203,4/11/1973,0.785,0.696,4.000,4.235,0.696,0.0,3.5390000000000006,0.0,0.0,0.08904506882341005,13.770080408688171,0.08904506882341005,0.0,1.6428323210049773,12.127248087683194,3.1319701065477004,0.0,0.0,0.0,0.9122852001580084,0.0,0,0.0,0,12.127248087683194,,,,,,,,,,,
2204,4/12/1973,0.607,0.020,4.000,4.235,0.02,0.0,4.215000000000001,0.0,0.0,0.0,12.127248087683194,0.0,0.0,1.329340434340487,10.797907653342707,2.5781024779115125,0.0,0.0,0.0,0.7279856070548753,0.0,0,0.0,0,10.797907653342707,,,,,,,,,,,
2205,4/13/1973,0.552,1.285,4.000,4.235,1.285,0.0,2.95,0.0,0.0,0.0,10.797907653342707,0.0,0.0,1.0954648819222852,9.702442771420422,2.157067354519009,0.0,0.0,0.0,0.5923185262075872,0.0,0,0.0,0,9.702442771420422,,,,,,,,,,,
2206,4/14/1973,0.499,1.720,4.000,4.235,1.72,0.0,2.5150000000000006,0.0,0.0,0.0,9.702442771420422,0.0,0.0,0.9165741281045381,8.785868643315885,1.8295959692860322,0.0,0.0,0.0,0.48981205113553383,0.0,0,0.0,0,8.785868643315885,,,,,,,,,,,
2207,4/15/1973,0.499,1.439,4.000,4.235,1.439,0.0,2.7960000000000003,0.0,0.0,0.0,8.785868643315885,0.0,0.0,0.7768555769622967,8.009013066353589,1.5699642798916866,0.0,0.0,0.0,0.4106538427536345,0.0,0,0.0,0,8.009013066353589,,,,,,,,,,,
2208,4/16/1973,0.552,4.683,4.000,4.235,4.235,0.4479999999999995,0.0,0,0.35856653249792203,0.0,8.367579598851512,0.0,0.0,0.7161965071989334,7.651383091652578,1.4560365892520064,0.08943346750207751,0.08943346750207751,0.0,0.37656895586882505,0.08943346750207751,0,0.0,0,7.651383091652578,,,,,,,,,,,
2209,4/17/1973,0.499,1.214,4.000,4.235,1.214,0.0,3.0210000000000004,0.0,0.0,0.08943346750207751,7.651383091652578,0.08943346750207751,0.0,0.6169723332431691,7.034410758409409,1.2678930064306626,0.0,0.0,0.0,0.3212301793019495,0.0,0,0.0,0,7.034410758409409,,,,,,,,,,,
2210,4/18/1973,0.754,2.529,4.000,4.235,2.529,0.0,1.7060000000000004,0.0,0.0,0.0,7.034410758409409,0.0,0.0,0.5363051720629546,6.498105586346455,1.1131066381753314,0.0,0.0,0.0,0.27666768445903117,0.0,0,0.0,0,6.498105586346455,,,,,,,,,,,
2211,4/19/1973,0.724,2.162,4.000,4.235,2.162,0.0,2.0730000000000004,0.0,0.0,0.0,6.498105586346455,0.0,0.0,0.4699053443245297,6.028200242021925,0.9842924208127166,0.0,0.0,0.0,0.2403143936979798,0.0,0,0.0,0,6.028200242021925,,,,,,,,,,,
2212,4/20/1973,0.636,3.830,4.000,4.235,3.83,0.0,0.40500000000000025,0.0,0.0,0.0,6.028200242021925,0.0,0.0,0.41464703233400163,5.6135532096879235,0.875997964488072,0.0,0.0,0.0,0.2103162855345128,0.0,0,0.0,0,5.6135532096879235,,,,,,,,,,,
2213,4/21/1973,6.339,41.507,4.000,4.235,4.235,37.272,0.0,0,37.18255855428157,0.0,42.79611176396949,0.0,0.0,10.873590330321871,31.92252143364762,17.30195609759789,0.08944144571843,0.08944144571843,0.0,6.83782568949857,0.08944144571843,0,0.0,0,31.92252143364762,,,,,,,,,,,
2214,4/22/1973,67.739,53.388,4.000,4.235,4.235,49.153,0.0,0,49.153,0.08944144571843,81.07591958290702,0.0,0.08944144571843,31.539314545959858,49.536605036947165,44.01331981303792,0.0,0.0,0.00039814925940304455,21.272995591921656,0.08904329645902696,0,0.0,0,49.536605036947165,,,,,,,,,,,
2215,4/23/1973,28.475,4.172,4.000,4.235,4.172,0.0,0.06300000000000061,0.0,0.0,0.08904329645902696,49.53697752160377,0.005367224213944512,0.08367607224508244,13.87548864036159,35.66148888124218,21.473640020286297,0.0,0.0,0.0003724846565988628,8.86665862051942,0.08330358758848358,0,0.0,0,35.66148888124218,,,,,,,,,,,
2216,4/24/1973,4.646,1.237,4.000,4.235,1.237,0.0,2.998,0.0,0.0,0.08330358758848358,35.66148888124218,0.08330358758848358,0.0,8.023519212436996,27.637969668805184,13.195289182915317,0.0,0.0,0.0,4.945654420187223,0.0,0,0.0,0,27.637969668805184,,,,,,,,,,,
2217,4/25/1973,2.111,8.646,4.000,4.235,4.235,4.4110000000000005,0.0,0,4.32155855428157,0.0,31.959528223086753,0.0,0.0,6.683947722975826,25.275580500110927,11.203292572138984,0.08944144571843,0.08944144571843,0.0,4.070725739958883,0.08944144571843,0,0.0,0,25.275580500110927,,,,,,,,,,,
2218,4/26/1973,21.401,51.445,4.000,4.235,4.235,47.21,0.0,0,47.21,0.08944144571843,72.48597864937032,0.0,0.08944144571843,26.169120259528327,46.316858389842,37.44289457725564,0.0,0.0,0.00039814925940304455,17.43538465572904,0.08904329645902696,0,0.0,0,46.316858389842,,,,,,,,,,,
2219,4/27/1973,17.682,13.957,4.000,4.235,4.235,9.722000000000001,0.0,0,9.721601850740598,0.08904329645902696,56.03885661747761,0.0,0.08904329645902696,17.041764297697537,38.99709231978008,25.738030461148394,0.0003981492594030382,0.0003981492594030382,0.0003963768950199571,11.038244656704062,0.08904506882341005,0,0.0,0,38.99709231978008,,,,,,,,,,,
2220,4/28/1973,21.051,21.133,4.000,4.235,4.235,16.898,0.0,0,16.89760362310498,0.08904506882341005,55.89509232766978,0.0,0.08904506882341005,16.96896060440712,38.92613172326266,25.641347958492496,0.00039637689501995115,0.00039637689501995115,0.000396384784713162,10.987992623087498,0.08904506093371685,0,0.0,0,38.92613172326266,,,,,,,,,,,
2221,4/29/1973,5.844,7.333,4.000,4.235,4.235,3.098,0.0,0,3.0976036152152866,0.08904506093371685,42.02413172322753,0.0,0.08904506093371685,10.54865349459378,31.475478228633754,16.841635427935124,0.0003963847847131611,0.0003963847847131611,0.0003963847495921342,6.620260868332637,0.08904506096883787,0,0.0,0,31.475478228633754,,,,,,,,,,,
2222,4/30/1973,5.365,8.364,4.000,4.235,4.235,4.1290000000000004,0.0,0,4.128603615250408,0.08904506096883787,35.60447822863391,0.0,0.08904506096883787,8.002152453264667,27.60232577536924,13.163859956791134,0.0003963847495921373,0.0003963847495921373,0.00039638474974847566,4.931618679471127,0.08904506096868153,0,0.0,0,27.60232577536924,,,,,,,,,,,
2223,5/1/1973,6.054,11.712,5.000,3.714,3.714,7.997999999999999,0.0,0,7.9976036152502505,0.08904506096868153,35.60032577536924,0.0,0.08904506096868153,8.000597065013137,27.599728710356104,13.161571661146457,0.0003963847497484729,0.0003963847497484729,0.0003963847497477797,4.930597047206402,0.08904506096868223,0,0.0,0,27.599728710356104,,,,,,,,,,,
2224,5/2/1973,5.984,3.861,5.000,3.714,3.714,0.14700000000000024,0.0,0,0.14661845714607627,0.08904506096868223,27.746743552251928,0.0,0.08904506096868223,5.281036209799148,22.46570734245278,9.063905725917186,0.00038154285392398384,0.00038154285392398384,0.0003963847497477828,3.1668365187312126,0.08903021907285844,0,0.0,0,22.46570734245278,,,,,,,,,,,
2225,5/3/1973,1.050,2.460,5.000,3.714,2.46,0.0,1.254,0.0,0.0,0.08903021907285844,22.46570734245278,0.08903021907285844,0.0,3.7144906827645445,18.751216659688236,6.59379024316145,0.0,0.0,0.0,2.176457331954506,0.0,0,0.0,0,18.751216659688236,,,,,,,,,,,
2226,5/4/1973,1.503,0.834,5.000,3.714,0.834,0.0,2.88,0.0,0.0,0.0,18.751216659688236,0.0,0.0,2.748410071063819,16.002806588624416,5.014341861958982,0.0,0.0,0.0,1.578790666798674,0.0,0,0.0,0,16.002806588624416,,,,,,,,,,,
2227,5/5/1973,2.644,0.376,5.000,3.714,0.376,0.0,3.338,0.0,0.0,0.0,16.002806588624416,0.0,0.0,2.1103737295553846,13.892432859069032,3.9398312658741843,0.0,0.0,0.0,1.1913891000756784,0.0,0,0.0,0,13.892432859069032,,,,,,,,,,,
2228,5/6/1973,2.251,0.177,5.000,3.714,0.177,0.0,3.537,0.0,0.0,0.0,13.892432859069032,0.0,0.0,1.6672329662570362,12.225199892811997,3.1746360820178605,0.0,0.0,0.0,0.9267338010170861,0.0,0,0.0,0,12.225199892811997,,,,,,,,,,,
2229,5/7/1973,1.840,0.396,5.000,3.714,0.396,0.0,3.318,0.0,0.0,0.0,12.225199892811997,0.0,0.0,1.347283712811632,10.877916180000366,2.6101095844512767,0.0,0.0,0.0,0.7384630736779494,0.0,0,0.0,0,10.877916180000366,,,,,,,,,,,
2230,5/8/1973,1.585,0.239,5.000,3.714,0.239,0.0,3.475,0.0,0.0,0.0,10.877916180000366,0.0,0.0,1.109026587957512,9.768889592042854,2.181689394159287,0.0,0.0,0.0,0.6001370228389376,0.0,0,0.0,0,9.768889592042854,,,,,,,,,,,
2231,5/9/1973,1.307,0.921,5.000,3.714,0.921,0.0,2.793,0.0,0.0,0.0,9.768889592042854,0.0,0.0,0.9270598659437064,8.841829726099148,1.8489364686499141,0.0,0.0,0.0,0.4957865242929326,0.0,0,0.0,0,8.841829726099148,,,,,,,,,,,
2232,5/10/1973,3.850,3.103,5.000,3.714,3.103,0.0,0.6109999999999998,0.0,0.0,0.0,8.841829726099148,0.0,0.0,0.7851199685050066,8.056709757594142,1.585426624387567,0.0,0.0,0.0,0.4153115679270218,0.0,0,0.0,0,8.056709757594142,,,,,,,,,,,
2233,5/11/1973,2.347,1.480,5.000,3.714,1.48,0.0,2.234,0.0,0.0,0.0,8.056709757594142,0.0,0.0,0.6724014513641712,7.38430830622997,1.3732806970332834,0.0,0.0,0.0,0.35207711070874925,0.0,0,0.0,0,7.38430830622997,,,,,,,,,,,
2234,5/12/1973,1.384,1.108,5.000,3.714,1.108,0.0,2.606,0.0,0.0,0.0,7.38430830622997,0.0,0.0,0.5814987865203591,6.802809519709611,1.200041622793479,0.0,0.0,0.0,0.30158329479982915,0.0,0,0.0,0,6.802809519709611,,,,,,,,,,,
2235,5/13/1973,1.157,3.898,5.000,3.714,3.714,0.18400000000000016,0.0,0,0.09743370280407489,0.0,6.900243222513686,0.0,0.0,0.5193655151913018,6.380877707322385,1.0803714891000087,0.08656629719592528,0.08656629719592528,0.0,0.26736365886542846,0.08656629719592528,0,0.0,0,6.380877707322385,,,,,,,,,,,
2236,5/14/1973,1.015,0.267,5.000,3.714,0.267,0.0,3.447,0.0,0.0,0.08656629719592528,6.380877707322385,0.08656629719592528,0.0,0.4558617430033332,5.925015964319051,0.9568692952591156,0.0,0.0,0.0,0.2326673685688502,0.0,0,0.0,0,5.925015964319051,,,,,,,,,,,
2237,5/15/1973,1.050,1.106,5.000,3.714,1.106,0.0,2.6079999999999997,0.0,0.0,0.0,5.925015964319051,0.0,0.0,0.4028855143488056,5.522130449970246,0.8528073908208752,0.0,0.0,0.0,0.20396408061649499,0.0,0,0.0,0,5.522130449970246,,,,,,,,,,,
2238,5/16/1973,0.947,0.977,5.000,3.714,0.977,0.0,2.737,0.0,0.0,0.0,5.522130449970246,0.0,0.0,0.35826981076098324,5.163860639209262,0.7643491677903946,0.0,0.0,0.0,0.1799816838457,0.0,0,0.0,0,5.163860639209262,,,,,,,,,,,
2239,5/17/1973,0.947,1.590,5.000,3.714,1.59,0.0,2.1239999999999997,0.0,0.0,0.0,5.163860639209262,0.0,0.0,0.3203735349450892,4.843487104264173,0.688556761476295,0.0,0.0,0.0,0.15976435205902026,0.0,0,0.0,0,4.843487104264173,,,,,,,,,,,
2240,5/18/1973,0.947,1.566,5.000,3.714,1.566,0.0,2.1479999999999997,0.0,0.0,0.0,4.843487104264173,0.0,0.0,0.28793603784453403,4.555551066419639,0.6231498996778413,0.0,0.0,0.0,0.14258332067970592,0.0,0,0.0,0,4.555551066419639,,,,,,,,,,,
2241,5/19/1973,0.947,0.991,5.000,3.714,0.991,0.0,2.723,0.0,0.0,0.0,4.555551066419639,0.0,0.0,0.25997643064685205,4.295574635772787,0.5663370455079489,0.0,0.0,0.0,0.12787558550792363,0.0,0,0.0,0,4.295574635772787,,,,,,,,,,,
2242,5/20/1973,0.947,1.484,5.000,3.714,1.484,0.0,2.23,0.0,0.0,0.0,4.295574635772787,0.0,0.0,0.23572260223461322,4.059852033538173,0.5166950573567999,0.0,0.0,0.0,0.11520099006509404,0.0,0,0.0,0,4.059852033538173,,,,,,,,,,,
2243,5/21/1973,0.914,1.292,5.000,3.714,1.292,0.0,2.4219999999999997,0.0,0.0,0.0,4.059852033538173,0.0,0.0,0.21456034245466069,3.8452916910835127,0.4730820502938517,0.0,0.0,0.0,0.1042116743610463,0.0,0,0.0,0,3.8452916910835127,,,,,,,,,,,
2244,5/22/1973,0.881,2.586,5.000,3.714,2.586,0.0,1.1280000000000001,0.0,0.0,0.0,3.8452916910835127,0.0,0.0,0.19599632448887103,3.6492953665946417,0.434573381566417,0.0,0.0,0.0,0.09462998895573144,0.0,0,0.0,0,3.6492953665946417,,,,,,,,,,,
2245,5/23/1973,3.850,13.884,5.000,3.714,3.714,10.17,0.0,0,10.08055855428157,0.0,13.729853920876211,0.0,0.0,1.634841445156063,12.095012475720148,3.1179844740746665,0.08944144571843,0.08944144571843,0.0,0.9075565404825622,0.08944144571843,0,0.0,0,12.095012475720148,,,,,,,,,,,
2246,5/24/1973,9.050,19.440,5.000,3.714,3.714,15.726,0.0,0,15.726,0.08944144571843,27.821410624979553,0.0,0.08944144571843,5.304743082872106,22.51666754210745,9.100574216755684,0.0,0.0,0.00039814925940304455,3.1819902896044194,0.08904329645902696,0,0.0,0,22.51666754210745,,,,,,,,,,,
2247,5/25/1973,4.395,8.143,5.000,3.714,3.714,4.429,0.0,0,4.4286018507405975,0.08904329645902696,26.945665769743066,0.0,0.08904329645902696,5.02937450332876,21.916291266414305,8.673449981338832,0.0003981492594030382,0.0003981492594030382,0.0003963768950199571,3.006250496356129,0.08904506882341005,0,0.0,0,21.916291266414305,,,,,,,,,,,
2248,5/26/1973,4.646,9.391,5.000,3.714,3.714,5.677,0.0,0,5.676603623104979,0.08904506882341005,27.593291274304,0.0,0.08904506882341005,5.232448395201163,22.360842879102837,8.988692710524875,0.00039637689501995115,0.00039637689501995115,0.000396384784713162,3.1357925024377518,0.08904506093371685,0,0.0,0,22.360842879102837,,,,,,,,,,,
2249,5/27/1973,2.494,3.278,5.000,3.714,3.278,0.0,0.43599999999999994,0.0,0.0,0.08904506093371685,22.361073911260043,0.03714530309153982,0.05189975784217703,3.685701901441401,18.67537200981864,6.547424567808718,0.0,0.0,0.0002310321572072064,2.1584835678514347,0.05166872568496982,0,0.0,0,18.67537200981864,,,,,,,,,,,
2250,5/28/1973,1.974,2.572,5.000,3.714,2.572,0.0,1.142,0.0,0.0,0.05166872568496982,18.67537200981864,0.05166872568496982,0.0,2.7299071805820083,15.945464829236633,4.983571788857952,0.0,0.0,0.0,1.5674650441538756,0.0,0,0.0,0,15.945464829236633,,,,,,,,,,,
2251,5/29/1973,1.544,3.762,5.000,3.714,3.714,0.04800000000000004,0.0,0,0.004132677871609473,0.0,15.949597507108242,0.0,0.0,2.0986917634524507,13.850905743655792,3.9198772555278087,0.04386732212839057,0.04386732212839057,0.0,1.184361503047794,0.04386732212839057,0,0.0,0,13.850905743655792,,,,,,,,,,,
2252,5/30/1973,1.231,1.117,5.000,3.714,1.117,0.0,2.597,0.0,0.0,0.04386732212839057,13.850905743655792,0.04386732212839057,0.0,1.6589351195440203,12.191970624111772,3.1601335429885107,0.0,0.0,0.0,0.9218187414228592,0.0,0,0.0,0,12.191970624111772,,,,,,,,,,,
2253,5/31/1973,1.194,7.583,5.000,3.714,3.714,3.869,0.0,0,3.77955855428157,0.0,15.971529178393341,0.0,0.0,2.103503683384649,13.868025495008691,3.9280978471621584,0.08944144571843,0.08944144571843,0.0,1.1872559303648564,0.08944144571843,0,0.0,0,13.868025495008691,,,,,,,,,,,
2254,6/1/1973,8.477,16.096,6.000,3.269,3.269,12.827,0.0,0,12.827,0.08944144571843,26.695423644268097,0.0,0.08944144571843,4.951770106598672,21.743653537669424,8.552594208668324,0.0,0.0,0.00039814925940304455,2.9568362910258874,0.08904329645902696,0,0.0,0,21.743653537669424,,,,,,,,,,,
2255,6/2/1973,3.503,2.332,6.000,3.269,2.332,0.0,0.9370000000000003,0.0,0.0,0.08904329645902696,21.743694564923164,0.07982681092803111,0.009216485530995855,3.517666608832049,18.226027956091116,6.275996370446883,0.0,0.0,4.1027253741145004e-05,2.0537602103352124,0.00917545827725471,0,0.0,0,18.226027956091116,,,,,,,,,,,
2256,6/3/1973,11.035,9.018,6.000,3.269,3.269,5.7490000000000006,0.0,0,5.668734012558826,0.00917545827725471,23.89480281327056,0.0,0.00917545827725471,4.116595513847059,19.7782072994235,7.23741234793952,0.0802659874411753,0.0802659874411753,4.084462061663356e-05,2.428434205373539,0.08940060109781338,0,0.0,0,19.7782072994235,,,,,,,,,,,
2257,6/4/1973,6.776,9.791,6.000,3.269,3.269,6.522,0.0,0,6.521959155379384,0.08940060109781338,26.300564422242154,0.0,0.08940060109781338,4.830301350035431,21.470263072206723,8.36298748928405,4.084462061662125e-05,4.084462061662125e-05,0.0003979674392712423,2.879594215505942,0.08904347827915876,0,0.0,0,21.470263072206723,,,,,,,,,,,
2258,6/5/1973,4.149,4.443,6.000,3.269,3.269,1.1739999999999995,0.0,0,1.17360203256073,0.08904347827915876,22.644261482471848,0.0,0.08904347827915876,3.763824632585439,18.880436849886408,6.673153632149927,0.00039796743926966404,0.00039796743926966404,0.0003963777043936232,2.2072793888282174,0.08904506801403479,0,0.0,0,18.880436849886408,,,,,,,,,,,
2259,6/6/1973,8.316,9.001,6.000,3.269,3.269,5.731999999999999,0.0,0,5.731603622295604,0.08904506801403479,24.61243685696312,0.0,0.08904506801403479,4.324708134157194,20.287728722805927,7.567745196822307,0.00039637770439521176,0.00039637770439521176,0.000396384781110222,2.559495096751783,0.08904506093731979,0,0.0,0,20.287728722805927,,,,,,,,,,,
2260,6/7/1973,3.733,2.295,6.000,3.269,2.295,0.0,0.9740000000000002,0.0,0.0,0.08904506093731979,20.28775571896611,0.08298056241412731,0.006064498523192477,3.1339287829927804,17.15382693597333,5.650751416073107,0.0,0.0,2.699616018351549e-05,1.8158637832650226,0.006037502363008962,0,0.0,0,17.15382693597333,,,,,,,,,,,
2261,6/8/1973,2.746,5.081,6.000,3.269,3.269,1.8120000000000003,0.0,0,1.7285960566445793,0.006037502363008962,18.88244986860449,0.0,0.006037502363008962,2.780543403842243,16.101906464762244,5.067728142807637,0.08340394335542105,0.08340394335542105,2.6875986576107243e-05,1.5984713922916147,0.0894145697318539,0,0.0,0,16.101906464762244,,,,,,,,,,,
2262,6/9/1973,22.943,19.131,6.000,3.269,3.269,15.862,0.0,0,15.861973124013424,0.0894145697318539,31.96427761839642,0.0,0.0894145697318539,6.685603269026391,25.27867434937003,11.205783044664107,2.6875986576108497e-05,2.6875986576108497e-05,0.0003980296207493415,4.071800371290954,0.08904341609768067,0,0.0,0,25.27867434937003,,,,,,,,,,,
2263,6/10/1973,6.702,4.831,6.000,3.269,3.269,1.5620000000000003,0.0,0,1.561601970379251,0.08904341609768067,26.84067269717687,0.0,0.08904341609768067,4.996755568996164,21.843917128180706,8.622677884393896,0.00039802962074933734,0.00039802962074933734,0.000396377427592312,2.98547439831528,0.08904506829083769,0,0.0,0,21.843917128180706,,,,,,,,,,,
2264,6/11/1973,6.850,8.359,6.000,3.269,3.269,5.09,0.0,0,5.089603622572407,0.08904506829083769,26.933917135535456,0.0,0.08904506829083769,5.025720254954792,21.908196880580665,8.667763957783787,0.0003963774275923145,0.0003963774275923145,0.0003963847823424122,3.0039225403782868,0.08904506093608759,0,0.0,0,21.908196880580665,,,,,,,,,,,
2265,6/12/1973,3.850,1.139,6.000,3.269,1.139,0.0,2.13,0.0,0.0,0.08904506093608759,21.908196880580665,0.08904506093608759,0.0,3.5621333220097116,18.346063558570954,6.34795824008117,0.0,0.0,0.0,2.0814414706242323,0.0,0,0.0,0,18.346063558570954,,,,,,,,,,,
2266,6/13/1973,2.746,5.180,6.000,3.269,3.269,1.9109999999999996,0.0,0,1.8215585542815695,0.0,20.167622112852523,0.0,0.0,3.103060693996855,17.064561418855668,5.600112425562953,0.08944144571843,0.08944144571843,0.0,1.7968074828434673,0.08944144571843,0,0.0,0,17.064561418855668,,,,,,,,,,,
2267,6/14/1973,3.225,7.722,6.000,3.269,3.269,4.453,0.0,0,4.453,0.08944144571843,21.51795956811507,0.0,0.08944144571843,3.4570122892488264,18.060947278866244,6.1776782710476965,0.0,0.0,0.00039814925940304455,2.016039061248433,0.08904329645902696,0,0.0,0,18.060947278866244,,,,,,,,,,,
2268,6/15/1973,25.901,17.535,6.000,3.269,3.269,14.266,0.0,0,14.265601850740596,0.08904329645902696,32.32694550650186,0.0,0.08904329645902696,6.812505984252672,25.514439522249184,11.396463323924452,0.0003981492594030382,0.0003981492594030382,0.0003963768950199571,4.154225992459179,0.08904506882341005,0,0.0,0,25.514439522249184,,,,,,,,,,,
2269,6/16/1973,50.117,12.512,6.000,3.269,3.269,9.243,0.0,0,9.24260362310498,0.08904506882341005,34.757439530138875,0.0,0.08904506882341005,7.6873868768941325,27.070052653244744,12.699619393631256,0.00039637689501995115,0.00039637689501995115,0.000396384784713162,4.725139451711582,0.08904506093371685,0,0.0,0,27.070052653244744,,,,,,,,,,,
2270,6/17/1973,11.397,3.742,6.000,3.269,3.269,0.47299999999999986,0.0,0,0.4726036253463561,0.08904506093371685,27.543052663340692,0.0,0.08904506093371685,5.21658032485169,22.326472338489,8.96411166236336,0.0003963746536438059,0.0003963746536438059,0.0003963847495921342,3.125658080032189,0.08904505083776852,0,0.0,0,22.326472338489,,,,,,,,,,,
2271,6/18/1973,9.133,5.696,6.000,3.269,3.269,2.4269999999999996,0.0,0,2.4266036051193383,0.08904505083776852,24.75347232831299,0.0,0.08904505083776852,4.366089756579774,20.38738257173322,7.633214375241815,0.00039639488066148796,0.00039639488066148796,0.0003963847046499453,2.585605717800947,0.08904506101378006,0,0.0,0,20.38738257173322,,,,,,,,,,,
2272,6/19/1973,4.903,0.834,6.000,3.269,0.834,0.0,2.435,0.0,0.0,0.08904506101378006,20.38738257173322,0.08904506101378006,0.0,3.159620326933864,17.227762244799354,5.692857894100321,0.0,0.0,0.0,1.831733788288005,0.0,0,0.0,0,17.227762244799354,,,,,,,,,,,
2273,6/20/1973,3.280,2.780,6.000,3.269,2.78,0.0,0.4890000000000003,0.0,0.0,0.0,17.227762244799354,0.0,0.0,2.3864219084970766,14.841340336302277,4.40827335759734,0.0,0.0,0.0,1.3581709036211176,0.0,0,0.0,0,14.841340336302277,,,,,,,,,,,
2274,6/21/1973,34.254,19.243,6.000,3.269,3.269,15.973999999999998,0.0,0,15.884558554281568,0.0,30.725898890583846,0.0,0.0,6.259506672285582,24.466392218298264,10.562269395410791,0.08944144571843,0.08944144571843,0.0,3.795806434439813,0.08944144571843,0,0.0,0,24.466392218298264,,,,,,,,,,,
2275,6/22/1973,26.791,8.970,6.000,3.269,3.269,5.7010000000000005,0.0,0,5.7010000000000005,0.08944144571843,30.167790367557668,0.0,0.08944144571843,6.071159100517041,24.096631267040628,10.276150566315541,0.0,0.0,0.00039814925940304455,3.6741974584128645,0.08904329645902696,0,0.0,0,24.096631267040628,,,,,,,,,,,
2276,6/23/1973,9.980,0.875,6.000,3.269,0.875,0.0,2.394,0.0,0.0,0.08904329645902696,24.096631267040628,0.08904329645902696,0.0,4.17471018586825,19.92192108117238,7.3298406626163155,0.0,0.0,0.0,2.4649895275686546,0.0,0,0.0,0,19.92192108117238,,,,,,,,,,,
2277,6/24/1973,3.170,1.755,6.000,3.269,1.755,0.0,1.5140000000000002,0.0,0.0,0.0,19.92192108117238,0.0,0.0,3.0403095503862962,16.88161153078608,5.497004064127344,0.0,0.0,0.0,1.7581068614344322,0.0,0,0.0,0,16.88161153078608,,,,,,,,,,,
2278,6/25/1973,19.902,21.132,6.000,3.269,3.269,17.863,0.0,0,17.77355855428157,0.0,34.65517008506765,0.0,0.0,7.649725229742112,27.005444855325543,12.643915305463537,0.08944144571843,0.08944144571843,0.0,4.700471051572123,0.08944144571843,0,0.0,0,27.005444855325543,,,,,,,,,,,
2279,6/26/1973,17.899,3.666,6.000,3.269,3.269,0.3969999999999998,0.0,0,0.3969999999999998,0.08944144571843,27.402843004584945,0.0,0.08944144571843,5.172396579234837,22.23044642535011,8.89562122989481,0.0,0.0,0.00039814925940304455,3.0974500578556268,0.08904329645902696,0,0.0,0,22.23044642535011,,,,,,,,,,,
2280,6/27/1973,8.316,1.487,6.000,3.269,1.487,0.0,1.782,0.0,0.0,0.08904329645902696,22.23044642535011,0.08904329645902696,0.0,3.6498869955530595,18.58055942979705,6.4896876896221105,0.0,0.0,0.0,2.13613606704392,0.0,0,0.0,0,18.58055942979705,,,,,,,,,,,
2281,6/28/1973,4.333,0.635,6.000,3.269,0.635,0.0,2.6340000000000003,0.0,0.0,0.0,18.58055942979705,0.0,0.0,2.7068472847193,15.873712145077748,4.9451931527819415,0.0,0.0,0.0,1.553357150109048,0.0,0,0.0,0,15.873712145077748,,,,,,,,,,,
2282,6/29/1973,3.503,0.811,6.000,3.269,0.811,0.0,2.458,0.0,0.0,0.0,15.873712145077748,0.0,0.0,2.082076164057202,13.791635981020546,3.8914770672606553,0.0,0.0,0.0,1.174370384431179,0.0,0,0.0,0,13.791635981020546,,,,,,,,,,,
2283,6/30/1973,2.746,1.581,6.000,3.269,1.581,0.0,1.6880000000000002,0.0,0.0,0.0,13.791635981020546,0.0,0.0,1.6471206844536386,12.144515296566908,3.1394729234234697,0.0,0.0,0.0,0.9148234954130504,0.0,0,0.0,0,12.144515296566908,,,,,,,,,,,
2284,7/1/1973,2.445,1.525,7.000,3.463,1.525,0.0,1.9380000000000002,0.0,0.0,0.0,12.144515296566908,0.0,0.0,1.3324965352841798,10.812018761282728,2.5837351868218614,0.0,0.0,0.0,0.7298278515002502,0.0,0,0.0,0,10.812018761282728,,,,,,,,,,,
2285,7/2/1973,2.251,1.319,7.000,3.463,1.319,0.0,2.144,0.0,0.0,0.0,10.812018761282728,0.0,0.0,1.0978519116613643,9.714166849621364,2.1614031114975565,0.0,0.0,0.0,0.5936942197366725,0.0,0,0.0,0,9.714166849621364,,,,,,,,,,,
2286,7/3/1973,2.019,1.021,7.000,3.463,1.021,0.0,2.442,0.0,0.0,0.0,9.714166849621364,0.0,0.0,0.9184207961348269,8.795746053486537,1.8330034627143743,0.0,0.0,0.0,0.4908639049023735,0.0,0,0.0,0,8.795746053486537,,,,,,,,,,,
2287,7/4/1973,2.594,4.932,7.000,3.463,3.463,1.4690000000000003,0.0,0,1.3795585542815714,0.0,10.175304607768108,0.0,0.0,0.9922279959527806,9.183076611815327,1.9687163606858331,0.08944144571842903,0.08944144571842903,0.0,0.5330154172450299,0.08944144571842903,0,0.0,0,9.183076611815327,,,,,,,,,,,
2288,7/5/1973,7.763,13.378,7.000,3.463,3.463,9.915,0.0,0,9.914999999999997,0.08944144571842903,19.098474761074726,0.0,0.08944144571842903,2.8337633989361097,16.264711362138616,5.156006923070261,9.731395334451541e-16,9.731395334451541e-16,0.0003981492594030402,1.6310999364588217,0.08904329645902696,0,0.0,0,16.264711362138616,,,,,,,,,,,
2289,7/6/1973,18.008,19.053,7.000,3.463,3.463,15.59,0.0,0,15.589601850740596,0.08904329645902696,31.85470958977423,0.0,0.08904329645902696,6.647451770320732,25.2072578194535,11.148371844311754,0.0003981492594030382,0.0003981492594030382,0.0003963768950199571,4.047040311741785,0.08904506882341005,0,0.0,0,25.2072578194535,,,,,,,,,,,
2290,7/7/1973,16.823,9.408,7.000,3.463,3.463,5.944999999999999,0.0,0,5.944603623104979,0.08904506882341005,31.152257827343192,0.0,0.08904506882341005,6.404938919999964,24.747318907343228,10.782487008851128,0.00039637689501995115,0.00039637689501995115,0.000396384784713162,3.8898718625532367,0.08904506093371685,0,0.0,0,24.747318907343228,,,,,,,,,,,
2291,7/8/1973,15.774,10.479,7.000,3.463,3.463,7.015999999999999,0.0,0,7.015603615215286,0.08904506093371685,31.763318907308108,0.0,0.08904506093371685,6.615696445777864,25.147622461530243,11.100555190397282,0.0003963847847131611,0.0003963847847131611,0.0003963847495921342,4.026438452161027,0.08904506096883787,0,0.0,0,25.147622461530243,,,,,,,,,,,
2292,7/9/1973,10.590,2.326,7.000,3.463,2.326,0.0,1.137,0.0,0.0,0.08904506096883787,25.147622461530243,0.08904506096883787,0.0,4.48257258854766,20.665049872982586,7.817126964568957,0.0,0.0,0.0,2.6591900520023413,0.0,0,0.0,0,20.665049872982586,,,,,,,,,,,
2293,7/10/1973,4.903,3.490,7.000,3.463,3.463,0.027000000000000135,0.0,0,0.0007913165106163099,0.0,20.6658411894932,0.0,0.0,3.231872785783439,17.433968403709763,5.811079844753953,0.026208683489383825,0.026208683489383825,0.0,1.8764104074160048,0.026208683489383825,0,0.0,0,17.433968403709763,,,,,,,,,,,
2294,7/11/1973,3.792,1.540,7.000,3.463,1.54,0.0,1.923,0.0,0.0,0.026208683489383825,17.433968403709763,0.026208683489383825,0.0,2.4342183711222454,14.999750032587517,4.488809450533148,0.0,0.0,0.0,1.3871819344519287,0.0,0,0.0,0,14.999750032587517,,,,,,,,,,,
2295,7/12/1973,3.792,3.249,7.000,3.463,3.249,0.0,0.21399999999999997,0.0,0.0,0.0,14.999750032587517,0.0,0.0,1.894548878142342,13.105201154445176,3.569345604583572,0.0,0.0,0.0,1.0619818145918591,0.0,0,0.0,0,13.105201154445176,,,,,,,,,,,
2296,7/13/1973,3.391,1.172,7.000,3.463,1.172,0.0,2.2910000000000004,0.0,0.0,0.0,13.105201154445176,0.0,0.0,1.5127666110730713,11.592434543372104,2.9035002902016633,0.0,0.0,0.0,0.8355111759235793,0.0,0,0.0,0,11.592434543372104,,,,,,,,,,,
2297,7/14/1973,2.955,4.388,7.000,3.463,3.463,0.9249999999999998,0.0,0,0.8355585544676307,0.0,12.427993097839735,0.0,0.0,1.3847374902089988,11.043255607630737,2.6767930639282618,0.08944144553236912,0.08944144553236912,0.0,0.7603626081283211,0.08944144553236912,0,0.0,0,11.043255607630737,,,,,,,,,,,
2298,7/15/1973,3.225,3.331,7.000,3.463,3.331,0.0,0.13200000000000012,0.0,0.0,0.08944144553236912,11.043603482983118,0.011293681316285947,0.07814776421608317,1.1373229071200321,9.906280575863086,2.2329764254431472,0.0,0.0,0.0003478753523795727,0.6164703947936018,0.0777998888637036,0,0.0,0,9.906280575863086,,,,,,,,,,,
2299,7/16/1973,3.116,3.881,7.000,3.463,3.463,0.4179999999999997,0.0,0,0.4063595293901071,0.0777998888637036,10.31298643203586,0.0,0.0777998888637036,1.0147051284577113,9.298281303578149,2.009867062392802,0.011640470609892607,0.011640470609892607,0.0003463267826667068,0.5458939502646049,0.08909403269092951,0,0.0,0,9.298281303578149,,,,,,,,,,,
2300,7/17/1973,3.335,4.122,7.000,3.463,3.463,0.6589999999999998,0.0,0,0.6586525871111657,0.08909403269092951,9.957330493437047,0.0,0.08909403269092951,0.9570559216809977,9.000274571756048,1.9041582960630914,0.0003474128888340764,0.0003474128888340764,0.000396602747732809,0.5129018226627556,0.08904484283203079,0,0.0,0,9.000274571756048,,,,,,,,,,,
2301,7/18/1973,2.902,1.164,7.000,3.463,1.164,0.0,2.2990000000000004,0.0,0.0,0.08904484283203079,9.000274571756048,0.08904484283203079,0.0,0.8087085645830483,8.191566007173,1.6294842921058432,0.0,0.0,0.0,0.4286235006884083,0.0,0,0.0,0,8.191566007173,,,,,,,,,,,
2302,7/19/1973,2.251,1.801,7.000,3.463,1.801,0.0,1.6620000000000001,0.0,0.0,0.0,8.191566007173,0.0,0.0,0.6912641005500078,7.500301906622992,1.4089773954198033,0.0,0.0,0.0,0.362613332967491,0.0,0,0.0,0,7.500301906622992,,,,,,,,,,,
2303,7/20/1973,1.974,2.413,7.000,3.463,2.413,0.0,1.0500000000000003,0.0,0.0,0.0,7.500301906622992,0.0,0.0,0.5968021147604287,6.903499791862563,1.229353083060478,0.0,0.0,0.0,0.3100495836757267,0.0,0,0.0,0,6.903499791862563,,,,,,,,,,,
2304,7/21/1973,29.399,36.553,7.000,3.463,3.463,33.089999999999996,0.0,0,33.00055855428157,0.0,39.90405834614413,0.0,0.0,9.676706219548747,30.227352126595385,15.59690184103901,0.08944144571843,0.08944144571843,0.0,6.038653701013222,0.08944144571843,0,0.0,0,30.227352126595385,,,,,,,,,,,
2305,7/22/1973,18.890,1.917,7.000,3.463,1.917,0.0,1.546,0.0,0.0,0.08944144571843,30.227352126595385,0.08944144571843,0.0,6.0911498942134,24.136202232381983,10.306568487651418,0.0,0.0,0.0,3.6870931253685124,0.0,0,0.0,0,24.136202232381983,,,,,,,,,,,
2306,7/23/1973,4.457,0.463,7.000,3.463,0.463,0.0,3.0,0.0,0.0,0.0,24.136202232381983,0.0,0.0,4.186142470157307,19.950059762224676,7.348006142238387,0.0,0.0,0.0,2.472184626193339,0.0,0,0.0,0,19.950059762224676,,,,,,,,,,,
2307,7/24/1973,3.008,0.430,7.000,3.463,0.43,0.0,3.033,0.0,0.0,0.0,19.950059762224676,0.0,0.0,3.047470052339902,16.902589709884772,5.508781009040438,0.0,0.0,0.0,1.762520334231965,0.0,0,0.0,0,16.902589709884772,,,,,,,,,,,
2308,7/25/1973,2.445,0.158,7.000,3.463,0.158,0.0,3.305,0.0,0.0,0.0,16.902589709884772,0.0,0.0,2.311822719665957,14.590766990218816,4.282246675602699,0.0,0.0,0.0,1.3129680457091861,0.0,0,0.0,0,14.590766990218816,,,,,,,,,,,
2309,7/26/1973,2.204,0.124,7.000,3.463,0.124,0.0,3.339,0.0,0.0,0.0,14.590766990218816,0.0,0.0,1.8092391689651655,12.78152782125365,3.4217829448170405,0.0,0.0,0.0,1.0110918069346908,0.0,0,0.0,0,12.78152782125365,,,,,,,,,,,
2310,7/27/1973,4.149,0.305,7.000,3.463,0.305,0.0,3.158,0.0,0.0,0.0,12.78152782125365,0.0,0.0,1.4510099623347765,11.330517858918874,2.7943787135287073,0.0,0.0,0.0,0.7992076608196222,0.0,0,0.0,0,11.330517858918874,,,,,,,,,,,
2311,7/28/1973,1.797,0.116,7.000,3.463,0.116,0.0,3.347,0.0,0.0,0.0,11.330517858918874,0.0,0.0,1.1869945114640061,10.143523347454868,2.322730222345474,0.0,0.0,0.0,0.6452064934713502,0.0,0,0.0,0,10.143523347454868,,,,,,,,,,,
2312,7/29/1973,1.626,0.053,7.000,3.463,0.053,0.0,3.41,0.0,0.0,0.0,10.143523347454868,0.0,0.0,0.9870682136866844,9.156455133768183,1.9592583869604194,0.0,0.0,0.0,0.5300617529299647,0.0,0,0.0,0,9.156455133768183,,,,,,,,,,,
2313,7/30/1973,1.503,0.348,7.000,3.463,0.348,0.0,3.115,0.0,0.0,0.0,9.156455133768183,0.0,0.0,0.8322326135113489,8.324222520256834,1.6733121943602371,0.0,0.0,0.0,0.4419244802017831,0.0,0,0.0,0,8.324222520256834,,,,,,,,,,,
2314,7/31/1973,1.423,0.023,7.000,3.463,0.023,0.0,3.44,0.0,0.0,0.0,8.324222520256834,0.0,0.0,0.7100221760436234,7.61420034421321,1.4443956765223074,0.0,0.0,0.0,0.3731099237072486,0.0,0,0.0,0,7.61420034421321,,,,,,,,,,,
2315,8/1/1973,1.345,2.020,8.000,3.792,2.02,0.0,1.7719999999999998,0.0,0.0,0.0,7.61420034421321,0.0,0.0,0.6119833560712945,7.002216988141916,1.2583701302466663,0.0,0.0,0.0,0.3184624588923462,0.0,0,0.0,0,7.002216988141916,,,,,,,,,,,
2316,8/2/1973,6.339,17.615,8.000,3.792,3.792,13.822999999999999,0.0,0,13.733558554281569,0.0,20.735775542423482,0.0,0.0,3.2501214009559884,17.485654141467492,5.840894018542199,0.08944144571843,0.08944144571843,0.0,1.8877047228728898,0.08944144571843,0,0.0,0,17.485654141467492,,,,,,,,,,,
2317,8/3/1973,4.089,9.185,8.000,3.792,3.792,5.393000000000001,0.0,0,5.393000000000001,0.08944144571843,22.879052290726897,0.0,0.08944144571843,3.8290922520064754,19.04996003872042,6.777974497258028,0.0,0.0,0.00039814925940304455,2.248097036313276,0.08904329645902696,0,0.0,0,19.04996003872042,,,,,,,,,,,
2318,8/4/1973,3.116,5.326,8.000,3.792,3.792,1.5339999999999998,0.0,0,1.5336018507405969,0.08904329645902696,20.583958266356035,0.0,0.08904329645902696,3.210558585953413,17.37339968040262,5.776234408422096,0.00039814925940303766,0.00039814925940303766,0.0003963768950199571,1.8632240735364478,0.08904506882341005,0,0.0,0,17.37339968040262,,,,,,,,,,,
2319,8/5/1973,2.299,1.765,8.000,3.792,1.765,0.0,2.027,0.0,0.0,0.08904506882341005,17.37339968040262,0.08904506882341005,0.0,2.4201398503659015,14.95325983003672,4.465104261624665,0.0,0.0,0.0,1.3786327632478113,0.0,0,0.0,0,14.95325983003672,,,,,,,,,,,
2320,8/6/1973,1.929,0.992,8.000,3.792,0.992,0.0,2.8,0.0,0.0,0.0,14.95325983003672,0.0,0.0,1.8847723892774126,13.068487440759307,3.5524683003997075,0.0,0.0,0.0,1.0561420382624052,0.0,0,0.0,0,13.068487440759307,,,,,,,,,,,
2321,8/7/1973,1.884,0.317,8.000,3.792,0.317,0.0,3.4749999999999996,0.0,0.0,0.0,13.068487440759307,0.0,0.0,1.50570994711751,11.562777493641798,2.8910529334586914,0.0,0.0,0.0,0.8313579179142376,0.0,0,0.0,0,11.562777493641798,,,,,,,,,,,
2322,8/8/1973,1.503,0.179,8.000,3.792,0.179,0.0,3.613,0.0,0.0,0.0,11.562777493641798,0.0,0.0,1.2278238321818788,10.33495366145992,2.396251489188055,0.0,0.0,0.0,0.6688866243867464,0.0,0,0.0,0,10.33495366145992,,,,,,,,,,,
2323,8/9/1973,1.345,0.248,8.000,3.792,0.248,0.0,3.5439999999999996,0.0,0.0,0.0,10.33495366145992,0.0,0.0,1.0183099819527575,9.316643679507163,2.016459221143862,0.0,0.0,0.0,0.547961150962236,0.0,0,0.0,0,9.316643679507163,,,,,,,,,,,
2324,8/10/1973,1.307,0.053,8.000,3.792,0.053,0.0,3.739,0.0,0.0,0.0,9.316643679507163,0.0,0.0,0.8566398128803929,8.460003866626769,1.718673314514248,0.0,0.0,0.0,0.4557509796919787,0.0,0,0.0,0,8.460003866626769,,,,,,,,,,,
2325,8/11/1973,1.231,0.031,8.000,3.792,0.031,0.0,3.7609999999999997,0.0,0.0,0.0,8.460003866626769,0.0,0.0,0.7294295961835858,7.730574270443183,1.4809576306563534,0.0,0.0,0.0,0.38398909184719165,0.0,0,0.0,0,7.730574270443183,,,,,,,,,,,
2326,8/12/1973,1.157,0.126,8.000,3.792,0.126,0.0,3.666,0.0,0.0,0.0,7.730574270443183,0.0,0.0,0.6276516953891048,7.1029225750540785,1.2882564271084676,0.0,0.0,0.0,0.32715967544001195,0.0,0,0.0,0,7.1029225750540785,,,,,,,,,,,
2327,8/13/1973,1.050,0.367,8.000,3.792,0.367,0.0,3.425,0.0,0.0,0.0,7.1029225750540785,0.0,0.0,0.5450390000623955,6.557883574991683,1.129951798065726,0.0,0.0,0.0,0.2814722977343573,0.0,0,0.0,0,6.557883574991683,,,,,,,,,,,
2328,8/14/1973,1.050,0.497,8.000,3.792,0.497,0.0,3.295,0.0,0.0,0.0,6.557883574991683,0.0,0.0,0.4771320773690126,6.08075149762267,0.9983788926504495,0.0,0.0,0.0,0.24425538930121649,0.0,0,0.0,0,6.08075149762267,,,,,,,,,,,
2329,8/15/1973,0.947,0.243,8.000,3.792,0.243,0.0,3.549,0.0,0.0,0.0,6.08075149762267,0.0,0.0,0.4206890458185604,5.66006245180411,0.8878913343675576,0.0,0.0,0.0,0.21358411317851653,0.0,0,0.0,0,5.66006245180411,,,,,,,,,,,
2330,8/16/1973,0.914,0.008,8.000,3.792,0.008,0.0,3.784,0.0,0.0,0.0,5.66006245180411,0.0,0.0,0.3733084465769373,5.286754005227173,0.7942550155843285,0.0,0.0,0.0,0.18804463654237033,0.0,0,0.0,0,5.286754005227173,,,,,,,,,,,
2331,8/17/1973,0.914,0.015,8.000,3.792,0.015,0.0,3.7769999999999997,0.0,0.0,0.0,5.286754005227173,0.0,0.0,0.33318155409903355,4.953572451128139,0.7142444503497138,0.0,0.0,0.0,0.1665805939899137,0.0,0,0.0,0,4.953572451128139,,,,,,,,,,,
2332,8/18/1973,2.347,6.433,8.000,3.792,3.792,2.641,0.0,0,2.55155855428157,0.0,7.505131005409709,0.0,0.0,0.5974426744990092,6.907688330910699,1.230578641952436,0.08944144571843,0.08944144571843,0.0,0.31040427589658204,0.08944144571843,0,0.0,0,6.907688330910699,,,,,,,,,,,
2333,8/19/1973,3.792,16.601,8.000,3.792,3.792,12.809,0.0,0,12.809,0.08944144571843,19.717086480170103,0.0,0.08944144571843,2.988388205104101,16.728698275066,5.411520422701176,0.0,0.0,0.00039814925940304455,1.7261249874750455,0.08904329645902696,0,0.0,0,16.728698275066,,,,,,,,,,,
2334,8/20/1973,2.065,2.236,8.000,3.792,2.236,0.0,1.5559999999999996,0.0,0.0,0.08904329645902696,16.728698275066,0.08904329645902696,0.0,2.272319306149284,14.456378968916717,4.215344541699801,0.0,0.0,0.0,1.2890698773380855,0.0,0,0.0,0,14.456378968916717,,,,,,,,,,,
2335,8/21/1973,1.503,0.667,8.000,3.792,0.667,0.0,3.125,0.0,0.0,0.0,14.456378968916717,0.0,0.0,1.7815512451939914,12.674827723722725,3.37374647097914,0.0,0.0,0.0,0.9946086221821153,0.0,0,0.0,0,12.674827723722725,,,,,,,,,,,
2336,8/22/1973,1.269,0.029,8.000,3.792,0.029,0.0,3.763,0.0,0.0,0.0,12.674827723722725,0.0,0.0,1.4308778250531975,11.243949898669527,2.7587127615548575,0.0,0.0,0.0,0.7873947787162106,0.0,0,0.0,0,11.243949898669527,,,,,,,,,,,
2337,8/23/1973,1.121,0.374,8.000,3.792,0.374,0.0,3.4179999999999997,0.0,0.0,0.0,11.243949898669527,0.0,0.0,1.1719181517185597,10.072031746950968,2.2955246164844314,0.0,0.0,0.0,0.6364759724014172,0.0,0,0.0,0,10.072031746950968,,,,,,,,,,,
2338,8/24/1973,1.050,0.417,8.000,3.792,0.417,0.0,3.375,0.0,0.0,0.0,10.072031746950968,0.0,0.0,0.9755007060020255,9.096531040948943,1.93803908009818,0.0,0.0,0.0,0.523443750830359,0.0,0,0.0,0,9.096531040948943,,,,,,,,,,,
2339,8/25/1973,0.981,1.051,8.000,3.792,1.051,0.0,2.7409999999999997,0.0,0.0,0.0,9.096531040948943,0.0,0.0,0.8231749028838538,8.27335613806509,1.656449402678212,0.0,0.0,0.0,0.43680009699877115,0.0,0,0.0,0,8.27335613806509,,,,,,,,,,,
2340,8/26/1973,0.947,0.053,8.000,3.792,0.053,0.0,3.739,0.0,0.0,0.0,8.27335613806509,0.0,0.0,0.7028057573980843,7.570550380667005,1.4307792845112544,0.0,0.0,0.0,0.3690695941179883,0.0,0,0.0,0,7.570550380667005,,,,,,,,,,,
2341,8/27/1973,1.086,0.597,8.000,3.792,0.597,0.0,3.195,0.0,0.0,0.0,7.570550380667005,0.0,0.0,0.6061473366616349,6.964403044005371,1.2472223549624888,0.0,0.0,0.0,0.3152267117907393,0.0,0,0.0,0,6.964403044005371,,,,,,,,,,,
2342,8/28/1973,0.947,0.369,8.000,3.792,0.369,0.0,3.423,0.0,0.0,0.0,6.964403044005371,0.0,0.0,0.5274390402132436,6.436964003792127,1.0959837333472597,0.0,0.0,0.0,0.27179555267864813,0.0,0,0.0,0,6.436964003792127,,,,,,,,,,,
2343,8/29/1973,0.724,0.302,8.000,3.792,0.302,0.0,3.4899999999999998,0.0,0.0,0.0,6.436964003792127,0.0,0.0,0.4625594722704328,5.974404531521694,0.9699562052278957,0.0,0.0,0.0,0.23631251301769488,0.0,0,0.0,0,5.974404531521694,,,,,,,,,,,
2344,8/30/1973,0.881,0.254,8.000,3.792,0.254,0.0,3.538,0.0,0.0,0.0,5.974404531521694,0.0,0.0,0.4084982064917661,5.565906325029928,0.8638805544966945,0.0,0.0,0.0,0.20699390396861833,0.0,0,0.0,0,5.565906325029928,,,,,,,,,,,
2345,8/31/1973,0.947,1.723,8.000,3.792,1.723,0.0,2.069,0.0,0.0,0.0,5.565906325029928,0.0,0.0,0.3630158597983817,5.202890465231547,0.7737972898019387,0.0,0.0,0.0,0.18252391289180464,0.0,0,0.0,0,5.202890465231547,,,,,,,,,,,
2346,9/1/1973,1.050,4.048,9.000,4.609,4.048,0.0,0.5609999999999999,0.0,0.0,0.0,5.202890465231547,0.0,0.0,0.3244194742714976,4.878470990960049,0.6966794361701811,0.0,0.0,0.0,0.16191563836853382,0.0,0,0.0,0,4.878470990960049,,,,,,,,,,,
2347,9/2/1973,1.086,5.268,9.000,4.609,4.609,0.6589999999999998,0.0,0,0.5695586255421818,0.0,5.448029616502231,0.0,0.0,0.3502930689995329,5.097736547502698,0.7484481416538505,0.08944137445781795,0.08944137445781795,0.0,0.17571393306033828,0.08944137445781795,0,0.0,0,5.097736547502698,,,,,,,,,,,
2348,9/3/1973,2.065,7.796,9.000,4.609,4.609,3.1870000000000003,0.0,0,3.186999928739388,0.08944137445781795,8.285134625184272,0.0,0.08944137445781795,0.7044741485088278,7.580660476675444,1.4339283453139249,7.126061204334601e-08,7.126061204334601e-08,0.00039814894218590115,0.37000345162065124,0.0890432967762441,0,0.0,0,7.580660476675444,,,,,,,,,,,
2349,9/4/1973,1.840,4.076,9.000,4.609,4.076,0.0,0.5330000000000004,0.0,0.0,0.0890432967762441,7.5808547176493075,0.04540842088534538,0.043634875890898726,0.6075230137875121,6.9733317038617955,1.2498509173396937,0.0,0.0,0.00019424097386347625,0.3159892640746459,0.04344063491703525,0,0.0,0,6.9733317038617955,,,,,,,,,,,
2350,9/5/1973,1.585,2.284,9.000,4.609,2.284,0.0,2.325,0.0,0.0,0.04344063491703525,6.9733317038617955,0.04344063491703525,0.0,0.528566520435941,6.444765183425854,1.0981624773890115,0.0,0.0,0.0,0.27241483035387015,0.0,0,0.0,0,6.444765183425854,,,,,,,,,,,
2351,9/6/1973,1.307,1.537,9.000,4.609,1.537,0.0,3.072,0.0,0.0,0.0,6.444765183425854,0.0,0.0,0.46349416940821103,5.9812710140176435,0.9717813511017223,0.0,0.0,0.0,0.2368214860847158,0.0,0,0.0,0,5.9812710140176435,,,,,,,,,,,
2352,9/7/1973,1.121,1.464,9.000,4.609,1.464,0.0,3.145,0.0,0.0,0.0,5.9812710140176435,0.0,0.0,0.4092809958680589,5.5719900181495845,0.8654239663729846,0.0,0.0,0.0,0.20741668508680305,0.0,0,0.0,0,5.5719900181495845,,,,,,,,,,,
2353,9/8/1973,1.463,6.589,9.000,4.609,4.609,1.9800000000000004,0.0,0,1.8905585542815704,0.0,7.462548572431155,0.0,0.0,0.5918037728025831,6.8707447996285715,1.2197862463065685,0.08944144571843,0.08944144571843,0.0,0.30728275249493814,0.08944144571843,0,0.0,0,6.8707447996285715,,,,,,,,,,,
2354,9/9/1973,3.116,8.623,9.000,4.609,4.609,4.013999999999999,0.0,0,4.013999999999999,0.08944144571843,10.885142948887975,0.0,0.08944144571843,1.11025483385746,9.774888115030514,2.1839180065047827,0.0,0.0,0.00039814925940304455,0.600845434169238,0.08904329645902696,0,0.0,0,9.774888115030514,,,,,,,,,,,
2355,9/10/1973,1.884,7.453,9.000,4.609,4.609,2.8440000000000003,0.0,0,2.843601850740597,0.08904329645902696,12.618886342666132,0.0,0.08904329645902696,1.4203678253036545,11.198518517362476,2.7400747400641987,0.0003981492594030382,0.0003981492594030382,0.0003963768950199571,0.7812321872991478,0.08904506882341005,0,0.0,0,11.198518517362476,,,,,,,,,,,
2356,9/11/1973,2.157,5.338,9.000,4.609,4.609,0.7290000000000001,0.0,0,0.72860362313806,0.08904506882341005,11.92751852528525,0.0,0.08904506882341005,1.2930518630009873,10.634466662284261,2.51324874379474,0.00039637686194002157,0.00039637686194002157,0.000396384784713162,0.7068244817392481,0.08904506090063692,0,0.0,0,10.634466662284261,,,,,,,,,,,
2357,9/12/1973,1.544,2.478,9.000,4.609,2.478,0.0,2.131,0.0,0.0,0.08904506090063692,10.634466662284261,0.08904506090063692,0.0,1.0679689713874636,9.566497690896798,2.107062880177474,0.0,0.0,0.0,0.5764864002929646,0.0,0,0.0,0,9.566497690896798,,,,,,,,,,,
2358,9/13/1973,2.494,4.400,9.000,4.609,4.4,0.0,0.20899999999999963,0.0,0.0,0.0,9.566497690896798,0.0,0.0,0.8952700645255545,8.671227626371243,1.7902419451451301,0.0,0.0,0.0,0.47768750334112725,0.0,0,0.0,0,8.671227626371243,,,,,,,,,,,
2359,9/14/1973,1.797,6.813,9.000,4.609,4.609,2.2039999999999997,0.0,0,2.1145585542815697,0.0,10.785786180652813,0.0,0.0,1.0934160778555237,9.69237010279729,2.1533452701654805,0.08944144571843,0.08944144571843,0.0,0.5911379162536415,0.08944144571843,0,0.0,0,9.69237010279729,,,,,,,,,,,
2360,9/15/1973,3.675,8.301,9.000,4.609,4.609,3.692,0.0,0,3.692,0.08944144571843,13.384768252056693,0.0,0.08944144571843,1.56693340130825,11.817834850748444,2.998865635438442,0.0,0.0,0.00039814925940304455,0.8674335398005192,0.08904329645902696,0,0.0,0,11.817834850748444,,,,,,,,,,,
2361,9/16/1973,2.798,3.477,9.000,4.609,3.477,0.0,1.1320000000000001,0.0,0.0,0.08904329645902696,11.817834850748444,0.08904329645902696,0.0,1.2732948203700514,10.544540030378393,2.477869514847929,0.0,0.0,0.0,0.6953198147586559,0.0,0,0.0,0,10.544540030378393,,,,,,,,,,,
2362,9/17/1973,3.225,8.046,9.000,4.609,4.609,3.4369999999999994,0.0,0,3.3475585542815693,0.0,13.892098584659962,0.0,0.0,1.6671661062560588,12.224932478403904,3.1745192552580903,0.08944144571843,0.08944144571843,0.0,0.926694191420833,0.08944144571843,0,0.0,0,12.224932478403904,,,,,,,,,,,
2363,9/18/1973,6.125,12.339,9.000,4.609,4.609,7.73,0.0,0,7.73,0.08944144571843,19.955330627663308,0.0,0.08944144571843,3.048812088348897,16.906518539314412,5.510987942547746,0.0,0.0,0.00039814925940304455,1.763347592364794,0.08904329645902696,0,0.0,0,16.906518539314412,,,,,,,,,,,
2364,9/19/1973,4.210,1.391,9.000,4.609,1.391,0.0,3.218,0.0,0.0,0.08904329645902696,16.906518539314412,0.08904329645902696,0.0,2.3127183872339825,14.59380015208043,4.283762215668218,0.0,0.0,0.0,1.313510206253285,0.0,0,0.0,0,14.59380015208043,,,,,,,,,,,
2365,9/20/1973,2.544,4.363,9.000,4.609,4.363,0.0,0.24599999999999955,0.0,0.0,0.0,14.59380015208043,0.0,0.0,1.8098660603305616,12.783934091749869,3.4228697262817946,0.0,0.0,0.0,1.011465201286049,0.0,0,0.0,0,12.783934091749869,,,,,,,,,,,
2366,9/21/1973,2.111,0.588,9.000,4.609,0.588,0.0,4.021,0.0,0.0,0.0,12.783934091749869,0.0,0.0,1.451465273261286,11.332468818488582,2.795184801969585,0.0,0.0,0.0,0.7994749477326203,0.0,0,0.0,0,11.332468818488582,,,,,,,,,,,
2367,9/22/1973,1.668,0.126,9.000,4.609,0.126,0.0,4.483,0.0,0.0,0.0,11.332468818488582,0.0,0.0,1.1873351712707279,10.145133647217854,2.323344587122607,0.0,0.0,0.0,0.6454038497330776,0.0,0,0.0,0,10.145133647217854,,,,,,,,,,,
2368,9/23/1973,1.307,0.433,9.000,4.609,0.433,0.0,4.176,0.0,0.0,0.0,10.145133647217854,0.0,0.0,0.9873293918075238,9.15780425541033,1.9597372356133949,0.0,0.0,0.0,0.5302112372948448,0.0,0,0.0,0,9.15780425541033,,,,,,,,,,,
2369,9/24/1973,1.194,0.094,9.000,4.609,0.094,0.0,4.515,0.0,0.0,0.0,9.15780425541033,0.0,0.0,0.8324369935829513,8.32536726182738,1.6736925077312637,0.0,0.0,0.0,0.442040150346799,0.0,0,0.0,0,8.32536726182738,,,,,,,,,,,
2370,9/25/1973,1.121,0.126,9.000,4.609,0.126,0.0,4.483,0.0,0.0,0.0,8.32536726182738,0.0,0.0,0.7101849198027237,7.615182342024656,1.444702617641672,0.0,0.0,0.0,0.37320107197105584,0.0,0,0.0,0,7.615182342024656,,,,,,,,,,,
2371,9/26/1973,1.050,0.440,9.000,4.609,0.44,0.0,4.169,0.0,0.0,0.0,7.615182342024656,0.0,0.0,0.61211490679763,7.003067435227026,1.2586213135421853,0.0,0.0,0.0,0.31853541990450707,0.0,0,0.0,0,7.003067435227026,,,,,,,,,,,
2372,9/27/1973,0.947,0.444,9.000,4.609,0.444,0.0,4.165,0.0,0.0,0.0,7.003067435227026,0.0,0.0,0.5323283860660991,6.470739049160927,1.1054292188429051,0.0,0.0,0.0,0.27448169352024904,0.0,0,0.0,0,6.470739049160927,,,,,,,,,,,
2373,9/28/1973,0.981,0.260,9.000,4.609,0.26,0.0,4.349,0.0,0.0,0.0,6.470739049160927,0.0,0.0,0.46661166107179436,6.004127388089133,0.9778666624752448,0.0,0.0,0.0,0.2385195495442782,0.0,0,0.0,0,6.004127388089133,,,,,,,,,,,
2374,9/29/1973,0.981,0.490,9.000,4.609,0.49,0.0,4.119,0.0,0.0,0.0,6.004127388089133,0.0,0.0,0.41189097353070747,5.592236414558426,0.8705683668484809,0.0,0.0,0.0,0.2088267065468044,0.0,0,0.0,0,5.592236414558426,,,,,,,,,,,
2375,9/30/1973,0.914,0.183,9.000,4.609,0.183,0.0,4.426,0.0,0.0,0.0,5.592236414558426,0.0,0.0,0.3658825101093821,5.226353904449043,0.7794994772552101,0.0,0.0,0.0,0.18406050049952186,0.0,0,0.0,0,5.226353904449043,,,,,,,,,,,
2376,10/1/1973,0.694,0.535,10.000,5.054,0.535,0.0,4.519,0.0,0.0,0.0,5.226353904449043,0.0,0.0,0.3268615250035312,4.899492379445512,0.7015784555823599,0.0,0.0,0.0,0.16321496921347198,0.0,0,0.0,0,4.899492379445512,,,,,,,,,,,
2377,10/2/1973,0.881,6.167,10.000,5.054,5.054,1.1129999999999995,0.0,0,1.0235585542843488,0.0,5.9230509337298605,0.0,0.0,0.40266284410878855,5.520388089621072,0.8523678448971884,0.08944144571565069,0.08944144571565069,0.0,0.2038439365814242,0.08944144571565069,0,0.0,0,5.520388089621072,,,,,,,,,,,
2378,10/3/1973,0.947,8.153,10.000,5.054,5.054,3.099,0.0,0,3.098999999997221,0.08944144571565069,8.619786238877685,0.0,0.08944144571565069,0.7525348285492368,7.867251410328448,1.524379540203144,2.779316297548245e-12,2.779316297548245e-12,0.0003981492593906724,0.39696595455351297,0.08904329645903933,0,0.0,0,7.867251410328448,,,,,,,,,,,
2379,10/4/1973,1.121,4.064,10.000,5.054,4.064,0.0,0.9900000000000002,0.0,0.0,0.08904329645903933,7.867272337762565,0.08434209479056691,0.004701201668472418,0.6462582273375291,7.2210141104250365,1.3236676171918167,0.0,0.0,2.0927434117055625e-05,0.33750637664896893,0.004680274234355363,0,0.0,0,7.2210141104250365,,,,,,,,,,,
2380,10/5/1973,1.157,1.257,10.000,5.054,1.257,0.0,3.7970000000000006,0.0,0.0,0.004680274234355363,7.2210141104250365,0.004680274234355363,0.0,0.560225363934391,6.6607887464906455,1.1591905749893416,0.0,0.0,0.0,0.28983857598229845,0.0,0,0.0,0,6.6607887464906455,,,,,,,,,,,
2381,10/6/1973,1.086,0.139,10.000,5.054,0.139,0.0,4.915,0.0,0.0,0.0,6.6607887464906455,0.0,0.0,0.48967569040702313,6.171113056083622,1.0227892548442612,0.0,0.0,0.0,0.25110516771984825,0.0,0,0.0,0,6.171113056083622,,,,,,,,,,,
2382,10/7/1973,0.947,0.239,10.000,5.054,0.239,0.0,4.815,0.0,0.0,0.0,6.171113056083622,0.0,0.0,0.4311598207885388,5.739953235295084,0.9084712090817015,0.0,0.0,0.0,0.21925453319351693,0.0,0,0.0,0,5.739953235295084,,,,,,,,,,,
2383,10/8/1973,0.881,0.376,10.000,5.054,0.376,0.0,4.678,0.0,0.0,0.0,5.739953235295084,0.0,0.0,0.38213167223980404,5.35782156305528,0.8117579552128664,0.0,0.0,0.0,0.19278521718724834,0.0,0,0.0,0,5.35782156305528,,,,,,,,,,,
2384,10/9/1973,0.817,0.098,10.000,5.054,0.098,0.0,4.956,0.0,0.0,0.0,5.35782156305528,0.0,0.0,0.34067964621351254,5.0171419168417675,0.7292480574023804,0.0,0.0,0.0,0.17057902245443318,0.0,0,0.0,0,5.0171419168417675,,,,,,,,,,,
2385,10/10/1973,0.849,0.002,10.000,5.054,0.002,0.0,5.0520000000000005,0.0,0.0,0.0,5.0171419168417675,0.0,0.0,0.30534659938338915,4.711795317458378,0.6583207120805008,0.0,0.0,0.0,0.15179012073153533,0.0,0,0.0,0,4.711795317458378,,,,,,,,,,,
2386,10/11/1973,0.785,0.008,10.000,5.054,0.008,0.0,5.046,0.0,0.0,0.0,4.711795317458378,0.0,0.0,0.275006613657211,4.4367887038011675,0.5969303941719211,0.0,0.0,0.0,0.13576972250787925,0.0,0,0.0,0,4.4367887038011675,,,,,,,,,,,
2387,10/12/1973,0.694,0.051,10.000,5.054,0.051,0.0,5.003,0.0,0.0,0.0,4.4367887038011675,0.0,0.0,0.24877898338717386,4.188009720413993,0.5434619003773923,0.0,0.0,0.0,0.1220138760891488,0.0,0,0.0,0,4.188009720413993,,,,,,,,,,,
2388,10/13/1973,0.724,0.007,10.000,5.054,0.007,0.0,5.047000000000001,0.0,0.0,0.0,4.188009720413993,0.0,0.0,0.22596711781884327,3.96204260259515,0.49662628872131404,0.0,0.0,0.0,0.11012664264834826,0.0,0,0.0,0,3.96204260259515,,,,,,,,,,,
2389,10/14/1973,0.636,0.000,10.000,5.054,0.0,0.0,5.054,0.0,0.0,0.0,3.96204260259515,0.0,0.0,0.20601444835053606,3.756028154244614,0.4553850303341759,0.0,0.0,0.0,0.09979369544745435,0.0,0,0.0,0,3.756028154244614,,,,,,,,,,,
2390,10/15/1973,0.724,0.203,10.000,5.054,0.203,0.0,4.851,0.0,0.0,0.0,3.756028154244614,0.0,0.0,0.18847214626110687,3.5675560079835074,0.41889395423941417,0.0,0.0,0.0,0.09076311271380816,0.0,0,0.0,0,3.5675560079835074,,,,,,,,,,,
2391,10/16/1973,0.694,0.007,10.000,5.054,0.007,0.0,5.047000000000001,0.0,0.0,0.0,3.5675560079835074,0.0,0.0,0.17297517466217807,3.394580833321329,0.38646129305292753,0.0,0.0,0.0,0.08283121563511799,0.0,0,0.0,0,3.394580833321329,,,,,,,,,,,
2392,10/17/1973,0.636,0.000,10.000,5.054,0.0,0.0,5.054,0.0,0.0,0.0,3.394580833321329,0.0,0.0,0.15922430765709966,3.2353565256642294,0.35751591628718604,0.0,0.0,0.0,0.07583199725332478,0.0,0,0.0,0,3.2353565256642294,,,,,,,,,,,
2393,10/18/1973,0.580,0.007,10.000,5.054,0.007,0.0,5.047000000000001,0.0,0.0,0.0,3.2353565256642294,0.0,0.0,0.1469724792732148,3.0883840463910146,0.3315830193241486,0.0,0.0,0.0,0.06962914206109372,0.0,0,0.0,0,3.0883840463910146,,,,,,,,,,,
2394,10/19/1973,0.636,0.074,10.000,5.054,0.074,0.0,4.98,0.0,0.0,0.0,3.0883840463910146,0.0,0.0,0.13601431285956664,2.952369733531448,0.3082653338170115,0.0,0.0,0.0,0.06410993816386339,0.0,0,0.0,0,2.952369733531448,,,,,,,,,,,
2395,10/20/1973,0.580,0.140,10.000,5.054,0.14,0.0,4.914000000000001,0.0,0.0,0.0,2.952369733531448,0.0,0.0,0.1261780133768569,2.826191720154591,0.2872284721658733,0.0,0.0,0.0,0.05918058804148303,0.0,0,0.0,0,2.826191720154591,,,,,,,,,,,
2396,10/21/1973,0.607,0.035,10.000,5.054,0.035,0.0,5.019,0.0,0.0,0.0,2.826191720154591,0.0,0.0,0.11731903373852971,2.7088726864160613,0.26818939894832405,0.0,0.0,0.0,0.054762563983669584,0.0,0,0.0,0,2.7088726864160613,,,,,,,,,,,
2397,10/22/1973,0.580,0.000,10.000,5.054,0.0,0.0,5.054,0.0,0.0,0.0,2.7088726864160613,0.0,0.0,0.10931508619756126,2.5995576002185,0.25090729001449336,0.0,0.0,0.0,0.0507897516369289,0.0,0,0.0,0,2.5995576002185,,,,,,,,,,,
2398,10/23/1973,0.525,0.101,10.000,5.054,0.101,0.0,4.953,0.0,0.0,0.0,2.5995576002185,0.0,0.0,0.10206218286139772,2.4974954173571025,0.23517623089958115,0.0,0.0,0.0,0.04720619364995845,0.0,0,0.0,0,2.4974954173571025,,,,,,,,,,,
2399,10/24/1973,0.552,0.038,10.000,5.054,0.038,0.0,5.016,0.0,0.0,0.0,2.4974954173571025,0.0,0.0,0.09547147036102996,2.4020239469960725,0.2208193438762526,0.0,0.0,0.0,0.04396429423605369,0.0,0,0.0,0,2.4020239469960725,,,,,,,,,,,
2400,10/25/1973,0.580,0.048,10.000,5.054,0.048,0.0,5.006,0.0,0.0,0.0,2.4020239469960725,0.0,0.0,0.089466682265308,2.3125572647307644,0.2076840332761963,0.0,0.0,0.0,0.04102338063908269,0.0,0,0.0,0,2.3125572647307644,,,,,,,,,,,
2401,10/26/1973,0.607,0.063,10.000,5.054,0.063,0.0,4.9910000000000005,0.0,0.0,0.0,2.3125572647307644,0.0,0.0,0.08398207563569418,2.22857518909507,0.19563811251651717,0.0,0.0,0.0,0.03834854307799758,0.0,0,0.0,0,2.22857518909507,,,,,,,,,,,
2402,10/27/1973,0.636,0.021,10.000,5.054,0.021,0.0,5.033,0.0,0.0,0.0,2.22857518909507,0.0,0.0,0.07896074969934157,2.1496144393957284,0.18456663107695379,0.0,0.0,0.0,0.03590969354276847,0.0,0,0.0,0,2.1496144393957284,,,,,,,,,,,
2403,10/28/1973,0.499,0.178,10.000,5.054,0.178,0.0,4.876,0.0,0.0,0.0,2.1496144393957284,0.0,0.0,0.0743532681300147,2.075261171265714,0.17436926073176617,0.0,0.0,0.0,0.033680797749312444,0.0,0,0.0,0,2.075261171265714,,,,,,,,,,,
2404,10/29/1973,0.525,0.093,10.000,5.054,0.093,0.0,4.961,0.0,0.0,0.0,2.075261171265714,0.0,0.0,0.07011652407703815,2.0051446471886756,0.16495813134839366,0.0,0.0,0.0,0.03163924497883494,0.0,0,0.0,0,2.0051446471886756,,,,,,,,,,,
2405,10/30/1973,0.525,0.392,10.000,5.054,0.392,0.0,4.662,0.0,0.0,0.0,2.0051446471886756,0.0,0.0,0.06621280043851598,1.9389318467501595,0.15625603016462922,0.0,0.0,0.0,0.029765328378326166,0.0,0,0.0,0,1.9389318467501595,,,,,,,,,,,
2406,10/31/1973,0.754,1.880,10.000,5.054,1.88,0.0,3.1740000000000004,0.0,0.0,0.0,1.9389318467501595,0.0,0.0,0.06260898805735474,1.8763228586928047,0.148194896548528,0.0,0.0,0.0,0.028041814261089554,0.0,0,0.0,0,1.8763228586928047,,,,,,,,,,,
2407,11/1/1973,0.817,2.942,11.000,5.054,2.942,0.0,2.112,0.0,0.0,0.0,1.8763228586928047,0.0,0.0,0.059275932336509435,1.8170469263562952,0.14071455821172466,0.0,0.0,0.0,0.026453583506321765,0.0,0,0.0,0,1.8170469263562952,,,,,,,,,,,
2408,11/2/1973,0.849,3.826,11.000,5.054,3.826,0.0,1.2280000000000002,0.0,0.0,0.0,1.8170469263562952,0.0,0.0,0.0561878848128404,1.7608590415434549,0.1337616656989777,0.0,0.0,0.0,0.024987331668418284,0.0,0,0.0,0,1.7608590415434549,,,,,,,,,,,
2409,11/3/1973,0.849,0.111,11.000,5.054,0.111,0.0,4.9430000000000005,0.0,0.0,0.0,1.7608590415434549,0.0,0.0,0.053322040929867906,1.707537000613587,0.12728879046157954,0.0,0.0,0.0,0.02363131712845164,0.0,0,0.0,0,1.707537000613587,,,,,,,,,,,
2410,11/4/1973,0.754,0.000,11.000,5.054,0.0,0.0,5.054,0.0,0.0,0.0,1.707537000613587,0.0,0.0,0.05065814892884022,1.6568788516847468,0.121253658495494,0.0,0.0,0.0,0.022375148742837126,0.0,0,0.0,0,1.6568788516847468,,,,,,,,,,,
2411,11/5/1973,0.665,0.033,11.000,5.054,0.033,0.0,5.021,0.0,0.0,0.0,1.6568788516847468,0.0,0.0,0.04817817767364574,1.608700674011101,0.11561849680310078,0.0,0.0,0.0,0.021209606109192546,0.0,0,0.0,0,1.608700674011101,,,,,,,,,,,
2412,11/6/1973,0.636,0.049,11.000,5.054,0.049,0.0,5.005,0.0,0.0,0.0,1.608700674011101,0.0,0.0,0.04586603351742597,1.562834640493675,0.11034947413439397,0.0,0.0,0.0,0.02012648688276182,0.0,0,0.0,0,1.562834640493675,,,,,,,,,,,
2413,11/7/1973,0.607,0.022,11.000,5.054,0.022,0.0,5.032,0.0,0.0,0.0,1.562834640493675,0.0,0.0,0.04370731814271398,1.5191273223509612,0.1054162208179385,0.0,0.0,0.0,0.01911847661829684,0.0,0,0.0,0,1.5191273223509612,,,,,,,,,,,
2414,11/8/1973,0.636,0.000,11.000,5.054,0.0,0.0,5.054,0.0,0.0,0.0,1.5191273223509612,0.0,0.0,0.04168912076552391,1.4774382015854373,0.10079141518611172,0.0,0.0,0.0,0.01817903744245247,0.0,0,0.0,0,1.4774382015854373,,,,,,,,,,,
2415,11/9/1973,0.552,0.028,11.000,5.054,0.028,0.0,5.026000000000001,0.0,0.0,0.0,1.4774382015854373,0.0,0.0,0.039799839265848895,1.4376383623195883,0.09645042627323638,0.0,0.0,0.0,0.017302312526666863,0.0,0,0.0,0,1.4376383623195883,,,,,,,,,,,
2416,11/10/1973,0.580,0.079,11.000,5.054,0.079,0.0,4.9750000000000005,0.0,0.0,0.0,1.4376383623195883,0.0,0.0,0.038029025753123225,1.399609336566465,0.09237100422744084,0.0,0.0,0.0,0.01648304386554918,0.0,0,0.0,0,1.399609336566465,,,,,,,,,,,
2417,11/11/1973,0.607,0.034,11.000,5.054,0.034,0.0,5.0200000000000005,0.0,0.0,0.0,1.399609336566465,0.0,0.0,0.03636725284229274,1.3632420837241723,0.08853301131162826,0.0,0.0,0.0,0.015716501298270263,0.0,0,0.0,0,1.3632420837241723,,,,,,,,,,,
2418,11/12/1973,0.580,0.222,11.000,5.054,0.222,0.0,4.832,0.0,0.0,0.0,1.3632420837241723,0.0,0.0,0.03480599754071498,1.3284360861834574,0.08491818754154337,0.0,0.0,0.0,0.014998421061513154,0.0,0,0.0,0,1.3284360861834574,,,,,,,,,,,
2419,11/13/1973,0.552,0.239,11.000,5.054,0.239,0.0,4.815,0.0,0.0,0.0,1.3284360861834574,0.0,0.0,0.033337540156719234,1.2950985460267381,0.0815099459712244,0.0,0.0,0.0,0.014324952448688035,0.0,0,0.0,0,1.2950985460267381,,,,,,,,,,,
2420,11/14/1973,0.580,0.031,11.000,5.054,0.031,0.0,5.023000000000001,0.0,0.0,0.0,1.2950985460267381,0.0,0.0,0.03195487605972004,1.263143669967018,0.07829319342883717,0.0,0.0,0.0,0.013692611384276307,0.0,0,0.0,0,1.263143669967018,,,,,,,,,,,
2421,11/15/1973,0.525,0.357,11.000,5.054,0.357,0.0,4.697,0.0,0.0,0.0,1.263143669967018,0.0,0.0,0.030651638466999323,1.2324920315000187,0.07525417316129132,0.0,0.0,0.0,0.013098239914514353,0.0,0,0.0,0,1.2324920315000187,,,,,,,,,,,
2422,11/16/1973,0.525,0.033,11.000,5.054,0.033,0.0,5.021,0.0,0.0,0.0,1.2324920315000187,0.0,0.0,0.02942203071768904,1.2030700007823296,0.07238032638981981,0.0,0.0,0.0,0.012538970774204414,0.0,0,0.0,0,1.2030700007823296,,,,,,,,,,,
2423,11/17/1973,0.607,0.206,11.000,5.054,0.206,0.0,4.848,0.0,0.0,0.0,1.2030700007823296,0.0,0.0,0.02826076673127926,1.1748092340510503,0.06966017023140998,0.0,0.0,0.0,0.01201219632063724,0.0,0,0.0,0,1.1748092340510503,,,,,,,,,,,
2424,11/18/1973,0.552,0.000,11.000,5.054,0.0,0.0,5.054,0.0,0.0,0.0,1.1748092340510503,0.0,0.0,0.02716301854508699,1.1476462155059632,0.06708318981908713,0.0,0.0,0.0,0.011515541234524605,0.0,0,0.0,0,1.1476462155059632,,,,,,,,,,,
2425,11/19/1973,0.607,0.104,11.000,5.054,0.104,0.0,4.95,0.0,0.0,0.0,1.1476462155059632,0.0,0.0,0.026124369989728478,1.1215218455162348,0.06463974277086036,0.0,0.0,0.0,0.0110468384785504,0.0,0,0.0,0,1.1215218455162348,,,,,,,,,,,
2426,11/20/1973,0.499,0.095,11.000,5.054,0.095,0.0,4.9590000000000005,0.0,0.0,0.0,1.1215218455162348,0.0,0.0,0.025140775699530958,1.0963810698167038,0.062320974423390116,0.0,0.0,0.0,0.010604108079937944,0.0,0,0.0,0,1.0963810698167038,,,,,,,,,,,
2427,11/21/1973,0.525,0.101,11.000,5.054,0.101,0.0,4.953,0.0,0.0,0.0,1.0963810698167038,0.0,0.0,0.024208524770681302,1.0721725450460224,0.060118742470854795,0.0,0.0,0.0,0.010185538366946143,0.0,0,0.0,0,1.0721725450460224,,,,,,,,,,,
2428,11/22/1973,0.473,0.001,11.000,5.054,0.001,0.0,5.053,0.0,0.0,0.0,1.0721725450460224,0.0,0.0,0.023324208477541884,1.0488483365684806,0.05802554983918923,0.0,0.0,0.0,0.009789469342592743,0.0,0,0.0,0,1.0488483365684806,,,,,,,,,,,
2429,11/23/1973,0.665,1.084,11.000,5.054,1.084,0.0,3.97,0.0,0.0,0.0,1.0488483365684806,0.0,0.0,0.02248469154006793,1.0263636450284128,0.056034484786652544,0.0,0.0,0.0,0.009414377923902883,0.0,0,0.0,0,1.0263636450284128,,,,,,,,,,,
2430,11/24/1973,0.694,2.909,11.000,5.054,2.909,0.0,2.1450000000000005,0.0,0.0,0.0,1.0263636450284128,0.0,0.0,0.021687086505168568,1.0046765585232442,0.05413916735832574,0.0,0.0,0.0,0.009058864813016636,0.0,0,0.0,0,1.0046765585232442,,,,,,,,,,,
2431,11/25/1973,0.580,1.226,11.000,5.054,1.226,0.0,3.8280000000000003,0.0,0.0,0.0,1.0046765585232442,0.0,0.0,0.020928730864245907,0.9837478276589983,0.0523337014385641,0.0,0.0,0.0,0.008721642798724618,0.0,0,0.0,0,0.9837478276589983,,,,,,,,,,,
2432,11/26/1973,0.636,0.004,11.000,5.054,0.004,0.0,5.050000000000001,0.0,0.0,0.0,0.9837478276589983,0.0,0.0,0.02020716657973183,0.9635406610792664,0.05061263174487314,0.0,0.0,0.0,0.008401526314390478,0.0,0,0.0,0,0.9635406610792664,,,,,,,,,,,
2433,11/27/1973,0.525,0.136,11.000,5.054,0.136,0.0,4.918,0.0,0.0,0.0,0.9635406610792664,0.0,0.0,0.019520121736634036,0.9440205393426323,0.04897090519182263,0.0,0.0,0.0,0.008097422101550199,0.0,0,0.0,0,0.9440205393426323,,,,,,,,,,,
2434,11/28/1973,0.525,0.047,11.000,5.054,0.047,0.0,5.007000000000001,0.0,0.0,0.0,0.9440205393426323,0.0,0.0,0.018865494072069836,0.9251550452705625,0.04740383612668682,0.0,0.0,0.0,0.007808320848400323,0.0,0,0.0,0,0.9251550452705625,,,,,,,,,,,
2435,11/29/1973,0.525,0.001,11.000,5.054,0.001,0.0,5.053,0.0,0.0,0.0,0.9251550452705625,0.0,0.0,0.018241336167478278,0.9069137091030842,0.04590707500135385,0.0,0.0,0.0,0.007533289689438198,0.0,0,0.0,0,0.9069137091030842,,,,,,,,,,,
2436,11/30/1973,0.400,0.017,11.000,5.054,0.017,0.0,5.037,0.0,0.0,0.0,0.9069137091030842,0.0,0.0,0.017645842115467752,0.8892678669876165,0.04447658009923239,0.0,0.0,0.0,0.007271465467144863,0.0,0,0.0,0,0.8892678669876165,,,,,,,,,,,
2437,12/1/1973,0.473,0.093,12.000,5.337,0.093,0.0,5.244,0.0,0.0,0.0,0.8892678669876165,0.0,0.0,0.01707733549675051,0.872190531490866,0.043108591982693255,0.0,0.0,0.0,0.007022048669176941,0.0,0,0.0,0,0.872190531490866,,,,,,,,,,,
2438,12/2/1973,0.448,0.633,12.000,5.337,0.633,0.0,4.704,0.0,0.0,0.0,0.872190531490866,0.0,0.0,0.01653425852290341,0.8556562729679627,0.04179961036710776,0.0,0.0,0.0,0.0067842979653693946,0.0,0,0.0,0,0.8556562729679627,,,,,,,,,,,
2439,12/3/1973,0.448,0.200,12.000,5.337,0.2,0.0,5.137,0.0,0.0,0.0,0.8556562729679627,0.0,0.0,0.01601516221824866,0.839641110749714,0.040546373162695264,0.0,0.0,0.0,0.006557525278206335,0.0,0,0.0,0,0.839641110749714,,,,,,,,,,,
2440,12/4/1973,0.424,0.052,12.000,5.337,0.052,0.0,5.285,0.0,0.0,0.0,0.839641110749714,0.0,0.0,0.015518697529368682,0.8241224132203454,0.03934583745594442,0.0,0.0,0.0,0.0063410913285110145,0.0,0,0.0,0,0.8241224132203454,,,,,,,,,,,
2441,12/5/1973,0.424,0.086,12.000,5.337,0.086,0.0,5.2509999999999994,0.0,0.0,0.0,0.8241224132203454,0.0,0.0,0.015043607263991088,0.8090788059563543,0.03819516222897693,0.0,0.0,0.0,0.006134401605122511,0.0,0,0.0,0,0.8090788059563543,,,,,,,,,,,
2442,12/6/1973,0.448,0.075,12.000,5.337,0.075,0.0,5.262,0.0,0.0,0.0,0.8090788059563543,0.0,0.0,0.01458871877248771,0.7944900871838666,0.03709169263843199,0.0,0.0,0.0,0.005936902713420703,0.0,0,0.0,0,0.7944900871838666,,,,,,,,,,,
2443,12/7/1973,0.448,0.003,12.000,5.337,0.003,0.0,5.334,0.0,0.0,0.0,0.7944900871838666,0.0,0.0,0.014152937295266009,0.7803371498886006,0.03603294569573539,0.0,0.0,0.0,0.0057480790628639256,0.0,0,0.0,0,0.7803371498886006,,,,,,,,,,,
2444,12/8/1973,0.448,0.118,12.000,5.337,0.118,0.0,5.218999999999999,0.0,0.0,0.0,0.7803371498886006,0.0,0.0,0.01373523990809657,0.766601909980504,0.03501659720837677,0.0,0.0,0.0,0.005567449858326485,0.0,0,0.0,0,0.766601909980504,,,,,,,,,,,
2445,12/9/1973,0.473,0.588,12.000,5.337,0.588,0.0,4.749,0.0,0.0,0.0,0.766601909980504,0.0,0.0,0.013334670005090843,0.7532672399754132,0.0340404698573951,0.0,0.0,0.0,0.005394566364060359,0.0,0,0.0,0,0.7532672399754132,,,,,,,,,,,
2446,12/10/1973,0.448,0.045,12.000,5.337,0.045,0.0,5.292,0.0,0.0,0.0,0.7532672399754132,0.0,0.0,0.012950332265766435,0.7403169077096468,0.03310252229995548,0.0,0.0,0.0,0.005229009412636977,0.0,0,0.0,0,0.7403169077096468,,,,,,,,,,,
2447,12/11/1973,0.448,1.176,12.000,5.337,1.176,0.0,4.161,0.0,0.0,0.0,0.7403169077096468,0.0,0.0,0.012581388058540696,0.727735519651106,0.03220083919794053,0.0,0.0,0.0,0.005070387134319902,0.0,0,0.0,0,0.727735519651106,,,,,,,,,,,
2448,12/12/1973,0.694,7.233,12.000,5.337,5.337,1.896,0.0,0,1.8065585542815699,0.0,2.534294073932676,0.0,0.0,0.09782746307659464,2.4364666108560815,0.22595855420767527,0.08944144571843,0.08944144571843,0.0,0.0451215413750885,0.08944144571843,0,0.0,0,2.4364666108560815,,,,,,,,,,,
2449,12/13/1973,0.724,5.926,12.000,5.337,5.337,0.5890000000000004,0.0,0,0.5890000000000004,0.08944144571843,3.025864760115485,0.0,0.08944144571843,0.13145636941859415,2.894408390696891,0.2985302387855402,0.0,0.0,0.00039814925940304455,0.06182275255405433,0.08904329645902696,0,0.0,0,2.894408390696891,,,,,,,,,,,
2450,12/14/1973,0.754,1.382,12.000,5.337,1.382,0.0,3.955,0.0,0.0,0.08904329645902696,2.894408390696891,0.08904329645902696,0.0,0.12207651575740003,2.772331874939491,0.27842509918593333,0.0,0.0,0.0,0.05713251959454346,0.0,0,0.0,0,2.772331874939491,,,,,,,,,,,
2451,12/15/1973,0.665,2.188,12.000,5.337,2.188,0.0,3.1489999999999996,0.0,0.0,0.0,2.772331874939491,0.0,0.0,0.11361643071597977,2.6587154442235112,0.26020457875602315,0.0,0.0,0.0,0.05292245875117552,0.0,0,0.0,0,2.6587154442235112,,,,,,,,,,,
2452,12/16/1973,0.525,1.630,12.000,5.337,1.63,0.0,3.707,0.0,0.0,0.0,2.6587154442235112,0.0,0.0,0.10596250299516954,2.552752941228342,0.2436443796888641,0.0,0.0,0.0,0.04913127726918591,0.0,0,0.0,0,2.552752941228342,,,,,,,,,,,
2453,12/17/1973,0.525,0.868,12.000,5.337,0.868,0.0,4.468999999999999,0.0,0.0,0.0,2.552752941228342,0.0,0.0,0.09901790953472743,2.4537350316936144,0.22855231359260114,0.0,0.0,0.0,0.04570698095692129,0.0,0,0.0,0,2.4537350316936144,,,,,,,,,,,
2454,12/18/1973,0.499,2.019,12.000,5.337,2.019,0.0,3.3179999999999996,0.0,0.0,0.0,2.4537350316936144,0.0,0.0,0.0926997472582248,2.3610352844353897,0.21476296546952625,0.0,0.0,0.0,0.04260525058333137,0.0,0,0.0,0,2.3610352844353897,,,,,,,,,,,
2455,12/19/1973,0.580,3.460,12.000,5.337,3.46,0.0,1.8769999999999998,0.0,0.0,0.0,2.3610352844353897,0.0,0.0,0.08693671787477529,2.2740985665606144,0.20213336160887074,0.0,0.0,0.0,0.03978813716458109,0.0,0,0.0,0,2.2740985665606144,,,,,,,,,,,
2456,12/20/1973,2.065,11.550,12.000,5.337,5.337,6.213000000000001,0.0,0,6.123558554281571,0.0,8.397657120842185,0.0,0.0,0.7204922966953233,7.677164824146861,1.46413078368403,0.08944144571843,0.08944144571843,0.0,0.3789767355066508,0.08944144571843,0,0.0,0,7.677164824146861,,,,,,,,,,,
2457,12/21/1973,0.981,1.765,12.000,5.337,1.765,0.0,3.572,0.0,0.0,0.08944144571843,7.677164824146861,0.08944144571843,0.0,0.6204410906427011,7.05672373350416,1.274510387820356,0.0,0.0,0.0,0.32315540060205317,0.0,0,0.0,0,7.05672373350416,,,,,,,,,,,
2458,12/22/1973,0.881,4.597,12.000,5.337,4.597,0.0,0.7399999999999993,0.0,0.0,0.0,7.05672373350416,0.0,0.0,0.539143413116804,6.517580320387356,1.1185832306250278,0.0,0.0,0.0,0.27822848393136185,0.0,0,0.0,0,6.517580320387356,,,,,,,,,,,
2459,12/23/1973,0.881,0.632,12.000,5.337,0.632,0.0,4.705,0.0,0.0,0.0,6.517580320387356,0.0,0.0,0.47225485489413394,6.045325465493223,0.9888739900490094,0.0,0.0,0.0,0.24159523116386014,0.0,0,0.0,0,6.045325465493223,,,,,,,,,,,
2460,12/24/1973,0.724,0.130,12.000,5.337,0.13,0.0,5.207,0.0,0.0,0.0,6.045325465493223,0.0,0.0,0.416612142126136,5.628713323367086,0.8798676390523826,0.0,0.0,0.0,0.21137877508590416,0.0,0,0.0,0,5.628713323367086,,,,,,,,,,,
2461,12/25/1973,0.636,0.142,12.000,5.337,0.142,0.0,5.194999999999999,0.0,0.0,0.0,5.628713323367086,0.0,0.0,0.36986876868055285,5.258844554686533,0.7874230885964957,0.0,0.0,0.0,0.18619853854011184,0.0,0,0.0,0,5.258844554686533,,,,,,,,,,,
2462,12/26/1973,0.580,0.080,12.000,5.337,0.08,0.0,5.257,0.0,0.0,0.0,5.258844554686533,0.0,0.0,0.3302552023473923,4.928589352339141,0.7083819973333304,0.0,0.0,0.0,0.1650216876564985,0.0,0,0.0,0,4.928589352339141,,,,,,,,,,,
2463,12/27/1973,0.525,0.383,12.000,5.337,0.383,0.0,4.954,0.0,0.0,0.0,4.928589352339141,0.0,0.0,0.2964172692738332,4.632172083065307,0.6403017562100268,0.0,0.0,0.0,0.1470637989151695,0.0,0,0.0,0,4.632172083065307,,,,,,,,,,,
2464,12/28/1973,0.525,0.184,12.000,5.337,0.184,0.0,5.153,0.0,0.0,0.0,4.632172083065307,0.0,0.0,0.2673048996535707,4.364867183411737,0.5812694938860633,0.0,0.0,0.0,0.13172098896844775,0.0,0,0.0,0,4.364867183411737,,,,,,,,,,,
2465,12/29/1973,0.636,0.229,12.000,5.337,0.229,0.0,5.108,0.0,0.0,0.0,4.364867183411737,0.0,0.0,0.242094078390706,4.122773105021031,0.5297701436486913,0.0,0.0,0.0,0.11852263933254648,0.0,0,0.0,0,4.122773105021031,,,,,,,,,,,
2466,12/30/1973,0.499,0.027,12.000,5.337,0.027,0.0,5.31,0.0,0.0,0.0,4.122773105021031,0.0,0.0,0.22013114962877667,3.902641955392254,0.4845913145003579,0.0,0.0,0.0,0.10709789019390001,0.0,0,0.0,0,3.902641955392254,,,,,,,,,,,
2467,12/31/1973,0.499,0.132,12.000,5.337,0.132,0.0,5.205,0.0,0.0,0.0,3.902641955392254,0.0,0.0,0.2008924551763307,3.7017495002159233,0.4447536755236735,0.0,0.0,0.0,0.09715151701709919,0.0,0,0.0,0,3.7017495002159233,,,,,,,,,,,
2468,1/1/1974,0.473,0.017,1.000,5.134,0.017,0.0,5.117,0.0,0.0,0.0,3.7017495002159233,0.0,0.0,0.1839546718384471,3.5177948283774763,0.40945931910352723,0.0,0.0,0.0,0.08844631240369963,0.0,0,0.0,0,3.5177948283774763,,,,,,,,,,,
2469,1/2/1974,0.424,0.001,1.000,5.134,0.001,0.0,5.133,0.0,0.0,0.0,3.5177948283774763,0.0,0.0,0.1689727302368901,3.348822098140586,0.3780529844604329,0.0,0.0,0.0,0.08079004971009346,0.0,0,0.0,0,3.348822098140586,,,,,,,,,,,
2470,1/3/1974,0.400,0.000,1.000,5.134,0.0,0.0,5.134,0.0,0.0,0.0,3.348822098140586,0.0,0.0,0.15566318273798477,3.193158915402601,0.3499926069399114,0.0,0.0,0.0,0.07402572049556441,0.0,0,0.0,0,3.193158915402601,,,,,,,,,,,
2471,1/4/1974,0.424,0.003,1.000,5.134,0.003,0.0,5.131,0.0,0.0,0.0,3.193158915402601,0.0,0.0,0.14379153919289273,3.0493673762097084,0.3248267155271056,0.0,0.0,0.0,0.0680241424012049,0.0,0,0.0,0,3.0493673762097084,,,,,,,,,,,
2472,1/5/1974,0.400,0.067,1.000,5.134,0.067,0.0,5.067,0.0,0.0,0.0,3.0493673762097084,0.0,0.0,0.13316252676740978,2.9162048494422987,0.3021769179170951,0.0,0.0,0.0,0.06267830442147004,0.0,0,0.0,0,2.9162048494422987,,,,,,,,,,,
2473,1/6/1974,0.400,0.038,1.000,5.134,0.038,0.0,5.096,0.0,0.0,0.0,2.9162048494422987,0.0,0.0,0.12361252875333673,2.792592320688962,0.2817242059231467,0.0,0.0,0.0,0.05789900004507068,0.0,0,0.0,0,2.792592320688962,,,,,,,,,,,
2474,1/7/1974,0.376,0.008,1.000,5.134,0.008,0.0,5.126,0.0,0.0,0.0,2.792592320688962,0.0,0.0,0.11500366394094662,2.6775886567480156,0.26319815837178434,0.0,0.0,0.0,0.0536114251041986,0.0,0,0.0,0,2.6775886567480156,,,,,,,,,,,
2475,1/8/1974,0.376,0.028,1.000,5.134,0.028,0.0,5.106000000000001,0.0,0.0,0.0,2.6775886567480156,0.0,0.0,0.10721911307822266,2.570369543669793,0.2463683620372469,0.0,0.0,0.0,0.04975250534214616,0.0,0,0.0,0,2.570369543669793,,,,,,,,,,,
2476,1/9/1974,0.400,0.137,1.000,5.134,0.137,0.0,4.997,0.0,0.0,0.0,2.570369543669793,0.0,0.0,0.1001594018357838,2.470210141834009,0.23103754525759992,0.0,0.0,0.0,0.046268780995364134,0.0,0,0.0,0,2.470210141834009,,,,,,,,,,,
2477,1/10/1974,0.400,0.409,1.000,5.134,0.409,0.0,4.7250000000000005,0.0,0.0,0.0,2.470210141834009,0.0,0.0,0.09373942357089281,2.3764707182631164,0.21703604477013497,0.0,0.0,0.0,0.04311472019477803,0.0,0,0.0,0,2.3764707182631164,,,,,,,,,,,
2478,1/11/1974,0.400,0.000,1.000,5.134,0.0,0.0,5.134,0.0,0.0,0.0,2.3764707182631164,0.0,0.0,0.08788603878895276,2.2885846794741638,0.20421731828998346,0.0,0.0,0.0,0.04025136513994861,0.0,0,0.0,0,2.2885846794741638,,,,,,,,,,,
2479,1/12/1974,0.424,0.001,1.000,5.134,0.001,0.0,5.133,0.0,0.0,0.0,2.2885846794741638,0.0,0.0,0.08253612748594728,2.2060485519882165,0.19245428321833447,0.0,0.0,0.0,0.037645238455464754,0.0,0,0.0,0,2.2060485519882165,,,,,,,,,,,
2480,1/13/1974,0.376,0.113,1.000,5.134,0.113,0.0,5.021,0.0,0.0,0.0,2.2060485519882165,0.0,0.0,0.07763499961524539,2.128413552372971,0.1816363123876841,0.0,0.0,0.0,0.03526745441464681,0.0,0,0.0,0,2.128413552372971,,,,,,,,,,,
2481,1/14/1974,0.353,0.459,1.000,5.134,0.459,0.0,4.675000000000001,0.0,0.0,0.0,2.128413552372971,0.0,0.0,0.07313509060761811,2.055278461765353,0.1716667556845728,0.0,0.0,0.0,0.03309299255300353,0.0,0,0.0,0,2.055278461765353,,,,,,,,,,,
2482,1/15/1974,0.424,0.282,1.000,5.134,0.282,0.0,4.852,0.0,0.0,0.0,2.055278461765353,0.0,0.0,0.0689948851897785,1.9862835765755744,0.16246088510151208,0.0,0.0,0.0,0.031100100813313294,0.0,0,0.0,0,1.9862835765755744,,,,,,,,,,,
2483,1/16/1974,0.376,0.451,1.000,5.134,0.451,0.0,4.683000000000001,0.0,0.0,0.0,1.9862835765755744,0.0,0.0,0.06517802511957844,1.921105551455996,0.1539441826666397,0.0,0.0,0.0,0.029269802629479577,0.0,0,0.0,0,1.921105551455996,,,,,,,,,,,
2484,1/17/1974,0.400,1.120,1.000,5.134,1.12,0.0,4.014,0.0,0.0,0.0,1.921105551455996,0.0,0.0,0.061652565907728996,1.859452985548267,0.14605090751964928,0.0,0.0,0.0,0.027585487884696246,0.0,0,0.0,0,1.859452985548267,,,,,,,,,,,
2485,1/18/1974,0.400,4.230,1.000,5.134,4.23,0.0,0.9039999999999999,0.0,0.0,0.0,1.859452985548267,0.0,0.0,0.05839035486676092,1.801062630681506,0.13872289141090446,0.0,0.0,0.0,0.026032571916044404,0.0,0,0.0,0,1.801062630681506,,,,,,,,,,,
2486,1/19/1974,0.400,10.172,1.000,5.134,5.134,5.038,0.0,0,4.94855855428157,0.0,6.749621184963076,0.0,0.0,0.5006083739606714,6.249012811002405,1.0440242348606978,0.08944144571843,0.08944144571843,0.0,0.25708468984969524,0.08944144571843,0,0.0,0,6.249012811002405,,,,,,,,,,,
2487,1/20/1974,0.424,13.475,1.000,5.134,5.134,8.341,0.0,0,8.341,0.08944144571843,14.590410960261808,0.0,0.08944144571843,1.8091655906873372,12.78124536957447,3.421655386817187,0.0,0.0,0.00039814925940304455,1.011047982175052,0.08904329645902696,0,0.0,0,12.78124536957447,,,,,,,,,,,
2488,1/21/1974,1.050,7.453,1.000,5.134,5.134,2.319,0.0,0,2.3186018507405968,0.08904329645902696,15.100243597210088,0.0,0.08904329645902696,1.915750880182201,13.184492717027886,3.6059177899085735,0.0003981492594030382,0.0003981492594030382,0.0003963768950199571,1.0746531781571025,0.08904506882341005,0,0.0,0,13.184492717027886,,,,,,,,,,,
2489,1/22/1974,1.231,5.834,1.000,5.134,5.134,0.6999999999999993,0.0,0,0.6996036231682483,0.08904506882341005,13.884492724980847,0.0,0.08904506882341005,1.6656451076913283,12.21884761728952,3.171861441514296,0.00039637683175093786,0.00039637683175093786,0.000396384784713162,0.9257931407202974,0.08904506087044783,0,0.0,0,12.21884761728952,,,,,,,,,,,
2490,1/23/1974,1.157,2.858,1.000,5.134,2.858,0.0,2.2760000000000002,0.0,0.0,0.08904506087044783,12.21884761728952,0.08904506087044783,0.0,1.3461171558872855,10.872730461402234,2.6080298898434306,0.0,0.0,0.0,0.7377816155432839,0.0,0,0.0,0,10.872730461402234,,,,,,,,,,,
2491,1/24/1974,0.849,0.452,1.000,5.134,0.452,0.0,4.682,0.0,0.0,0.0,10.872730461402234,0.0,0.0,1.1081455696673725,9.764584891734861,2.1800906787526078,0.0,0.0,0.0,0.5996289126218864,0.0,0,0.0,0,9.764584891734861,,,,,,,,,,,
2492,1/25/1974,0.754,1.020,1.000,5.134,1.02,0.0,4.114000000000001,0.0,0.0,0.0,9.764584891734861,0.0,0.0,0.926379111553264,8.838205780181598,1.847681427033137,0.0,0.0,0.0,0.49539851440786176,0.0,0,0.0,0,8.838205780181598,,,,,,,,,,,
2493,1/26/1974,0.636,0.368,1.000,5.134,0.368,0.0,4.766,0.0,0.0,0.0,8.838205780181598,0.0,0.0,0.7845837213600149,8.053622058821583,1.5844237487452295,0.0,0.0,0.0,0.41500924635863295,0.0,0,0.0,0,8.053622058821583,,,,,,,,,,,
2494,1/27/1974,0.580,0.753,1.000,5.134,0.753,0.0,4.381,0.0,0.0,0.0,8.053622058821583,0.0,0.0,0.6719720147083627,7.38165004411322,1.3724670461822128,0.0,0.0,0.0,0.35183746203507427,0.0,0,0.0,0,7.38165004411322,,,,,,,,,,,
2495,1/28/1974,0.473,2.692,1.000,5.134,2.692,0.0,2.442,0.0,0.0,0.0,7.38165004411322,0.0,0.0,0.5811499407795002,6.80050010333372,1.1993727295525916,0.0,0.0,0.0,0.3013904716309171,0.0,0,0.0,0,6.80050010333372,,,,,,,,,,,
2496,1/29/1974,0.785,4.605,1.000,5.134,4.605,0.0,0.5289999999999999,0.0,0.0,0.0,6.80050010333372,0.0,0.0,0.5069135075951469,6.293586595738573,1.0562541329957755,0.0,0.0,0.0,0.26053714080621215,0.0,0,0.0,0,6.293586595738573,,,,,,,,,,,
2497,1/30/1974,7.608,34.482,1.000,5.134,5.134,29.348,0.0,0,29.25855855428157,0.0,35.552145150020145,0.0,0.0,7.98255884774483,27.569586302275315,13.135029642617058,0.08944144571843,0.08944144571843,0.0,4.9187498836705625,0.08944144571843,0,0.0,0,27.569586302275315,,,,,,,,,,,
2498,1/31/1974,3.062,2.961,1.000,5.134,2.961,0.0,2.1730000000000005,0.0,0.0,0.08944144571843,27.569586302275315,0.08944144571843,0.0,5.224958680920929,22.344627621354384,8.977091560869011,0.0,0.0,0.0,3.131008812222655,0.0,0,0.0,0,22.344627621354384,,,,,,,,,,,
2499,2/1/1974,1.797,3.436,2.000,4.866,3.436,0.0,1.4299999999999997,0.0,0.0,0.0,22.344627621354384,0.0,0.0,3.6811850298296576,18.663442591524728,6.540146349279869,0.0,0.0,0.0,2.1556643757865137,0.0,0,0.0,0,18.663442591524728,,,,,,,,,,,
2500,2/2/1974,1.121,0.625,2.000,4.866,0.625,0.0,4.241,0.0,0.0,0.0,18.663442591524728,0.0,0.0,2.727001458011013,15.936441133513714,4.978737645491956,0.0,0.0,0.0,1.565686908819555,0.0,0,0.0,0,15.936441133513714,,,,,,,,,,,
2501,2/3/1974,0.947,4.052,2.000,4.866,4.052,0.0,0.8140000000000001,0.0,0.0,0.0,15.936441133513714,0.0,0.0,2.095807304006155,13.84063382950756,3.9149486032493725,0.0,0.0,0.0,1.1826266754974544,0.0,0,0.0,0,13.84063382950756,,,,,,,,,,,
2502,2/4/1974,1.015,5.776,2.000,4.866,4.866,0.9100000000000001,0.0,0,0.8205585545417802,0.0,14.66119238404934,0.0,0.0,1.8238170263153004,12.83737535773404,3.4470457595843045,0.08944144545822003,0.08944144545822003,0.0,1.0197769909945757,0.08944144545822003,0,0.0,0,12.83737535773404,,,,,,,,,,,
2503,2/5/1974,1.050,4.438,2.000,4.866,4.438,0.0,0.42799999999999994,0.0,0.0,0.08944144545822003,12.837610497660204,0.03661890605711871,0.052822539401101314,1.461636689496483,11.375973808163721,2.813186257410649,0.0,0.0,0.00023513992616515812,0.8054474377341244,0.05258739947493615,0,0.0,0,11.375973808163721,,,,,,,,,,,
2504,2/6/1974,0.849,1.605,2.000,4.866,1.605,0.0,3.2609999999999997,0.0,0.0,0.05258739947493615,11.375973808163721,0.05258739947493615,0.0,1.1949417922241494,10.181032015939572,2.33705863642427,0.0,0.0,0.0,0.6498116025965587,0.0,0,0.0,0,10.181032015939572,,,,,,,,,,,
2505,2/7/1974,1.015,1.257,2.000,4.866,1.257,0.0,3.609,0.0,0.0,0.0,10.181032015939572,0.0,0.0,0.9931590018105265,9.187873014129044,1.9704224490430202,0.0,0.0,0.0,0.533548469771533,0.0,0,0.0,0,9.187873014129044,,,,,,,,,,,
2506,2/8/1974,1.194,8.865,2.000,4.866,4.866,3.9990000000000006,0.0,0,3.9095585542815705,0.0,13.097431568410615,0.0,0.0,1.5112721347840659,11.586159433626548,2.9008646178126103,0.08944144571843,0.08944144571843,0.0,0.8346314829210724,0.08944144571843,0,0.0,0,11.586159433626548,,,,,,,,,,,
2507,2/9/1974,1.157,1.762,2.000,4.866,1.762,0.0,3.1039999999999996,0.0,0.0,0.08944144571843,11.586159433626548,0.08944144571843,0.0,1.2319647418510884,10.35419469177546,2.4036954778335464,0.0,0.0,0.0,0.6712911878305522,0.0,0,0.0,0,10.35419469177546,,,,,,,,,,,
2508,2/10/1974,1.050,0.548,2.000,4.866,0.548,0.0,4.318,0.0,0.0,0.0,10.35419469177546,0.0,0.0,1.021471661985042,9.332723029790419,2.022239253391251,0.0,0.0,0.0,0.549774610617862,0.0,0,0.0,0,9.332723029790419,,,,,,,,,,,
2509,2/11/1974,0.785,0.087,2.000,4.866,0.087,0.0,4.779,0.0,0.0,0.0,9.332723029790419,0.0,0.0,0.8591053170467782,8.473617712743641,1.7232492525794116,0.0,0.0,0.0,0.45714912425244353,0.0,0,0.0,0,8.473617712743641,,,,,,,,,,,
2510,2/12/1974,0.817,1.605,2.000,4.866,1.605,0.0,3.2609999999999997,0.0,0.0,0.0,8.473617712743641,0.0,0.0,0.7313869766846185,7.742230736059023,1.4846406003242958,0.0,0.0,0.0,0.3850874019243218,0.0,0,0.0,0,7.742230736059023,,,,,,,,,,,
2511,2/13/1974,0.724,0.234,2.000,4.866,0.234,0.0,4.632,0.0,0.0,0.0,7.742230736059023,0.0,0.0,0.6292298181249726,7.11300091793405,1.2912631675031665,0.0,0.0,0.0,0.32803646148882465,0.0,0,0.0,0,7.11300091793405,,,,,,,,,,,
2512,2/14/1974,0.665,0.308,2.000,4.866,0.308,0.0,4.558,0.0,0.0,0.0,7.11300091793405,0.0,0.0,0.5463285367540881,6.566672381179962,1.1324371118564767,0.0,0.0,0.0,0.282182123007209,0.0,0,0.0,0,6.566672381179962,,,,,,,,,,,
2513,2/15/1974,0.694,1.165,2.000,4.866,1.165,0.0,3.7009999999999996,0.0,0.0,0.0,6.566672381179962,0.0,0.0,0.4781982990024993,6.088474082177463,1.0004557581858475,0.0,0.0,0.0,0.24483717203980468,0.0,0,0.0,0,6.088474082177463,,,,,,,,,,,
2514,2/16/1974,0.607,0.209,2.000,4.866,0.209,0.0,4.657,0.0,0.0,0.0,6.088474082177463,0.0,0.0,0.4215798846863901,5.6668941974910725,0.8896437767062202,0.0,0.0,0.0,0.21406618642553657,0.0,0,0.0,0,5.6668941974910725,,,,,,,,,,,
2515,2/17/1974,0.525,0.206,2.000,4.866,0.206,0.0,4.659999999999999,0.0,0.0,0.0,5.6668941974910725,0.0,0.0,0.3740597263705805,5.292834471120492,0.7957465758534255,0.0,0.0,0.0,0.18844800271516496,0.0,0,0.0,0,5.292834471120492,,,,,,,,,,,
2516,2/18/1974,0.473,0.485,2.000,4.866,0.485,0.0,4.380999999999999,0.0,0.0,0.0,5.292834471120492,0.0,0.0,0.333820470296973,4.959014000823519,0.7155238964151773,0.0,0.0,0.0,0.16692107322721636,0.0,0,0.0,0,4.959014000823519,,,,,,,,,,,
2517,2/19/1974,0.499,0.527,2.000,4.866,0.527,0.0,4.3389999999999995,0.0,0.0,0.0,4.959014000823519,0.0,0.0,0.2994732267373226,4.659540774086196,0.6464729906923974,0.0,0.0,0.0,0.1486802861954211,0.0,0,0.0,0,4.659540774086196,,,,,,,,,,,
2518,2/20/1974,0.580,0.365,2.000,4.866,0.365,0.0,4.5009999999999994,0.0,0.0,0.0,4.659540774086196,0.0,0.0,0.26994231748323805,4.3895984566029576,0.5866361574130097,0.0,0.0,0.0,0.13310660666759386,0.0,0,0.0,0,4.3895984566029576,,,,,,,,,,,
2519,2/21/1974,0.580,0.143,2.000,4.866,0.143,0.0,4.723,0.0,0.0,0.0,4.3895984566029576,0.0,0.0,0.24438456261735028,4.145213893985607,0.5344644474785694,0.0,0.0,0.0,0.11971815456822602,0.0,0,0.0,0,4.145213893985607,,,,,,,,,,,
2520,2/22/1974,0.473,0.056,2.000,4.866,0.056,0.0,4.81,0.0,0.0,0.0,4.145213893985607,0.0,0.0,0.22213177477701265,3.9230821192085945,0.4887195390964892,0.0,0.0,0.0,0.10813558706047445,0.0,0,0.0,0,3.9230821192085945,,,,,,,,,,,
2521,2/23/1974,0.448,4.034,2.000,4.866,4.034,0.0,0.8319999999999999,0.0,0.0,0.0,3.9230821192085945,0.0,0.0,0.20264914524874675,3.7204329739598476,0.44840202829489134,0.0,0.0,0.0,0.09805721122359838,0.0,0,0.0,0,3.7204329739598476,,,,,,,,,,,
2522,2/24/1974,0.552,1.799,2.000,4.866,1.799,0.0,3.0669999999999997,0.0,0.0,0.0,3.7204329739598476,0.0,0.0,0.1855047007760988,3.534928273183749,0.4126983056800857,0.0,0.0,0.0,0.08924083211314383,0.0,0,0.0,0,3.534928273183749,,,,,,,,,,,
2523,2/25/1974,0.499,14.213,2.000,4.866,4.866,9.347,0.0,0,9.25755855428157,0.0,12.792486827465318,0.0,0.0,1.453084071643119,11.3394027558222,2.798050552381287,0.08944144571843,0.08944144571843,0.0,0.8004252960203869,0.08944144571843,0,0.0,0,11.3394027558222,,,,,,,,,,,
2524,2/26/1974,4.089,7.685,2.000,4.866,4.866,2.819,0.0,0,2.819,0.08944144571843,14.158800905081602,0.0,0.08944144571843,1.720850872393584,12.437950032688018,3.2681816316965393,0.0,0.0,0.00039814925940304455,0.958531756879225,0.08904329645902696,0,0.0,0,12.437950032688018,,,,,,,,,,,
2525,2/27/1974,7.454,6.130,2.000,4.866,4.866,1.2640000000000002,0.0,0,1.2636018507405975,0.08904329645902696,13.701948260323636,0.0,0.08904329645902696,1.6293072256421668,12.07264103468147,3.1082946628982704,0.00039814925940282635,0.00039814925940282635,0.0003963768950199571,0.9042825161224026,0.08904506882340985,0,0.0,0,12.07264103468147,,,,,,,,,,,
2526,2/28/1974,2.299,5.543,2.000,4.866,4.866,0.6770000000000005,0.0,0,0.676603623210796,0.08904506882340985,12.749641042676979,0.0,0.08904506882340985,1.4449817905905247,11.304659252086454,2.783704126204609,0.00039637678920448777,0.00039637678920448777,0.0003963847847131611,0.7956693880113617,0.08904506082790117,0,0.0,0,11.304659252086454,,,,,,,,,,,
2527,3/1/1974,1.884,6.600,3.000,4.631,4.631,1.9689999999999994,0.0,0,1.9686036151094706,0.08904506082790117,13.273659251945046,0.0,0.08904506082790117,1.5453145220471525,11.728344729897895,2.9608416628697034,0.00039638489052882663,0.00039638489052882663,0.0003963847491210949,0.8546839353850476,0.0890450609693089,0,0.0,0,11.728344729897895,,,,,,,,,,,
2528,3/2/1974,1.423,8.622,3.000,4.631,4.631,3.9909999999999997,0.0,0,3.9906036152508784,0.0890450609693089,15.719344729898523,0.0,0.0890450609693089,2.048439657952866,13.670905071945658,3.8339149056623425,0.0003963847491210958,0.0003963847491210958,0.00039638474975057245,1.1541605299214615,0.08904506096867944,0,0.0,0,13.670905071945658,,,,,,,,,,,
2529,3/3/1974,3.618,15.182,3.000,4.631,4.631,10.551,0.0,0,10.55060361525025,0.08904506096867944,24.221905071945656,0.0,0.08904506096867944,4.210945375441411,20.010959696504244,7.3873980058461255,0.0003963847497505675,0.0003963847497505675,0.0003963847497477704,2.487799189454871,0.08904506096868224,0,0.0,0,20.010959696504244,,,,,,,,,,,
2530,3/4/1974,2.157,10.714,3.000,4.631,4.631,6.083,0.0,0,6.082603615250252,0.08904506096868224,26.093959696504246,0.0,0.08904506096868224,4.767226174882834,21.326733521621414,8.264315093359315,0.00039638474974775976,0.00039638474974775976,0.00039638474974778285,2.8395348522217874,0.08904506096868223,0,0.0,0,21.326733521621414,,,,,,,,,,,
2531,3/5/1974,4.968,3.979,3.000,4.631,3.979,0.0,0.6520000000000001,0.0,0.0,0.08904506096868223,21.32688263598062,0.05554756335957992,0.033497497609102304,3.4060007804549692,17.92088185552565,6.094846427788757,0.0,0.0,0.00014911435920776,1.9843484790754138,0.033348383249894545,0,0.0,0,17.92088185552565,,,,,,,,,,,
2532,3/6/1974,2.157,6.465,3.000,4.631,4.631,1.8339999999999996,0.0,0,1.7779069375314642,0.033348383249894545,19.698937243632646,0.0,0.033348383249894545,2.983805012639059,16.715132230993586,5.403967136770446,0.05609306246853546,0.05609306246853546,0.00014845057553109815,1.723303635353911,0.0892929951428989,0,0.0,0,16.715132230993586,,,,,,,,,,,
2533,3/7/1974,2.251,1.897,3.000,4.631,1.897,0.0,2.734,0.0,0.0,0.0892929951428989,16.715132230993586,0.0892929951428989,0.0,2.269248928748076,14.445883302245509,4.210139734803779,0.0,0.0,0.0,1.287213546228221,0.0,0,0.0,0,14.445883302245509,,,,,,,,,,,
2534,3/8/1974,1.585,11.733,3.000,4.631,4.631,7.102,0.0,0,7.01255855428157,0.0,21.45844185652708,0.0,0.0,3.4410904186669233,18.017351437860157,6.151838793095385,0.08944144571843,0.08944144571843,0.0,2.00614437342373,0.08944144571843,0,0.0,0,18.017351437860157,,,,,,,,,,,
2535,3/9/1974,16.823,31.270,3.000,4.631,4.631,26.639,0.0,0,26.639,0.08944144571843,44.656749587119556,0.0,0.08944144571843,11.672869405329902,32.98388018178966,18.426541537999586,0.0,0.0,0.00039814925940304455,7.374789790965084,0.08904329645902696,0,0.0,0,32.98388018178966,,,,,,,,,,,
2536,3/10/1974,19.225,16.693,3.000,4.631,4.631,12.062000000000001,0.0,0,12.061601850740598,0.08904329645902696,45.04587840942528,0.0,0.08904329645902696,11.842885905655372,33.202992503769906,18.66439051032511,0.0003981492594030382,0.0003981492594030382,0.0003963768950199571,7.48932687226112,0.08904506882341005,0,0.0,0,33.202992503769906,,,,,,,,,,,
2537,3/11/1974,17.250,6.818,3.000,4.631,4.631,2.1869999999999994,0.0,0,2.1866036231049795,0.08904506882341005,35.3899925116596,0.0,0.08904506882341005,7.921970657558162,27.468021854101437,13.045822839966261,0.00039637689501995115,0.00039637689501995115,0.000396384784713162,4.8789696101048925,0.08904506093371685,0,0.0,0,27.468021854101437,,,,,,,,,,,
2538,3/12/1974,12.040,11.333,3.000,4.631,4.631,6.702,0.0,0,6.701603615215287,0.08904506093371685,34.17002185406632,0.0,0.08904506093371685,7.4720747145825985,26.697947139483723,12.380693800894143,0.0003963847847131611,0.0003963847847131611,0.0003963847495921342,4.58421822086246,0.08904506096883787,0,0.0,0,26.697947139483723,,,,,,,,,,,
2539,3/13/1974,4.646,3.319,3.000,4.631,3.319,0.0,1.3120000000000003,0.0,0.0,0.08904506096883787,26.697947139483723,0.08904506096883787,0.0,4.952550275394381,21.745396864089344,8.553810271323371,0.0,0.0,0.0,2.9573328073468943,0.0,0,0.0,0,21.745396864089344,,,,,,,,,,,
2540,3/14/1974,2.798,1.282,3.000,4.631,1.282,0.0,3.349,0.0,0.0,0.0,21.745396864089344,0.0,0.0,3.5181256137162555,18.22727125037309,6.276739694383152,0.0,0.0,0.0,2.05404583132908,0.0,0,0.0,0,18.22727125037309,,,,,,,,,,,
2541,3/15/1974,2.065,2.809,3.000,4.631,2.809,0.0,1.822,0.0,0.0,0.0,18.22727125037309,0.0,0.0,2.6216127416591983,15.60565850871389,4.803040795098977,0.0,0.0,0.0,1.5012803295348,0.0,0,0.0,0,15.60565850871389,,,,,,,,,,,
2542,3/16/1974,1.753,3.731,3.000,4.631,3.731,0.0,0.9000000000000004,0.0,0.0,0.0,15.60565850871389,0.0,0.0,2.023807853217724,13.581850655496167,3.79170322499867,0.0,0.0,0.0,1.139374803126364,0.0,0,0.0,0,13.581850655496167,,,,,,,,,,,
2543,3/17/1974,3.675,5.730,3.000,4.631,4.631,1.0990000000000002,0.0,0,1.0095585542853711,0.0,14.591409209781538,0.0,0.0,1.8093718951196003,12.782037314661938,3.422013042472701,0.08944144571462902,0.08944144571462902,0.0,1.0111708617020632,0.08944144571462902,0,0.0,0,12.782037314661938,,,,,,,,,,,
2544,3/18/1974,5.099,8.698,3.000,4.631,4.631,4.067,0.0,0,4.066999999996199,0.08944144571462902,16.849435463917523,0.0,0.08944144571462902,2.2997186241140475,14.549716839803475,4.26175977276496,3.800983717765124e-12,3.800983717765124e-12,0.00039814925938612444,1.305642618974036,0.08904329645904388,0,0.0,0,14.549716839803475,,,,,,,,,,,
2545,3/19/1974,8.885,10.591,3.000,4.631,4.631,5.959999999999999,0.0,0,5.959601850740613,0.08904329645904388,20.509715067439107,0.0,0.08904329645904388,3.1912818071564524,17.318433260282653,5.744698583596484,0.0003981492593861266,0.0003981492593861266,0.00039637689502003247,1.8513031778565454,0.08904506882340997,0,0.0,0,17.318433260282653,,,,,,,,,,,
2546,3/20/1974,3.850,1.004,3.000,4.631,1.004,0.0,3.6270000000000002,0.0,0.0,0.08904506882340997,17.318433260282653,0.08904506882340997,0.0,2.407391809680146,14.911041450602507,4.443627214902721,0.0,0.0,0.0,1.3708943472114774,0.0,0,0.0,0,14.911041450602507,,,,,,,,,,,
2547,3/21/1974,2.594,4.083,3.000,4.631,4.083,0.0,0.548,0.0,0.0,0.0,14.911041450602507,0.0,0.0,1.875911765512888,13.035129685089618,3.537164688819299,0.0,0.0,0.0,1.0508510556497086,0.0,0,0.0,0,13.035129685089618,,,,,,,,,,,
2548,3/22/1974,2.746,6.988,3.000,4.631,4.631,2.357,0.0,0,2.26755855428157,0.0,15.30268823937119,0.0,0.0,1.958748433999215,13.343939805371974,3.6799649125334257,0.08944144571843,0.08944144571843,0.0,1.100378883776237,0.08944144571843,0,0.0,0,13.343939805371974,,,,,,,,,,,
2549,3/23/1974,2.111,0.848,3.000,4.631,0.848,0.0,3.7830000000000004,0.0,0.0,0.08944144571843,13.343939805371974,0.08944144571843,0.0,1.5589753024645436,11.78496450290743,2.9848744860544727,0.0,0.0,0.0,0.8627389439763435,0.0,0,0.0,0,11.78496450290743,,,,,,,,,,,
2550,3/24/1974,1.463,2.281,3.000,4.631,2.281,0.0,2.35,0.0,0.0,0.0,11.78496450290743,0.0,0.0,1.2673976843869483,10.517566818520482,2.467299705145459,0.0,0.0,0.0,0.6918881378263582,0.0,0,0.0,0,10.517566818520482,,,,,,,,,,,
2551,3/25/1974,1.585,1.647,3.000,4.631,1.647,0.0,2.984,0.0,0.0,0.0,10.517566818520482,0.0,0.0,1.0484745932062014,9.46909222531428,2.0715406653627144,0.0,0.0,0.0,0.5652777499048183,0.0,0,0.0,0,9.46909222531428,,,,,,,,,,,
2552,3/26/1974,1.194,1.492,3.000,4.631,1.492,0.0,3.1390000000000002,0.0,0.0,0.0,9.46909222531428,0.0,0.0,0.8801290493003094,8.588963176013971,1.7622233020894735,0.0,0.0,0.0,0.4690819716352033,0.0,0,0.0,0,8.588963176013971,,,,,,,,,,,
2553,3/27/1974,1.231,0.448,3.000,4.631,0.448,0.0,4.183,0.0,0.0,0.0,8.588963176013971,0.0,0.0,0.7480552569950957,7.840907919018876,1.515969927634824,0.0,0.0,0.0,0.3944479656582806,0.0,0,0.0,0,7.840907919018876,,,,,,,,,,,
2554,3/28/1974,1.121,1.816,3.000,4.631,1.816,0.0,2.8150000000000004,0.0,0.0,0.0,7.840907919018876,0.0,0.0,0.6426527458468052,7.19825517317207,1.3168124542392687,0.0,0.0,0.0,0.3354998949531189,0.0,0,0.0,0,7.19825517317207,,,,,,,,,,,
2555,3/29/1974,1.086,1.654,3.000,4.631,1.654,0.0,2.9770000000000003,0.0,0.0,0.0,7.19825517317207,0.0,0.0,0.5572856258596033,6.640969547312467,1.153535655273875,0.0,0.0,0.0,0.2882178751831597,0.0,0,0.0,0,6.640969547312467,,,,,,,,,,,
2556,3/30/1974,0.947,0.584,3.000,4.631,0.584,0.0,4.047000000000001,0.0,0.0,0.0,6.640969547312467,0.0,0.0,0.487249713671441,6.153719833641025,1.0180721104746056,0.0,0.0,0.0,0.24977948764120642,0.0,0,0.0,0,6.153719833641025,,,,,,,,,,,
2557,3/31/1974,0.881,0.647,3.000,4.631,0.647,0.0,3.984,0.0,0.0,0.0,6.153719833641025,0.0,0.0,0.4291363579040583,5.724583475736967,0.9044972348459073,0.0,0.0,0.0,0.21815801895079073,0.0,0,0.0,0,5.724583475736967,,,,,,,,,,,
2558,4/1/1974,0.849,0.195,4.000,4.235,0.195,0.0,4.04,0.0,0.0,0.0,5.724583475736967,0.0,0.0,0.38042781744247384,5.344155658294493,0.8083803875814385,0.0,0.0,0.0,0.19186919631701949,0.0,0,0.0,0,5.344155658294493,,,,,,,,,,,
2559,4/2/1974,0.817,0.843,4.000,4.235,0.843,0.0,3.3920000000000003,0.0,0.0,0.0,5.344155658294493,0.0,0.0,0.33923262274227556,5.004923035552218,0.7263545285280928,0.0,0.0,0.0,0.16980692853752977,0.0,0,0.0,0,5.004923035552218,,,,,,,,,,,
2560,4/3/1974,0.914,2.123,4.000,4.235,2.123,0.0,2.112,0.0,0.0,0.0,5.004923035552218,0.0,0.0,0.3041081903986543,4.700814845153563,0.6558240182368221,0.0,0.0,0.0,0.15113407761782927,0.0,0,0.0,0,4.700814845153563,,,,,,,,,,,
2561,4/4/1974,0.817,2.361,4.000,4.235,2.361,0.0,1.874,0.0,0.0,0.0,4.700814845153563,0.0,0.0,0.2739393077553495,4.426875537398214,0.5947620319819549,0.0,0.0,0.0,0.13520819753653224,0.0,0,0.0,0,4.426875537398214,,,,,,,,,,,
2562,4/5/1974,1.269,8.559,4.000,4.235,4.235,4.323999999999999,0.0,0,4.234558554281569,0.0,8.661434091679784,0.0,0.0,0.7586045671933744,7.9028295244864095,1.5357676704831906,0.08944144571843,0.08944144571843,0.0,0.4003793569284999,0.08944144571843,0,0.0,0,7.9028295244864095,,,,,,,,,,,
2563,4/6/1974,1.884,13.786,4.000,4.235,4.235,9.550999999999998,0.0,0,9.550999999999998,0.08944144571843,17.454227673745812,0.0,0.08944144571843,2.438934699057748,15.015292974688064,4.496747604990938,0.0,0.0,0.00039814925940304455,1.3900466496048403,0.08904329645902696,0,0.0,0,15.015292974688064,,,,,,,,,,,
2564,4/7/1974,13.176,15.260,4.000,4.235,4.235,11.024999999999999,0.0,0,11.024601850740595,0.08904329645902696,26.04029120232368,0.0,0.08904329645902696,4.750895805224827,21.28939539709885,8.238744204345009,0.0003981492594030382,0.0003981492594030382,0.0003963768950199571,2.829169015656815,0.08904506882341005,0,0.0,0,21.28939539709885,,,,,,,,,,,
2565,4/8/1974,9.637,4.465,4.000,4.235,4.235,0.22999999999999954,0.0,0,0.22960594304487975,0.08904506882341005,21.519397724928446,0.0,0.08904506882341005,3.4573973812556695,18.062000343672775,6.178303074349476,0.00039405695511980025,0.00039405695511980025,0.000396384784713162,2.0162784148741033,0.0890427409938167,0,0.0,0,18.062000343672775,,,,,,,,,,,
2566,4/9/1974,4.457,1.199,4.000,4.235,1.199,0.0,3.0360000000000005,0.0,0.0,0.0890427409938167,18.062000343672775,0.0890427409938167,0.0,2.58211465052733,15.479885693145444,4.737005798770125,0.0,0.0,0.0,1.4771852195304747,0.0,0,0.0,0,15.479885693145444,,,,,,,,,,,
2567,4/10/1974,3.733,3.983,4.000,4.235,3.983,0.0,0.2520000000000002,0.0,0.0,0.0,15.479885693145444,0.0,0.0,1.9966963644149498,13.483189328730495,3.745183405048123,0.0,0.0,0.0,1.1231142865139507,0.0,0,0.0,0,13.483189328730495,,,,,,,,,,,
2568,4/11/1974,3.116,12.758,4.000,4.235,4.235,8.523,0.0,0,8.43355855428157,0.0,21.916747883012064,0.0,0.0,3.5644508543947535,18.35229702861731,6.351706091448356,0.08944144571843,0.08944144571843,0.0,2.0828847986163477,0.08944144571843,0,0.0,0,18.35229702861731,,,,,,,,,,,
2569,4/12/1974,4.395,10.892,4.000,4.235,4.235,6.656999999999999,0.0,0,6.656999999999999,0.08944144571843,25.009695177876715,0.0,0.08944144571843,4.441671569587832,20.568023608288883,7.752611286026945,0.0,0.0,0.00039814925940304455,2.6333376259744266,0.08904329645902696,0,0.0,0,20.568023608288883,,,,,,,,,,,
2570,4/13/1974,6.702,8.080,4.000,4.235,4.235,3.8449999999999998,0.0,0,3.8446018507405966,0.08904329645902696,24.413021835924496,0.0,0.08904329645902696,4.266466541335207,20.14655529458929,7.4754826259560705,0.0003981492594030382,0.0003981492594030382,0.0003963768950199571,2.5227741932133108,0.08904506882341005,0,0.0,0,20.14655529458929,,,,,,,,,,,
2571,4/14/1974,3.170,12.347,4.000,4.235,4.235,8.111999999999998,0.0,0,8.111603623104978,0.08904506882341005,28.25855530247898,0.0,0.08904506882341005,5.4443876065831125,22.81416769589587,9.316183552466255,0.00039637689501995115,0.00039637689501995115,0.000396384784713162,3.2713428967030076,0.08904506093371685,0,0.0,0,22.81416769589587,,,,,,,,,,,
2572,4/15/1974,2.019,11.841,4.000,4.235,4.235,7.605999999999999,0.0,0,7.605603615215286,0.08904506093371685,30.420167695860748,0.0,0.08904506093371685,6.156044982941492,24.264122712919256,10.40523051844521,0.0003963847847131611,0.0003963847847131611,0.0003963847495921342,3.7289748199449066,0.08904506096883787,0,0.0,0,24.264122712919256,,,,,,,,,,,
2573,4/16/1974,5.984,5.543,4.000,4.235,4.235,1.3079999999999998,0.0,0,1.3076036152504078,0.08904506096883787,25.572122712919413,0.0,0.08904506096883787,4.609393070045548,20.962729642873864,8.016747980409713,0.00039638474959205846,0.00039638474959205846,0.00039638474974847566,2.739447969547868,0.08904506096868145,0,0.0,0,20.962729642873864,,,,,,,,,,,
2574,4/17/1974,3.170,8.333,4.000,4.235,4.235,4.098,0.0,0,4.097603615250251,0.08904506096868145,25.060729642873863,0.0,0.08904506096868145,4.456787872910866,20.603941769962997,7.776462946203849,0.0003963847497485527,0.0003963847497485527,0.00039638474974777933,2.6428904146160046,0.08904506096868223,0,0.0,0,20.603941769962997,,,,,,,,,,,
2575,4/18/1974,8.558,19.307,4.000,4.235,4.235,15.072,0.0,0,15.071603615250252,0.08904506096868223,35.675941769962996,0.0,0.08904506096868223,8.028939564527157,27.64700220543584,13.203260519106975,0.0003963847497477797,0.0003963847497477797,0.0003963847497477828,4.949215419695459,0.08904506096868223,0,0.0,0,27.64700220543584,,,,,,,,,,,
2576,4/19/1974,21.870,6.835,4.000,4.235,4.235,2.5999999999999996,0.0,0,2.5996036152502517,0.08904506096868223,30.24700220543584,0.0,0.08904506096868223,6.097750842338703,24.149251363097136,10.31660984298809,0.0003963847497477797,0.0003963847497477797,0.0003963847497477828,3.691351878970544,0.08904506096868223,0,0.0,0,24.149251363097136,,,,,,,,,,,
2577,4/20/1974,14.452,9.207,4.000,4.235,4.235,4.972,0.0,0,4.9716036152502525,0.08904506096868223,29.121251363097137,0.0,0.08904506096868223,5.724213627345187,23.39703773575195,9.74629892212426,0.0003963847497477797,0.0003963847497477797,0.0003963847497477828,3.4508424346934943,0.08904506096868223,0,0.0,0,23.39703773575195,,,,,,,,,,,
2578,4/21/1974,20.703,8.273,4.000,4.235,4.235,4.037999999999999,0.0,0,4.0376036152502515,0.08904506096868223,27.43503773575195,0.0,0.08904506096868223,5.182528686294535,22.252509049457416,8.911333271455858,0.0003963847497477797,0.0003963847497477797,0.0003963847497477828,3.103917255502219,0.08904506096868223,0,0.0,0,22.252509049457416,,,,,,,,,,,
2579,4/22/1974,13.176,2.615,4.000,4.235,2.615,0.0,1.62,0.0,0.0,0.08904506096868223,22.252509049457416,0.08904506096868223,0.0,3.6559262146003233,18.59658283485709,6.499427778006425,0.0,0.0,0.0,2.1399033635364058,0.0,0,0.0,0,18.59658283485709,,,,,,,,,,,
2580,4/23/1974,3.675,3.882,4.000,4.235,3.882,0.0,0.3530000000000002,0.0,0.0,0.0,18.59658283485709,0.0,0.0,2.710738930838082,15.88584390401901,4.951672398157952,0.0,0.0,0.0,1.5557374810192939,0.0,0,0.0,0,15.88584390401901,,,,,,,,,,,
2581,4/24/1974,7.074,17.059,4.000,4.235,4.235,12.824000000000002,0.0,0,12.734558554281572,0.0,28.620402458300582,0.0,0.0,5.561073976628123,23.05932848167246,9.495848860473043,0.08944144571843,0.08944144571843,0.0,3.3461214678178677,0.08944144571843,0,0.0,0,23.05932848167246,,,,,,,,,,,
2582,4/25/1974,19.562,4.020,4.000,4.235,4.02,0.0,0.21500000000000075,0.0,0.0,0.08944144571843,23.059644745402668,0.018395011271440245,0.07104643444698976,3.879598642482775,19.180046102919892,6.858953640559652,0.0,0.0,0.000316263730210112,2.279714651362257,0.07073017071677964,0,0.0,0,19.180046102919892,,,,,,,,,,,
2583,4/26/1974,6.702,0.986,4.000,4.235,0.986,0.0,3.2490000000000006,0.0,0.0,0.07073017071677964,19.180046102919892,0.07073017071677964,0.0,2.8539642110492793,16.32608189187061,5.189469608780907,0.0,0.0,0.0,1.6434954158676298,0.0,0,0.0,0,16.32608189187061,,,,,,,,,,,
2584,4/27/1974,3.447,1.096,4.000,4.235,1.096,0.0,3.1390000000000002,0.0,0.0,0.0,16.32608189187061,0.0,0.0,2.1819044554304847,14.144177436440128,4.061775881957667,0.0,0.0,0.0,1.2344756565775354,0.0,0,0.0,0,14.144177436440128,,,,,,,,,,,
2585,4/28/1974,2.544,0.972,4.000,4.235,0.972,0.0,3.2630000000000003,0.0,0.0,0.0,14.144177436440128,0.0,0.0,1.7178896818721192,12.426287754568008,3.263022706524431,0.0,0.0,0.0,0.9567739105158892,0.0,0,0.0,0,12.426287754568008,,,,,,,,,,,
2586,4/29/1974,2.111,0.332,4.000,4.235,0.332,0.0,3.9030000000000005,0.0,0.0,0.0,12.426287754568008,0.0,0.0,1.3844208200473906,11.041866934520618,2.6762299649041856,0.0,0.0,0.0,0.7601772835277483,0.0,0,0.0,0,11.041866934520618,,,,,,,,,,,
2587,4/30/1974,1.753,0.353,4.000,4.235,0.353,0.0,3.8820000000000006,0.0,0.0,0.0,11.041866934520618,0.0,0.0,1.1370248593516188,9.904842075168999,2.2324368169667133,0.0,0.0,0.0,0.6162982133027813,0.0,0,0.0,0,9.904842075168999,,,,,,,,,,,
2588,5/1/1974,1.503,0.431,5.000,3.714,0.431,0.0,3.283,0.0,0.0,0.0,9.904842075168999,0.0,0.0,0.9486624350227177,8.956179640146281,1.8887215992826825,0.0,0.0,0.0,0.5081090199205639,0.0,0,0.0,0,8.956179640146281,,,,,,,,,,,
2589,5/2/1974,1.269,0.101,5.000,3.714,0.101,0.0,3.613,0.0,0.0,0.0,8.956179640146281,0.0,0.0,0.8021158618262724,8.154063778320008,1.6171819222937245,0.0,0.0,0.0,0.4249003849775141,0.0,0,0.0,0,8.154063778320008,,,,,,,,,,,
2590,5/3/1974,1.121,0.426,5.000,3.714,0.426,0.0,3.288,0.0,0.0,0.0,8.154063778320008,0.0,0.0,0.6859976343909509,7.468066143929057,1.3990191082125785,0.0,0.0,0.0,0.35966968529019294,0.0,0,0.0,0,7.468066143929057,,,,,,,,,,,
2591,5/4/1974,1.015,0.405,5.000,3.714,0.405,0.0,3.309,0.0,0.0,0.0,7.468066143929057,0.0,0.0,0.5925332207228462,6.875532923206212,1.2211828205997306,0.0,0.0,0.0,0.30768644273099294,0.0,0,0.0,0,6.875532923206212,,,,,,,,,,,
2592,5/5/1974,0.981,4.418,5.000,3.714,3.714,0.7040000000000002,0.0,0,0.6145585803336886,0.0,7.4900915035399,0.0,0.0,0.5954486526648368,6.894642850875063,1.2267632015544558,0.08944141966631158,0.08944141966631158,0.0,0.3093002239224924,0.08944141966631158,0,0.0,0,6.894642850875063,,,,,,,,,,,
2593,5/6/1974,0.914,1.308,5.000,3.714,1.308,0.0,2.4059999999999997,0.0,0.0,0.08944141966631158,6.894642850875063,0.08944141966631158,0.0,0.5186631600147582,6.375979690860305,1.0790123896972927,0.0,0.0,0.0,0.2669783201742987,0.0,0,0.0,0,6.375979690860305,,,,,,,,,,,
2594,5/7/1974,0.914,2.001,5.000,3.714,2.001,0.0,1.713,0.0,0.0,0.0,6.375979690860305,0.0,0.0,0.45527868660012544,5.92070100426018,0.9557293309473346,0.0,0.0,0.0,0.23235021433504655,0.0,0,0.0,0,5.92070100426018,,,,,,,,,,,
2595,5/8/1974,1.086,7.097,5.000,3.714,3.714,3.3830000000000005,0.0,0,3.2935585542815704,0.0,9.21425955854175,0.0,0.0,0.8410074592447508,8.373252099297,1.6896333638640173,0.08944144571843,0.08944144571843,0.0,0.44689233449394655,0.08944144571843,0,0.0,0,8.373252099297,,,,,,,,,,,
2596,5/9/1974,1.269,4.813,5.000,3.714,3.714,1.0989999999999998,0.0,0,1.0989999999999998,0.08944144571843,9.472650248556404,0.0,0.08944144571843,0.8806803009844456,8.591969947571958,1.7632441285235427,0.0,0.0,0.00039814925940304455,0.46939511063405726,0.08904329645902696,0,0.0,0,8.591969947571958,,,,,,,,,,,
2597,5/10/1974,1.585,6.084,5.000,3.714,3.714,2.3699999999999997,0.0,0,2.3696018507405965,0.08904329645902696,10.961968175207575,0.0,0.08904329645902696,1.123345473220286,9.838622701987289,2.2076568573597175,0.0003981492594030382,0.0003981492594030382,0.0003963768950199571,0.6083988721686052,0.08904506882341005,0,0.0,0,9.838622701987289,,,,,,,,,,,
2598,5/11/1974,3.116,21.697,5.000,3.714,3.714,17.983,0.0,0,17.982603623104982,0.08904506882341005,27.821622709876983,0.0,0.08904506882341005,5.304810480530143,22.51681222934684,9.100678436480752,0.00039637689501995115,0.00039637689501995115,0.000396384784713162,3.182033377509332,0.08904506093371685,0,0.0,0,22.51681222934684,,,,,,,,,,,
2599,5/12/1974,19.225,22.310,5.000,3.714,3.714,18.596,0.0,0,18.595603615215285,0.08904506093371685,41.112812229311714,0.0,0.08904506093371685,10.170159236201608,30.94265299311011,16.303057388137365,0.0003963847847131611,0.0003963847847131611,0.0003963847495921342,6.367392533222138,0.08904506096883787,0,0.0,0,30.94265299311011,,,,,,,,,,,
2600,5/13/1974,25.023,7.979,5.000,3.714,3.714,4.265000000000001,0.0,0,4.264603615250408,0.08904506096883787,35.207652993110266,0.0,0.08904506096883787,7.8540604008632,27.353592592247065,12.945733403174247,0.0003963847495921373,0.0003963847495921373,0.00039638474974847566,4.834405696889626,0.08904506096868153,0,0.0,0,27.353592592247065,,,,,,,,,,,
2601,5/14/1974,5.099,0.613,5.000,3.714,0.613,0.0,3.101,0.0,0.0,0.08904506096868153,27.353592592247065,0.08904506096868153,0.0,5.156912174951885,22.19668041729518,8.871602378394446,0.0,0.0,0.0,3.0875681664360504,0.0,0,0.0,0,22.19668041729518,,,,,,,,,,,
2602,5/15/1974,3.008,2.444,5.000,3.714,2.444,0.0,1.27,0.0,0.0,0.0,22.19668041729518,0.0,0.0,3.640651935446544,18.556028481848635,6.474789928568183,0.0,0.0,0.0,2.130375981498068,0.0,0,0.0,0,18.556028481848635,,,,,,,,,,,
2603,5/16/1974,2.204,1.163,5.000,3.714,1.163,0.0,2.551,0.0,0.0,0.0,18.556028481848635,0.0,0.0,2.700893723089734,15.8551347587589,4.935279132591361,0.0,0.0,0.0,1.5497160814662783,0.0,0,0.0,0,15.8551347587589,,,,,,,,,,,
2604,5/17/1974,3.969,11.232,5.000,3.714,3.714,7.517999999999999,0.0,0,7.428558554281569,0.0,23.28369331304047,0.0,0.0,3.9426258213282828,19.341067491712188,6.95984514854985,0.08944144571843,0.08944144571843,0.0,2.3192083997557758,0.08944144571843,0,0.0,0,19.341067491712188,,,,,,,,,,,
2605,5/18/1974,4.773,1.108,5.000,3.714,1.108,0.0,2.606,0.0,0.0,0.08944144571843,19.341067491712188,0.08944144571843,0.0,2.8940087877072718,16.447058704004917,5.255730508595416,0.0,0.0,0.0,1.6680843183213825,0.0,0,0.0,0,16.447058704004917,,,,,,,,,,,
2606,5/19/1974,2.251,0.592,5.000,3.714,0.592,0.0,3.122,0.0,0.0,0.0,16.447058704004917,0.0,0.0,2.2089176007645785,14.238141103240338,4.107723088023894,0.0,0.0,0.0,1.250771394669309,0.0,0,0.0,0,14.238141103240338,,,,,,,,,,,
2607,5/20/1974,1.711,1.464,5.000,3.714,1.464,0.0,2.25,0.0,0.0,0.0,14.238141103240338,0.0,0.0,1.736952461347553,12.501188641892785,3.296218588402014,0.0,0.0,0.0,0.9680935905667963,0.0,0,0.0,0,12.501188641892785,,,,,,,,,,,
2608,5/21/1974,1.840,8.575,5.000,3.714,3.714,4.860999999999999,0.0,0,4.771558554281569,0.0,17.272747196174354,0.0,0.0,2.396816611792532,14.875930584381821,4.42580206025095,0.08944144571843,0.08944144571843,0.0,1.3644769525488298,0.08944144571843,0,0.0,0,14.875930584381821,,,,,,,,,,,
2609,5/22/1974,89.381,41.025,5.000,3.714,3.714,37.311,0.0,0,37.311,0.08944144571843,52.18732873364122,0.0,0.08944144571843,15.134714199682278,37.052614533958945,23.184737516769527,0.0,0.0,0.00039814925940304455,9.72676244271658,0.08904329645902696,0,0.0,0,37.052614533958945,,,,,,,,,,,
2610,5/23/1974,54.926,11.155,5.000,3.714,3.714,7.440999999999999,0.0,0,7.440601850740596,0.08904329645902696,44.49361276159456,0.0,0.08904329645902696,11.601885172568375,32.89172758902619,18.32709748399829,0.0003981492594030382,0.0003981492594030382,0.0003963768950199571,7.327001363037109,0.08904506882341005,0,0.0,0,32.89172758902619,,,,,,,,,,,
2611,5/24/1974,46.345,17.396,5.000,3.714,3.714,13.682,0.0,0,13.68160362310498,0.08904506882341005,46.57372759691588,0.0,0.08904506882341005,12.519897581075861,34.05383001584002,19.606969794073652,0.00039637689501995115,0.00039637689501995115,0.000396384784713162,7.946477387297955,0.08904506093371685,0,0.0,0,34.05383001584002,,,,,,,,,,,
2612,5/25/1974,10.327,4.201,5.000,3.714,3.714,0.48699999999999966,0.0,0,0.48660362262323037,0.08904506093371685,34.54083002321284,0.0,0.08904506093371685,7.607706114510739,26.9331239087021,12.58172579491624,0.0003963773767693134,0.0003963773767693134,0.0003963847495921342,4.672957939377698,0.08904505356089402,0,0.0,0,26.9331239087021,,,,,,,,,,,
2613,5/26/1974,5.500,2.824,5.000,3.714,2.824,0.0,0.8900000000000001,0.0,0.0,0.08904505356089402,26.93318276177765,0.07582412186757065,0.013220931693323376,5.025491873548329,21.90769088822932,8.66740857964749,0.0,0.0,5.8853075551643054e-05,3.003777052634743,0.013162078617771734,0,0.0,0,21.90769088822932,,,,,,,,,,,
2614,5/27/1974,3.969,5.051,5.000,3.714,3.714,1.3370000000000002,0.0,0,1.2607206328993557,0.013162078617771734,23.168470112219328,0.0,0.013162078617771734,3.9101615994842995,19.258308512735027,6.90790008201523,0.07627936710064447,0.07627936710064447,5.859109064904829e-05,2.2988606150130715,0.08938285462776714,0,0.0,0,19.258308512735027,,,,,,,,,,,
2615,5/28/1974,3.225,1.912,5.000,3.714,1.912,0.0,1.802,0.0,0.0,0.08938285462776714,19.258308512735027,0.08938285462776714,0.0,2.873399494240656,16.384909018494373,5.22164082548444,0.0,0.0,0.0,1.655426607724362,0.0,0,0.0,0,16.384909018494373,,,,,,,,,,,
2616,5/29/1974,2.902,2.850,5.000,3.714,2.85,0.0,0.8639999999999999,0.0,0.0,0.0,16.384909018494373,0.0,0.0,2.1950234710252112,14.189885547469162,4.084097346286551,0.0,0.0,0.0,1.2423880830466303,0.0,0,0.0,0,14.189885547469162,,,,,,,,,,,
2617,5/30/1974,2.494,1.766,5.000,3.714,1.766,0.0,1.948,0.0,0.0,0.0,14.189885547469162,0.0,0.0,1.7271521558127576,12.462733391656403,3.2791567596617366,0.0,0.0,0.0,0.9622730388095146,0.0,0,0.0,0,12.462733391656403,,,,,,,,,,,
2618,5/31/1974,2.299,0.714,5.000,3.714,0.714,0.0,3.0,0.0,0.0,0.0,12.462733391656403,0.0,0.0,1.3911948210039573,11.071538570652447,2.6882728069616317,0.0,0.0,0.0,0.7641422335379189,0.0,0,0.0,0,11.071538570652447,,,,,,,,,,,
2619,6/1/1974,2.111,2.895,6.000,3.269,2.895,0.0,0.3740000000000001,0.0,0.0,0.0,11.071538570652447,0.0,0.0,1.1421217629103917,9.929416807742054,2.241662890768278,0.0,0.0,0.0,0.6192430906853261,0.0,0,0.0,0,9.929416807742054,,,,,,,,,,,
2620,6/2/1974,2.544,3.609,6.000,3.269,3.269,0.33999999999999986,0.0,0,0.25064778704833673,0.0,10.180064594790391,0.0,0.0,0.993001720343584,9.187062874446807,1.9701342372543742,0.08935221295166314,0.08935221295166314,0.0,0.5334584150932337,0.08935221295166314,0,0.0,0,9.187062874446807,,,,,,,,,,,
2621,6/3/1974,2.204,2.695,6.000,3.269,2.695,0.0,0.5740000000000003,0.0,0.0,0.08935221295166314,9.187242219672207,0.04906356274431177,0.04028865020735137,0.8369015824691488,8.350340637203058,1.681998283028918,0.0,0.0,0.00017934522539923492,0.44456737711787986,0.04010930498195213,0,0.0,0,8.350340637203058,,,,,,,,,,,
2622,6/4/1974,1.884,1.975,6.000,3.269,1.975,0.0,1.294,0.0,0.0,0.04010930498195213,8.350340637203058,0.04010930498195213,0.0,0.7137390057482115,7.636601631454846,1.4514042960407432,0.0,0.0,0.0,0.37519195913343634,0.0,0,0.0,0,7.636601631454846,,,,,,,,,,,
2623,6/5/1974,3.170,5.277,6.000,3.269,3.269,2.008,0.0,0,1.91855855428157,0.0,9.555160185736415,0.0,0.0,0.8935024168013677,8.661657768935047,1.786973020851873,0.08944144571843,0.08944144571843,0.0,0.47668234796184283,0.08944144571843,0,0.0,0,8.661657768935047,,,,,,,,,,,
2624,6/6/1974,2.494,1.377,6.000,3.269,1.377,0.0,1.8920000000000001,0.0,0.0,0.08944144571843,8.661657768935047,0.08944144571843,0.0,0.7586372184545687,7.903020550480479,1.5358289103542657,0.0,0.0,0.0,0.4003977236946406,0.0,0,0.0,0,7.903020550480479,,,,,,,,,,,
2625,6/7/1974,2.594,5.218,6.000,3.269,3.269,1.9489999999999998,0.0,0,1.8595585542815698,0.0,9.762579104762048,0.0,0.0,0.9260619804883452,8.836517124273703,1.8470967354277694,0.08944144571843,0.08944144571843,0.0,0.49521776547762286,0.08944144571843,0,0.0,0,8.836517124273703,,,,,,,,,,,
2626,6/8/1974,9.553,9.272,6.000,3.269,3.269,6.003,0.0,0,6.003,0.08944144571843,14.839915273533107,0.0,0.08944144571843,1.8610218855647214,12.978893387968386,3.5114317660657632,0.0,0.0,0.00039814925940304455,1.0419635039451198,0.08904329645902696,0,0.0,0,12.978893387968386,,,,,,,,,,,
2627,6/9/1974,6.196,3.144,6.000,3.269,3.144,0.0,0.125,0.0,0.0,0.08904329645902696,12.979242359628444,0.010649254392746943,0.07839404206628002,1.4886114259900018,11.490630933638442,2.8608697770324616,0.0,0.0,0.00034897166005746886,0.8212997634808936,0.07804507040622255,0,0.0,0,11.490630933638442,,,,,,,,,,,
2628,6/10/1974,3.280,3.078,6.000,3.269,3.078,0.0,0.19100000000000028,0.0,0.0,0.07804507040622255,11.490914518314487,0.014339756858537113,0.06370531354768544,1.2151319345713578,10.275782583743128,2.3734213661133787,0.0,0.0,0.0002835846760449136,0.6615199630056257,0.06342172887164052,0,0.0,0,10.275782583743128,,,,,,,,,,,
2629,6/11/1974,2.494,0.743,6.000,3.269,0.743,0.0,2.5260000000000002,0.0,0.0,0.06342172887164052,10.275782583743128,0.06342172887164052,0.0,1.0086115941058968,9.267170989637231,1.9987191645491915,0.0,0.0,0.0,0.5424007168084214,0.0,0,0.0,0,9.267170989637231,,,,,,,,,,,
2630,6/12/1974,2.065,1.360,6.000,3.269,1.36,0.0,1.909,0.0,0.0,0.0,9.267170989637231,0.0,0.0,0.8490717769652143,8.418099212672017,1.7046200528138415,0.0,0.0,0.0,0.4514609347934696,0.0,0,0.0,0,8.418099212672017,,,,,,,,,,,
2631,6/13/1974,1.797,1.245,6.000,3.269,1.245,0.0,2.024,0.0,0.0,0.0,8.418099212672017,0.0,0.0,0.723417778797645,7.694681433874372,1.4696407033832624,0.0,0.0,0.0,0.38061700228588974,0.0,0,0.0,0,7.694681433874372,,,,,,,,,,,
2632,6/14/1974,1.668,0.697,6.000,3.269,0.697,0.0,2.572,0.0,0.0,0.0,7.694681433874372,0.0,0.0,0.6228022678655047,7.071879166008867,1.279013089842856,0.0,0.0,0.0,0.32446630087882455,0.0,0,0.0,0,7.071879166008867,,,,,,,,,,,
2633,6/15/1974,1.544,1.211,6.000,3.269,1.211,0.0,2.058,0.0,0.0,0.0,7.071879166008867,0.0,0.0,0.5410746208544112,6.530804545154456,1.1223083102910891,0.0,0.0,0.0,0.27929079888506997,0.0,0,0.0,0,6.530804545154456,,,,,,,,,,,
2634,6/16/1974,1.384,1.414,6.000,3.269,1.414,0.0,1.8550000000000002,0.0,0.0,0.0,6.530804545154456,0.0,0.0,0.47385294982817683,6.056951595326279,0.9919892633840414,0.0,0.0,0.0,0.2424666735794767,0.0,0,0.0,0,6.056951595326279,,,,,,,,,,,
2635,6/17/1974,3.335,8.271,6.000,3.269,3.269,5.002000000000001,0.0,0,4.912558554281571,0.0,10.96951014960785,0.0,0.0,1.124633895384881,9.844876254222969,2.209991963040091,0.08944144571843,0.08944144571843,0.0,0.6091426196799828,0.08944144571843,0,0.0,0,9.844876254222969,,,,,,,,,,,
2636,6/18/1974,2.494,6.234,6.000,3.269,3.269,2.965,0.0,0,2.965,0.08944144571843,12.810274403482373,0.0,0.08944144571843,1.4564530831633897,11.353821320318982,2.804013738802253,0.0,0.0,0.00039814925940304455,0.8024033655703613,0.08904329645902696,0,0.0,0,11.353821320318982,,,,,,,,,,,
2637,6/19/1974,8.721,17.593,6.000,3.269,3.269,14.324,0.0,0,14.323601850740596,0.08904329645902696,25.6778195479546,0.0,0.08904329645902696,4.641190012854476,21.036629535100122,8.06669937134567,0.0003981492594030382,0.0003981492594030382,0.0003963768950199571,2.759593509696766,0.08904506882341005,0,0.0,0,21.036629535100122,,,,,,,,,,,
2638,6/20/1974,30.200,35.840,6.000,3.269,3.269,32.571000000000005,0.0,0,32.57060362310499,0.08904506882341005,53.60762954298982,0.0,0.08904506882341005,15.827419664839368,37.78020987815045,24.117280732929096,0.00039637689501995115,0.00039637689501995115,0.000396384784713162,10.201947708620654,0.08904506093371685,0,0.0,0,37.78020987815045,,,,,,,,,,,
2639,6/21/1974,28.213,17.704,6.000,3.269,3.269,14.435,0.0,0,14.434603615215288,0.08904506093371685,52.21520987811533,0.0,0.08904506093371685,15.148192832190714,37.067017045924615,23.202940512793205,0.0003963847847131611,0.0003963847847131611,0.0003963847495921342,9.73599513867917,0.08904506096883787,0,0.0,0,37.067017045924615,,,,,,,,,,,
2640,6/22/1974,19.902,20.911,6.000,3.269,3.269,17.642000000000003,0.0,0,17.64160361525041,0.08904506096883787,54.709017045924774,0.0,0.08904506096883787,16.373089336346446,38.33592770957833,24.847729450584712,0.0003963847495921373,0.0003963847495921373,0.00039638474974847566,10.5772366965784,0.08904506096868153,0,0.0,0,38.33592770957833,,,,,,,,,,,
2641,6/23/1974,18.227,3.374,6.000,3.269,3.269,0.10499999999999998,0.0,0,0.10464157349209127,0.08904506096868153,38.440965667820166,0.0,0.08904506096868153,9.092631552895519,29.348334114924647,14.754940167787154,0.0003584265079087036,0.0003584265079087036,0.0003963847497477797,5.65097065220198,0.08900710272684247,0,0.0,0,29.348334114924647,,,,,,,,,,,
2642,6/24/1974,5.033,1.635,6.000,3.269,1.635,0.0,1.6340000000000001,0.0,0.0,0.08900710272684247,29.348334114924647,0.08900710272684247,0.0,5.798800966312987,23.54953314861166,9.860522418886775,0.0,0.0,0.0,3.498786592579049,0.0,0,0.0,0,23.54953314861166,,,,,,,,,,,
2643,6/25/1974,2.494,2.210,6.000,3.269,2.21,0.0,1.0590000000000002,0.0,0.0,0.0,23.54953314861166,0.0,0.0,4.0179353837989344,19.531597764812723,7.080164375580496,0.0,0.0,0.0,2.3664529226827837,0.0,0,0.0,0,19.531597764812723,,,,,,,,,,,
2644,6/26/1974,3.280,2.909,6.000,3.269,2.909,0.0,0.3600000000000003,0.0,0.0,0.0,19.531597764812723,0.0,0.0,2.941679796967615,16.589917967845107,5.334485603871233,0.0,0.0,0.0,1.6973853220744908,0.0,0,0.0,0,16.589917967845107,,,,,,,,,,,
2645,6/27/1974,2.798,0.295,6.000,3.269,0.295,0.0,2.974,0.0,0.0,0.0,16.589917967845107,0.0,0.0,2.240987886959557,14.34893008088555,4.1621991191986965,0.0,0.0,0.0,1.2701348840635387,0.0,0,0.0,0,14.34893008088555,,,,,,,,,,,
2646,6/28/1974,2.396,0.875,6.000,3.269,0.875,0.0,2.394,0.0,0.0,0.0,14.34893008088555,0.0,0.0,1.7595366219001831,12.589393458985366,3.3355012527155234,0.0,0.0,0.0,0.9815148803584837,0.0,0,0.0,0,12.589393458985366,,,,,,,,,,,
2647,6/29/1974,3.008,2.974,6.000,3.269,2.974,0.0,0.29499999999999993,0.0,0.0,0.0,12.589393458985366,0.0,0.0,1.4148393264938737,11.174554132491492,2.730265560927438,0.0,0.0,0.0,0.7779917267951131,0.0,0,0.0,0,11.174554132491492,,,,,,,,,,,
2648,6/30/1974,2.902,4.406,6.000,3.269,3.269,1.1369999999999996,0.0,0,1.0475585542831947,0.0,12.222112686774686,0.0,0.0,1.3467167156360247,10.875395971138662,2.609098783622819,0.08944144571680496,0.08944144571680496,0.0,0.7381318506668004,0.08944144571680496,0,0.0,0,10.875395971138662,,,,,,,,,,,
2649,7/1/1974,2.396,0.657,7.000,3.463,0.657,0.0,2.806,0.0,0.0,0.08944144571680496,10.875395971138662,0.08944144571680496,0.0,1.1085983866464684,9.766797584492194,2.1809123847535314,0.0,0.0,0.0,0.5998900627163263,0.0,0,0.0,0,9.766797584492194,,,,,,,,,,,
2650,7/2/1974,2.204,1.192,7.000,3.463,1.192,0.0,2.271,0.0,0.0,0.0,9.766797584492194,0.0,0.0,0.9267290064711764,8.840068578021018,1.848326504797278,0.0,0.0,0.0,0.4955979418285492,0.0,0,0.0,0,8.840068578021018,,,,,,,,,,,
2651,7/3/1974,1.929,1.805,7.000,3.463,1.805,0.0,1.6580000000000001,0.0,0.0,0.0,8.840068578021018,0.0,0.0,0.7848593473515192,8.0552092306695,1.5849392246758212,0.0,0.0,0.0,0.4151646351051609,0.0,0,0.0,0,8.0552092306695,,,,,,,,,,,
2652,7/4/1974,1.797,1.104,7.000,3.463,1.104,0.0,2.359,0.0,0.0,0.0,8.0552092306695,0.0,0.0,0.6721927446105682,7.383016486058931,1.3728852670931433,0.0,0.0,0.0,0.3519606398943278,0.0,0,0.0,0,7.383016486058931,,,,,,,,,,,
2653,7/5/1974,1.668,3.091,7.000,3.463,3.091,0.0,0.3719999999999999,0.0,0.0,0.0,7.383016486058931,0.0,0.0,0.58132924952714,6.801687236531791,1.1997165486609336,0.0,0.0,0.0,0.3014895829146136,0.0,0,0.0,0,6.801687236531791,,,,,,,,,,,
2654,7/6/1974,10.768,30.295,7.000,3.463,3.463,26.832,0.0,0,26.742558554281572,0.0,33.54424579081336,0.0,0.0,7.24540218334129,26.298843607472072,12.043703594463754,0.08944144571843,0.08944144571843,0.0,4.436150279283954,0.08944144571843,0,0.0,0,26.298843607472072,,,,,,,,,,,
2655,7/7/1974,19.788,20.586,7.000,3.463,3.463,17.122999999999998,0.0,0,17.122999999999998,0.08944144571843,43.422241756731474,0.0,0.08944144571843,11.140025370439485,32.28221638629199,17.67802810854413,0.0,0.0,0.00039814925940304455,7.01654012070822,0.08904329645902696,0,0.0,0,32.28221638629199,,,,,,,,,,,
2656,7/8/1974,28.213,25.874,7.000,3.463,3.463,22.410999999999998,0.0,0,22.410601850740594,0.08904329645902696,54.6932146139276,0.0,0.08904329645902696,16.36520795064954,38.32800666327806,24.83720461601265,0.0003981492594030382,0.0003981492594030382,0.0003963768950199571,10.57181027926639,0.08904506882341005,0,0.0,0,38.32800666327806,,,,,,,,,,,
2657,7/9/1974,29.266,7.161,7.000,3.463,3.463,3.6979999999999995,0.0,0,3.6976036231049796,0.08904506882341005,42.02600667116776,0.0,0.08904506882341005,10.549437903831766,31.47656876733599,16.842748911222568,0.00039637689501995115,0.00039637689501995115,0.000396384784713162,6.620785552227762,0.08904506093371685,0,0.0,0,31.47656876733599,,,,,,,,,,,
2658,7/10/1974,18.008,8.938,7.000,3.463,3.463,5.4750000000000005,0.0,0,5.474603615215288,0.08904506093371685,36.95156876730087,0.0,0.08904506093371685,8.51309042631028,28.438478340990592,13.91258135258525,0.0003963847847131611,0.0003963847847131611,0.0003963847495921342,5.26791377873247,0.08904506096883787,0,0.0,0,28.438478340990592,,,,,,,,,,,
2659,7/11/1974,8.077,1.237,7.000,3.463,1.237,0.0,2.226,0.0,0.0,0.08904506096883787,28.438478340990592,0.08904506096883787,0.0,5.502284425685501,22.93619391530509,9.405384838230523,0.0,0.0,0.0,3.308433086024767,0.0,0,0.0,0,22.93619391530509,,,,,,,,,,,
2660,7/12/1974,5.033,1.624,7.000,3.463,1.624,0.0,1.839,0.0,0.0,0.0,22.93619391530509,0.0,0.0,3.845044446613085,19.091149468692006,6.8035639979258695,0.0,0.0,0.0,2.2580803565689713,0.0,0,0.0,0,19.091149468692006,,,,,,,,,,,
2661,7/13/1974,3.733,1.317,7.000,3.463,1.317,0.0,2.146,0.0,0.0,0.0,19.091149468692006,0.0,0.0,2.8319521293944123,16.259197339297593,5.153005336476174,0.0,0.0,0.0,1.6299888014553494,0.0,0,0.0,0,16.259197339297593,,,,,,,,,,,
2662,7/14/1974,3.675,6.081,7.000,3.463,3.463,2.6180000000000003,0.0,0,2.5285585542815703,0.0,18.787755893579163,0.0,0.0,2.757341937236657,16.030413956342507,5.029187734909973,0.08944144571843,0.08944144571843,0.0,1.584259661560916,0.08944144571843,0,0.0,0,16.030413956342507,,,,,,,,,,,
2663,7/15/1974,20.129,33.011,7.000,3.463,3.463,29.548000000000002,0.0,0,29.548000000000002,0.08944144571843,45.57881210560191,0.0,0.08944144571843,12.077325797740494,33.50148630786142,18.991606345047266,0.0,0.0,0.00039814925940304455,7.647442093988738,0.08904329645902696,0,0.0,0,33.50148630786142,,,,,,,,,,,
2664,7/16/1974,35.267,15.174,7.000,3.463,3.463,11.710999999999999,0.0,0,11.710601850740595,0.08904329645902696,45.21248453549703,0.0,0.08904329645902696,11.91597912275365,33.296505412743386,18.76650314325171,0.0003981492594030382,0.0003981492594030382,0.0003963768950199571,7.538601825631185,0.08904506882341005,0,0.0,0,33.296505412743386,,,,,,,,,,,
2665,7/17/1974,18.890,2.668,7.000,3.463,2.668,0.0,0.7949999999999999,0.0,0.0,0.08904506882341005,33.296600294495796,0.06773054692548834,0.021314521897921712,7.156471280078325,26.14012901441747,11.911137051373785,0.0,0.0,9.488175241378991e-05,4.378141161057361,0.021219640145507923,0,0.0,0,26.14012901441747,,,,,,,,,,,
2666,7/18/1974,5.984,1.777,7.000,3.463,1.777,0.0,1.6860000000000002,0.0,0.0,0.021219640145507923,26.14012901441747,0.021219640145507923,0.0,4.781292608194984,21.358836406222487,8.28633296822484,0.0,0.0,0.0,2.848465510113683,0.0,0,0.0,0,21.358836406222487,,,,,,,,,,,
2667,7/19/1974,4.520,2.044,7.000,3.463,2.044,0.0,1.419,0.0,0.0,0.0,21.358836406222487,0.0,0.0,3.414510299819307,17.94432610640318,6.108673327628692,0.0,0.0,0.0,1.9896328074179133,0.0,0,0.0,0,17.94432610640318,,,,,,,,,,,
2668,7/20/1974,4.089,2.086,7.000,3.463,2.086,0.0,1.3770000000000002,0.0,0.0,0.0,17.94432610640318,0.0,0.0,2.5541380487725664,15.390188057630615,4.69017024997951,0.0,0.0,0.0,1.4601332352395688,0.0,0,0.0,0,15.390188057630615,,,,,,,,,,,
2669,7/21/1974,4.149,4.152,7.000,3.463,3.463,0.6890000000000001,0.0,0,0.5995585907159925,0.0,15.989746648346607,0.0,0.0,2.1075040395410247,13.882242608805582,3.9349305566861705,0.08944140928400753,0.08944140928400753,0.0,1.1896625240967709,0.08944140928400753,0,0.0,0,13.882242608805582,,,,,,,,,,,
2670,7/22/1974,5.432,4.279,7.000,3.463,3.463,0.8159999999999998,0.0,0,0.8159999635655778,0.08944140928400753,14.698640721468374,0.0,0.08944140928400753,1.831587773280029,12.867052948188345,3.460504124607024,3.643442204441389e-08,3.643442204441389e-08,0.00039814909721494246,1.0244085094596131,0.08904329662121463,0,0.0,0,12.867052948188345,,,,,,,,,,,
2671,7/23/1974,4.520,2.398,7.000,3.463,2.398,0.0,1.065,0.0,0.0,0.08904329662121463,12.867052948188345,0.08904329662121463,0.0,1.4672279502298191,11.399824997958525,2.8230767162972645,0.0,0.0,0.0,0.80873170126836,0.0,0,0.0,0,11.399824997958525,,,,,,,,,,,
2672,7/24/1974,3.062,1.113,7.000,3.463,1.113,0.0,2.35,0.0,0.0,0.0,11.399824997958525,0.0,0.0,1.1991202912618548,10.200704706696671,2.344588720143983,0.0,0.0,0.0,0.6522336733178915,0.0,0,0.0,0,10.200704706696671,,,,,,,,,,,
2673,7/25/1974,3.391,0.705,7.000,3.463,0.705,0.0,2.758,0.0,0.0,0.0,10.200704706696671,0.0,0.0,0.9963595109550362,9.204345195741634,1.9762863767419299,0.0,0.0,0.0,0.5353811895210107,0.0,0,0.0,0,9.204345195741634,,,,,,,,,,,
2674,7/26/1974,3.062,4.383,7.000,3.463,3.463,0.9199999999999999,0.0,0,0.8305585544896408,0.0,10.034903750231276,0.0,0.0,0.9695148456229091,9.065388904608367,1.9270500115145373,0.0894414455103591,0.0894414455103591,0.0,0.520021143656561,0.0894414455103591,0,0.0,0,9.065388904608367,,,,,,,,,,,
2675,7/27/1974,2.798,1.002,7.000,3.463,1.002,0.0,2.4610000000000003,0.0,0.0,0.0894414455103591,9.065388904608367,0.0894414455103591,0.0,0.8184833416425961,8.246905562965772,1.6477088556624033,0.0,0.0,0.0,0.43414731047112814,0.0,0,0.0,0,8.246905562965772,,,,,,,,,,,
2676,7/28/1974,2.396,1.789,7.000,3.463,1.789,0.0,1.6740000000000002,0.0,0.0,0.0,8.246905562965772,0.0,0.0,0.699064873551677,7.547840689414095,1.423716152658639,0.0,0.0,0.0,0.3669762198146329,0.0,0,0.0,0,7.547840689414095,,,,,,,,,,,
2677,7/29/1974,2.157,1.029,7.000,3.463,1.029,0.0,2.434,0.0,0.0,0.0,7.547840689414095,0.0,0.0,0.6031198927380605,6.944720796676034,1.2414359736676561,0.0,0.0,0.0,0.31354896918973674,0.0,0,0.0,0,6.944720796676034,,,,,,,,,,,
2678,7/30/1974,1.840,0.991,7.000,3.463,0.991,0.0,2.472,0.0,0.0,0.0,6.944720796676034,0.0,0.0,0.5249570368486628,6.419763759827371,1.0911861904192588,0.0,0.0,0.0,0.270432599322196,0.0,0,0.0,0,6.419763759827371,,,,,,,,,,,
2679,7/31/1974,1.753,6.179,7.000,3.463,3.463,2.716,0.0,0,2.62655855428157,0.0,9.046322314108941,0.0,0.0,0.8156162568185146,8.230706057290426,1.642365263885558,0.08944144571843,0.08944144571843,0.0,0.4325266441806702,0.08944144571843,0,0.0,0,8.230706057290426,,,,,,,,,,,
2680,8/1/1974,3.391,6.034,8.000,3.792,3.792,2.242,0.0,0,2.242,0.08944144571843,10.47310420654983,0.0,0.08944144571843,1.0410976974711579,9.432006509078672,2.0580833841267805,0.0,0.0,0.00039814925940304455,0.5610398298709752,0.08904329645902696,0,0.0,0,9.432006509078672,,,,,,,,,,,
2681,8/2/1974,3.675,6.846,8.000,3.792,3.792,3.0540000000000003,0.0,0,3.053601850740597,0.08904329645902696,12.486004736714289,0.0,0.08904329645902696,1.3955270864497293,11.09047765026456,2.6959718659271545,0.0003981492594030382,0.0003981492594030382,0.0003963768950199571,0.7666786563769128,0.08904506882341005,0,0.0,0,11.09047765026456,,,,,,,,,,,
2682,8/3/1974,2.494,1.150,8.000,3.792,1.15,0.0,2.642,0.0,0.0,0.08904506882341005,11.09047765026456,0.08904506882341005,0.0,1.1453798265829513,9.945097823681609,2.247558476055246,0.0,0.0,0.0,0.6211259806778758,0.0,0,0.0,0,9.945097823681609,,,,,,,,,,,
2683,8/4/1974,2.544,3.204,8.000,3.792,3.204,0.0,0.5879999999999996,0.0,0.0,0.0,9.945097823681609,0.0,0.0,0.9550971379506967,8.990000685730912,1.9005569065516459,0.0,0.0,0.0,0.5117830803917056,0.0,0,0.0,0,8.990000685730912,,,,,,,,,,,
2684,8/5/1974,2.445,2.726,8.000,3.792,2.726,0.0,1.0659999999999998,0.0,0.0,0.0,8.990000685730912,0.0,0.0,0.8071705711737912,8.18283011455712,1.6266150745796821,0.0,0.0,0.0,0.42775476609437385,0.0,0,0.0,0,8.18283011455712,,,,,,,,,,,
2685,8/6/1974,2.204,0.464,8.000,3.792,0.464,0.0,3.328,0.0,0.0,0.0,8.18283011455712,0.0,0.0,0.6900358734527987,7.492794241104321,1.4066555254504716,0.0,0.0,0.0,0.36192669323011345,0.0,0,0.0,0,7.492794241104321,,,,,,,,,,,
2686,8/7/1974,1.929,0.703,8.000,3.792,0.703,0.0,3.089,0.0,0.0,0.0,7.492794241104321,0.0,0.0,0.5958068002712575,6.896987440833064,1.22744857211612,0.0,0.0,0.0,0.3094985055424881,0.0,0,0.0,0,6.896987440833064,,,,,,,,,,,
2687,8/8/1974,1.668,0.660,8.000,3.792,0.66,0.0,3.1319999999999997,0.0,0.0,0.0,6.896987440833064,0.0,0.0,0.5189571540381758,6.378030286794888,1.079581303670871,0.0,0.0,0.0,0.2671396122716863,0.0,0,0.0,0,6.378030286794888,,,,,,,,,,,
2688,8/9/1974,1.544,0.143,8.000,3.792,0.143,0.0,3.649,0.0,0.0,0.0,6.378030286794888,0.0,0.0,0.45552275176103707,5.922507535033851,0.9562065295443593,0.0,0.0,0.0,0.23248297062350126,0.0,0,0.0,0,5.922507535033851,,,,,,,,,,,
2689,8/10/1974,1.463,0.716,8.000,3.792,0.716,0.0,3.0759999999999996,0.0,0.0,0.0,5.922507535033851,0.0,0.0,0.4026012768029299,5.519906258230922,0.8522463091468587,0.0,0.0,0.0,0.2038107180750313,0.0,0,0.0,0,5.519906258230922,,,,,,,,,,,
2690,8/11/1974,1.384,1.618,8.000,3.792,1.618,0.0,2.1739999999999995,0.0,0.0,0.0,5.519906258230922,0.0,0.0,0.35802933782208657,5.161876920408835,0.7638701983120957,0.0,0.0,0.0,0.17985293284585166,0.0,0,0.0,0,5.161876920408835,,,,,,,,,,,
2691,8/12/1974,1.384,0.549,8.000,3.792,0.549,0.0,3.243,0.0,0.0,0.0,5.161876920408835,0.0,0.0,0.3201684398089615,4.841708480599873,0.6881448068461339,0.0,0.0,0.0,0.15965534732565678,0.0,0,0.0,0,4.841708480599873,,,,,,,,,,,
2692,8/13/1974,1.307,0.173,8.000,3.792,0.173,0.0,3.6189999999999998,0.0,0.0,0.0,4.841708480599873,0.0,0.0,0.28775983312907905,4.553948647470794,0.6227931645352839,0.0,0.0,0.0,0.14249032615541957,0.0,0,0.0,0,4.553948647470794,,,,,,,,,,,
2693,8/14/1974,1.231,0.289,8.000,3.792,0.289,0.0,3.5029999999999997,0.0,0.0,0.0,4.553948647470794,0.0,0.0,0.2598240369680957,4.294124610502699,0.5660262074792779,0.0,0.0,0.0,0.12779569629733592,0.0,0,0.0,0,4.294124610502699,,,,,,,,,,,
2694,8/15/1974,1.194,1.380,8.000,3.792,1.38,0.0,2.412,0.0,0.0,0.0,4.294124610502699,0.0,0.0,0.23558999860664515,4.058534611896054,0.5164226710850208,0.0,0.0,0.0,0.11513192184769402,0.0,0,0.0,0,4.058534611896054,,,,,,,,,,,
2695,8/16/1974,1.157,0.295,8.000,3.792,0.295,0.0,3.497,0.0,0.0,0.0,4.058534611896054,0.0,0.0,0.21444431365187386,3.84409029824418,0.4728421124883905,0.0,0.0,0.0,0.10415161220768424,0.0,0,0.0,0,3.84409029824418,,,,,,,,,,,
2696,8/17/1974,1.157,0.182,8.000,3.792,0.182,0.0,3.61,0.0,0.0,0.0,3.84409029824418,0.0,0.0,0.19589427585544547,3.6481960223887344,0.4343610091860642,0.0,0.0,0.0,0.09457747720348167,0.0,0,0.0,0,3.6481960223887344,,,,,,,,,,,
2697,8/18/1974,1.121,1.497,8.000,3.792,1.497,0.0,2.295,0.0,0.0,0.0,3.6481960223887344,0.0,0.0,0.17954061992747408,3.4686554024612604,0.400225190203272,0.0,0.0,0.0,0.08618616555954321,0.0,0,0.0,0,3.4686554024612604,,,,,,,,,,,
2698,8/19/1974,1.121,1.488,8.000,3.792,1.488,0.0,2.304,0.0,0.0,0.0,3.4686554024612604,0.0,0.0,0.1650571614343191,3.303598241026941,0.369813996592937,0.0,0.0,0.0,0.07879626453269464,0.0,0,0.0,0,3.303598241026941,,,,,,,,,,,
2699,8/20/1974,1.157,1.163,8.000,3.792,1.163,0.0,2.6289999999999996,0.0,0.0,0.0,3.303598241026941,0.0,0.0,0.15217541269969628,3.1514228283272447,0.34261297870609303,0.0,0.0,0.0,0.07225928430649316,0.0,0,0.0,0,3.1514228283272447,,,,,,,,,,,
2700,8/21/1974,1.121,1.018,8.000,3.792,1.018,0.0,2.774,0.0,0.0,0.0,3.1514228283272447,0.0,0.0,0.1406728346777053,3.010749993649539,0.3181928834570771,0.0,0.0,0.0,0.06645281118591262,0.0,0,0.0,0,3.010749993649539,,,,,,,,,,,
2701,8/22/1974,1.121,0.431,8.000,3.792,0.431,0.0,3.3609999999999998,0.0,0.0,0.0,3.010749993649539,0.0,0.0,0.13036377701109017,2.880386216638449,0.2961933290041774,0.0,0.0,0.0,0.06127525561501752,0.0,0,0.0,0,2.880386216638449,,,,,,,,,,,
2702,8/23/1974,1.050,1.665,8.000,3.792,1.665,0.0,2.127,0.0,0.0,0.0,2.880386216638449,0.0,0.0,0.12109242727060218,2.759293789367847,0.27631000947148954,0.0,0.0,0.0,0.05664178597661539,0.0,0,0.0,0,2.759293789367847,,,,,,,,,,,
2703,8/24/1974,1.086,2.519,8.000,3.792,2.519,0.0,1.2729999999999997,0.0,0.0,0.0,2.759293789367847,0.0,0.0,0.1127272771182084,2.6465665122496387,0.25828458418327516,0.0,0.0,0.0,0.05248115314027685,0.0,0,0.0,0,2.6465665122496387,,,,,,,,,,,
2704,8/25/1974,1.269,2.064,8.000,3.792,2.064,0.0,1.7279999999999998,0.0,0.0,0.0,2.6465665122496387,0.0,0.0,0.10515674456168843,2.5414097676879503,0.24189662705614082,0.0,0.0,0.0,0.04873319056000362,0.0,0,0.0,0,2.5414097676879503,,,,,,,,,,,
2705,8/26/1974,1.157,4.655,8.000,3.792,3.792,0.8630000000000004,0.0,0,0.7735585550258791,0.0,3.3149683227138294,0.0,0.0,0.15304932401348953,3.1619189987003398,0.34446311353694853,0.08944144497412135,0.08944144497412135,0.0,0.07270164275487606,0.08944144497412135,0,0.0,0,3.1619189987003398,,,,,,,,,,,
2706,8/27/1974,1.050,1.302,8.000,3.792,1.302,0.0,2.4899999999999998,0.0,0.0,0.08944144497412135,3.1619189987003398,0.08944144497412135,0.0,0.14145457928439725,3.0204644194159425,0.3198566557425455,0.0,0.0,0.0,0.06684647288901845,0.0,0,0.0,0,3.0204644194159425,,,,,,,,,,,
2707,8/28/1974,1.840,1.202,8.000,3.792,1.202,0.0,2.59,0.0,0.0,0.0,3.0204644194159425,0.0,0.0,0.1310655793341299,2.8893988400818125,0.29769453881171,0.0,0.0,0.0,0.061626893515865776,0.0,0,0.0,0,2.8893988400818125,,,,,,,,,,,
2708,8/29/1974,1.050,1.479,8.000,3.792,1.479,0.0,2.3129999999999997,0.0,0.0,0.0,2.8893988400818125,0.0,0.0,0.12172457532717218,2.7676742647546404,0.277668806450366,0.0,0.0,0.0,0.05695698808958954,0.0,0,0.0,0,2.7676742647546404,,,,,,,,,,,
2709,8/30/1974,1.423,3.198,8.000,3.792,3.198,0.0,0.5939999999999999,0.0,0.0,0.0,2.7676742647546404,0.0,0.0,0.1132984765735205,2.65437578818112,0.2595181165136226,0.0,0.0,0.0,0.052764625234934075,0.0,0,0.0,0,2.65437578818112,,,,,,,,,,,
2710,8/31/1974,1.231,0.764,8.000,3.792,0.764,0.0,3.0279999999999996,0.0,0.0,0.0,2.65437578818112,0.0,0.0,0.10567439984231318,2.5487013883388068,0.24301955999132024,0.0,0.0,0.0,0.04898891632189366,0.0,0,0.0,0,2.5487013883388068,,,,,,,,,,,
2711,9/1/1974,1.121,3.728,9.000,4.609,3.728,0.0,0.8809999999999998,0.0,0.0,0.0,2.5487013883388068,0.0,0.0,0.09875612416706209,2.4499452641717445,0.22798210356991547,0.0,0.0,0.0,0.04557819982498612,0.0,0,0.0,0,2.4499452641717445,,,,,,,,,,,
2712,9/2/1974,1.840,7.632,9.000,4.609,4.609,3.0229999999999997,0.0,0,2.9335585542815696,0.0,5.383503818453314,0.0,0.0,0.34340569012699124,5.040098128326323,0.7346966587393606,0.08944144571843,0.08944144571843,0.0,0.172034153848328,0.08944144571843,0,0.0,0,5.040098128326323,,,,,,,,,,,
2713,9/3/1974,1.668,0.730,9.000,4.609,0.73,0.0,3.879,0.0,0.0,0.08944144571843,5.040098128326323,0.08944144571843,0.0,0.30767869959172983,4.732419428734594,0.6630203059733049,0.0,0.0,0.0,0.15302601801624008,0.0,0,0.0,0,4.732419428734594,,,,,,,,,,,
2714,9/4/1974,1.269,0.390,9.000,4.609,0.39,0.0,4.219,0.0,0.0,0.0,4.732419428734594,0.0,0.0,0.27701576938357797,4.455403659351016,0.6010105728750611,0.0,0.0,0.0,0.13682715688866615,0.0,0,0.0,0,4.455403659351016,,,,,,,,,,,
2715,9/5/1974,1.050,0.241,9.000,4.609,0.241,0.0,4.368,0.0,0.0,0.0,4.455403659351016,0.0,0.0,0.2505210403951503,4.204882618955866,0.5470255342971229,0.0,0.0,0.0,0.12292469831159228,0.0,0,0.0,0,4.204882618955866,,,,,,,,,,,
2716,9/6/1974,1.015,1.884,9.000,4.609,1.884,0.0,2.725,0.0,0.0,0.0,4.204882618955866,0.0,0.0,0.22748647049581913,3.9773961484600466,0.4997558632187979,0.0,0.0,0.0,0.11091600699183614,0.0,0,0.0,0,3.9773961484600466,,,,,,,,,,,
2717,9/7/1974,0.981,0.618,9.000,4.609,0.618,0.0,3.991,0.0,0.0,0.0,3.9773961484600466,0.0,0.0,0.2073467309717275,3.7700494174883192,0.45814729696345513,0.0,0.0,0.0,0.10048166606553541,0.0,0,0.0,0,3.7700494174883192,,,,,,,,,,,
2718,9/8/1974,0.981,4.200,9.000,4.609,4.2,0.0,0.4089999999999998,0.0,0.0,0.0,3.7700494174883192,0.0,0.0,0.18964621649611943,3.5804032009921998,0.4213433901764925,0.0,0.0,0.0,0.0913658402122503,0.0,0,0.0,0,3.5804032009921998,,,,,,,,,,,
2719,9/9/1974,0.947,2.175,9.000,4.609,2.175,0.0,2.434,0.0,0.0,0.0,3.5804032009921998,0.0,0.0,0.17401459394870428,3.4063886070434957,0.3886427054060439,0.0,0.0,0.0,0.08336180997768398,0.0,0,0.0,0,3.4063886070434957,,,,,,,,,,,
2720,9/10/1974,0.914,1.293,9.000,4.609,1.293,0.0,3.316,0.0,0.0,0.0,3.4063886070434957,0.0,0.0,0.16014845890204607,3.2462401481414496,0.3594664245755592,0.0,0.0,0.0,0.07630118304017815,0.0,0,0.0,0,3.2462401481414496,,,,,,,,,,,
2721,9/11/1974,2.251,2.453,9.000,4.609,2.453,0.0,2.156,0.0,0.0,0.0,3.2462401481414496,0.0,0.0,0.1477974197676977,3.098442728373752,0.3333335801537221,0.0,0.0,0.0,0.07004575580582928,0.0,0,0.0,0,3.098442728373752,,,,,,,,,,,
2722,9/12/1974,3.560,12.298,9.000,4.609,4.609,7.689,0.0,0,7.59955855428157,0.0,10.698001282655323,0.0,0.0,1.078624268442323,9.619377014213,2.126454247736714,0.08944144571843,0.08944144571843,0.0,0.5826185674143449,0.08944144571843,0,0.0,0,9.619377014213,,,,,,,,,,,
2723,9/13/1974,1.974,0.500,9.000,4.609,0.5,0.0,4.109,0.0,0.0,0.08944144571843,9.619377014213,0.08944144571843,0.0,0.9035330064439231,8.715844007769078,1.8055152570085438,0.0,0.0,0.0,0.48238787166267644,0.0,0,0.0,0,8.715844007769078,,,,,,,,,,,
2724,9/14/1974,1.423,0.130,9.000,4.609,0.13,0.0,4.479,0.0,0.0,0.0,8.715844007769078,0.0,0.0,0.7665635994234201,7.9492804083456585,1.5506888513548023,0.0,0.0,0.0,0.40485795181254286,0.0,0,0.0,0,7.9492804083456585,,,,,,,,,,,
2725,9/15/1974,1.121,1.129,9.000,4.609,1.129,0.0,3.48,0.0,0.0,0.0,7.9492804083456585,0.0,0.0,0.6575248024171824,7.2917556059284765,1.3450686661396234,0.0,0.0,0.0,0.34378105392626457,0.0,0,0.0,0,7.2917556059284765,,,,,,,,,,,
2726,9/16/1974,1.884,9.998,9.000,4.609,4.609,5.388999999999999,0.0,0,5.299558554281569,0.0,12.591314160210047,0.0,0.0,1.4151991031359914,11.176115057074055,2.7309040187684364,0.08944144571843,0.08944144571843,0.0,0.7782025800689815,0.08944144571843,0,0.0,0,11.176115057074055,,,,,,,,,,,
2727,9/17/1974,6.054,15.969,9.000,4.609,4.609,11.36,0.0,0,11.36,0.08944144571843,22.53651320633346,0.0,0.08944144571843,3.7340229659686854,18.802490240364776,6.625225497645666,0.0,0.0,0.00039814925940304455,2.188657190558385,0.08904329645902696,0,0.0,0,18.802490240364776,,,,,,,,,,,
2728,9/18/1974,4.149,6.197,9.000,4.609,4.609,1.588,0.0,0,1.5876018507405971,0.08904329645902696,20.39048846800039,0.0,0.08904329645902696,3.1604226165590332,17.23006585144136,5.694172197777691,0.000398149259403038,0.000398149259403038,0.0003963768950199571,1.8322295102465753,0.08904506882341005,0,0.0,0,17.23006585144136,,,,,,,,,,,
2729,9/19/1974,2.065,0.841,9.000,4.609,0.841,0.0,3.768,0.0,0.0,0.08904506882341005,17.23006585144136,0.08904506882341005,0.0,2.386953765382615,14.843112086058746,4.409170421515708,0.0,0.0,0.0,1.358493516024594,0.0,0,0.0,0,14.843112086058746,,,,,,,,,,,
2730,9/20/1974,1.626,0.609,9.000,4.609,0.609,0.0,4.0,0.0,0.0,0.0,14.843112086058746,0.0,0.0,1.861690102010865,12.98142198404788,3.512587016829957,0.0,0.0,0.0,1.042362252583166,0.0,0,0.0,0,12.98142198404788,,,,,,,,,,,
2731,9/21/1974,1.585,1.140,9.000,4.609,1.14,0.0,3.4690000000000003,0.0,0.0,0.0,12.98142198404788,0.0,0.0,1.48902809071085,11.49239389333703,2.8616056800953182,0.0,0.0,0.0,0.8215447752658889,0.0,0,0.0,0,11.49239389333703,,,,,,,,,,,
2732,9/22/1974,1.231,4.400,9.000,4.609,4.4,0.0,0.20899999999999963,0.0,0.0,0.0,11.49239389333703,0.0,0.0,1.215392678682694,10.277001214654337,2.3738906089252025,0.0,0.0,0.0,0.6616712539697435,0.0,0,0.0,0,10.277001214654337,,,,,,,,,,,
2733,9/23/1974,1.157,2.552,9.000,4.609,2.552,0.0,2.057,0.0,0.0,0.0,10.277001214654337,0.0,0.0,1.0088109582976947,9.268190256356643,1.999083988037361,0.0,0.0,0.0,0.5425149841634576,0.0,0,0.0,0,9.268190256356643,,,,,,,,,,,
2734,9/24/1974,1.121,0.354,9.000,4.609,0.354,0.0,4.255,0.0,0.0,0.0,9.268190256356643,0.0,0.0,0.8492274271872113,8.418962829169432,1.7049091916339052,0.0,0.0,0.0,0.45154914199227786,0.0,0,0.0,0,8.418962829169432,,,,,,,,,,,
2735,9/25/1974,1.015,2.790,9.000,4.609,2.79,0.0,1.819,0.0,0.0,0.0,8.418962829169432,0.0,0.0,0.7235414759405586,7.695421353228873,1.4698736361150735,0.0,0.0,0.0,0.3806863667465661,0.0,0,0.0,0,7.695421353228873,,,,,,,,,,,
2736,9/26/1974,8.477,16.981,9.000,4.609,4.609,12.372000000000002,0.0,0,12.282558554281572,0.0,19.977979907510445,0.0,0.0,3.054581601048572,16.923398306461873,5.520474544398787,0.08944144571843,0.08944144571843,0.0,1.766904309465172,0.08944144571843,0,0.0,0,16.923398306461873,,,,,,,,,,,
2737,9/27/1974,2.494,0.625,9.000,4.609,0.625,0.0,3.984,0.0,0.0,0.08944144571843,16.923398306461873,0.08944144571843,0.0,2.3165680994476605,14.606830207014212,4.290275557773705,0.0,0.0,0.0,1.3158406500319588,0.0,0,0.0,0,14.606830207014212,,,,,,,,,,,
2738,9/28/1974,1.626,0.574,9.000,4.609,0.574,0.0,4.035,0.0,0.0,0.0,14.606830207014212,0.0,0.0,1.812560089282597,12.794270117731616,3.427539690866034,0.0,0.0,0.0,1.0130699384934598,0.0,0,0.0,0,12.794270117731616,,,,,,,,,,,
2739,9/29/1974,1.269,0.213,9.000,4.609,0.213,0.0,4.396,0.0,0.0,0.0,12.794270117731616,0.0,0.0,1.4534216905287949,11.34084842720282,2.798648199698014,0.0,0.0,0.0,0.8006235107892723,0.0,0,0.0,0,11.34084842720282,,,,,,,,,,,
2740,9/30/1974,1.121,0.033,9.000,4.609,0.033,0.0,4.576,0.0,0.0,0.0,11.34084842720282,0.0,0.0,1.1887987911897286,10.152049636013091,2.3259839787173857,0.0,0.0,0.0,0.646251818842921,0.0,0,0.0,0,10.152049636013091,,,,,,,,,,,
2741,10/1/1974,1.015,0.413,10.000,5.054,0.413,0.0,4.641,0.0,0.0,0.0,10.152049636013091,0.0,0.0,0.9884514257426396,9.163598210270452,1.9617942658961485,0.0,0.0,0.0,0.5308534590033307,0.0,0,0.0,0,9.163598210270452,,,,,,,,,,,
2742,10/2/1974,0.947,0.675,10.000,5.054,0.675,0.0,4.3790000000000004,0.0,0.0,0.0,9.163598210270452,0.0,0.0,0.8333149550314511,8.330283255239001,1.6753261398942358,0.0,0.0,0.0,0.4425370592205353,0.0,0,0.0,0,8.330283255239001,,,,,,,,,,,
2743,10/3/1974,0.914,0.009,10.000,5.054,0.009,0.0,5.045,0.0,0.0,0.0,8.330283255239001,0.0,0.0,0.7108839783568969,7.619399276882104,1.4460210025233113,0.0,0.0,0.0,0.37359261089806645,0.0,0,0.0,0,7.619399276882104,,,,,,,,,,,
2744,10/4/1974,0.881,0.047,10.000,5.054,0.047,0.0,5.007000000000001,0.0,0.0,0.0,7.619399276882104,0.0,0.0,0.6126799458212323,7.006719331060872,1.2597001502168175,0.0,0.0,0.0,0.31884881507465457,0.0,0,0.0,0,7.006719331060872,,,,,,,,,,,
2745,10/5/1974,0.849,0.022,10.000,5.054,0.022,0.0,5.032,0.0,0.0,0.0,7.006719331060872,0.0,0.0,0.5327911227474672,6.4739282083134055,1.1063227953949701,0.0,0.0,0.0,0.27473599916455116,0.0,0,0.0,0,6.4739282083134055,,,,,,,,,,,
2746,10/6/1974,0.881,0.000,10.000,5.054,0.0,0.0,5.054,0.0,0.0,0.0,6.4739282083134055,0.0,0.0,0.4669950132925253,6.00693319502088,0.9786147406090278,0.0,0.0,0.0,0.23872840893518893,0.0,0,0.0,0,6.00693319502088,,,,,,,,,,,
2747,10/7/1974,0.849,0.178,10.000,5.054,0.178,0.0,4.876,0.0,0.0,0.0,6.00693319502088,0.0,0.0,0.41221182686133856,5.594721368159542,0.8712006109904391,0.0,0.0,0.0,0.20900008588443209,0.0,0,0.0,0,5.594721368159542,,,,,,,,,,,
2748,10/8/1974,0.914,0.249,10.000,5.054,0.249,0.0,4.805000000000001,0.0,0.0,0.0,5.594721368159542,0.0,0.0,0.36615352145957836,5.228567846699963,0.7800383823881335,0.0,0.0,0.0,0.18420580963038855,0.0,0,0.0,0,5.228567846699963,,,,,,,,,,,
2749,10/9/1974,0.849,0.401,10.000,5.054,0.401,0.0,4.6530000000000005,0.0,0.0,0.0,5.228567846699963,0.0,0.0,0.3270923279467887,4.901475518753175,0.70204132941856,0.0,0.0,0.0,0.16333780460376832,0.0,0,0.0,0,4.901475518753175,,,,,,,,,,,
2750,10/10/1974,0.817,0.509,10.000,5.054,0.509,0.0,4.545,0.0,0.0,0.0,4.901475518753175,0.0,0.0,0.2937044371241835,4.607771081628991,0.6348194963933649,0.0,0.0,0.0,0.14562973028769527,0.0,0,0.0,0,4.607771081628991,,,,,,,,,,,
2751,10/11/1974,0.724,0.674,10.000,5.054,0.674,0.0,4.38,0.0,0.0,0.0,4.607771081628991,0.0,0.0,0.26496220905101936,4.342808872577971,0.5764993142507255,0.0,0.0,0.0,0.13049096575414304,0.0,0,0.0,0,4.342808872577971,,,,,,,,,,,
2752,10/12/1974,0.694,0.035,10.000,5.054,0.035,0.0,5.019,0.0,0.0,0.0,4.342808872577971,0.0,0.0,0.24005843583082206,4.102750436747149,0.5255954566282147,0.0,0.0,0.0,0.11746076263871293,0.0,0,0.0,0,4.102750436747149,,,,,,,,,,,
2753,10/13/1974,0.665,0.021,10.000,5.054,0.021,0.0,5.033,0.0,0.0,0.0,4.102750436747149,0.0,0.0,0.21835222005994467,3.884398216687204,0.480918318273081,0.0,0.0,0.0,0.10617570469587163,0.0,0,0.0,0,3.884398216687204,,,,,,,,,,,
2754,10/14/1974,0.694,0.061,10.000,5.054,0.061,0.0,4.993,0.0,0.0,0.0,3.884398216687204,0.0,0.0,0.19932970377942438,3.6850685129077796,0.44150622438674386,0.0,0.0,0.0,0.09634624924789909,0.0,0,0.0,0,3.6850685129077796,,,,,,,,,,,
2755,10/15/1974,0.694,0.332,10.000,5.054,0.332,0.0,4.722,0.0,0.0,0.0,3.6850685129077796,0.0,0.0,0.18257517365335352,3.502493339254426,0.40657509121185903,0.0,0.0,0.0,0.08773957427392065,0.0,0,0.0,0,3.502493339254426,,,,,,,,,,,
2756,10/16/1974,0.694,0.567,10.000,5.054,0.567,0.0,4.487,0.0,0.0,0.0,3.502493339254426,0.0,0.0,0.16774952843672433,3.334743810817702,0.37548058502773285,0.0,0.0,0.0,0.08016687247443378,0.0,0,0.0,0,3.334743810817702,,,,,,,,,,,
2757,10/17/1974,0.694,0.950,10.000,5.054,0.95,0.0,4.104,0.0,0.0,0.0,3.334743810817702,0.0,0.0,0.15457404424604906,3.1801697665716526,0.3476893547886658,0.0,0.0,0.0,0.0734738266676692,0.0,0,0.0,0,3.1801697665716526,,,,,,,,,,,
2758,10/18/1974,0.665,0.619,10.000,5.054,0.619,0.0,4.4350000000000005,0.0,0.0,0.0,3.1801697665716526,0.0,0.0,0.14281800165711728,3.0373517649145354,0.3227569348407332,0.0,0.0,0.0,0.06753339118514971,0.0,0,0.0,0,3.0373517649145354,,,,,,,,,,,
2759,10/19/1974,0.665,0.187,10.000,5.054,0.187,0.0,4.867,0.0,0.0,0.0,3.0373517649145354,0.0,0.0,0.13228916164065313,2.9050626032738824,0.3003106076511991,0.0,0.0,0.0,0.06224026515829908,0.0,0,0.0,0,2.9050626032738824,,,,,,,,,,,
2760,10/20/1974,0.665,0.231,10.000,5.054,0.231,0.0,4.823,0.0,0.0,0.0,2.9050626032738824,0.0,0.0,0.12282636637648091,2.7822362368974014,0.28003599444763444,0.0,0.0,0.0,0.05750662113065529,0.0,0,0.0,0,2.7822362368974014,,,,,,,,,,,
2761,10/21/1974,0.665,0.121,10.000,5.054,0.121,0.0,4.933,0.0,0.0,0.0,2.7822362368974014,0.0,0.0,0.11429374127648856,2.667942495620913,0.26166647560445955,0.0,0.0,0.0,0.05325877482665787,0.0,0,0.0,0,2.667942495620913,,,,,,,,,,,
2762,10/22/1974,0.665,0.059,10.000,5.054,0.059,0.0,4.995,0.0,0.0,0.0,2.667942495620913,0.0,0.0,0.10657611516031669,2.561366380460596,0.24497477890081942,0.0,0.0,0.0,0.04943456740672521,0.0,0,0.0,0,2.561366380460596,,,,,,,,,,,
2763,10/23/1974,0.580,0.002,10.000,5.054,0.002,0.0,5.0520000000000005,0.0,0.0,0.0,2.561366380460596,0.0,0.0,0.09957537544736553,2.4617910050132306,0.2297662429405478,0.0,0.0,0.0,0.04598129199901959,0.0,0,0.0,0,2.4617910050132306,,,,,,,,,,,
2764,10/24/1974,0.552,0.228,10.000,5.054,0.228,0.0,4.8260000000000005,0.0,0.0,0.0,2.4617910050132306,0.0,0.0,0.09320754703661994,2.3685834579766105,0.2158733854737026,0.0,0.0,0.0,0.04285403954445019,0.0,0,0.0,0,2.3685834579766105,,,,,,,,,,,
2765,10/25/1974,0.580,0.849,10.000,5.054,0.849,0.0,4.205,0.0,0.0,0.0,2.3685834579766105,0.0,0.0,0.08740043569771128,2.281183022278899,0.20315149590471673,0.0,0.0,0.0,0.04001437025644929,0.0,0,0.0,0,2.281183022278899,,,,,,,,,,,
2766,10/26/1974,0.580,0.014,10.000,5.054,0.014,0.0,5.04,0.0,0.0,0.0,2.281183022278899,0.0,0.0,0.08209171504871865,2.1990913072301805,0.19147503738775082,0.0,0.0,0.0,0.03742923982737136,0.0,0,0.0,0,2.1990913072301805,,,,,,,,,,,
2767,10/27/1974,0.552,0.025,10.000,5.054,0.025,0.0,5.029,0.0,0.0,0.0,2.1990913072301805,0.0,0.0,0.07722736451429818,2.1218639427158825,0.1807346931679815,0.0,0.0,0.0,0.03507012634175105,0.0,0,0.0,0,2.1218639427158825,,,,,,,,,,,
2768,10/28/1974,0.552,0.009,10.000,5.054,0.009,0.0,5.045,0.0,0.0,0.0,2.1218639427158825,0.0,0.0,0.07276038680516689,2.049103555910716,0.17083492883896523,0.0,0.0,0.0,0.032912316371004814,0.0,0,0.0,0,2.049103555910716,,,,,,,,,,,
2769,10/29/1974,0.525,0.018,10.000,5.054,0.018,0.0,5.0360000000000005,0.0,0.0,0.0,2.049103555910716,0.0,0.0,0.068649749382741,1.9804538065279749,0.16169197021892534,0.0,0.0,0.0,0.030934318108170284,0.0,0,0.0,0,1.9804538065279749,,,,,,,,,,,
2770,10/30/1974,0.525,0.105,10.000,5.054,0.105,0.0,4.949,0.0,0.0,0.0,1.9804538065279749,0.0,0.0,0.06485950645496806,1.915594300073007,0.15323211794185926,0.0,0.0,0.0,0.029117376493484805,0.0,0,0.0,0,1.915594300073007,,,,,,,,,,,
2771,10/31/1974,0.525,0.006,10.000,5.054,0.006,0.0,5.048,0.0,0.0,0.0,1.915594300073007,0.0,0.0,0.0613580672849039,1.854236232788103,0.14539033630237433,0.0,0.0,0.0,0.02744507068170517,0.0,0,0.0,0,1.854236232788103,,,,,,,,,,,
2772,11/1/1974,0.499,0.284,11.000,5.054,0.284,0.0,4.7700000000000005,0.0,0.0,0.0,1.854236232788103,0.0,0.0,0.05811758370230455,1.7961186490857985,0.13810906661727707,0.0,0.0,0.0,0.025902978342827326,0.0,0,0.0,0,1.7961186490857985,,,,,,,,,,,
2773,11/2/1974,0.499,1.087,11.000,5.054,1.087,0.0,3.9670000000000005,0.0,0.0,0.0,1.7961186490857985,0.0,0.0,0.05511343521636758,1.741005213869431,0.13133722527665845,0.0,0.0,0.0,0.02447839448424069,0.0,0,0.0,0,1.741005213869431,,,,,,,,,,,
2774,11/3/1974,0.499,0.112,11.000,5.054,0.112,0.0,4.942,0.0,0.0,0.0,1.741005213869431,0.0,0.0,0.05232379442207199,1.688681419447359,0.12502935442224578,0.0,0.0,0.0,0.0231600949654355,0.0,0,0.0,0,1.688681419447359,,,,,,,,,,,
2775,11/4/1974,0.580,0.101,11.000,5.054,0.101,0.0,4.953,0.0,0.0,0.0,1.688681419447359,0.0,0.0,0.049729258760706996,1.638952160686652,0.1191448993106924,0.0,0.0,0.0,0.021938136817026752,0.0,0,0.0,0,1.638952160686652,,,,,,,,,,,
2776,11/5/1974,0.552,0.032,11.000,5.054,0.032,0.0,5.022,0.0,0.0,0.0,1.638952160686652,0.0,0.0,0.04731253735192405,1.5916396233347279,0.11364759126952347,0.0,0.0,0.0,0.020803689001305536,0.0,0,0.0,0,1.5916396233347279,,,,,,,,,,,
2777,11/6/1974,0.499,0.003,11.000,5.054,0.003,0.0,5.051,0.0,0.0,0.0,1.5916396233347279,0.0,0.0,0.045058183721613645,1.5465814396131141,0.1085049190174464,0.0,0.0,0.0,0.01974888845720122,0.0,0,0.0,0,1.5465814396131141,,,,,,,,,,,
2778,11/7/1974,0.525,0.008,11.000,5.054,0.008,0.0,5.046,0.0,0.0,0.0,1.5465814396131141,0.0,0.0,0.04295236692951743,1.5036290726835966,0.10368767421468106,0.0,0.0,0.0,0.0187667172304691,0.0,0,0.0,0,1.5036290726835966,,,,,,,,,,,
2779,11/8/1974,0.499,0.050,11.000,5.054,0.05,0.0,5.0040000000000004,0.0,0.0,0.0,1.5036290726835966,0.0,0.0,0.04098267494603985,1.4626463977375568,0.099169559598265,0.0,0.0,0.0,0.017850897254830585,0.0,0,0.0,0,1.4626463977375568,,,,,,,,,,,
2780,11/9/1974,0.473,0.078,11.000,5.054,0.078,0.0,4.976,0.0,0.0,0.0,1.4626463977375568,0.0,0.0,0.03913794521076475,1.423508452526792,0.0949268500693571,0.0,0.0,0.0,0.01699579996350949,0.0,0,0.0,0,1.423508452526792,,,,,,,,,,,
2781,11/10/1974,0.473,0.045,11.000,5.054,0.045,0.0,5.009,0.0,0.0,0.0,1.423508452526792,0.0,0.0,0.037408118180873806,1.3861003343459182,0.09093809873306914,0.0,0.0,0.0,0.01619636840527637,0.0,0,0.0,0,1.3861003343459182,,,,,,,,,,,
2782,11/11/1974,0.499,0.000,11.000,5.054,0.0,0.0,5.054,0.0,0.0,0.0,1.3861003343459182,0.0,0.0,0.03578411038877943,1.3503162239571387,0.08718388122314705,0.0,0.0,0.0,0.015448049939581737,0.0,0,0.0,0,1.3503162239571387,,,,,,,,,,,
2783,11/12/1974,0.499,0.020,11.000,5.054,0.02,0.0,5.034000000000001,0.0,0.0,0.0,1.3503162239571387,0.0,0.0,0.034257704108160175,1.3160585198489785,0.0836465727340377,0.0,0.0,0.0,0.014746737910936308,0.0,0,0.0,0,1.3160585198489785,,,,,,,,,,,
2784,11/13/1974,0.499,0.089,11.000,5.054,0.089,0.0,4.965,0.0,0.0,0.0,1.3160585198489785,0.0,0.0,0.03282145120233425,1.2832370686466443,0.08031015307882032,0.0,0.0,0.0,0.014088720968461577,0.0,0,0.0,0,1.2832370686466443,,,,,,,,,,,
2785,11/14/1974,0.499,0.157,11.000,5.054,0.157,0.0,4.897,0.0,0.0,0.0,1.2832370686466443,0.0,0.0,0.03146858911908093,1.2517684795275634,0.07716003583053185,0.0,0.0,0.0,0.013470638914320415,0.0,0,0.0,0,1.2517684795275634,,,,,,,,,,,
2786,11/15/1974,0.499,0.272,11.000,5.054,0.272,0.0,4.782,0.0,0.0,0.0,1.2517684795275634,0.0,0.0,0.03019296731787067,1.2215755122096927,0.0741829182162474,0.0,0.0,0.0,0.012889444143876315,0.0,0,0.0,0,1.2215755122096927,,,,,,,,,,,
2787,11/16/1974,0.424,0.000,11.000,5.054,0.0,0.0,5.054,0.0,0.0,0.0,1.2215755122096927,0.0,0.0,0.02898898268190314,1.1925865295277895,0.07136664894154958,0.0,0.0,0.0,0.012342367888310958,0.0,0,0.0,0,1.1925865295277895,,,,,,,,,,,
2788,11/17/1974,0.424,0.000,11.000,5.054,0.0,0.0,5.054,0.0,0.0,0.0,1.1925865295277895,0.0,0.0,0.027851522688673552,1.164735006839116,0.06870011154667369,0.0,0.0,0.0,0.011826890592931781,0.0,0,0.0,0,1.164735006839116,,,,,,,,,,,
2789,11/18/1974,0.424,0.333,11.000,5.054,0.333,0.0,4.721,0.0,0.0,0.0,1.164735006839116,0.0,0.0,0.026775915297239068,1.137959091541877,0.06617312124987738,0.0,0.0,0.0,0.01134071586621952,0.0,0,0.0,0,1.137959091541877,,,,,,,,,,,
2790,11/19/1974,0.424,0.238,11.000,5.054,0.238,0.0,4.816000000000001,0.0,0.0,0.0,1.137959091541877,0.0,0.0,0.025757884664571386,1.1122012068773055,0.06377633353074252,0.0,0.0,0.0,0.010881747519566247,0.0,0,0.0,0,1.1122012068773055,,,,,,,,,,,
2791,11/20/1974,0.424,0.007,11.000,5.054,0.007,0.0,5.047000000000001,0.0,0.0,0.0,1.1122012068773055,0.0,0.0,0.024793511932711367,1.087407694944594,0.06150116295612161,0.0,0.0,0.0,0.010448069288669126,0.0,0,0.0,0,1.087407694944594,,,,,,,,,,,
2792,11/21/1974,0.400,0.106,11.000,5.054,0.106,0.0,4.948,0.0,0.0,0.0,1.087407694944594,0.0,0.0,0.02387920043722509,1.063528494507369,0.05933971096239205,0.0,0.0,0.0,0.010037926887123728,0.0,0,0.0,0,1.063528494507369,,,,,,,,,,,
2793,11/22/1974,0.400,0.003,11.000,5.054,0.003,0.0,5.051,0.0,0.0,0.0,1.063528494507369,0.0,0.0,0.023011644779224603,1.0405168497281445,0.05728470148616975,0.0,0.0,0.0,0.009649712092891019,0.0,0,0.0,0,1.0405168497281445,,,,,,,,,,,
2794,11/23/1974,0.376,0.002,11.000,5.054,0.002,0.0,5.0520000000000005,0.0,0.0,0.0,1.0405168497281445,0.0,0.0,0.022187803280838563,1.018329046447306,0.05532942348707187,0.0,0.0,0.0,0.009281948610610598,0.0,0,0.0,0,1.018329046447306,,,,,,,,,,,
2795,11/24/1974,0.400,0.001,11.000,5.054,0.001,0.0,5.053,0.0,0.0,0.0,1.018329046447306,0.0,0.0,0.02140487340985388,0.9969241730374522,0.05346767953493822,0.0,0.0,0.0,0.008933279488520705,0.0,0,0.0,0,0.9969241730374522,,,,,,,,,,,
2796,11/25/1974,0.376,0.121,11.000,5.054,0.121,0.0,4.933,0.0,0.0,0.0,0.9969241730374522,0.0,0.0,0.020660269815234004,0.9762639032222181,0.0516937397437815,0.0,0.0,0.0,0.008602455899104616,0.0,0,0.0,0,0.9762639032222181,,,,,,,,,,,
2797,11/26/1974,0.376,0.301,11.000,5.054,0.301,0.0,4.753,0.0,0.0,0.0,0.9762639032222181,0.0,0.0,0.01995160466294677,0.9563122985592714,0.0500023004286577,0.0,0.0,0.0,0.008288327118402718,0.0,0,0.0,0,0.9563122985592714,,,,,,,,,,,
2798,11/27/1974,0.353,0.742,11.000,5.054,0.742,0.0,4.312,0.0,0.0,0.0,0.9563122985592714,0.0,0.0,0.019276670002321986,0.9370356285569493,0.04838844694213466,0.0,0.0,0.0,0.007989831560942882,0.0,0,0.0,0,0.9370356285569493,,,,,,,,,,,
2799,11/28/1974,0.607,6.263,11.000,5.054,5.054,1.2089999999999996,0.0,0,1.1195585542818944,0.0,2.0565941828388437,0.0,0.0,0.0690685146239106,1.9875256682149331,0.1626248909857816,0.08944144571810518,0.08944144571810518,0.0,0.031135475084567373,0.08944144571810518,0,0.0,0,1.9875256682149331,,,,,,,,,,,
2800,11/29/1974,0.817,5.965,11.000,5.054,5.054,0.9109999999999996,0.0,0,0.9109999999996747,0.08944144571810518,2.8989238174740093,0.0,0.08944144571810518,0.12239409025043965,2.77652972722357,0.2791074196348662,3.248200738091979e-13,3.248200738091979e-13,0.0003981492594015986,0.05729093955465162,0.0890432964590284,0,0.0,0,2.77652972722357,,,,,,,,,,,
2801,11/30/1974,0.785,6.191,11.000,5.054,5.054,1.1369999999999996,0.0,0,1.1366018507406015,0.0890432964590284,3.9135279548591915,0.0,0.0890432964590284,0.20182726973866383,3.711700685120528,0.4466954065920305,0.0003981492593979718,0.0003981492593979718,0.00039637689501996357,0.09763341345020697,0.08904506882340642,0,0.0,0,3.711700685120528,,,,,,,,,,,
2802,12/1/1974,0.665,5.414,12.000,5.337,5.337,0.07699999999999996,0.0,0,0.07667460253315016,0.08904506882340642,3.7887716724383913,0.0,0.08904506882340642,0.19121846780226684,3.5975532046361245,0.4246218942888429,0.00032539746684980084,0.00032539746684980084,0.0003963847847131458,0.09217336463452508,0.08897408150554308,0,0.0,0,3.5975532046361245,,,,,,,,,,,
2803,12/2/1974,0.636,3.714,12.000,5.337,3.714,0.0,1.6229999999999998,0.0,0.0,0.08897408150554308,3.5975532046361245,0.08897408150554308,0.0,0.17540601701816882,3.4221471876179557,0.39156146347742676,0.0,0.0,0.0,0.0840724186610087,0.0,0,0.0,0,3.4221471876179557,,,,,,,,,,,
2804,12/3/1974,0.607,1.290,12.000,5.337,1.29,0.0,4.047,0.0,0.0,0.0,3.4221471876179557,0.0,0.0,0.16138515579111268,3.260762031826843,0.3620753954796973,0.0,0.0,0.0,0.07692932489278162,0.0,0,0.0,0,3.260762031826843,,,,,,,,,,,
2805,12/4/1974,0.636,2.305,12.000,5.337,2.305,0.0,3.0319999999999996,0.0,0.0,0.0,3.260762031826843,0.0,0.0,0.14890100201537623,3.111861029811467,0.33567440597103837,0.0,0.0,0.0,0.07060332915078248,0.0,0,0.0,0,3.111861029811467,,,,,,,,,,,
2806,12/5/1974,0.947,10.848,12.000,5.337,5.337,5.511000000000001,0.0,0,5.421558554281571,0.0,8.533419584093037,0.0,0.0,0.7400100394818673,7.79340954461117,1.5008557444353414,0.08944144571843,0.08944144571843,0.0,0.3899282042141417,0.08944144571843,0,0.0,0,7.79340954461117,,,,,,,,,,,
2807,12/6/1974,0.817,2.659,12.000,5.337,2.659,0.0,2.678,0.0,0.0,0.08944144571843,7.79340954461117,0.08944144571843,0.0,0.63617745799108,7.15723208662009,1.3044928972844572,0.0,0.0,0.0,0.3318982031271363,0.0,0,0.0,0,7.15723208662009,,,,,,,,,,,
2808,12/7/1974,1.585,3.705,12.000,5.337,3.705,0.0,1.6319999999999997,0.0,0.0,0.0,7.15723208662009,0.0,0.0,0.5520023734723499,6.60522971314774,1.1433666509490343,0.0,0.0,0.0,0.2853065920608306,0.0,0,0.0,0,6.60522971314774,,,,,,,,,,,
2809,12/8/1974,2.494,0.182,12.000,5.337,0.182,0.0,5.154999999999999,0.0,0.0,0.0,6.60522971314774,0.0,0.0,0.4828871564573039,6.122342556690437,1.0095847291713138,0.0,0.0,0.0,0.24739665301819097,0.0,0,0.0,0,6.122342556690437,,,,,,,,,,,
2810,12/9/1974,0.785,1.154,12.000,5.337,1.154,0.0,4.183,0.0,0.0,0.0,6.122342556690437,0.0,0.0,0.4254956787997596,5.696846877890677,0.89734345670261,0.0,0.0,0.0,0.21618599307368536,0.0,0,0.0,0,5.696846877890677,,,,,,,,,,,
2811,12/10/1974,0.754,1.638,12.000,5.337,1.638,0.0,3.699,0.0,0.0,0.0,5.696846877890677,0.0,0.0,0.3773607173013169,5.319486160589361,0.8022975260747179,0.0,0.0,0.0,0.19022095293664557,0.0,0,0.0,0,5.319486160589361,,,,,,,,,,,
2812,12/11/1974,0.665,2.283,12.000,5.337,2.283,0.0,3.054,0.0,0.0,0.0,5.319486160589361,0.0,0.0,0.33662671851245674,4.982859442076904,0.7211413077546848,0.0,0.0,0.0,0.16841703317650278,0.0,0,0.0,0,4.982859442076904,,,,,,,,,,,
2813,12/12/1974,0.636,0.187,12.000,5.337,0.187,0.0,5.1499999999999995,0.0,0.0,0.0,4.982859442076904,0.0,0.0,0.3018771021473693,4.680982339929535,0.6513241302231687,0.0,0.0,0.0,0.14995260993145187,0.0,0,0.0,0,4.680982339929535,,,,,,,,,,,
2814,12/13/1974,0.580,1.244,12.000,5.337,1.244,0.0,4.093,0.0,0.0,0.0,4.680982339929535,0.0,0.0,0.27201579060543574,4.4089665493240995,0.5908526124200751,0.0,0.0,0.0,0.1341965713395823,0.0,0,0.0,0,4.4089665493240995,,,,,,,,,,,
2815,12/14/1974,0.580,1.813,12.000,5.337,1.813,0.0,3.524,0.0,0.0,0.0,4.4089665493240995,0.0,0.0,0.2461843555391639,4.162782193784936,0.5381508690475764,0.0,0.0,0.0,0.12065807189357848,0.0,0,0.0,0,4.162782193784936,,,,,,,,,,,
2816,12/15/1974,0.552,0.261,12.000,5.337,0.261,0.0,5.076,0.0,0.0,0.0,4.162782193784936,0.0,0.0,0.22370306007922997,3.9390791337057056,0.4919599847803027,0.0,0.0,0.0,0.10895102279068536,0.0,0,0.0,0,3.9390791337057056,,,,,,,,,,,
2817,12/16/1974,0.607,1.265,12.000,5.337,1.265,0.0,4.072,0.0,0.0,0.0,3.9390791337057056,0.0,0.0,0.20402824188844274,3.735050891817263,0.4512646291660526,0.0,0.0,0.0,0.0987685924147373,0.0,0,0.0,0,3.735050891817263,,,,,,,,,,,
2818,12/17/1974,0.607,1.757,12.000,5.337,1.757,0.0,3.58,0.0,0.0,0.0,3.735050891817263,0.0,0.0,0.18672106566529206,3.5483298261519707,0.41523874536480154,0.0,0.0,0.0,0.08986462720306776,0.0,0,0.0,0,3.5483298261519707,,,,,,,,,,,
2819,12/18/1974,0.580,0.281,12.000,5.337,0.281,0.0,5.056,0.0,0.0,0.0,3.5483298261519707,0.0,0.0,0.17142431164530872,3.376905514506662,0.3832048486790776,0.0,0.0,0.0,0.08203993396180644,0.0,0,0.0,0,3.376905514506662,,,,,,,,,,,
2820,12/19/1974,0.580,0.318,12.000,5.337,0.318,0.0,5.019,0.0,0.0,0.0,3.376905514506662,0.0,0.0,0.15784492631151958,3.219060588195142,0.35460317193791324,0.0,0.0,0.0,0.07513202756422123,0.0,0,0.0,0,3.219060588195142,,,,,,,,,,,
2821,12/20/1974,0.552,0.149,12.000,5.337,0.149,0.0,5.188,0.0,0.0,0.0,3.219060588195142,0.0,0.0,0.14574075983234158,3.0733198283628007,0.32896802666318553,0.0,0.0,0.0,0.06900738226048292,0.0,0,0.0,0,3.0733198283628007,,,,,,,,,,,
2822,12/21/1974,0.525,0.043,12.000,5.337,0.043,0.0,5.294,0.0,0.0,0.0,3.0733198283628007,0.0,0.0,0.1349103827584107,2.93840944560439,0.3059095145077946,0.0,0.0,0.0,0.06355551426967478,0.0,0,0.0,0,2.93840944560439,,,,,,,,,,,
2823,12/22/1974,0.499,0.005,12.000,5.337,0.005,0.0,5.332,0.0,0.0,0.0,2.93840944560439,0.0,0.0,0.12518519308608606,2.813224252518304,0.28509924912670026,0.0,0.0,0.0,0.05868441928568596,0.0,0,0.0,0,2.813224252518304,,,,,,,,,,,
2824,12/23/1974,0.473,0.061,12.000,5.337,0.061,0.0,5.276,0.0,0.0,0.0,2.813224252518304,0.0,0.0,0.1164232447803142,2.6968010077379896,0.2662591146550427,0.0,0.0,0.0,0.054317023139229086,0.0,0,0.0,0,2.6968010077379896,,,,,,,,,,,
2825,12/24/1974,0.473,0.043,12.000,5.337,0.043,0.0,5.294,0.0,0.0,0.0,2.6968010077379896,0.0,0.0,0.10850438278417837,2.588296624953811,0.24915234512243323,0.0,0.0,0.0,0.050388397576995876,0.0,0,0.0,0,2.588296624953811,,,,,,,,,,,
2826,12/25/1974,0.473,0.056,12.000,5.337,0.056,0.0,5.281,0.0,0.0,0.0,2.588296624953811,0.0,0.0,0.10132637859441285,2.486970246359398,0.2335763934080782,0.0,0.0,0.0,0.04684355918775463,0.0,0,0.0,0,2.486970246359398,,,,,,,,,,,
2827,12/26/1974,0.448,0.034,12.000,5.337,0.034,0.0,5.303,0.0,0.0,0.0,2.486970246359398,0.0,0.0,0.09480183863003926,2.392168407729359,0.21935719135724155,0.0,0.0,0.0,0.04363571662648309,0.0,0,0.0,0,2.392168407729359,,,,,,,,,,,
2828,12/27/1974,0.424,1.273,12.000,5.337,1.273,0.0,4.064,0.0,0.0,0.0,2.392168407729359,0.0,0.0,0.08885571422666401,2.303312693502695,0.20634449970093582,0.0,0.0,0.0,0.04072486526230751,0.0,0,0.0,0,2.303312693502695,,,,,,,,,,,
2829,12/28/1974,0.424,0.576,12.000,5.337,0.576,0.0,4.761,0.0,0.0,0.0,2.303312693502695,0.0,0.0,0.08342328350395463,2.21988940999874,0.19440811788211915,0.0,0.0,0.0,0.03807665312228396,0.0,0,0.0,0,2.21988940999874,,,,,,,,,,,
2830,12/29/1974,0.424,1.374,12.000,5.337,1.374,0.0,3.9629999999999996,0.0,0.0,0.0,2.21988940999874,0.0,0.0,0.07844850594151682,2.141440904057223,0.18343477701118874,0.0,0.0,0.0,0.035661460200379975,0.0,0,0.0,0,2.141440904057223,,,,,,,,,,,
2831,12/30/1974,0.424,1.246,12.000,5.337,1.246,0.0,4.090999999999999,0.0,0.0,0.0,2.141440904057223,0.0,0.0,0.07388267329032881,2.0675582307668945,0.17332557900058904,0.0,0.0,0.0,0.03345364670310277,0.0,0,0.0,0,2.0675582307668945,,,,,,,,,,,
2832,12/31/1974,0.525,1.808,12.000,5.337,1.808,0.0,3.529,0.0,0.0,0.0,2.0675582307668945,0.0,0.0,0.0696832975721517,1.9978749331947427,0.16399387503251017,0.0,0.0,0.0,0.03143093590654292,0.0,0,0.0,0,1.9978749331947427,,,,,,,,,,,
2833,1/1/1975,0.525,1.277,1.000,5.134,1.277,0.0,3.857,0.0,0.0,0.0,1.9978749331947427,0.0,0.0,0.06581318988847146,1.9320617433062712,0.15536349944354289,0.0,0.0,0.0,0.02957390492023184,0.0,0,0.0,0,1.9320617433062712,,,,,,,,,,,
2834,1/2/1975,0.499,0.039,1.000,5.134,0.039,0.0,5.095000000000001,0.0,0.0,0.0,1.9320617433062712,0.0,0.0,0.06223969365552427,1.869822049650747,0.14736729270246302,0.0,0.0,0.0,0.02786556244471694,0.0,0,0.0,0,1.869822049650747,,,,,,,,,,,
2835,1/3/1975,0.448,0.189,1.000,5.134,0.189,0.0,4.945,0.0,0.0,0.0,1.869822049650747,0.0,0.0,0.05893404348485706,1.8108880061658899,0.13994586074741697,0.0,0.0,0.0,0.026290997042702522,0.0,0,0.0,0,1.8108880061658899,,,,,,,,,,,
2836,1/4/1975,0.448,0.168,1.000,5.134,0.168,0.0,4.966,0.0,0.0,0.0,1.8108880061658899,0.0,0.0,0.05587082680977168,1.7550171793561182,0.1330465285156706,0.0,0.0,0.0,0.02483708285972323,0.0,0,0.0,0,1.7550171793561182,,,,,,,,,,,
2837,1/5/1975,0.424,0.656,1.000,5.134,0.656,0.0,4.478000000000001,0.0,0.0,0.0,1.7550171793561182,0.0,0.0,0.05302752993586133,1.7019896494202569,0.12662245376622627,0.0,0.0,0.0,0.02349223237982567,0.0,0,0.0,0,1.7019896494202569,,,,,,,,,,,
2838,1/6/1975,0.448,1.196,1.000,5.134,1.196,0.0,3.9380000000000006,0.0,0.0,0.0,1.7019896494202569,0.0,0.0,0.0503841537789424,1.6516054956413144,0.12063187380162953,0.0,0.0,0.0,0.022246187869269,0.0,0,0.0,0,1.6516054956413144,,,,,,,,,,,
2839,1/7/1975,0.636,3.185,1.000,5.134,3.185,0.0,1.9490000000000003,0.0,0.0,0.0,1.6516054956413144,0.0,0.0,0.04792288737747907,1.6036826082638354,0.11503746284408231,0.0,0.0,0.0,0.021089844784068053,0.0,0,0.0,0,1.6036826082638354,,,,,,,,,,,
2840,1/8/1975,0.914,4.880,1.000,5.134,4.88,0.0,0.25400000000000045,0.0,0.0,0.0,1.6036826082638354,0.0,0.0,0.0456278295029622,1.5580547787608732,0.1098057819174763,0.0,0.0,0.0,0.020015101698039033,0.0,0,0.0,0,1.5580547787608732,,,,,,,,,,,
2841,1/9/1975,1.015,1.105,1.000,5.134,1.105,0.0,4.029,0.0,0.0,0.0,1.5580547787608732,0.0,0.0,0.04348475047212012,1.514570028288753,0.10490680636286931,0.0,0.0,0.0,0.01901473232430246,0.0,0,0.0,0,1.514570028288753,,,,,,,,,,,
2842,1/10/1975,0.817,0.760,1.000,5.134,0.76,0.0,4.3740000000000006,0.0,0.0,0.0,1.514570028288753,0.0,0.0,0.04148088768935799,1.473089140599395,0.10031351874740302,0.0,0.0,0.0,0.018082276013679278,0.0,0,0.0,0,1.473089140599395,,,,,,,,,,,
2843,1/11/1975,0.785,0.479,1.000,5.134,0.479,0.0,4.655,0.0,0.0,0.0,1.473089140599395,0.0,0.0,0.0396047695930415,1.4334843710063536,0.096001557051954,0.0,0.0,0.0,0.017211943762900434,0.0,0,0.0,0,1.4334843710063536,,,,,,,,,,,
2844,1/12/1975,0.580,2.518,1.000,5.134,2.518,0.0,2.6160000000000005,0.0,0.0,0.0,1.4334843710063536,0.0,0.0,0.037846063604140355,1.3956383074022132,0.09194890974630165,0.0,0.0,0.0,0.016398537288436862,0.0,0,0.0,0,1.3956383074022132,,,,,,,,,,,
2845,1/13/1975,0.525,0.447,1.000,5.134,0.447,0.0,4.687,0.0,0.0,0.0,1.3956383074022132,0.0,0.0,0.03619544442599099,1.359442862976222,0.0881356507642373,0.0,0.0,0.0,0.01563737914459528,0.0,0,0.0,0,1.359442862976222,,,,,,,,,,,
2846,1/14/1975,0.499,0.564,1.000,5.134,0.564,0.0,4.57,0.0,0.0,0.0,1.359442862976222,0.0,0.0,0.03464447965507228,1.3247983833211499,0.08454370853887859,0.0,0.0,0.0,0.014924252207919795,0.0,0,0.0,0,1.3247983833211499,,,,,,,,,,,
2847,1/15/1975,0.525,3.477,1.000,5.134,3.477,0.0,1.6570000000000005,0.0,0.0,0.0,1.3247983833211499,0.0,0.0,0.03318553016251678,1.291612853158633,0.08115666420081757,0.0,0.0,0.0,0.014255347129957695,0.0,0,0.0,0,1.291612853158633,,,,,,,,,,,
2848,1/16/1975,0.525,2.420,1.000,5.134,2.42,0.0,2.7140000000000004,0.0,0.0,0.0,1.291612853158633,0.0,0.0,0.03181166311646497,1.2598011900421682,0.07795957481832651,0.0,0.0,0.0,0.013627216589687463,0.0,0,0.0,0,1.2598011900421682,,,,,,,,,,,
2849,1/17/1975,0.499,0.198,1.000,5.134,0.198,0.0,4.936,0.0,0.0,0.0,1.2598011900421682,0.0,0.0,0.03051657585357379,1.2292846141885945,0.07493881820117229,0.0,0.0,0.0,0.013036735365285577,0.0,0,0.0,0,1.2292846141885945,,,,,,,,,,,
2850,1/18/1975,0.499,1.230,1.000,5.134,1.23,0.0,3.9040000000000004,0.0,0.0,0.0,1.2292846141885945,0.0,0.0,0.02929452908771206,1.1999900851008825,0.07208195632271924,0.0,0.0,0.0,0.012481065400274565,0.0,0,0.0,0,1.1999900851008825,,,,,,,,,,,
2851,1/19/1975,0.473,2.127,1.000,5.134,2.127,0.0,3.0070000000000006,0.0,0.0,0.0,1.1999900851008825,0.0,0.0,0.028140288176026897,1.1718497969248556,0.06937761485899609,0.0,0.0,0.0,0.011957625167682645,0.0,0,0.0,0,1.1718497969248556,,,,,,,,,,,
2852,1/20/1975,0.473,3.353,1.000,5.134,3.353,0.0,1.7810000000000001,0.0,0.0,0.0,1.1718497969248556,0.0,0.0,0.027049071355880097,1.1448007255689754,0.06681537671436628,0.0,0.0,0.0,0.011464062742630584,0.0,0,0.0,0,1.1448007255689754,,,,,,,,,,,
2853,1/21/1975,0.448,0.814,1.000,5.134,0.814,0.0,4.32,0.0,0.0,0.0,1.1448007255689754,0.0,0.0,0.026016504027646027,1.1187842215413293,0.06438568771436384,0.0,0.0,0.0,0.010998232082730137,0.0,0,0.0,0,1.1187842215413293,,,,,,,,,,,
2854,1/22/1975,0.448,2.273,1.000,5.134,2.273,0.0,2.861,0.0,0.0,0.0,1.1187842215413293,0.0,0.0,0.025038578293690286,1.093745643247639,0.06207977290764138,0.0,0.0,0.0,0.010558172090036646,0.0,0,0.0,0,1.093745643247639,,,,,,,,,,,
2855,1/23/1975,0.400,0.204,1.000,5.134,0.204,0.0,4.930000000000001,0.0,0.0,0.0,1.093745643247639,0.0,0.0,0.02411161707759029,1.0696340261700485,0.059889562139364395,0.0,0.0,0.0,0.010142088090634124,0.0,0,0.0,0,1.0696340261700485,,,,,,,,,,,
2856,1/24/1975,0.424,0.264,1.000,5.134,0.264,0.0,4.87,0.0,0.0,0.0,1.0696340261700485,0.0,0.0,0.02323224224353524,1.0464017839265134,0.057807623744727116,0.0,0.0,0.0,0.009748335420342168,0.0,0,0.0,0,1.0464017839265134,,,,,,,,,,,
2857,1/25/1975,0.473,0.537,1.000,5.134,0.537,0.0,4.597,0.0,0.0,0.0,1.0464017839265134,0.0,0.0,0.022397346216885706,1.0240044377096278,0.055827105369255024,0.0,0.0,0.0,0.009375404849225189,0.0,0,0.0,0,1.0240044377096278,,,,,,,,,,,
2858,1/26/1975,0.499,1.141,1.000,5.134,1.141,0.0,3.9930000000000003,0.0,0.0,0.0,1.0240044377096278,0.0,0.0,0.021604066675563416,1.0024003710340643,0.05394168105686269,0.0,0.0,0.0,0.009021909614947693,0.0,0,0.0,0,1.0024003710340643,,,,,,,,,,,
2859,1/27/1975,0.473,1.739,1.000,5.134,1.739,0.0,3.3950000000000005,0.0,0.0,0.0,1.0024003710340643,0.0,0.0,0.02084976394031478,0.9815506070937495,0.052145503861098494,0.0,0.0,0.0,0.008686573866693362,0.0,0,0.0,0,0.9815506070937495,,,,,,,,,,,
2860,1/28/1975,0.525,0.525,1.000,5.134,0.525,0.0,4.609,0.0,0.0,0.0,0.9815506070937495,0.0,0.0,0.02013200074162292,0.9614186063521266,0.050433163332801,0.0,0.0,0.0,0.008368222348286089,0.0,0,0.0,0,0.9614186063521266,,,,,,,,,,,
2861,1/29/1975,0.525,0.931,1.000,5.134,0.931,0.0,4.203,0.0,0.0,0.0,0.9614186063521266,0.0,0.0,0.01944852408351629,0.9419700822686103,0.048799647321146576,0.0,0.0,0.0,0.008065771172088345,0.0,0,0.0,0,0.9419700822686103,,,,,,,,,,,
2862,1/30/1975,0.525,0.573,1.000,5.134,0.573,0.0,4.561,0.0,0.0,0.0,0.9419700822686103,0.0,0.0,0.018797248960883053,0.9231728333077273,0.04724030759696405,0.0,0.0,0.0,0.007778219554843072,0.0,0,0.0,0,0.9231728333077273,,,,,,,,,,,
2863,1/31/1975,0.499,0.815,1.000,5.134,0.815,0.0,4.319000000000001,0.0,0.0,0.0,0.9231728333077273,0.0,0.0,0.018176243718100626,0.9049965895896266,0.045750828869050145,0.0,0.0,0.0,0.007504642403396975,0.0,0,0.0,0,0.9049965895896266,,,,,,,,,,,
2864,2/1/1975,0.580,0.150,2.000,4.866,0.15,0.0,4.715999999999999,0.0,0.0,0.0,0.9049965895896266,0.0,0.0,0.017583716863622194,0.8874128727260044,0.04432720081755679,0.0,0.0,0.0,0.007244183652634213,0.0,0,0.0,0,0.8874128727260044,,,,,,,,,,,
2865,2/2/1975,0.525,0.051,2.000,4.866,0.051,0.0,4.8149999999999995,0.0,0.0,0.0,0.8874128727260044,0.0,0.0,0.01701800517828789,0.8703948675477166,0.04296569281460956,0.0,0.0,0.0,0.0069960502703251505,0.0,0,0.0,0,0.8703948675477166,,,,,,,,,,,
2866,2/3/1975,0.525,0.303,2.000,4.866,0.303,0.0,4.563,0.0,0.0,0.0,0.8703948675477166,0.0,0.0,0.01647756297510233,0.8539173045726143,0.04166283104222426,0.0,0.0,0.0,0.006759506854260136,0.0,0,0.0,0,0.8539173045726143,,,,,,,,,,,
2867,2/4/1975,0.525,0.037,2.000,4.866,0.037,0.0,4.829,0.0,0.0,0.0,0.8539173045726143,0.0,0.0,0.015960952385506988,0.8379563521871073,0.04041537775221251,0.0,0.0,0.0,0.0065338707562488454,0.0,0,0.0,0,0.8379563521871073,,,,,,,,,,,
2868,2/5/1975,0.499,1.172,2.000,4.866,1.172,0.0,3.694,0.0,0.0,0.0,0.8379563521871073,0.0,0.0,0.015466834562167013,0.8224895176249403,0.03922031244286696,0.0,0.0,0.0,0.006318507675535974,0.0,0,0.0,0,0.8224895176249403,,,,,,,,,,,
2869,2/6/1975,0.499,0.008,2.000,4.866,0.008,0.0,4.858,0.0,0.0,0.0,0.8224895176249403,0.0,0.0,0.014993961701318054,0.8074955559236222,0.038074814753433384,0.0,0.0,0.0,0.006112827671094891,0.0,0,0.0,0,0.8074955559236222,,,,,,,,,,,
2870,2/7/1975,0.473,0.284,2.000,4.866,0.284,0.0,4.582,0.0,0.0,0.0,0.8074955559236222,0.0,0.0,0.01454116979905762,0.7929543861245646,0.036976248900251474,0.0,0.0,0.0,0.005916281548264158,0.0,0,0.0,0,0.7929543861245646,,,,,,,,,,,
2871,2/8/1975,0.499,1.378,2.000,4.866,1.378,0.0,3.4879999999999995,0.0,0.0,0.0,0.7929543861245646,0.0,0.0,0.014107372065855259,0.7788470140587094,0.03592214949844411,0.0,0.0,0.0,0.005728357580417017,0.0,0,0.0,0,0.7788470140587094,,,,,,,,,,,
2872,2/9/1975,0.607,2.020,2.000,4.866,2.02,0.0,2.8459999999999996,0.0,0.0,0.0,0.7788470140587094,0.0,0.0,0.013691552932195906,0.7651554611265134,0.03491020863054496,0.0,0.0,0.0,0.0055485785309096775,0.0,0,0.0,0,0.7651554611265134,,,,,,,,,,,
2873,2/10/1975,0.694,1.506,2.000,4.866,1.506,0.0,3.3599999999999994,0.0,0.0,0.0,0.7651554611265134,0.0,0.0,0.013292762585833172,0.7518626985406803,0.03393826403881506,0.0,0.0,0.0,0.005376498944533644,0.0,0,0.0,0,0.7518626985406803,,,,,,,,,,,
2874,2/11/1975,0.580,0.000,2.000,4.866,0.0,0.0,4.866,0.0,0.0,0.0,0.7518626985406803,0.0,0.0,0.012910111987759097,0.7389525865529213,0.03300428833149514,0.0,0.0,0.0,0.005211702681179157,0.0,0,0.0,0,0.7389525865529213,,,,,,,,,,,
2875,2/12/1975,0.552,2.302,2.000,4.866,2.302,0.0,2.5639999999999996,0.0,0.0,0.0,0.7389525865529213,0.0,0.0,0.012542768319819085,0.7264098182331022,0.03210637910511767,0.0,0.0,0.0,0.005053800667468421,0.0,0,0.0,0,0.7264098182331022,,,,,,,,,,,
2876,2/13/1975,0.473,0.002,2.000,4.866,0.002,0.0,4.864,0.0,0.0,0.0,0.7264098182331022,0.0,0.0,0.01218995082202175,0.7142198674110805,0.031242749895472616,0.0,0.0,0.0,0.004902428844796314,0.0,0,0.0,0,0.7142198674110805,,,,,,,,,,,
2877,2/14/1975,0.424,0.198,2.000,4.866,0.198,0.0,4.667999999999999,0.0,0.0,0.0,0.7142198674110805,0.0,0.0,0.011850926982104831,0.7023689404289756,0.03041172187906305,0.0,0.0,0.0,0.004757246294571771,0.0,0,0.0,0,0.7023689404289756,,,,,,,,,,,
2878,2/15/1975,0.400,0.572,2.000,4.866,0.572,0.0,4.294,0.0,0.0,0.0,0.7023689404289756,0.0,0.0,0.011525009043898918,0.6908439313850766,0.029611716255058745,0.0,0.0,0.0,0.004617933523527542,0.0,0,0.0,0,0.6908439313850766,,,,,,,,,,,
2879,2/16/1975,0.400,1.704,2.000,4.866,1.704,0.0,3.162,0.0,0.0,0.0,0.6908439313850766,0.0,0.0,0.01121155080454813,0.6796323805805284,0.028841247244991815,0.0,0.0,0.0,0.004484190893795595,0.0,0,0.0,0,0.6796323805805284,,,,,,,,,,,
2880,2/17/1975,0.400,1.221,2.000,4.866,1.221,0.0,3.6449999999999996,0.0,0.0,0.0,0.6796323805805284,0.0,0.0,0.010909944673759511,0.6687224359067689,0.028098915653853845,0.0,0.0,0.0,0.004355737184061648,0.0,0,0.0,0,0.6687224359067689,,,,,,,,,,,
2881,2/18/1975,0.376,0.191,2.000,4.866,0.191,0.0,4.675,0.0,0.0,0.0,0.6687224359067689,0.0,0.0,0.01061961897101147,0.6581028169357575,0.027383402941951462,0.0,0.0,0.0,0.004232308269541854,0.0,0,0.0,0,0.6581028169357575,,,,,,,,,,,
2882,2/19/1975,0.376,0.298,2.000,4.866,0.298,0.0,4.568,0.0,0.0,0.0,0.6581028169357575,0.0,0.0,0.01034003543909942,0.647762781496658,0.02669346576194264,0.0,0.0,0.0,0.004113655909791055,0.0,0,0.0,0,0.647762781496658,,,,,,,,,,,
2883,2/20/1975,0.353,0.141,2.000,4.866,0.141,0.0,4.725,0.0,0.0,0.0,0.647762781496658,0.0,0.0,0.010070686954572331,0.6376920945420856,0.02602793091998621,0.0,0.0,0.0,0.003999546634475496,0.0,0,0.0,0,0.6376920945420856,,,,,,,,,,,
2884,2/21/1975,0.353,2.294,2.000,4.866,2.294,0.0,2.5719999999999996,0.0,0.0,0.0,0.6376920945420856,0.0,0.0,0.009811095417549489,0.6278809991245361,0.025385690723957986,0.0,0.0,0.0,0.0038897607182405815,0.0,0,0.0,0,0.6278809991245361,,,,,,,,,,,
2885,2/22/1975,0.331,0.332,2.000,4.866,0.332,0.0,4.534,0.0,0.0,0.0,0.6278809991245361,0.0,0.0,0.009560809805131585,0.6183201893194045,0.024765698685276026,0.0,0.0,0.0,0.0037840912366919497,0.0,0,0.0,0,0.6183201893194045,,,,,,,,,,,
2886,2/23/1975,0.353,0.211,2.000,4.866,0.211,0.0,4.654999999999999,0.0,0.0,0.0,0.6183201893194045,0.0,0.0,0.009319404374158914,0.6090007849452456,0.024166965544085536,0.0,0.0,0.0,0.0036823431962984357,0.0,0,0.0,0,0.6090007849452456,,,,,,,,,,,
2887,2/24/1975,0.309,0.144,2.000,4.866,0.144,0.0,4.7219999999999995,0.0,0.0,0.0,0.6090007849452456,0.0,0.0,0.009086477000443882,0.5999143079448017,0.023588555590424564,0.0,0.0,0.0,0.003584332731730415,0.0,0,0.0,0,0.5999143079448017,,,,,,,,,,,
2888,2/25/1975,0.309,0.728,2.000,4.866,0.728,0.0,4.138,0.0,0.0,0.0,0.5999143079448017,0.0,0.0,0.008861647642834161,0.5910526603019676,0.023029583256563395,0.0,0.0,0.0,0.003489886364776217,0.0,0,0.0,0,0.5910526603019676,,,,,,,,,,,
2889,2/26/1975,0.309,3.404,2.000,4.866,3.404,0.0,1.4619999999999997,0.0,0.0,0.0,0.5910526603019676,0.0,0.0,0.008644556921563512,0.582408103380404,0.02248920995801749,0.0,0.0,0.0,0.003398840319541903,0.0,0,0.0,0,0.582408103380404,,,,,,,,,,,
2890,2/27/1975,0.473,1.184,2.000,4.866,1.184,0.0,3.6819999999999995,0.0,0.0,0.0,0.582408103380404,0.0,0.0,0.008434864801333866,0.5739732385790702,0.02196664116280542,0.0,0.0,0.0,0.0033110398891430556,0.0,0,0.0,0,0.5739732385790702,,,,,,,,,,,
2891,2/28/1975,0.499,7.279,2.000,4.866,4.866,2.4130000000000003,0.0,0,2.32355855428157,0.0,2.8975317928606406,0.0,0.0,0.12229615257611168,2.775235640284529,0.27889700932868317,0.08944144571843,0.08944144571843,0.0,0.05724208109824374,0.08944144571843,0,0.0,0,2.775235640284529,,,,,,,,,,,
2892,3/1/1975,0.580,11.382,3.000,4.631,4.631,6.7509999999999994,0.0,0,6.7509999999999994,0.08944144571843,9.526633789543933,0.0,0.08944144571843,0.8890610067336183,8.637572782810315,1.7787570100368397,0.0,0.0,0.00039814925940304455,0.4741573620110485,0.08904329645902696,0,0.0,0,8.637572782810315,,,,,,,,,,,
2893,3/2/1975,1.840,12.950,3.000,4.631,4.631,8.318999999999999,0.0,0,8.318601850740595,0.08904329645902696,16.956571010445927,0.0,0.08904329645902696,2.3241411477616003,14.632429862684326,4.303085238777892,0.0003981492594030382,0.0003981492594030382,0.0003963768950199571,1.3204257785196483,0.08904506882341005,0,0.0,0,14.632429862684326,,,,,,,,,,,
2894,3/3/1975,1.384,9.182,3.000,4.631,4.631,4.551,0.0,0,4.55060362310498,0.08904506882341005,19.18342987057402,0.0,0.08904506882341005,2.854803426939871,16.32862644363415,5.190859234854737,0.00039637689501995115,0.00039637689501995115,0.000396384784713162,1.644010494779657,0.08904506093371685,0,0.0,0,16.32862644363415,,,,,,,,,,,
2895,3/4/1975,1.194,6.194,3.000,4.631,4.631,1.5629999999999997,0.0,0,1.5626036152152865,0.08904506093371685,17.89162644359903,0.0,0.08904506093371685,2.541648455348461,15.349977988250568,4.669244483849593,0.0003963847847131608,0.0003963847847131608,0.0003963847495921342,1.4525246776100798,0.08904506096883787,0,0.0,0,15.349977988250568,,,,,,,,,,,
2896,3/5/1975,1.015,11.696,3.000,4.631,4.631,7.0649999999999995,0.0,0,7.064603615250407,0.08904506096883787,22.414977988250726,0.0,0.08904506096883787,3.700521848523842,18.714456139726884,6.571297710734339,0.0003963847495921373,0.0003963847495921373,0.00039638474974847566,2.167734989297753,0.08904506096868153,0,0.0,0,18.714456139726884,,,,,,,,,,,
2897,3/6/1975,1.884,4.021,3.000,4.631,4.021,0.0,0.6100000000000003,0.0,0.0,0.08904506096868153,18.714621182546832,0.051969346087950154,0.03707571488073138,2.739476079005099,15.975145103541733,4.999487440464905,0.0,0.0,0.00016504281994806684,1.5733215401394225,0.036910672060783314,0,0.0,0,15.975145103541733,,,,,,,,,,,
2898,3/7/1975,0.881,2.260,3.000,4.631,2.26,0.0,2.3710000000000004,0.0,0.0,0.036910672060783314,15.975145103541733,0.036910672060783314,0.0,2.1042974589601227,13.87084764458161,3.929453738524349,0.0,0.0,0.0,1.1877334377458286,0.0,0,0.0,0,13.87084764458161,,,,,,,,,,,
2899,3/8/1975,0.817,5.915,3.000,4.631,4.631,1.2839999999999998,0.0,0,1.1945585542816306,0.0,15.065406198863242,0.0,0.0,1.908390244088138,13.157015954775105,3.5932256385156554,0.08944144571836929,0.08944144571836929,0.0,1.070253047541066,0.08944144571836929,0,0.0,0,13.157015954775105,,,,,,,,,,,
2900,3/9/1975,0.817,5.193,3.000,4.631,4.631,0.5619999999999994,0.0,0,0.5619999999999387,0.08944144571836929,13.719414104034447,0.0,0.08944144571836929,1.6327701535128873,12.08664395052156,3.114358236336068,6.07117792772351e-14,6.07117792772351e-14,0.00039814925940277426,0.906331086267369,0.08904329645902723,0,0.0,0,12.08664395052156,,,,,,,,,,,
2901,3/10/1975,0.849,0.689,3.000,4.631,0.689,0.0,3.942,0.0,0.0,0.08904329645902723,12.08664395052156,0.08904329645902723,0.0,1.3219306112485565,10.764713339273005,2.564873276742125,0.0,0.0,0.0,0.7236615588894666,0.0,0,0.0,0,10.764713339273005,,,,,,,,,,,
2902,3/11/1975,0.785,3.047,3.000,4.631,3.047,0.0,1.584,0.0,0.0,0.0,10.764713339273005,0.0,0.0,1.0898579421527383,9.674855397120266,2.146879683283469,0.0,0.0,0.0,0.5890879098498442,0.0,0,0.0,0,9.674855397120266,,,,,,,,,,,
2903,3/12/1975,0.694,0.134,3.000,4.631,0.134,0.0,4.497,0.0,0.0,0.0,9.674855397120266,0.0,0.0,0.9122346881827842,8.762620708937483,1.8215864292116863,0.0,0.0,0.0,0.4873408750354521,0.0,0,0.0,0,8.762620708937483,,,,,,,,,,,
2904,3/13/1975,0.607,0.163,3.000,4.631,0.163,0.0,4.468,0.0,0.0,0.0,8.762620708937483,0.0,0.0,0.7734325890580053,7.989188119879477,1.5635559227071094,0.0,0.0,0.0,0.408725635045605,0.0,0,0.0,0,7.989188119879477,,,,,,,,,,,
2905,3/14/1975,0.636,1.755,3.000,4.631,1.755,0.0,2.8760000000000003,0.0,0.0,0.0,7.989188119879477,0.0,0.0,0.6630356150705796,7.326152504808897,1.355525464987905,0.0,0.0,0.0,0.3468527678552144,0.0,0,0.0,0,7.326152504808897,,,,,,,,,,,
2906,3/15/1975,0.785,2.449,3.000,4.631,2.449,0.0,2.1820000000000004,0.0,0.0,0.0,7.326152504808897,0.0,0.0,0.5738860959822703,6.752266408826627,1.1854372457750557,0.0,0.0,0.0,0.2973771455822553,0.0,0,0.0,0,6.752266408826627,,,,,,,,,,,
2907,3/16/1975,0.724,0.292,3.000,4.631,0.292,0.0,4.339,0.0,0.0,0.0,6.752266408826627,0.0,0.0,0.5009354032274654,6.2513310055991615,1.044658864988716,0.0,0.0,0.0,0.2572636885807389,0.0,0,0.0,0,6.2513310055991615,,,,,,,,,,,
2908,3/17/1975,0.694,0.187,3.000,4.631,0.187,0.0,4.444,0.0,0.0,0.0,6.2513310055991615,0.0,0.0,0.4405412739864667,5.810789731612695,0.926877016904643,0.0,0.0,0.0,0.2243427430160366,0.0,0,0.0,0,5.810789731612695,,,,,,,,,,,
2909,3/18/1975,0.636,0.091,3.000,4.631,0.091,0.0,4.54,0.0,0.0,0.0,5.810789731612695,0.0,0.0,0.3900237425250246,5.42076598908767,0.8273875261221323,0.0,0.0,0.0,0.19703161473633166,0.0,0,0.0,0,5.42076598908767,,,,,,,,,,,
2910,3/19/1975,0.552,0.000,3.000,4.631,0.0,0.0,4.631,0.0,0.0,0.0,5.42076598908767,0.0,0.0,0.34737632028481147,5.073389668802858,0.7426270160237826,0.0,0.0,0.0,0.1741549899518211,0.0,0,0.0,0,5.073389668802858,,,,,,,,,,,
2911,3/20/1975,0.552,0.272,3.000,4.631,0.272,0.0,4.359,0.0,0.0,0.0,5.073389668802858,0.0,0.0,0.31107335386882706,4.762316314934031,0.6698564149359962,0.0,0.0,0.0,0.15482611693342194,0.0,0,0.0,0,4.762316314934031,,,,,,,,,,,
2912,3/21/1975,0.552,0.144,3.000,4.631,0.144,0.0,4.487,0.0,0.0,0.0,4.762316314934031,0.0,0.0,0.27993863546428227,4.4823776794697485,0.6069424477406573,0.0,0.0,0.0,0.13836638457025988,0.0,0,0.0,0,4.4823776794697485,,,,,,,,,,,
2913,3/22/1975,0.552,0.027,3.000,4.631,0.027,0.0,4.604,0.0,0.0,0.0,4.4823776794697485,0.0,0.0,0.25305398997415884,4.2293236894955895,0.5522038701389308,0.0,0.0,0.0,0.12424977610022117,0.0,0,0.0,0,4.2293236894955895,,,,,,,,,,,
2914,3/23/1975,0.525,0.480,3.000,4.631,0.48,0.0,4.151,0.0,0.0,0.0,4.2293236894955895,0.0,0.0,0.22969452996820905,3.9996291595273803,0.5043013919891438,0.0,0.0,0.0,0.11206379997286942,0.0,0,0.0,0,3.9996291595273803,,,,,,,,,,,
2915,3/24/1975,0.552,0.023,3.000,4.631,0.023,0.0,4.6080000000000005,0.0,0.0,0.0,3.9996291595273803,0.0,0.0,0.20928205342983688,3.7903471060975433,0.46215764660278114,0.0,0.0,0.0,0.10148155514371744,0.0,0,0.0,0,3.7903471060975433,,,,,,,,,,,
2916,3/25/1975,0.525,0.114,3.000,4.631,0.114,0.0,4.517,0.0,0.0,0.0,3.7903471060975433,0.0,0.0,0.19135100581625028,3.598996100281293,0.42489818058043416,0.0,0.0,0.0,0.0922414575395244,0.0,0,0.0,0,3.598996100281293,,,,,,,,,,,
2917,3/26/1975,0.499,0.352,3.000,4.631,0.352,0.0,4.279,0.0,0.0,0.0,3.598996100281293,0.0,0.0,0.17552328487531554,3.4234728154059777,0.3918073808839297,0.0,0.0,0.0,0.08413232509797094,0.0,0,0.0,0,3.4234728154059777,,,,,,,,,,,
2918,3/27/1975,0.473,0.055,3.000,4.631,0.055,0.0,4.5760000000000005,0.0,0.0,0.0,3.4234728154059777,0.0,0.0,0.161489361454123,3.2619834539518546,0.3622951685281721,0.0,0.0,0.0,0.07698226743311161,0.0,0,0.0,0,3.2619834539518546,,,,,,,,,,,
2919,3/28/1975,0.473,0.127,3.000,4.631,0.127,0.0,4.5040000000000004,0.0,0.0,0.0,3.2619834539518546,0.0,0.0,0.1489939729651796,3.112989480986675,0.3358715547608478,0.0,0.0,0.0,0.07065031419526938,0.0,0,0.0,0,3.112989480986675,,,,,,,,,,,
2920,3/29/1975,0.473,0.060,3.000,4.631,0.06,0.0,4.571000000000001,0.0,0.0,0.0,3.112989480986675,0.0,0.0,0.13782516883887402,2.9751643121478013,0.31212700840519186,0.0,0.0,0.0,0.06502003993541342,0.0,0,0.0,0,2.9751643121478013,,,,,,,,,,,
2921,3/30/1975,0.473,0.000,3.000,4.631,0.0,0.0,4.631,0.0,0.0,0.0,2.9751643121478013,0.0,0.0,0.12780584156831398,2.847358470579487,0.29071716622379845,0.0,0.0,0.0,0.05999466153132117,0.0,0,0.0,0,2.847358470579487,,,,,,,,,,,
2922,3/31/1975,0.448,0.022,3.000,4.631,0.022,0.0,4.609,0.0,0.0,0.0,2.847358470579487,0.0,0.0,0.11878712063766664,2.7285713499418205,0.2713508226821294,0.0,0.0,0.0,0.05549323356145969,0.0,0,0.0,0,2.7285713499418205,,,,,,,,,,,
2923,4/1/1975,0.448,0.015,4.000,4.235,0.015,0.0,4.220000000000001,0.0,0.0,0.0,2.7285713499418205,0.0,0.0,0.11064317652831686,2.6179281734135036,0.2537804198040338,0.0,0.0,0.0,0.051447670598174816,0.0,0,0.0,0,2.6179281734135036,,,,,,,,,,,
2924,4/2/1975,0.473,0.246,4.000,4.235,0.246,0.0,3.9890000000000003,0.0,0.0,0.0,2.6179281734135036,0.0,0.0,0.10326710195761803,2.5146610714558855,0.23779446009740748,0.0,0.0,0.0,0.047800398168095545,0.0,0,0.0,0,2.5146610714558855,,,,,,,,,,,
2925,4/3/1975,0.448,0.292,4.000,4.235,0.292,0.0,3.9430000000000005,0.0,0.0,0.0,2.5146610714558855,0.0,0.0,0.09656762320093286,2.4180934482549525,0.22321141109985576,0.0,0.0,0.0,0.04450248586827382,0.0,0,0.0,0,2.4180934482549525,,,,,,,,,,,
2926,4/4/1975,0.424,0.128,4.000,4.235,0.128,0.0,4.107,0.0,0.0,0.0,2.4180934482549525,0.0,0.0,0.09046645623872095,2.327626992016232,0.2098747759716453,0.0,0.0,0.0,0.04151215332122184,0.0,0,0.0,0,2.327626992016232,,,,,,,,,,,
2927,4/5/1975,0.424,0.311,4.000,4.235,0.311,0.0,3.9240000000000004,0.0,0.0,0.0,2.327626992016232,0.0,0.0,0.08489616762848413,2.2427308243877477,0.19764908233955872,0.0,0.0,0.0,0.038793566668358724,0.0,0,0.0,0,2.2427308243877477,,,,,,,,,,,
2928,4/6/1975,0.400,0.372,4.000,4.235,0.372,0.0,3.8630000000000004,0.0,0.0,0.0,2.2427308243877477,0.0,0.0,0.0797984332677227,2.162932391120025,0.18641659926405327,0.0,0.0,0.0,0.03631586311619843,0.0,0,0.0,0,2.162932391120025,,,,,,,,,,,
2929,4/7/1975,0.400,0.298,4.000,4.235,0.298,0.0,3.9370000000000003,0.0,0.0,0.0,2.162932391120025,0.0,0.0,0.07512261294188796,2.087809778178137,0.17607463533810333,0.0,0.0,0.0,0.03405235571576833,0.0,0,0.0,0,2.087809778178137,,,,,,,,,,,
2930,4/8/1975,0.424,0.284,4.000,4.235,0.284,0.0,3.9510000000000005,0.0,0.0,0.0,2.087809778178137,0.0,0.0,0.07082457708873283,2.0169852010894043,0.166533303458935,0.0,0.0,0.0,0.0319798815047245,0.0,0,0.0,0,2.0169852010894043,,,,,,,,,,,
2931,4/9/1975,0.448,0.173,4.000,4.235,0.173,0.0,4.062,0.0,0.0,0.0,2.0169852010894043,0.0,0.0,0.0668657362187627,1.9501194648706415,0.15771366254161523,0.0,0.0,0.0,0.03007826438206346,0.0,0,0.0,0,1.9501194648706415,,,,,,,,,,,
2932,4/10/1975,0.424,0.000,4.000,4.235,0.0,0.0,4.235,0.0,0.0,0.0,1.9501194648706415,0.0,0.0,0.06321223409753114,1.8869072307731103,0.14954616537744497,0.0,0.0,0.0,0.028329870334927593,0.0,0,0.0,0,1.8869072307731103,,,,,,,,,,,
2933,4/11/1975,0.424,0.075,4.000,4.235,0.075,0.0,4.16,0.0,0.0,0.0,1.8869072307731103,0.0,0.0,0.05983427397502381,1.8270729567980866,0.14196935643912478,0.0,0.0,0.0,0.026719237411209757,0.0,0,0.0,0,1.8270729567980866,,,,,,,,,,,
2934,4/12/1975,0.400,0.094,4.000,4.235,0.094,0.0,4.141,0.0,0.0,0.0,1.8270729567980866,0.0,0.0,0.05670555346267413,1.7703674033354124,0.13492877476575896,0.0,0.0,0.0,0.0252327665039289,0.0,0,0.0,0,1.7703674033354124,,,,,,,,,,,
2935,4/13/1975,0.424,0.953,4.000,4.235,0.953,0.0,3.2820000000000005,0.0,0.0,0.0,1.7703674033354124,0.0,0.0,0.05380278856600098,1.7165646147694114,0.12837602591074804,0.0,0.0,0.0,0.02385846185649428,0.0,0,0.0,0,1.7165646147694114,,,,,,,,,,,
2936,4/14/1975,0.448,0.226,4.000,4.235,0.226,0.0,4.009,0.0,0.0,0.0,1.7165646147694114,0.0,0.0,0.05110531121769543,1.665459303551716,0.122267993889068,0.0,0.0,0.0,0.022585712412887034,0.0,0,0.0,0,1.665459303551716,,,,,,,,,,,
2937,4/15/1975,0.448,0.985,4.000,4.235,0.985,0.0,3.2500000000000004,0.0,0.0,0.0,1.665459303551716,0.0,0.0,0.04859472767328835,1.6168645758784277,0.11656616955485323,0.0,0.0,0.0,0.021405106872493307,0.0,0,0.0,0,1.6168645758784277,,,,,,,,,,,
2938,4/16/1975,0.424,0.000,4.000,4.235,0.0,0.0,4.235,0.0,0.0,0.0,1.6168645758784277,0.0,0.0,0.04625462751755349,1.5706099483608742,0.1112360762052687,0.0,0.0,0.0,0.02030827667717218,0.0,0,0.0,0,1.5706099483608742,,,,,,,,,,,
2939,4/17/1975,0.448,0.772,4.000,4.235,0.772,0.0,3.463,0.0,0.0,0.0,1.5706099483608742,0.0,0.0,0.044070334926629665,1.5265396134342446,0.1062467766924456,0.0,0.0,0.0,0.019287762241894227,0.0,0,0.0,0,1.5265396134342446,,,,,,,,,,,
2940,4/18/1975,0.400,0.737,4.000,4.235,0.737,0.0,3.498,0.0,0.0,0.0,1.5265396134342446,0.0,0.0,0.042028695346422215,1.4845109180878224,0.10157044912263113,0.0,0.0,0.0,0.018336898603361056,0.0,0,0.0,0,1.4845109180878224,,,,,,,,,,,
2941,4/19/1975,0.400,0.495,4.000,4.235,0.495,0.0,3.74,0.0,0.0,0.0,1.4845109180878224,0.0,0.0,0.040117891964664365,1.4443930261231581,0.0971820204772323,0.0,0.0,0.0,0.017449717351723834,0.0,0,0.0,0,1.4443930261231581,,,,,,,,,,,
2942,4/20/1975,0.636,1.308,4.000,4.235,1.308,0.0,2.9270000000000005,0.0,0.0,0.0,1.4443930261231581,0.0,0.0,0.038327287335508047,1.40606573878765,0.09305884931729289,0.0,0.0,0.0,0.016620862265883957,0.0,0,0.0,0,1.40606573878765,,,,,,,,,,,
2943,4/21/1975,0.499,0.105,4.000,4.235,0.105,0.0,4.13,0.0,0.0,0.0,1.40606573878765,0.0,0.0,0.03664728631069874,1.3694184524769513,0.08918045021901232,0.0,0.0,0.0,0.015845516521411116,0.0,0,0.0,0,1.3694184524769513,,,,,,,,,,,
2944,4/22/1975,0.448,4.617,4.000,4.235,4.235,0.3819999999999997,0.0,0,0.2925934509110942,0.0,1.6620119033880454,0.0,0.0,0.048427196454317874,1.6135847069337275,0.11618508444484658,0.0894065490889055,0.0894065490889055,0.0,0.021326465591945606,0.0894065490889055,0,0.0,0,1.6135847069337275,,,,,,,,,,,
2945,4/23/1975,0.499,6.650,4.000,4.235,4.235,2.415,0.0,0,2.4149651033704753,0.0894065490889055,4.028947804221,0.0,0.0894065490889055,0.2118451438243664,3.817102660396633,0.46746483637714387,3.489662952450717e-05,3.489662952450717e-05,0.0003979939167977317,0.10280671794712991,0.08904345180163227,0,0.0,0,3.817102660396633,,,,,,,,,,,
2946,4/24/1975,0.694,11.129,4.000,4.235,4.235,6.893999999999999,0.0,0,6.893602006083202,0.08904345180163227,10.711101044066364,0.0,0.08904345180163227,1.0808264690716118,9.630274574994752,2.1304598529591128,0.00039799391679773026,0.00039799391679773026,0.0003963775865287175,0.5838864413218188,0.08904506813190129,0,0.0,0,9.630274574994752,,,,,,,,,,,
2947,4/25/1975,1.121,5.455,4.000,4.235,4.235,1.2199999999999998,0.0,0,1.2196036224134716,0.08904506813190129,10.850274582189858,0.0,0.08904506813190129,1.1043337017323784,9.745940880457479,2.173172264096963,0.0003963775865281598,0.0003963775865281598,0.0003963847816349056,0.597430798246334,0.08904506093679454,0,0.0,0,9.745940880457479,,,,,,,,,,,
2948,4/26/1975,0.881,5.550,4.000,4.235,4.235,1.3149999999999995,0.0,0,1.314603615218364,0.08904506093679454,11.060940880425449,0.0,0.08904506093679454,1.1403002770921487,9.9206406033333,2.2383661855838977,0.00039638478163540007,0.00039638478163540007,0.00039638474960583455,0.6181905772387207,0.0890450609688241,0,0.0,0,9.9206406033333,,,,,,,,,,,
2949,4/27/1975,1.050,6.270,4.000,4.235,4.235,2.0349999999999993,0.0,0,2.0346036152503935,0.0890450609688241,11.955640603333443,0.0,0.0890450609688241,1.298137005167467,10.657503598165976,2.522346726441807,0.0003963847496059067,0.0003963847496059067,0.00039638474974841435,0.7097874756085792,0.08904506096868159,0,0.0,0,10.657503598165976,,,,,,,,,,,
2950,4/28/1975,2.347,10.097,4.000,4.235,4.235,5.861999999999999,0.0,0,5.86160361525025,0.08904506096868159,16.519503598165976,0.0,0.08904506096868159,2.2251575503481,14.294346047817875,4.135318837103271,0.0003963847497484131,0.0003963847497484131,0.00039638474974778,1.2605745027914743,0.08904506096868223,0,0.0,0,14.294346047817875,,,,,,,,,,,
2951,4/29/1975,2.111,5.572,4.000,4.235,4.235,1.3369999999999997,0.0,0,1.336603615250252,0.08904506096868223,15.631346047817875,0.0,0.08904506096868223,2.0293630136710537,13.601983034146821,3.8012275500950152,0.00039638474974773845,0.00039638474974773845,0.0003963847497477828,1.1427083688516342,0.08904506096868219,0,0.0,0,13.601983034146821,,,,,,,,,,,
2952,4/30/1975,1.307,3.264,4.000,4.235,3.264,0.0,0.9710000000000005,0.0,0.0,0.08904506096868219,13.602011168054215,0.08272497549409835,0.006320085474583834,1.609549447200674,11.992461720853541,3.073675300971891,0.0,0.0,2.8133907394466284e-05,0.8925998706868098,0.006291951567189367,0,0.0,0,11.992461720853541,,,,,,,,,,,
2953,5/1/1975,1.050,2.837,5.000,3.714,2.837,0.0,0.8769999999999998,0.0,0.0,0.006291951567189367,11.992465243034522,0.005500718250857915,0.000791233316331452,1.3048078439496715,10.68765739908485,2.534276763459156,0.0,0.0,3.5221809797677355e-06,0.713675575763617,0.0007877111353516844,0,0.0,0,10.68765739908485,,,,,,,,,,,
2954,5/2/1975,0.817,1.547,5.000,3.714,1.547,0.0,2.167,0.0,0.0,0.0007877111353516844,10.68765739908485,0.0007877111353516844,0.0,1.0768866280456026,9.610770771039247,2.1232931205572636,0.0,0.0,0.0,0.5816182751662389,0.0,0,0.0,0,9.610770771039247,,,,,,,,,,,
2955,5/3/1975,0.817,2.090,5.000,3.714,2.09,0.0,1.624,0.0,0.0,0.0,9.610770771039247,0.0,0.0,0.9021861233910733,8.708584647648173,1.803026493901385,0.0,0.0,0.0,0.48162150459834263,0.0,0,0.0,0,8.708584647648173,,,,,,,,,,,
2956,5/4/1975,0.785,4.957,5.000,3.714,3.714,1.2429999999999999,0.0,0,1.1535585542817217,0.0,9.862143201929895,0.0,0.0,0.9418562383207849,8.92028696360911,1.8761953560308113,0.08944144571827814,0.08944144571827814,0.0,0.504224629823219,0.08944144571827814,0,0.0,0,8.92028696360911,,,,,,,,,,,
2957,5/5/1975,0.754,3.274,5.000,3.714,3.274,0.0,0.43999999999999995,0.0,0.0,0.08944144571827814,8.920517533180861,0.037645604462421114,0.051795841255857025,0.7967997637186983,8.123717769462163,1.6072554894691773,0.0,0.0,0.00023056957175198855,0.42189967516342775,0.05156527168410504,0,0.0,0,8.123717769462163,,,,,,,,,,,
2958,5/6/1975,0.724,1.036,5.000,3.714,1.036,0.0,2.678,0.0,0.0,0.05156527168410504,8.123717769462163,0.05156527168410504,0.0,0.6817479220682593,7.441969847393903,1.3909787422370996,0.0,0.0,0.0,0.3572954270791681,0.0,0,0.0,0,7.441969847393903,,,,,,,,,,,
2959,5/7/1975,0.694,5.917,5.000,3.714,3.714,2.203,0.0,0,2.11355855428157,0.0,9.555528401675472,0.0,0.0,0.8935598039533048,8.661968597722167,1.7870791561496382,0.08944144571843,0.08944144571843,0.0,0.4767149785440923,0.08944144571843,0,0.0,0,8.661968597722167,,,,,,,,,,,
2960,5/8/1975,0.849,0.694,5.000,3.714,0.694,0.0,3.02,0.0,0.0,0.08944144571843,8.661968597722167,0.08944144571843,0.0,0.7586825925837647,7.903286005138402,1.5359140125411626,0.0,0.0,0.0,0.40042324732862106,0.0,0,0.0,0,7.903286005138402,,,,,,,,,,,
2961,5/9/1975,0.754,0.123,5.000,3.714,0.123,0.0,3.591,0.0,0.0,0.0,7.903286005138402,0.0,0.0,0.6511963269013932,7.2520896782370095,1.3330513874520238,0.0,0.0,0.0,0.34025566657766054,0.0,0,0.0,0,7.2520896782370095,,,,,,,,,,,
2962,5/10/1975,0.665,0.354,5.000,3.714,0.354,0.0,3.36,0.0,0.0,0.0,7.2520896782370095,0.0,0.0,0.5642493331251921,6.687840345111818,1.1669272484067201,0.0,0.0,0.0,0.29205792881415565,0.0,0,0.0,0,6.687840345111818,,,,,,,,,,,
2963,5/11/1975,0.636,0.129,5.000,3.714,0.129,0.0,3.585,0.0,0.0,0.0,6.687840345111818,0.0,0.0,0.4929947254924511,6.194845619619366,1.0292398894169412,0.0,0.0,0.0,0.2529195612044974,0.0,0,0.0,0,6.194845619619366,,,,,,,,,,,
2964,5/12/1975,0.607,0.932,5.000,3.714,0.932,0.0,2.782,0.0,0.0,0.0,6.194845619619366,0.0,0.0,0.43392691736765526,5.760918702251711,0.9139032915512081,0.0,0.0,0.0,0.22075457035849497,0.0,0,0.0,0,5.760918702251711,,,,,,,,,,,
2965,5/13/1975,0.580,14.977,5.000,3.714,3.714,11.263,0.0,0,11.17355855428157,0.0,16.93447725653328,0.0,0.0,2.3190962306213887,14.615381025911892,4.29455231766783,0.08944144571843,0.08944144571843,0.0,1.3173712063499516,0.08944144571843,0,0.0,0,14.615381025911892,,,,,,,,,,,
2966,5/14/1975,0.849,2.005,5.000,3.714,2.005,0.0,1.709,0.0,0.0,0.08944144571843,14.615381025911892,0.08944144571843,0.0,1.8143288847697319,12.801052141142161,3.4306054434888904,0.0,0.0,0.0,1.014123632406932,0.0,0,0.0,0,12.801052141142161,,,,,,,,,,,
2967,5/15/1975,1.086,0.986,5.000,3.714,0.986,0.0,2.7279999999999998,0.0,0.0,0.0,12.801052141142161,0.0,0.0,1.4547059739670822,11.34634616717508,2.8009214981512325,0.0,0.0,0.0,0.8013775364079361,0.0,0,0.0,0,11.34634616717508,,,,,,,,,,,
2968,5/16/1975,0.914,0.749,5.000,3.714,0.749,0.0,2.965,0.0,0.0,0.0,11.34634616717508,0.0,0.0,1.1897594428158111,10.156586724359268,2.3277161917367004,0.0,0.0,0.0,0.6468084234344201,0.0,0,0.0,0,10.156586724359268,,,,,,,,,,,
2969,5/17/1975,2.065,8.912,5.000,3.714,3.714,5.198,0.0,0,5.10855855428157,0.0,15.265145278640839,0.0,0.0,1.9507458028807916,13.314399475760048,3.666195562233534,0.08944144571843,0.08944144571843,0.0,1.095588019972096,0.08944144571843,0,0.0,0,13.314399475760048,,,,,,,,,,,
2970,5/18/1975,3.675,11.732,5.000,3.714,3.714,8.017999999999999,0.0,0,8.017999999999999,0.08944144571843,21.332797625019452,0.0,0.08944144571843,3.4075753440473364,17.925222280972115,6.097405176327915,0.0,0.0,0.00039814925940304455,1.9853262022399796,0.08904329645902696,0,0.0,0,17.925222280972115,,,,,,,,,,,
2971,5/19/1975,1.626,2.428,5.000,3.714,2.428,0.0,1.286,0.0,0.0,0.08904329645902696,17.925222280972115,0.08904329645902696,0.0,2.5496076947655704,15.375614586206545,4.682581056268419,0.0,0.0,0.0,1.4573730972392953,0.0,0,0.0,0,15.375614586206545,,,,,,,,,,,
2972,5/20/1975,1.231,4.859,5.000,3.714,3.714,1.145,0.0,0,1.0555585542829289,0.0,16.431173140489474,0.0,0.0,2.2053629021244303,14.225810238365042,4.101680056437229,0.08944144571707113,0.08944144571707113,0.0,1.2486262622691437,0.08944144571707113,0,0.0,0,14.225810238365042,,,,,,,,,,,
2973,5/21/1975,1.050,2.157,5.000,3.714,2.157,0.0,1.557,0.0,0.0,0.08944144571707113,14.225810238365042,0.08944144571707113,0.0,1.734446054748984,12.491364183616058,3.2918559470106756,0.0,0.0,0.0,0.9666047910970651,0.0,0,0.0,0,12.491364183616058,,,,,,,,,,,
2974,5/22/1975,2.019,5.390,5.000,3.714,3.714,1.6759999999999997,0.0,0,1.5865585542815697,0.0,14.077922737897628,0.0,0.0,1.7044989593642985,12.37342377853333,3.2396829734099084,0.08944144571842999,0.08944144571842999,0.0,0.9488272932351601,0.08944144571842999,0,0.0,0,12.37342377853333,,,,,,,,,,,
2975,5/23/1975,2.902,19.296,5.000,3.714,3.714,15.581999999999999,0.0,0,15.581999999999999,0.08944144571842999,27.955821927792734,0.0,0.08944144571842999,5.347525784224443,22.60829614356829,9.166699851774357,9.929995239236212e-18,9.929995239236212e-18,0.0003981492594030445,3.2093488679180093,0.08904329645902696,0,0.0,0,22.60829614356829,,,,,,,,,,,
2976,5/24/1975,3.675,12.987,5.000,3.714,3.714,9.273,0.0,0,9.272601850740596,0.08904329645902696,31.881294371203904,0.0,0.08904329645902696,6.656700544509634,25.22459382669427,11.162293271978212,0.0003981492594030382,0.0003981492594030382,0.0003963768950199571,4.053041845837766,0.08904506882341005,0,0.0,0,25.22459382669427,,,,,,,,,,,
2977,5/25/1975,3.116,11.462,5.000,3.714,3.714,7.747999999999999,0.0,0,7.747603623104979,0.08904506882341005,32.97259383458397,0.0,0.08904506882341005,7.040783112651159,25.93181072193281,11.738379710985278,0.00039637689501995115,0.00039637689501995115,0.000396384784713162,4.302749475822715,0.08904506093371685,0,0.0,0,25.93181072193281,,,,,,,,,,,
2978,5/26/1975,2.251,5.086,5.000,3.714,3.714,1.3720000000000003,0.0,0,1.3716036152152873,0.08904506093371685,27.30381072189769,0.0,0.08904506093371685,5.1412795566600415,22.16253116523765,8.847345132498692,0.0003963847847131422,0.0003963847847131422,0.0003963847495921342,3.0775936676491704,0.08904506096883785,0,0.0,0,22.16253116523765,,,,,,,,,,,
2979,5/27/1975,1.840,4.752,5.000,3.714,3.714,1.0379999999999998,0.0,0,1.0376036152504406,0.08904506096883785,23.200531165237837,0.0,0.08904506096883785,3.9191840421988378,19.281347123038998,6.922341397660722,0.00039638474955913596,0.00039638474955913596,0.0003963847497484756,2.3045145512581513,0.08904506096864852,0,0.0,0,19.281347123038998,,,,,,,,,,,
2980,5/28/1975,1.626,4.228,5.000,3.714,3.714,0.5139999999999998,0.0,0,0.5136036193005789,0.08904506096864852,19.795347127089325,0.0,0.08904506096864852,3.0081834291070244,16.7871636979823,5.444129750010563,0.0003963806994209563,0.0003963806994209563,0.00039638474974763274,1.7383139287331797,0.08904505691832183,0,0.0,0,16.7871636979823,,,,,,,,,,,
2981,5/29/1975,1.194,1.452,5.000,3.714,1.452,0.0,2.262,0.0,0.0,0.08904505691832183,16.7871636979823,0.08904505691832183,0.0,2.2855706677819017,14.5015930302004,4.237799725885525,0.0,0.0,0.0,1.297083459044045,0.0,0,0.0,0,14.5015930302004,,,,,,,,,,,
2982,5/30/1975,1.086,2.692,5.000,3.714,2.692,0.0,1.0219999999999998,0.0,0.0,0.0,14.5015930302004,0.0,0.0,1.7908476160248168,12.710745414175584,3.389882980766947,0.0,0.0,0.0,1.0001410743403594,0.0,0,0.0,0,12.710745414175584,,,,,,,,,,,
2983,5/31/1975,1.086,6.311,5.000,3.714,3.714,2.597,0.0,0,2.50755855428157,0.0,15.218303968457153,0.0,0.0,1.94077952639745,13.277524442059704,3.64903980480595,0.08944144571843,0.08944144571843,0.0,1.0896234065852408,0.08944144571843,0,0.0,0,13.277524442059704,,,,,,,,,,,
2984,6/1/1975,3.447,15.705,6.000,3.269,3.269,12.436,0.0,0,12.436,0.08944144571843,25.713922591319108,0.0,0.08944144571843,4.65207097324347,21.061851618075636,8.083783854505379,0.0,0.0,0.00039814925940304455,2.7664894320557383,0.08904329645902696,0,0.0,0,21.061851618075636,,,,,,,,,,,
2985,6/2/1975,11.488,14.442,6.000,3.269,3.269,11.173,0.0,0,11.172601850740596,0.08904329645902696,32.23484984571125,0.0,0.08904329645902696,6.780189999170495,25.454659846540757,11.34794771039462,0.0003981492594030382,0.0003981492594030382,0.0003963768950199571,4.133226508037799,0.08904506882341005,0,0.0,0,25.454659846540757,,,,,,,,,,,
2986,6/3/1975,5.432,6.692,6.000,3.269,3.269,3.423,0.0,0,3.42260362310498,0.08904506882341005,28.87765985443045,0.0,0.08904506882341005,5.644633807281154,23.2330260471493,9.624235614707331,0.00039637689501995115,0.00039637689501995115,0.000396384784713162,3.3997344693282243,0.08904506093371685,0,0.0,0,23.2330260471493,,,,,,,,,,,
2987,6/4/1975,3.225,7.283,6.000,3.269,3.269,4.014,0.0,0,4.013603615215287,0.08904506093371685,27.24702604711418,0.0,0.08904506093371685,5.123471087001416,22.123554960112763,8.819701177392473,0.0003963847847131611,0.0003963847847131611,0.0003963847495921342,3.0662332837399755,0.08904506096883787,0,0.0,0,22.123554960112763,,,,,,,,,,,
2988,6/5/1975,5.165,4.951,6.000,3.269,3.269,1.6819999999999995,0.0,0,1.6816036152504075,0.08904506096883787,23.805554960112918,0.0,0.08904506096883787,4.091001405145366,19.71455355496755,7.196660229574159,0.0003963847495921373,0.0003963847495921373,0.00039638474974847566,2.41234572467193,0.08904506096868153,0,0.0,0,19.71455355496755,,,,,,,,,,,
2989,6/6/1975,2.157,1.463,6.000,3.269,1.463,0.0,1.806,0.0,0.0,0.08904506096868153,19.71455355496755,0.08904506096868153,0.0,2.9877484013417384,16.72680515362581,5.410466073659492,0.0,0.0,0.0,1.7257311157077422,0.0,0,0.0,0,16.72680515362581,,,,,,,,,,,
2990,6/7/1975,1.585,4.973,6.000,3.269,3.269,1.7039999999999997,0.0,0,1.6145585542815697,0.0,18.34136370790738,0.0,0.0,2.649019466642882,15.692344241264498,4.848800506297285,0.08944144571842999,0.08944144571842999,0.0,1.5180133813576753,0.08944144571842999,0,0.0,0,15.692344241264498,,,,,,,,,,,
2991,6/8/1975,1.231,3.695,6.000,3.269,3.269,0.4259999999999997,0.0,0,0.4259999999999997,0.08944144571842999,16.118742390523902,0.0,0.08944144571842999,2.1359169829294795,13.982825407594422,3.983423633090478,9.929270881518668e-18,9.929270881518668e-18,0.0003981492594030445,1.2067642237175678,0.08904329645902696,0,0.0,0,13.982825407594422,,,,,,,,,,,
2992,6/9/1975,0.981,0.441,6.000,3.269,0.441,0.0,2.8280000000000003,0.0,0.0,0.08904329645902696,13.982825407594422,0.08904329645902696,0.0,1.6853521901940505,12.297473217400372,3.206279960044808,0.0,0.0,0.0,0.9374719379071039,0.0,0,0.0,0,12.297473217400372,,,,,,,,,,,
2993,6/10/1975,0.914,2.425,6.000,3.269,2.425,0.0,0.8440000000000003,0.0,0.0,0.0,12.297473217400372,0.0,0.0,1.3605847129027169,10.936888504497654,2.6338103802479025,0.0,0.0,0.0,0.7462357489313199,0.0,0,0.0,0,10.936888504497654,,,,,,,,,,,
2994,6/11/1975,0.849,2.443,6.000,3.269,2.443,0.0,0.8260000000000001,0.0,0.0,0.0,10.936888504497654,0.0,0.0,1.1190652741621614,9.817823230335492,2.1998977974767207,0.0,0.0,0.0,0.605928511220414,0.0,0,0.0,0,9.817823230335492,,,,,,,,,,,
2995,6/12/1975,0.849,2.451,6.000,3.269,2.451,0.0,0.8180000000000001,0.0,0.0,0.0,9.817823230335492,0.0,0.0,0.9348123873642995,8.883010842971192,1.8632233929660662,0.0,0.0,0.0,0.5002065517656737,0.0,0,0.0,0,8.883010842971192,,,,,,,,,,,
2996,6/13/1975,0.881,2.653,6.000,3.269,2.653,0.0,0.6160000000000001,0.0,0.0,0.0,8.883010842971192,0.0,0.0,0.7912239628565274,8.091786880114665,1.5968380616423503,0.0,0.0,0.0,0.41875378954521436,0.0,0,0.0,0,8.091786880114665,,,,,,,,,,,
2997,6/14/1975,0.849,4.965,6.000,3.269,3.269,1.6959999999999997,0.0,0,1.6065585542815697,0.0,9.698345434396234,0.0,0.0,0.9159291042130592,8.782416330183175,1.828405622854874,0.08944144571842999,0.08944144571842999,0.0,0.48944468128560376,0.08944144571842999,0,0.0,0,8.782416330183175,,,,,,,,,,,
2998,6/15/1975,0.849,2.161,6.000,3.269,2.161,0.0,1.108,0.0,0.0,0.08944144571842999,8.782416330183175,0.08944144571842999,0.0,0.7763468817830249,8.00606944840015,1.5690120765545368,0.0,0.0,0.0,0.41036725359158216,0.0,0,0.0,0,8.00606944840015,,,,,,,,,,,
2999,6/16/1975,0.881,2.308,6.000,3.269,2.308,0.0,0.9610000000000003,0.0,0.0,0.0,8.00606944840015,0.0,0.0,0.665372273825893,7.340697174574256,1.3599571103102375,0.0,0.0,0.0,0.3481557239822439,0.0,0,0.0,0,7.340697174574256,,,,,,,,,,,
3000,6/17/1975,1.194,10.445,6.000,3.269,3.269,7.176,0.0,0,7.08655855428157,0.0,14.427255728855826,0.0,0.0,1.775573527052385,12.65168220180344,3.36336613314519,0.08944144571843,0.08944144571843,0.0,0.9910521678648847,0.08944144571843,0,0.0,0,12.65168220180344,,,,,,,,,,,
3001,6/18/1975,8.236,17.360,6.000,3.269,3.269,14.091,0.0,0,14.091,0.08944144571843,26.743080351062844,0.0,0.08944144571843,4.966512050036202,21.776568301026643,8.575569004463528,0.0,0.0,0.00039814925940304455,2.966219252624751,0.08904329645902696,0,0.0,0,21.776568301026643,,,,,,,,,,,
3002,6/19/1975,11.216,11.275,6.000,3.269,3.269,8.006,0.0,0,8.005601850740597,0.08904329645902696,29.782566528662258,0.0,0.08904329645902696,5.9425016710552745,23.840064857606983,10.08009767206679,0.0003981492594030382,0.0003981492594030382,0.0003963768950199571,3.591270311346742,0.08904506882341005,0,0.0,0,23.840064857606983,,,,,,,,,,,
3003,6/20/1975,3.116,3.058,6.000,3.269,3.058,0.0,0.2110000000000003,0.0,0.0,0.08904506882341005,23.840381220832178,0.017976283523620202,0.07106878529978986,4.100981131022356,19.739400089809823,7.212553776031568,0.0,0.0,0.00031636322519722795,2.418618204244036,0.07075242207459263,0,0.0,0,19.739400089809823,,,,,,,,,,,
3004,6/21/1975,2.594,5.195,6.000,3.269,3.269,1.9260000000000002,0.0,0,1.9073109763561629,0.07075242207459263,21.647026021097936,0.0,0.07075242207459263,3.4916404024581236,18.155385618639812,6.233831646039283,0.018689023643837368,0.018689023643837368,0.00031495493195238077,2.0375691291283125,0.08912649078647762,0,0.0,0,18.155385618639812,,,,,,,,,,,
3005,6/22/1975,1.585,8.024,6.000,3.269,3.269,4.754999999999999,0.0,0,4.7546850450680465,0.08912649078647762,22.910467410943046,0.0,0.08912649078647762,3.8378591100547945,19.072608300888252,6.79203918497792,0.0003149549319523869,0.0003149549319523869,0.00039674723518602834,2.2535832381708167,0.08904469848324398,0,0.0,0,19.072608300888252,,,,,,,,,,,
3006,6/23/1975,2.544,11.198,6.000,3.269,3.269,7.929,0.0,0,7.928603252764814,0.08904469848324398,27.001607936789206,0.0,0.08904469848324398,5.046789101873342,21.954818834915862,8.700540609263097,0.0003967472351860224,0.0003967472351860224,0.00039638313614116425,3.01734607538305,0.08904506258228884,0,0.0,0,21.954818834915862,,,,,,,,,,,
3007,6/24/1975,3.675,2.490,6.000,3.269,2.49,0.0,0.7789999999999999,0.0,0.0,0.08904506258228884,21.95491978464585,0.0663674119737012,0.022677650608587632,3.574803731931048,18.3801160527148,6.368445257495888,0.0,0.0,0.0001009497299857449,2.089333185003177,0.022576700878601887,0,0.0,0,18.3801160527148,,,,,,,,,,,
3008,6/25/1975,2.299,1.433,6.000,3.269,1.433,0.0,1.836,0.0,0.0,0.022576700878601887,18.3801160527148,0.022576700878601887,0.0,2.6583542866336383,15.721761766081162,4.8643752359256185,0.0,0.0,0.0,1.523715320605361,0.0,0,0.0,0,15.721761766081162,,,,,,,,,,,
3009,6/26/1975,1.626,1.786,6.000,3.269,1.786,0.0,1.483,0.0,0.0,0.0,15.721761766081162,0.0,0.0,2.0489646381199957,13.672797127961166,3.834814019418412,0.0,0.0,0.0,1.1544757874720064,0.0,0,0.0,0,13.672797127961166,,,,,,,,,,,
3010,6/27/1975,1.384,3.116,6.000,3.269,3.116,0.0,0.15300000000000002,0.0,0.0,0.0,13.672797127961166,0.0,0.0,1.6235340247838632,12.049263103177303,3.09818307855633,0.0,0.0,0.0,0.9008678910412953,0.0,0,0.0,0,12.049263103177303,,,,,,,,,,,
3011,6/28/1975,1.626,5.848,6.000,3.269,3.269,2.5789999999999997,0.0,0,2.4895585542815697,0.0,14.538821657458872,0.0,0.0,1.7985166395387013,12.740305017920171,3.4031886627441272,0.08944144571843,0.08944144571843,0.0,1.0047064834107302,0.08944144571843,0,0.0,0,12.740305017920171,,,,,,,,,,,
3012,6/29/1975,2.065,4.031,6.000,3.269,3.269,0.7619999999999996,0.0,0,0.7619999999999996,0.08944144571843,13.502703167179575,0.0,0.08944144571843,1.590011671904596,11.912691495274979,3.0394016610396144,0.0,0.0,0.00039814925940304455,0.8810565870754147,0.08904329645902696,0,0.0,0,11.912691495274979,,,,,,,,,,,
3013,6/30/1975,1.345,1.385,6.000,3.269,1.385,0.0,1.8840000000000001,0.0,0.0,0.08904329645902696,11.912691495274979,0.08904329645902696,0.0,1.2903739976103146,10.622317497664664,2.5084563729500893,0.0,0.0,0.0,0.7052644599433374,0.0,0,0.0,0,10.622317497664664,,,,,,,,,,,
3014,7/1/1975,1.769,3.264,7.000,3.463,3.264,0.0,0.1990000000000003,0.0,0.0,0.0,10.622317497664664,0.0,0.0,1.065936274366685,9.55638122329798,2.1033616597023905,0.0,0.0,0.0,0.575317030784808,0.0,0,0.0,0,9.55638122329798,,,,,,,,,,,
3015,7/2/1975,3.471,23.027,7.000,3.463,3.463,19.564,0.0,0,19.474558554281572,0.0,29.03093977757955,0.0,0.0,5.694657421600166,23.336282355979385,9.700987757917769,0.08944144571843,0.08944144571843,0.0,3.431855276361816,0.08944144571843,0,0.0,0,23.336282355979385,,,,,,,,,,,
3016,7/3/1975,20.033,28.629,7.000,3.463,3.463,25.166,0.0,0,25.166,0.08944144571843,48.50268050523879,0.0,0.08944144571843,13.396006387023368,35.10667411821542,20.81642004795191,0.0,0.0,0.00039814925940304455,8.540476092982619,0.08904329645902696,0,0.0,0,35.10667411821542,,,,,,,,,,,
3017,7/4/1975,17.801,8.163,7.000,3.463,3.463,4.7,0.0,0,4.699601850740597,0.08904329645902696,39.80667234585104,0.0,0.08904329645902696,9.637378186173116,30.169294159677925,15.540421254325572,0.0003981492594030382,0.0003981492594030382,0.0003963768950199571,6.01250003667802,0.08904506882341005,0,0.0,0,30.169294159677925,,,,,,,,,,,
3018,7/5/1975,8.510,9.250,7.000,3.463,3.463,5.787,0.0,0,5.7866036231049796,0.08904506882341005,35.95629416756762,0.0,0.08904506882341005,8.134371188818726,27.821922978748894,13.358177132940279,0.00039637689501995115,0.00039637689501995115,0.000396384784713162,5.018511997240995,0.08904506093371685,0,0.0,0,27.821922978748894,,,,,,,,,,,
3019,7/6/1975,17.359,13.158,7.000,3.463,3.463,9.695,0.0,0,9.694603615215287,0.08904506093371685,37.51692297871377,0.0,0.08904506093371685,8.731277628814036,28.785645349899738,14.23055213250468,0.0003963847847131611,0.0003963847847131611,0.0003963847495921342,5.411932764464944,0.08904506096883787,0,0.0,0,28.785645349899738,,,,,,,,,,,
3020,7/7/1975,15.167,3.186,7.000,3.463,3.186,0.0,0.27700000000000014,0.0,0.0,0.08904506096883787,28.785936682658413,0.02359919486292845,0.06544586610590941,5.614784010981424,23.17115267167699,9.578398326596618,0.0,0.0,0.0002913327586753149,3.3805764413779777,0.0651545333472341,0,0.0,0,23.17115267167699,,,,,,,,,,,
3021,7/8/1975,3.730,8.269,7.000,3.463,3.463,4.806,0.0,0,4.7817130876288045,0.0651545333472341,27.953155795194533,0.0,0.0651545333472341,5.3466758265296725,22.60647996866486,9.165386746271302,0.024286912371195898,0.024286912371195898,0.000290035888737953,3.208805198409905,0.08915140982969205,0,0.0,0,22.60647996866486,,,,,,,,,,,
3022,7/9/1975,7.030,16.727,7.000,3.463,3.463,13.264,0.0,0,13.26370996411126,0.08915140982969205,35.87058679093861,0.0,0.08915140982969205,8.102080990275143,27.76850580066347,13.310758399592817,0.0002900358887379494,0.0002900358887379494,0.00039685816249183345,4.997282446769619,0.08904458755593816,0,0.0,0,27.76850580066347,,,,,,,,,,,
3023,7/10/1975,19.173,31.840,7.000,3.463,3.463,28.377,0.0,0,28.376603141837506,0.08904458755593816,56.145505325143326,0.0,0.08904458755593816,17.095852804845524,39.0496525202978,25.809820174040002,0.000396858162491843,0.000396858162491843,0.0003963826423474392,11.07558786735329,0.08904506307608256,0,0.0,0,39.0496525202978,,,,,,,,,,,
3024,7/11/1975,21.129,20.334,7.000,3.463,3.463,16.871,0.0,0,16.870603617357652,0.08904506307608256,55.92065252241458,0.0,0.08904506307608256,16.981895432540707,38.938757089873874,25.658529703142964,0.00039638264234743975,0.00039638264234743975,0.00039638475912889105,10.996919726479625,0.08904506095930112,0,0.0,0,38.938757089873874,,,,,,,,,,,
3025,7/12/1975,18.052,10.338,7.000,3.463,3.463,6.874999999999999,0.0,0,6.87460361524087,0.08904506095930112,45.81375708986445,0.0,0.08904506095930112,12.181262243133165,33.63249484673129,19.13639588244344,0.0003963847591288826,0.0003963847591288826,0.00039638474970602274,7.717605682018434,0.08904506096872399,0,0.0,0,33.63249484673129,,,,,,,,,,,
3026,7/13/1975,6.555,9.949,7.000,3.463,3.463,6.486,0.0,0,6.485603615250294,0.08904506096872399,40.11849484673133,0.0,0.08904506096872399,9.763529207802373,30.35496563892896,15.72148584069939,0.0003963847497060227,0.0003963847497060227,0.0003963847497479687,6.0964168709546565,0.08904506096868203,0,0.0,0,30.35496563892896,,,,,,,,,,,
3027,7/14/1975,5.025,6.648,7.000,3.463,3.463,3.1849999999999996,0.0,0,3.1846036152502517,0.08904506096868203,33.53996563892896,0.0,0.08904506096868203,7.243861427141308,26.296104211787654,12.04140855410287,0.00039638474974796917,0.00039638474974796917,0.00039638474974778193,4.435144852308336,0.08904506096868223,0,0.0,0,26.296104211787654,,,,,,,,,,,
3028,7/15/1975,1.836,5.512,7.000,3.463,3.463,2.0489999999999995,0.0,0,2.0486036152502516,0.08904506096868223,28.345104211787653,0.0,0.08904506096868223,5.472207305943644,22.87289690584401,9.35905901287271,0.0003963847497477797,0.0003963847497477797,0.0003963847497477828,3.2891616882996235,0.08904506096868223,0,0.0,0,22.87289690584401,,,,,,,,,,,
3029,7/16/1975,3.023,16.246,7.000,3.463,3.463,12.782999999999998,0.0,0,12.78260361525025,0.08904506096868223,35.65589690584401,0.0,0.08904506096868223,8.021422413796671,27.63447449204734,13.192205384453304,0.0003963847497477797,0.0003963847497477797,0.0003963847497477828,4.94427693239951,0.08904506096868223,0,0.0,0,27.63447449204734,,,,,,,,,,,
3030,7/17/1975,33.356,93.770,7.000,3.463,3.463,90.307,0.0,0,90.30660361525025,0.08904506096868223,117.94147449204733,0.0,0.08904506096868223,58.90380730074111,59.03766719130623,75.05362326034543,0.0003963847497477797,0.0003963847497477797,0.0003963847497477828,41.39718797913572,0.08904506096868223,0,0.0,0,59.03766719130623,,,,,,,,,,,
3031,7/18/1975,83.900,18.740,7.000,3.463,3.463,15.276999999999997,0.0,0,15.27660361525025,0.08904506096868223,74.31466719130623,0.0,0.08904506096868223,27.278679316447363,47.03598787485886,38.81726490589216,0.0003963847497477797,0.0003963847497477797,0.0003963847497477828,18.22436521017008,0.08904506096868223,0,0.0,0,47.03598787485886,,,,,,,,,,,
3032,7/19/1975,88.890,13.472,7.000,3.463,3.463,10.009,0.0,0,10.008603615250253,0.08904506096868223,57.04498787485886,0.0,0.08904506096868223,17.55476143559928,39.49022643925959,26.417581579759233,0.0003963847497477797,0.0003963847497477797,0.0003963847497477828,11.392733221317823,0.08904506096868223,0,0.0,0,39.49022643925959,,,,,,,,,,,
3033,7/20/1975,59.539,3.796,7.000,3.463,3.463,0.33299999999999974,0.0,0,0.3326038471129286,0.08904506096868223,39.823226671122264,0.0,0.08904506096868223,9.644058909059044,30.17916776206322,15.550017831287356,0.00039615288707112916,0.00039615288707112916,0.0003963847497477828,6.016942311740081,0.08904482910600559,0,0.0,0,30.17916776206322,,,,,,,,,,,
3034,7/21/1975,16.119,10.907,7.000,3.463,3.463,7.444,0.0,0,7.443603383387575,0.08904482910600559,37.623167529168406,0.0,0.08904482910600559,8.77252683904434,28.850640690124067,14.290550913075371,0.00039661661242441595,0.00039661661242441595,0.00039638371760935696,5.439186969982844,0.08904506200082064,0,0.0,0,28.850640690124067,,,,,,,,,,,
3035,7/22/1975,16.207,8.357,7.000,3.463,3.463,4.893999999999999,0.0,0,4.89360361628239,0.08904506200082064,33.7446406911608,0.0,0.08904506200082064,7.317686367093427,26.42695432406737,12.151307241227018,0.0003963837176093571,0.0003963837176093571,0.00039638475434235464,4.48333539386835,0.08904506096408765,0,0.0,0,26.42695432406737,,,,,,,,,,,
3036,7/23/1975,7.774,7.364,7.000,3.463,3.463,3.901,0.0,0,3.9006036152456574,0.08904506096408765,30.327954324062755,0.0,0.08904506096408765,6.124974812630204,24.202979511432552,10.358009189465468,0.00039638475434234944,0.00039638475434234944,0.00039638474972733003,3.70891925218573,0.08904506096870267,0,0.0,0,24.202979511432552,,,,,,,,,,,
3037,7/24/1975,5.989,2.179,7.000,3.463,2.179,0.0,1.2840000000000003,0.0,0.0,0.08904506096870267,24.202979511432552,0.08904506096870267,0.0,4.205463165343362,19.997516346089192,7.378693423201177,0.0,0.0,0.0,2.4843473652076153,0.0,0,0.0,0,19.997516346089192,,,,,,,,,,,
3038,7/25/1975,5.853,1.955,7.000,3.463,1.955,0.0,1.508,0.0,0.0,0.0,19.997516346089192,0.0,0.0,3.0595616754648014,16.93795467062439,5.528661577214202,0.0,0.0,0.0,1.769974719022507,0.0,0,0.0,0,16.93795467062439,,,,,,,,,,,
3039,7/26/1975,4.933,0.409,7.000,3.463,0.409,0.0,3.0540000000000003,0.0,0.0,0.0,16.93795467062439,0.0,0.0,2.319889977187163,14.618064693437226,4.295894976623661,0.0,0.0,0.0,1.3178517712437774,0.0,0,0.0,0,14.618064693437226,,,,,,,,,,,
3040,7/27/1975,4.674,1.869,7.000,3.463,1.869,0.0,1.594,0.0,0.0,0.0,14.618064693437226,0.0,0.0,1.814884162061999,12.803180531375228,3.4315678142602177,0.0,0.0,0.0,1.0144544320789592,0.0,0,0.0,0,12.803180531375228,,,,,,,,,,,
3041,7/28/1975,4.214,4.797,7.000,3.463,3.463,1.3339999999999996,0.0,0,1.2445585542815896,0.0,14.047739085656817,0.0,0.0,1.6984124522437771,12.349326633413039,3.2290685137293402,0.08944144571841016,0.08944144571841016,0.0,0.9452166599880112,0.08944144571841016,0,0.0,0,12.349326633413039,,,,,,,,,,,
3042,7/29/1975,3.757,3.991,7.000,3.463,3.463,0.528,0.0,0,0.5279999999999802,0.08944144571841016,12.877724782672423,0.0,0.08944144571841016,1.4692566901416562,11.408468092530768,2.8266645088446563,1.9849912498282024e-14,1.9849912498282024e-14,0.0003981492594029562,0.8099235712783377,0.08904329645902705,0,0.0,0,11.408468092530768,,,,,,,,,,,
3043,7/30/1975,3.865,3.780,7.000,3.463,3.463,0.3169999999999997,0.0,0,0.3166021838171005,0.08904329645902705,11.725466653242888,0.0,0.08904329645902705,1.2567512848544122,10.468715368388477,2.4482060719485315,0.00039781618289927396,0.00039781618289927396,0.0003963768950199575,0.6856954202524596,0.08904473574690637,0,0.0,0,10.468715368388477,,,,,,,,,,,
3044,7/31/1975,3.618,0.984,7.000,3.463,0.984,0.0,2.479,0.0,0.0,0.08904473574690637,10.468715368388477,0.08904473574690637,0.0,1.0403706651715852,9.428344703216892,2.0567566399510646,0.0,0.0,0.0,0.5606222670441933,0.0,0,0.0,0,9.428344703216892,,,,,,,,,,,
3045,8/1/1975,2.955,0.998,8.000,3.792,0.998,0.0,2.7939999999999996,0.0,0.0,0.0,9.428344703216892,0.0,0.0,0.8738258032142924,8.5545189000026,1.7505467975248787,0.0,0.0,0.0,0.46550232650993234,0.0,0,0.0,0,8.5545189000026,,,,,,,,,,,
3046,8/2/1975,2.850,0.647,8.000,3.792,0.647,0.0,3.1449999999999996,0.0,0.0,0.0,8.5545189000026,0.0,0.0,0.7430620732098825,7.811456826792718,1.5065910846726467,0.0,0.0,0.0,0.39164244219222893,0.0,0,0.0,0,7.811456826792718,,,,,,,,,,,
3047,8/3/1975,2.695,1.613,8.000,3.792,1.613,0.0,2.179,0.0,0.0,0.0,7.811456826792718,0.0,0.0,0.6386346910751063,7.172822135717611,1.3091691172328883,0.0,0.0,0.0,0.33326468537269455,0.0,0,0.0,0,7.172822135717611,,,,,,,,,,,
3048,8/4/1975,2.396,0.810,8.000,3.792,0.81,0.0,2.9819999999999998,0.0,0.0,0.0,7.172822135717611,0.0,0.0,0.5540078021309065,6.618814333586705,1.1472275456451746,0.0,0.0,0.0,0.28641144842520666,0.0,0,0.0,0,6.618814333586705,,,,,,,,,,,
3049,8/5/1975,2.299,0.107,8.000,3.792,0.107,0.0,3.6849999999999996,0.0,0.0,0.0,6.618814333586705,0.0,0.0,0.4845435043018268,6.134270829284879,1.012807876028508,0.0,0.0,0.0,0.2483011863253824,0.0,0,0.0,0,6.134270829284879,,,,,,,,,,,
3050,8/6/1975,2.157,1.981,8.000,3.792,1.981,0.0,1.8109999999999997,0.0,0.0,0.0,6.134270829284879,0.0,0.0,0.4268782443425244,5.707392584942355,0.9000606970078202,0.0,0.0,0.0,0.21693474922041836,0.0,0,0.0,0,5.707392584942355,,,,,,,,,,,
3051,8/7/1975,2.019,0.543,8.000,3.792,0.543,0.0,3.2489999999999997,0.0,0.0,0.0,5.707392584942355,0.0,0.0,0.3785256864876985,5.328866898454656,0.8046084080014053,0.0,0.0,0.0,0.19084689777709574,0.0,0,0.0,0,5.328866898454656,,,,,,,,,,,
3052,8/8/1975,1.974,2.518,8.000,3.792,2.518,0.0,1.274,0.0,0.0,0.0,5.328866898454656,0.0,0.0,0.33761668345016066,4.991250215004495,0.7231221303933892,0.0,0.0,0.0,0.1689449616878089,0.0,0,0.0,0,4.991250215004495,,,,,,,,,,,
3053,8/9/1975,2.019,2.161,8.000,3.792,2.161,0.0,1.6309999999999998,0.0,0.0,0.0,4.991250215004495,0.0,0.0,0.30272480942809943,4.688525405576396,0.6530341625303125,0.0,0.0,0.0,0.15040144393560523,0.0,0,0.0,0,4.688525405576396,,,,,,,,,,,
3054,8/10/1975,2.019,2.044,8.000,3.792,2.044,0.0,1.7479999999999998,0.0,0.0,0.0,4.688525405576396,0.0,0.0,0.27274673934888255,4.415778666227514,0.5923384536498235,0.0,0.0,0.0,0.13458094045566962,0.0,0,0.0,0,4.415778666227514,,,,,,,,,,,
3055,8/11/1975,1.974,1.351,8.000,3.792,1.351,0.0,2.441,0.0,0.0,0.0,4.415778666227514,0.0,0.0,0.24681863122499798,4.168960035002516,0.5394495599760293,0.0,0.0,0.0,0.12098942166173922,0.0,0,0.0,0,4.168960035002516,,,,,,,,,,,
3056,8/12/1975,1.884,2.018,8.000,3.792,2.018,0.0,1.774,0.0,0.0,0.0,4.168960035002516,0.0,0.0,0.22425665039005016,3.9447033846124655,0.49310126290177747,0.0,0.0,0.0,0.10923840447965887,0.0,0,0.0,0,3.9447033846124655,,,,,,,,,,,
3057,8/13/1975,1.753,1.316,8.000,3.792,1.316,0.0,2.476,0.0,0.0,0.0,3.9447033846124655,0.0,0.0,0.20451399504662474,3.740189389565841,0.45227258696443295,0.0,0.0,0.0,0.09901923455892762,0.0,0,0.0,0,3.740189389565841,,,,,,,,,,,
3058,8/14/1975,1.753,2.218,8.000,3.792,2.218,0.0,1.5739999999999998,0.0,0.0,0.0,3.740189389565841,0.0,0.0,0.18714939793859595,3.553039991627245,0.41613306568543773,0.0,0.0,0.0,0.09008435495170207,0.0,0,0.0,0,3.553039991627245,,,,,,,,,,,
3059,8/15/1975,1.626,1.348,8.000,3.792,1.348,0.0,2.444,0.0,0.0,0.0,3.553039991627245,0.0,0.0,0.17180373620739595,3.3812362554198487,0.3840017361240738,0.0,0.0,0.0,0.08223348068701265,0.0,0,0.0,0,3.3812362554198487,,,,,,,,,,,
3060,8/16/1975,2.494,10.088,8.000,3.792,3.792,6.295999999999999,0.0,0,6.206558554281569,0.0,9.587794809701418,0.0,0.0,0.898594307613713,8.689200502087704,1.7963879772934654,0.08944144571843,0.08944144571843,0.0,0.47957815481191607,0.08944144571843,0,0.0,0,8.689200502087704,,,,,,,,,,,
3061,8/17/1975,10.327,18.614,8.000,3.792,3.792,14.822000000000001,0.0,0,14.822000000000001,0.08944144571843,23.511598651347107,0.0,0.08944144571843,4.007154101159489,19.504444550187618,7.062954963628828,0.0,0.0,0.00039814925940304455,2.3596858183161373,0.08904329645902696,0,0.0,0,19.504444550187618,,,,,,,,,,,
3062,8/18/1975,6.125,2.367,8.000,3.792,2.367,0.0,1.4249999999999998,0.0,0.0,0.08904329645902696,19.504444550187618,0.08904329645902696,0.0,2.9348669866822226,16.569577563505394,5.323238727181074,0.0,0.0,0.0,1.6931958999776826,0.0,0,0.0,0,16.569577563505394,,,,,,,,,,,
3063,8/19/1975,4.210,1.865,8.000,3.792,1.865,0.0,1.9269999999999998,0.0,0.0,0.0,16.569577563505394,0.0,0.0,2.2364104112356786,14.333167152269716,4.154428422263141,0.0,0.0,0.0,1.2673699608481839,0.0,0,0.0,0,14.333167152269716,,,,,,,,,,,
3064,8/20/1975,2.695,0.274,8.000,3.792,0.274,0.0,3.518,0.0,0.0,0.0,14.333167152269716,0.0,0.0,1.756316254879259,12.576850897390457,3.3299027639386805,0.0,0.0,0.0,0.9796003878248244,0.0,0,0.0,0,12.576850897390457,,,,,,,,,,,
3065,8/21/1975,2.299,3.127,8.000,3.792,3.127,0.0,0.665,0.0,0.0,0.0,12.576850897390457,0.0,0.0,1.4124908130969818,11.164360084293476,2.726097528947901,0.0,0.0,0.0,0.7766154269439007,0.0,0,0.0,0,11.164360084293476,,,,,,,,,,,
3066,8/22/1975,2.204,3.486,8.000,3.792,3.486,0.0,0.3059999999999996,0.0,0.0,0.0,11.164360084293476,0.0,0.0,1.1581251786367683,10.006234905656708,2.2706071762117506,0.0,0.0,0.0,0.6284951123445961,0.0,0,0.0,0,10.006234905656708,,,,,,,,,,,
3067,8/23/1975,1.974,1.604,8.000,3.792,1.604,0.0,2.1879999999999997,0.0,0.0,0.0,10.006234905656708,0.0,0.0,0.9649028776467632,9.041332028009945,1.9185791232854978,0.0,0.0,0.0,0.5173850511824845,0.0,0,0.0,0,9.041332028009945,,,,,,,,,,,
3068,8/24/1975,2.544,6.578,8.000,3.792,3.792,2.7860000000000005,0.0,0,2.6965585542815704,0.0,11.737890582291516,0.0,0.0,1.2589714243215508,10.478919157969965,2.452188966426145,0.08944144571843,0.08944144571843,0.0,0.6869865303884514,0.08944144571843,0,0.0,0,10.478919157969965,,,,,,,,,,,
3069,8/25/1975,15.158,20.987,8.000,3.792,3.792,17.195,0.0,0,17.195,0.08944144571843,27.67431730722937,0.0,0.08944144571843,5.258081400136715,22.416235907092656,9.028382202504467,0.0,0.0,0.00039814925940304455,3.152167742098676,0.08904329645902696,0,0.0,0,22.416235907092656,,,,,,,,,,,
3070,8/26/1975,16.401,3.883,8.000,3.792,3.792,0.09100000000000019,0.0,0,0.09065398972089053,0.08904329645902696,22.507286273708566,0.0,0.08904329645902696,3.7259555501926838,18.781330723515882,6.612243987188733,0.00034601027910966626,0.00034601027910966626,0.0003963768950199571,2.183617774656562,0.08899292984311667,0,0.0,0,18.781330723515882,,,,,,,,,,,
3071,8/27/1975,5.914,0.778,8.000,3.792,0.778,0.0,3.014,0.0,0.0,0.08899292984311667,18.781330723515882,0.08899292984311667,0.0,2.755770490802417,16.025560232713467,5.026576158154446,0.0,0.0,0.0,1.5832973779905335,0.0,0,0.0,0,16.025560232713467,,,,,,,,,,,
3072,8/28/1975,5.165,0.768,8.000,3.792,0.768,0.0,3.024,0.0,0.0,0.0,16.025560232713467,0.0,0.0,2.1153771693582666,13.9101830633552,3.948374299690755,0.0,0.0,0.0,1.1943998360705175,0.0,0,0.0,0,13.9101830633552,,,,,,,,,,,
3073,8/29/1975,2.902,0.566,8.000,3.792,0.566,0.0,3.226,0.0,0.0,0.0,13.9101830633552,0.0,0.0,1.6707848192835006,12.2393982440717,3.180841712162827,0.0,0.0,0.0,0.9288381609062538,0.0,0,0.0,0,12.2393982440717,,,,,,,,,,,
3074,8/30/1975,3.618,2.518,8.000,3.792,2.518,0.0,1.274,0.0,0.0,0.0,12.2393982440717,0.0,0.0,1.3498926152117676,10.889505628859931,2.6147600371167363,0.0,0.0,0.0,0.7399872355825472,0.0,0,0.0,0,10.889505628859931,,,,,,,,,,,
3075,8/31/1975,3.170,0.714,8.000,3.792,0.714,0.0,3.078,0.0,0.0,0.0,10.889505628859931,0.0,0.0,1.1109965686584644,9.778509060201467,2.1852637531562564,0.0,0.0,0.0,0.601273267078405,0.0,0,0.0,0,9.778509060201467,,,,,,,,,,,
3076,9/1/1975,1.929,0.035,9.000,4.609,0.035,0.0,4.574,0.0,0.0,0.0,9.778509060201467,0.0,0.0,0.928581831771864,8.849927228429603,1.8517420805147593,0.0,0.0,0.0,0.4966540676328961,0.0,0,0.0,0,8.849927228429603,,,,,,,,,,,
3077,9/2/1975,2.157,0.288,9.000,4.609,0.288,0.0,4.321,0.0,0.0,0.0,8.849927228429603,0.0,0.0,0.7863187119681239,8.06360851646148,1.5876682730357983,0.0,0.0,0.0,0.41598743604005434,0.0,0,0.0,0,8.06360851646148,,,,,,,,,,,
3078,9/3/1975,1.974,1.097,9.000,4.609,1.097,0.0,3.512,0.0,0.0,0.0,8.06360851646148,0.0,0.0,0.6733613261146654,7.390247190346814,1.375099209433087,0.0,0.0,0.0,0.3526128086782698,0.0,0,0.0,0,7.390247190346814,,,,,,,,,,,
3079,9/4/1975,1.929,0.980,9.000,4.609,0.98,0.0,3.629,0.0,0.0,0.0,7.390247190346814,0.0,0.0,0.5822784532370042,6.80796873710981,1.201536474506488,0.0,0.0,0.0,0.3020142801504711,0.0,0,0.0,0,6.80796873710981,,,,,,,,,,,
3080,9/5/1975,1.884,3.503,9.000,4.609,3.503,0.0,1.1059999999999999,0.0,0.0,0.0,6.80796873710981,0.0,0.0,0.5078417082395469,6.300127028870263,1.058053512065477,0.0,0.0,0.0,0.2610456276110916,0.0,0,0.0,0,6.300127028870263,,,,,,,,,,,
3081,9/6/1975,1.753,1.326,9.000,4.609,1.326,0.0,3.283,0.0,0.0,0.0,6.300127028870263,0.0,0.0,0.44628739590135585,5.853839632968907,0.9381353937212858,0.0,0.0,0.0,0.22746279428241797,0.0,0,0.0,0,5.853839632968907,,,,,,,,,,,
3082,9/7/1975,1.753,1.506,9.000,4.609,1.506,0.0,3.1029999999999998,0.0,0.0,0.0,5.853839632968907,0.0,0.0,0.394851518413976,5.4589881145549315,0.8369365368413965,0.0,0.0,0.0,0.19963203785671374,0.0,0,0.0,0,5.4589881145549315,,,,,,,,,,,
3083,9/8/1975,1.884,2.975,9.000,4.609,2.975,0.0,1.634,0.0,0.0,0.0,5.4589881145549315,0.0,0.0,0.35146819083243425,5.1075199237224975,0.7507923641414306,0.0,0.0,0.0,0.17634225370080614,0.0,0,0.0,0,5.1075199237224975,,,,,,,,,,,
3084,9/9/1975,1.840,1.233,9.000,4.609,1.233,0.0,3.376,0.0,0.0,0.0,5.1075199237224975,0.0,0.0,0.31456897966628483,4.792950944056213,0.6768900661824484,0.0,0.0,0.0,0.15668110968128737,0.0,0,0.0,0,4.792950944056213,,,,,,,,,,,
3085,9/10/1975,1.544,0.533,9.000,4.609,0.533,0.0,4.076,0.0,0.0,0.0,4.792950944056213,0.0,0.0,0.28294634263520463,4.5100046014210085,0.6130417710126376,0.0,0.0,0.0,0.13995139519432034,0.0,0,0.0,0,4.5100046014210085,,,,,,,,,,,
3086,9/11/1975,1.345,3.472,9.000,4.609,3.472,0.0,1.137,0.0,0.0,0.0,4.5100046014210085,0.0,0.0,0.2556588039913367,4.2543457974296714,0.5575252215876119,0.0,0.0,0.0,0.12561335924749972,0.0,0,0.0,0,4.2543457974296714,,,,,,,,,,,
3087,9/12/1975,1.626,3.859,9.000,4.609,3.859,0.0,0.75,0.0,0.0,0.0,4.2543457974296714,0.0,0.0,0.23196391112301093,4.02238188630666,0.508969913803129,0.0,0.0,0.0,0.11324422591616146,0.0,0,0.0,0,4.02238188630666,,,,,,,,,,,
3088,9/13/1975,1.307,4.757,9.000,4.609,4.609,0.1479999999999997,0.0,0,0.06486402867709108,0.0,4.087245914983751,0.0,0.0,0.21697867792409783,3.8702672370596534,0.4780808859024195,0.0831359713229086,0.0831359713229086,0.0,0.10546400733454905,0.0831359713229086,0,0.0,0,3.8702672370596534,,,,,,,,,,,
3089,9/14/1975,1.711,1.061,9.000,4.609,1.061,0.0,3.548,0.0,0.0,0.0831359713229086,3.8702672370596534,0.0831359713229086,0.0,0.19812260690591713,3.672144630153736,0.43899661744486385,0.0,0.0,0.0,0.0957245302878065,0.0,0,0.0,0,3.672144630153736,,,,,,,,,,,
3090,9/15/1975,1.929,1.141,9.000,4.609,1.141,0.0,3.468,0.0,0.0,0.0,3.672144630153736,0.0,0.0,0.1815092411246409,3.4906353890290953,0.40434542938777956,0.0,0.0,0.0,0.08719372111079275,0.0,0,0.0,0,3.4906353890290953,,,,,,,,,,,
3091,9/16/1975,1.423,1.024,9.000,4.609,1.024,0.0,3.585,0.0,0.0,0.0,3.4906353890290953,0.0,0.0,0.16680404965028187,3.3238313393788133,0.3734913607727172,0.0,0.0,0.0,0.07968538983188252,0.0,0,0.0,0,3.3238313393788133,,,,,,,,,,,
3092,9/17/1975,1.231,3.884,9.000,4.609,3.884,0.0,0.7250000000000001,0.0,0.0,0.0,3.3238313393788133,0.0,0.0,0.15373192845513017,3.170099410923683,0.3459077416541342,0.0,0.0,0.0,0.07304728072627543,0.0,0,0.0,0,3.170099410923683,,,,,,,,,,,
3093,9/18/1975,1.626,1.883,9.000,4.609,1.883,0.0,2.726,0.0,0.0,0.0,3.170099410923683,0.0,0.0,0.14206504948870097,3.0280343614349823,0.3211554809545974,0.0,0.0,0.0,0.06715398585335225,0.0,0,0.0,0,3.0280343614349823,,,,,,,,,,,
3094,9/19/1975,1.974,6.759,9.000,4.609,4.609,2.1500000000000004,0.0,0,2.0605585542815703,0.0,5.088592915716553,0.0,0.0,0.31262854274405344,4.775964372972499,0.6729863783089526,0.08944144571843,0.08944144571843,0.0,0.15565122676808232,0.08944144571843,0,0.0,0,4.775964372972499,,,,,,,,,,,
3095,9/20/1975,1.974,1.440,9.000,4.609,1.44,0.0,3.169,0.0,0.0,0.08944144571843,4.775964372972499,0.08944144571843,0.0,0.28127701336599586,4.494687359606504,0.6096571317435939,0.0,0.0,0.0,0.13907154934576624,0.0,0,0.0,0,4.494687359606504,,,,,,,,,,,
3096,9/21/1975,1.929,4.196,9.000,4.609,4.196,0.0,0.41300000000000026,0.0,0.0,0.0,4.494687359606504,0.0,0.0,0.2542132944594611,4.240474065147042,0.554572689537172,0.0,0.0,0.0,0.12485654204514159,0.0,0,0.0,0,4.240474065147042,,,,,,,,,,,
3097,9/22/1975,1.884,0.391,9.000,4.609,0.391,0.0,4.218,0.0,0.0,0.0,4.240474065147042,0.0,0.0,0.23070471135381584,4.009769353793226,0.5063799196490388,0.0,0.0,0.0,0.11258915476502865,0.0,0,0.0,0,4.009769353793226,,,,,,,,,,,
3098,9/23/1975,1.585,0.869,9.000,4.609,0.869,0.0,3.74,0.0,0.0,0.0,4.009769353793226,0.0,0.0,0.21016711615084718,3.799602237642379,0.46399079105754126,0.0,0.0,0.0,0.10193902808642116,0.0,0,0.0,0,3.799602237642379,,,,,,,,,,,
3099,9/24/1975,1.345,4.175,9.000,4.609,4.175,0.0,0.43400000000000016,0.0,0.0,0.0,3.799602237642379,0.0,0.0,0.1921303626610544,3.6074718749813246,0.4265225445741655,0.0,0.0,0.0,0.09264192365470532,0.0,0,0.0,0,3.6074718749813246,,,,,,,,,,,
3100,9/25/1975,1.884,7.438,9.000,4.609,4.609,2.8289999999999997,0.0,0,2.7395585542815697,0.0,6.347030429262894,0.0,0.0,0.45183868598836835,5.895191743274525,0.9490012677248431,0.08944144571843,0.08944144571843,0.0,0.2304795668936125,0.08944144571843,0,0.0,0,5.895191743274525,,,,,,,,,,,
3101,9/26/1975,2.347,0.308,9.000,4.609,0.308,0.0,4.301,0.0,0.0,0.08944144571843,5.895191743274525,0.08944144571843,0.0,0.39951124088588924,5.495680502388636,0.8461446382930327,0.0,0.0,0.0,0.2021439262896315,0.0,0,0.0,0,5.495680502388636,,,,,,,,,,,
3102,9/27/1975,2.204,0.118,9.000,4.609,0.118,0.0,4.491,0.0,0.0,0.0,5.495680502388636,0.0,0.0,0.35541430659727574,5.14026619579136,0.7586600500094128,0.0,0.0,0.0,0.17845319382122923,0.0,0,0.0,0,5.14026619579136,,,,,,,,,,,
3103,9/28/1975,1.974,1.299,9.000,4.609,1.299,0.0,3.31,0.0,0.0,0.0,5.14026619579136,0.0,0.0,0.3179375291687964,4.822328666622563,0.6836625189262129,0.0,0.0,0.0,0.1584699519437184,0.0,0,0.0,0,4.822328666622563,,,,,,,,,,,
3104,9/29/1975,1.711,0.758,9.000,4.609,0.758,0.0,3.851,0.0,0.0,0.0,4.822328666622563,0.0,0.0,0.2858427109259742,4.536485955696589,0.6189108159183127,0.0,0.0,0.0,0.14147878047691917,0.0,0,0.0,0,4.536485955696589,,,,,,,,,,,
3105,9/30/1975,1.231,0.112,9.000,4.609,0.112,0.0,4.497,0.0,0.0,0.0,4.536485955696589,0.0,0.0,0.25816561354005074,4.278320342156539,0.5626426580606514,0.0,0.0,0.0,0.12692650207708367,0.0,0,0.0,0,4.278320342156539,,,,,,,,,,,
3106,10/1/1975,1.231,0.046,10.000,5.054,0.046,0.0,5.008,0.0,0.0,0.0,4.278320342156539,0.0,0.0,0.23414664743985691,4.044173694716681,0.5134571167408336,0.0,0.0,0.0,0.11438030052319642,0.0,0,0.0,0,4.044173694716681,,,,,,,,,,,
3107,10/2/1975,1.194,0.002,10.000,5.054,0.002,0.0,5.0520000000000005,0.0,0.0,0.0,4.044173694716681,0.0,0.0,0.21318113882929876,3.8309925558873825,0.4702293790434031,0.0,0.0,0.0,0.1034978700523577,0.0,0,0.0,0,3.8309925558873825,,,,,,,,,,,
3108,10/3/1975,1.157,0.026,10.000,5.054,0.026,0.0,5.0280000000000005,0.0,0.0,0.0,3.8309925558873825,0.0,0.0,0.19478310807028446,3.636209447817098,0.4320480688611369,0.0,0.0,0.0,0.09400581389556134,0.0,0,0.0,0,3.636209447817098,,,,,,,,,,,
3109,10/4/1975,1.157,0.164,10.000,5.054,0.164,0.0,4.890000000000001,0.0,0.0,0.0,3.636209447817098,0.0,0.0,0.1785585275963889,3.457650920220709,0.39816855056874423,0.0,0.0,0.0,0.08568379433450657,0.0,0,0.0,0,3.457650920220709,,,,,,,,,,,
3110,10/5/1975,1.121,0.061,10.000,5.054,0.061,0.0,4.993,0.0,0.0,0.0,3.457650920220709,0.0,0.0,0.1641853312514856,3.2934655889692235,0.3679777209311344,0.0,0.0,0.0,0.07835275449730023,0.0,0,0.0,0,3.2934655889692235,,,,,,,,,,,
3111,10/6/1975,1.121,0.107,10.000,5.054,0.107,0.0,4.947,0.0,0.0,0.0,3.2934655889692235,0.0,0.0,0.1513982986757084,3.142067290293515,0.3409671691587369,0.0,0.0,0.0,0.07186606329086119,0.0,0,0.0,0,3.142067290293515,,,,,,,,,,,
3112,10/7/1975,1.121,0.117,10.000,5.054,0.117,0.0,4.937,0.0,0.0,0.0,3.142067290293515,0.0,0.0,0.13997750467883338,3.0020897856146815,0.31671250736872547,0.0,0.0,0.0,0.06610278604383195,0.0,0,0.0,0,3.0020897856146815,,,,,,,,,,,
3113,10/8/1975,1.086,0.519,10.000,5.054,0.519,0.0,4.535,0.0,0.0,0.0,3.0020897856146815,0.0,0.0,0.12973940622250882,2.8723503793921727,0.2948573025530363,0.0,0.0,0.0,0.060962519434702676,0.0,0,0.0,0,2.8723503793921727,,,,,,,,,,,
3114,10/9/1975,1.050,0.269,10.000,5.054,0.269,0.0,4.785,0.0,0.0,0.0,2.8723503793921727,0.0,0.0,0.12052990210343918,2.7518204772887334,0.27510047613583116,0.0,0.0,0.0,0.05636139028894084,0.0,0,0.0,0,2.7518204772887334,,,,,,,,,,,
3115,10/10/1975,1.050,0.158,10.000,5.054,0.158,0.0,4.896,0.0,0.0,0.0,2.7518204772887334,0.0,0.0,0.11221888294651372,2.6396015943422197,0.2571863421399756,0.0,0.0,0.0,0.05222892921779632,0.0,0,0.0,0,2.6396015943422197,,,,,,,,,,,
3116,10/11/1975,1.050,0.000,10.000,5.054,0.0,0.0,5.054,0.0,0.0,0.0,2.6396015943422197,0.0,0.0,0.10469591766645343,2.5349056766757663,0.24089667142266888,0.0,0.0,0.0,0.04850560813523162,0.0,0,0.0,0,2.5349056766757663,,,,,,,,,,,
3117,10/12/1975,1.015,0.472,10.000,5.054,0.472,0.0,4.582000000000001,0.0,0.0,0.0,2.5349056766757663,0.0,0.0,0.09786681417790441,2.437038862497862,0.2260443248514082,0.0,0.0,0.0,0.0451408860604043,0.0,0,0.0,0,2.437038862497862,,,,,,,,,,,
3118,10/13/1975,0.981,0.393,10.000,5.054,0.393,0.0,4.6610000000000005,0.0,0.0,0.0,2.437038862497862,0.0,0.0,0.09165085816280213,2.3453880043350597,0.21246811108998762,0.0,0.0,0.0,0.04209164733122825,0.0,0,0.0,0,2.3453880043350597,,,,,,,,,,,
3119,10/14/1975,0.947,0.081,10.000,5.054,0.081,0.0,4.973,0.0,0.0,0.0,2.3453880043350597,0.0,0.0,0.08597858178445672,2.259409422550603,0.20002860736319342,0.0,0.0,0.0,0.03932094514523417,0.0,0,0.0,0,2.259409422550603,,,,,,,,,,,
3120,10/15/1975,0.914,0.040,10.000,5.054,0.04,0.0,5.014,0.0,0.0,0.0,2.259409422550603,0.0,0.0,0.08078994959049215,2.178619472960111,0.1886047427754303,0.0,0.0,0.0,0.036796984419904796,0.0,0,0.0,0,2.178619472960111,,,,,,,,,,,
3121,10/16/1975,0.881,0.024,10.000,5.054,0.024,0.0,5.03,0.0,0.0,0.0,2.178619472960111,0.0,0.0,0.07603287507895974,2.1025865978811513,0.1780909894619345,0.0,0.0,0.0,0.03449229353630426,0.0,0,0.0,0,2.1025865978811513,,,,,,,,,,,
3122,10/17/1975,0.817,0.027,10.000,5.054,0.027,0.0,5.027,0.0,0.0,0.0,2.1025865978811513,0.0,0.0,0.07166200103434338,2.030924596846808,0.1683950412645049,0.0,0.0,0.0,0.03238304613515588,0.0,0,0.0,0,2.030924596846808,,,,,,,,,,,
3123,10/18/1975,0.694,0.203,10.000,5.054,0.203,0.0,4.851,0.0,0.0,0.0,2.030924596846808,0.0,0.0,0.06763769155258528,1.9632869052942228,0.1594358857406712,0.0,0.0,0.0,0.030448502855020775,0.0,0,0.0,0,1.9632869052942228,,,,,,,,,,,
3124,10/19/1975,0.636,0.194,10.000,5.054,0.194,0.0,4.86,0.0,0.0,0.0,1.9632869052942228,0.0,0.0,0.06392519493578629,1.8993617103584366,0.1511421952839873,0.0,0.0,0.0,0.02867054950594314,0.0,0,0.0,0,1.8993617103584366,,,,,,,,,,,
3125,10/20/1975,0.607,0.157,10.000,5.054,0.157,0.0,4.897,0.0,0.0,0.0,1.8993617103584366,0.0,0.0,0.06049394526122669,1.8388677650972098,0.1434509785088962,0.0,0.0,0.0,0.027033313209450602,0.0,0,0.0,0,1.8388677650972098,,,,,,,,,,,
3126,10/21/1975,0.525,0.000,10.000,5.054,0.0,0.0,5.054,0.0,0.0,0.0,1.8388677650972098,0.0,0.0,0.05731697707894616,1.7815507880182637,0.13630644497205477,0.0,0.0,0.0,0.02552284190535624,0.0,0,0.0,0,1.7815507880182637,,,,,,,,,,,
3127,10/22/1975,0.473,0.041,10.000,5.054,0.041,0.0,5.013,0.0,0.0,0.0,1.7815507880182637,0.0,0.0,0.05437043285277981,1.7271803551654838,0.12965904559921482,0.0,0.0,0.0,0.02412683561784892,0.0,0,0.0,0,1.7271803551654838,,,,,,,,,,,
3128,10/23/1975,0.499,0.000,10.000,5.054,0.0,0.0,5.054,0.0,0.0,0.0,1.7271803551654838,0.0,0.0,0.05163314678968479,1.675547208375799,0.12346465848300461,0.0,0.0,0.0,0.0228344202014112,0.0,0,0.0,0,1.675547208375799,,,,,,,,,,,
3129,10/24/1975,0.525,0.016,10.000,5.054,0.016,0.0,5.038,0.0,0.0,0.0,1.675547208375799,0.0,0.0,0.04908629186771068,1.6264609165080883,0.11768389547578328,0.0,0.0,0.0,0.021635956109348063,0.0,0,0.0,0,1.6264609165080883,,,,,,,,,,,
3130,10/25/1975,0.580,0.103,10.000,5.054,0.103,0.0,4.9510000000000005,0.0,0.0,0.0,1.6264609165080883,0.0,0.0,0.04671307937344893,1.5797478371346394,0.11228150957198584,0.0,0.0,0.0,0.02052287616216028,0.0,0,0.0,0,1.5797478371346394,,,,,,,,,,,
3131,10/26/1975,0.785,0.401,10.000,5.054,0.401,0.0,4.6530000000000005,0.0,0.0,0.0,1.5797478371346394,0.0,0.0,0.04449850224553965,1.5352493348890996,0.10722588672028774,0.0,0.0,0.0,0.019487547428312886,0.0,0,0.0,0,1.5352493348890996,,,,,,,,,,,
3132,10/27/1975,0.849,0.280,10.000,5.054,0.28,0.0,4.774,0.0,0.0,0.0,1.5352493348890996,0.0,0.0,0.04242911510584713,1.4928202197832525,0.10248860862894667,0.0,0.0,0.0,0.018523153233171618,0.0,0,0.0,0,1.4928202197832525,,,,,,,,,,,
3133,10/28/1975,0.817,0.474,10.000,5.054,0.474,0.0,4.58,0.0,0.0,0.0,1.4928202197832525,0.0,0.0,0.040492845131283484,1.452327374651969,0.09804407548232005,0.0,0.0,0.0,0.01762359203401707,0.0,0,0.0,0,1.452327374651969,,,,,,,,,,,
3134,10/29/1975,0.817,0.187,10.000,5.054,0.187,0.0,4.867,0.0,0.0,0.0,1.452327374651969,0.0,0.0,0.03867882894380808,1.413648545708161,0.09386917939199135,0.0,0.0,0.0,0.016783390479142613,0.0,0,0.0,0,1.413648545708161,,,,,,,,,,,
3135,10/30/1975,0.785,0.413,10.000,5.054,0.413,0.0,4.641,0.0,0.0,0.0,1.413648545708161,0.0,0.0,0.03697727152547307,1.3766712741826879,0.08994302095459634,0.0,0.0,0.0,0.015997628437152866,0.0,0,0.0,0,1.3766712741826879,,,,,,,,,,,
3136,10/31/1975,0.754,0.297,10.000,5.054,0.297,0.0,4.757000000000001,0.0,0.0,0.0,1.3766712741826879,0.0,0.0,0.035379323839600324,1.3412919503430876,0.08624666255240443,0.0,0.0,0.0,0.015261874161968947,0.0,0,0.0,0,1.3412919503430876,,,,,,,,,,,
3137,11/1/1975,0.754,0.084,11.000,5.054,0.084,0.0,4.970000000000001,0.0,0.0,0.0,1.3412919503430876,0.0,0.0,0.033876976389538335,1.3074149739535492,0.08276291306846258,0.0,0.0,0.0,0.014572128067815547,0.0,0,0.0,0,1.3074149739535492,,,,,,,,,,,
3138,11/2/1975,0.724,0.000,11.000,5.054,0.0,0.0,5.054,0.0,0.0,0.0,1.3074149739535492,0.0,0.0,0.032462966397487865,1.2749520075560614,0.0794761395401307,0.0,0.0,0.0,0.013924773840767131,0.0,0,0.0,0,1.2749520075560614,,,,,,,,,,,
3139,11/3/1975,0.724,0.000,11.000,5.054,0.0,0.0,5.054,0.0,0.0,0.0,1.2749520075560614,0.0,0.0,0.031130696656935318,1.243821310899126,0.07637210197832656,0.0,0.0,0.0,0.013316535820388452,0.0,0,0.0,0,1.243821310899126,,,,,,,,,,,
3140,11/4/1975,0.724,0.000,11.000,5.054,0.0,0.0,5.054,0.0,0.0,0.0,1.243821310899126,0.0,0.0,0.02987416441859525,1.213947146480531,0.07343780816272016,0.0,0.0,0.0,0.012744441755397748,0.0,0,0.0,0,1.213947146480531,,,,,,,,,,,
3141,11/5/1975,0.694,0.000,11.000,5.054,0.0,0.0,5.054,0.0,0.0,0.0,1.213947146480531,0.0,0.0,0.028687898923607267,1.1852592475569237,0.07066138570779822,0.0,0.0,0.0,0.012205790178070641,0.0,0,0.0,0,1.1852592475569237,,,,,,,,,,,
3142,11/6/1975,0.694,0.036,11.000,5.054,0.036,0.0,5.018000000000001,0.0,0.0,0.0,1.1852592475569237,0.0,0.0,0.0275669064087751,1.1576923411481486,0.06803196909905114,0.0,0.0,0.0,0.011698121758832968,0.0,0,0.0,0,1.1576923411481486,,,,,,,,,,,
3143,11/7/1975,0.665,0.033,11.000,5.054,0.033,0.0,5.021,0.0,0.0,0.0,1.1576923411481486,0.0,0.0,0.026506621584668117,1.1311857195634805,0.06553959973691698,0.0,0.0,0.0,0.011219194099594118,0.0,0,0.0,0,1.1311857195634805,,,,,,,,,,,
3144,11/8/1975,0.665,0.000,11.000,5.054,0.0,0.0,5.054,0.0,0.0,0.0,1.1311857195634805,0.0,0.0,0.025502864734699086,1.1056828548287814,0.06317513731017539,0.0,0.0,0.0,0.010766959505407701,0.0,0,0.0,0,1.1056828548287814,,,,,,,,,,,
3145,11/9/1975,0.665,0.011,11.000,5.054,0.011,0.0,5.043,0.0,0.0,0.0,1.1056828548287814,0.0,0.0,0.024551803706914743,1.0811310511218666,0.060930181059656585,0.0,0.0,0.0,0.010339545341881492,0.0,0,0.0,0,1.0811310511218666,,,,,,,,,,,
3146,11/10/1975,0.665,0.034,11.000,5.054,0.034,0.0,5.0200000000000005,0.0,0.0,0.0,1.0811310511218666,0.0,0.0,0.023649920174296613,1.05748113094757,0.05879699969508061,0.0,0.0,0.0,0.009935236642713216,0.0,0,0.0,0,1.05748113094757,,,,,,,,,,,
3147,11/11/1975,0.665,0.066,11.000,5.054,0.066,0.0,4.988,0.0,0.0,0.0,1.05748113094757,0.0,0.0,0.022793979627214054,1.034687151320356,0.05676846889884424,0.0,0.0,0.0,0.00955246067968647,0.0,0,0.0,0,1.034687151320356,,,,,,,,,,,
3148,11/12/1975,0.665,0.000,11.000,5.054,0.0,0.0,5.054,0.0,0.0,0.0,1.034687151320356,0.0,0.0,0.02198100463602981,1.0127061466843261,0.05483801549575355,0.0,0.0,0.0,0.009189773247955233,0.0,0,0.0,0,1.0127061466843261,,,,,,,,,,,
3149,11/13/1975,0.665,0.000,11.000,5.054,0.0,0.0,5.054,0.0,0.0,0.0,1.0127061466843261,0.0,0.0,0.021208250984969895,0.9914978956993562,0.05299956749128255,0.0,0.0,0.0,0.008845846453730676,0.0,0,0.0,0,0.9914978956993562,,,,,,,,,,,
3150,11/14/1975,0.665,0.000,11.000,5.054,0.0,0.0,5.054,0.0,0.0,0.0,0.9914978956993562,0.0,0.0,0.020473186332072235,0.9710247093672839,0.05124750928639877,0.0,0.0,0.0,0.008519457820587566,0.0,0,0.0,0,0.9710247093672839,,,,,,,,,,,
3151,11/15/1975,0.665,0.089,11.000,5.054,0.089,0.0,4.965,0.0,0.0,0.0,0.9710247093672839,0.0,0.0,0.019773471095840038,0.9512512382714439,0.04957664146721306,0.0,0.0,0.0,0.008209480555375619,0.0,0,0.0,0,0.9512512382714439,,,,,,,,,,,
3152,11/16/1975,0.665,0.245,11.000,5.054,0.245,0.0,4.809,0.0,0.0,0.0,0.9512512382714439,0.0,0.0,0.019106941308400183,0.9321442969630437,0.04798214464506922,0.0,0.0,0.0,0.007914874835851219,0.0,0,0.0,0,0.9321442969630437,,,,,,,,,,,
3153,11/17/1975,0.665,0.061,11.000,5.054,0.061,0.0,4.993,0.0,0.0,0.0,0.9321442969630437,0.0,0.0,0.018471593208543833,0.9136727037544998,0.04645954688917346,0.0,0.0,0.0,0.007634680000214173,0.0,0,0.0,0,0.9136727037544998,,,,,,,,,,,
3154,11/18/1975,0.665,0.589,11.000,5.054,0.589,0.0,4.465,0.0,0.0,0.0,0.9136727037544998,0.0,0.0,0.017865569376872226,0.8958071343776276,0.04500469435113148,0.0,0.0,0.0,0.007368007534221793,0.0,0,0.0,0,0.8958071343776276,,,,,,,,,,,
3155,11/19/1975,0.694,0.483,11.000,5.054,0.483,0.0,4.571000000000001,0.0,0.0,0.0,0.8958071343776276,0.0,0.0,0.01728714624010556,0.8785199881375221,0.043613724730193794,0.0,0.0,0.0,0.007114034764857174,0.0,0,0.0,0,0.8785199881375221,,,,,,,,,,,
3156,11/20/1975,0.694,1.479,11.000,5.054,1.479,0.0,3.575,0.0,0.0,0.0,0.8785199881375221,0.0,0.0,0.016734722793041522,0.8617852653444805,0.0422830432707725,0.0,0.0,0.0,0.0068719991809826145,0.0,0,0.0,0,0.8617852653444805,,,,,,,,,,,
3157,11/21/1975,0.665,0.526,11.000,5.054,0.526,0.0,4.5280000000000005,0.0,0.0,0.0,0.8617852653444805,0.0,0.0,0.016206810405177467,0.8455784549393031,0.041009301020857335,0.0,0.0,0.0,0.006641193311291034,0.0,0,0.0,0,0.8455784549393031,,,,,,,,,,,
3158,11/22/1975,0.665,0.412,11.000,5.054,0.412,0.0,4.642,0.0,0.0,0.0,0.8455784549393031,0.0,0.0,0.01570202359506217,0.8298764313442409,0.03978937511215078,0.0,0.0,0.0,0.006420960098411238,0.0,0,0.0,0,0.8298764313442409,,,,,,,,,,,
3159,11/23/1975,0.665,0.207,11.000,5.054,0.207,0.0,4.847,0.0,0.0,0.0,0.8298764313442409,0.0,0.0,0.015219071669377303,0.8146573596748636,0.038620350850754416,0.0,0.0,0.0,0.006210688715423103,0.0,0,0.0,0,0.8146573596748636,,,,,,,,,,,
3160,11/24/1975,0.665,1.025,11.000,5.054,1.025,0.0,4.029,0.0,0.0,0.0,0.8146573596748636,0.0,0.0,0.01475675113586824,0.7999006085389954,0.03749950543166071,0.0,0.0,0.0,0.006009810777461671,0.0,0,0.0,0,0.7999006085389954,,,,,,,,,,,
3161,11/25/1975,1.231,6.867,11.000,5.054,5.054,1.8129999999999997,0.0,0,1.7235585542815697,0.0,2.523459162820565,0.0,0.0,0.09713138455399394,2.426327778266571,0.22444100047269797,0.08944144571843,0.08944144571843,0.0,0.04477943957451989,0.08944144571843,0,0.0,0,2.426327778266571,,,,,,,,,,,
3162,11/26/1975,1.086,4.020,11.000,5.054,4.02,0.0,1.0340000000000007,0.0,0.0,0.08944144571843,2.426332115259995,0.0884671704868333,0.0009742752315967107,0.09098075201587313,2.3353513632441216,0.2110011256585189,0.0,0.0,4.336993424012032e-06,0.041763722605840735,0.0009699382381726986,0,0.0,0,2.3353513632441216,,,,,,,,,,,
3163,11/27/1975,1.384,5.912,11.000,5.054,5.054,0.8579999999999997,0.0,0,0.7695284933342397,0.0009699382381726986,3.104884174265627,0.0,0.0009699382381726986,0.13722759457391656,2.9676565796917105,0.3108530484071704,0.08847150666575998,0.08847150666575998,4.317687265598154e-06,0.06471962297942359,0.08943712721666708,0,0.0,0,2.9676565796917105,,,,,,,,,,,
3164,11/28/1975,1.423,0.244,11.000,5.054,0.244,0.0,4.8100000000000005,0.0,0.0,0.08943712721666708,2.9676565796917105,0.08943712721666708,0.0,0.12726877054650312,2.8403878091452075,0.2895664629949877,0.0,0.0,0.0,0.05972599758306431,0.0,0,0.0,0,2.8403878091452075,,,,,,,,,,,
3165,11/29/1975,1.269,0.567,11.000,5.054,0.567,0.0,4.487,0.0,0.0,0.0,2.8403878091452075,0.0,0.0,0.11830284200686988,2.7220849671383376,0.2703082452286394,0.0,0.0,0.0,0.05525214114604691,0.0,0,0.0,0,2.7220849671383376,,,,,,,,,,,
3166,11/30/1975,0.947,0.146,11.000,5.054,0.146,0.0,4.908,0.0,0.0,0.0,2.7220849671383376,0.0,0.0,0.1102051541663616,2.611879812971976,0.25283306983029463,0.0,0.0,0.0,0.0512306221830343,0.0,0,0.0,0,2.611879812971976,,,,,,,,,,,
3167,12/1/1975,0.754,2.997,12.000,5.337,2.997,0.0,2.34,0.0,0.0,0.0,2.611879812971976,0.0,0.0,0.10286976770771171,2.5090100452642643,0.2369312898284527,0.0,0.0,0.0,0.047604402543186736,0.0,0,0.0,0,2.5090100452642643,,,,,,,,,,,
3168,12/2/1975,3.618,13.630,12.000,5.337,5.337,8.293000000000001,0.0,0,8.203558554281571,0.0,10.712568599545836,0.0,0.0,1.0810732916969739,9.631495307848862,2.1309087557092354,0.08944144571843,0.08944144571843,0.0,0.5840285552173763,0.08944144571843,0,0.0,0,9.631495307848862,,,,,,,,,,,
3169,12/3/1975,2.251,8.984,12.000,5.337,5.337,3.6470000000000002,0.0,0,3.6470000000000002,0.08944144571843,13.278893457108266,0.0,0.08944144571843,1.5463302625990152,11.73256319450925,2.9626293005465762,0.0,0.0,0.00039814925940304455,0.8552827008338507,0.08904329645902696,0,0.0,0,11.73256319450925,,,,,,,,,,,
3170,12/4/1975,3.733,9.714,12.000,5.337,5.337,4.377000000000001,0.0,0,4.376601850740598,0.08904329645902696,16.109561422144868,0.0,0.08904329645902696,2.1338897297648725,13.975671692379995,3.97996580628114,0.0003981492594030382,0.0003981492594030382,0.0003963768950199571,1.2055435253200921,0.08904506882341005,0,0.0,0,13.975671692379995,,,,,,,,,,,
3171,12/5/1975,2.494,3.635,12.000,5.337,3.635,0.0,1.702,0.0,0.0,0.08904506882341005,13.975671692379995,0.08904506882341005,0.0,1.6839153712072619,12.291756321172734,3.203771856058801,0.0,0.0,0.0,0.9366201462620297,0.0,0,0.0,0,12.291756321172734,,,,,,,,,,,
3172,12/6/1975,1.626,11.366,12.000,5.337,5.337,6.029,0.0,0,5.93955855428157,0.0,18.231314875454302,0.0,0.0,2.6225821318643763,15.608732743589925,4.8046601787688115,0.08944144571843,0.08944144571843,0.0,1.5018719906949047,0.08944144571843,0,0.0,0,15.608732743589925,,,,,,,,,,,
3173,12/7/1975,4.646,10.522,12.000,5.337,5.337,5.1850000000000005,0.0,0,5.1850000000000005,0.08944144571843,20.79413089284933,0.0,0.08944144571843,3.265380040559394,17.52875085228994,5.865809498877395,0.0,0.0,0.00039814925940304455,1.897151706616189,0.08904329645902696,0,0.0,0,17.52875085228994,,,,,,,,,,,
3174,12/8/1975,2.251,1.369,12.000,5.337,1.369,0.0,3.968,0.0,0.0,0.08904329645902696,17.52875085228994,0.08904329645902696,0.0,2.4563149889832534,15.072435863306685,4.52598728056559,0.0,0.0,0.0,1.4006066442916063,0.0,0,0.0,0,15.072435863306685,,,,,,,,,,,
3175,12/9/1975,1.503,0.799,12.000,5.337,0.799,0.0,4.537999999999999,0.0,0.0,0.0,15.072435863306685,0.0,0.0,1.9098745971967128,13.162561266109972,3.5957855350169163,0.0,0.0,0.0,1.0711402924541469,0.0,0,0.0,0,13.162561266109972,,,,,,,,,,,
3176,12/10/1975,1.307,4.179,12.000,5.337,4.179,0.0,1.1579999999999995,0.0,0.0,0.0,13.162561266109972,0.0,0.0,1.5238180754602857,11.638743190649686,2.922983161442538,0.0,0.0,0.0,0.8420181667026014,0.0,0,0.0,0,11.638743190649686,,,,,,,,,,,
3177,12/11/1975,1.463,3.338,12.000,5.337,3.338,0.0,1.9989999999999997,0.0,0.0,0.0,11.638743190649686,0.0,0.0,1.241297614260343,10.397445576389343,2.420464551407329,0.0,0.0,0.0,0.6767125930157145,0.0,0,0.0,0,10.397445576389343,,,,,,,,,,,
3178,12/12/1975,1.307,1.273,12.000,5.337,1.273,0.0,4.064,0.0,0.0,0.0,10.397445576389343,0.0,0.0,1.0285929367402367,9.368852639649106,2.035252234020148,0.0,0.0,0.0,0.5538605449296076,0.0,0,0.0,0,9.368852639649106,,,,,,,,,,,
3179,12/13/1975,1.231,0.294,12.000,5.337,0.294,0.0,5.043,0.0,0.0,0.0,9.368852639649106,0.0,0.0,0.8646555329189937,8.504197106730112,1.7335462305640321,0.0,0.0,0.0,0.46029752038686433,0.0,0,0.0,0,8.504197106730112,,,,,,,,,,,
3180,12/14/1975,1.121,0.110,12.000,5.337,0.11,0.0,5.226999999999999,0.0,0.0,0.0,8.504197106730112,0.0,0.0,0.7357912867013507,7.768405820028762,1.4929246366475546,0.0,0.0,0.0,0.387559420546479,0.0,0,0.0,0,7.768405820028762,,,,,,,,,,,
3181,12/15/1975,0.849,0.381,12.000,5.337,0.381,0.0,4.9559999999999995,0.0,0.0,0.0,7.768405820028762,0.0,0.0,0.632779332855013,7.135626487173749,1.2980236653378265,0.0,0.0,0.0,0.3300090575189459,0.0,0,0.0,0,7.135626487173749,,,,,,,,,,,
3182,12/16/1975,0.914,0.108,12.000,5.337,0.108,0.0,5.229,0.0,0.0,0.0,7.135626487173749,0.0,0.0,0.5492279449210116,6.586398542252737,1.1380233935372084,0.0,0.0,0.0,0.28377850405086363,0.0,0,0.0,0,6.586398542252737,,,,,,,,,,,
3183,12/17/1975,0.849,0.396,12.000,5.337,0.396,0.0,4.941,0.0,0.0,0.0,6.586398542252737,0.0,0.0,0.48059486012974356,6.1058036821229935,1.0051226230255677,0.0,0.0,0.0,0.2461451644527716,0.0,0,0.0,0,6.1058036821229935,,,,,,,,,,,
3184,12/18/1975,0.881,1.400,12.000,5.337,1.4,0.0,3.937,0.0,0.0,0.0,6.1058036821229935,0.0,0.0,0.42358168348402897,5.682221998638965,0.8935806320220923,0.0,0.0,0.0,0.2151496947483753,0.0,0,0.0,0,5.682221998638965,,,,,,,,,,,
3185,12/19/1975,0.914,0.132,12.000,5.337,0.132,0.0,5.205,0.0,0.0,0.0,5.682221998638965,0.0,0.0,0.3757475059204961,5.306474492718468,0.7990965917275035,0.0,0.0,0.0,0.18935437491815765,0.0,0,0.0,0,5.306474492718468,,,,,,,,,,,
3186,12/20/1975,0.881,0.325,12.000,5.337,0.325,0.0,5.012,0.0,0.0,0.0,5.306474492718468,0.0,0.0,0.3352555012314023,4.971218991487066,0.7183969129706932,0.0,0.0,0.0,0.16768595920451793,0.0,0,0.0,0,4.971218991487066,,,,,,,,,,,
3187,12/21/1975,0.947,2.035,12.000,5.337,2.035,0.0,3.3019999999999996,0.0,0.0,0.0,4.971218991487066,0.0,0.0,0.30070265988060874,4.670516331606457,0.6489544061065722,0.0,0.0,0.0,0.1493309172349896,0.0,0,0.0,0,4.670516331606457,,,,,,,,,,,
3188,12/22/1975,0.914,0.746,12.000,5.337,0.746,0.0,4.590999999999999,0.0,0.0,0.0,4.670516331606457,0.0,0.0,0.27100289878544137,4.399513432821015,0.588793167671951,0.0,0.0,0.0,0.13366405493190112,0.0,0,0.0,0,4.399513432821015,,,,,,,,,,,
3189,12/23/1975,0.914,1.142,12.000,5.337,1.142,0.0,4.195,0.0,0.0,0.0,4.399513432821015,0.0,0.0,0.24530525846063586,4.154208174360379,0.5363505036053219,0.0,0.0,0.0,0.12019891873072243,0.0,0,0.0,0,4.154208174360379,,,,,,,,,,,
3190,12/24/1975,0.849,0.521,12.000,5.337,0.521,0.0,4.816,0.0,0.0,0.0,4.154208174360379,0.0,0.0,0.2229356577573982,3.9312725166029807,0.49037758134888126,0.0,0.0,0.0,0.10855272369510295,0.0,0,0.0,0,3.9312725166029807,,,,,,,,,,,
3191,12/25/1975,0.849,0.419,12.000,5.337,0.419,0.0,4.918,0.0,0.0,0.0,3.9312725166029807,0.0,0.0,0.20335476894689453,3.727917747656086,0.4498668665448584,0.0,0.0,0.0,0.09842115434063757,0.0,0,0.0,0,3.727917747656086,,,,,,,,,,,
3192,12/26/1975,0.817,1.563,12.000,5.337,1.563,0.0,3.774,0.0,0.0,0.0,3.727917747656086,0.0,0.0,0.1861271156085847,3.541790632047501,0.41399839426341484,0.0,0.0,0.0,0.089559995018221,0.0,0,0.0,0,3.541790632047501,,,,,,,,,,,
3193,12/27/1975,1.194,6.747,12.000,5.337,5.337,1.4100000000000001,0.0,0,1.3205585542815736,0.0,4.862349186329075,0.0,0.0,0.2898073205665566,4.572541865762518,0.6269374151495446,0.08944144571842638,0.08944144571842638,0.0,0.14357114716527478,0.08944144571842638,0,0.0,0,4.572541865762518,,,,,,,,,,,
3194,12/28/1975,1.626,5.560,12.000,5.337,5.337,0.22299999999999986,0.0,0,0.22299999999999626,0.08944144571842638,4.795940015021917,0.0,0.08944144571842638,0.28324049770759374,4.512699517314323,0.6136380314812966,3.599695062401406e-15,3.599695062401406e-15,0.00039814925940302845,0.1401064696389145,0.08904329645902695,0,0.0,0,4.512699517314323,,,,,,,,,,,
3195,12/29/1975,1.840,3.664,12.000,5.337,3.664,0.0,1.6729999999999996,0.0,0.0,0.08904329645902695,4.512699517314323,0.08904329645902695,0.0,0.2559134660361677,4.256786051278156,0.5580452574324247,0.0,0.0,0.0,0.12574672042538726,0.0,0,0.0,0,4.256786051278156,,,,,,,,,,,
3196,12/30/1975,1.929,2.037,12.000,5.337,2.037,0.0,3.3,0.0,0.0,0.0,4.256786051278156,0.0,0.0,0.23218570748301348,4.024600343795142,0.5094260131786842,0.0,0.0,0.0,0.11335963489879555,0.0,0,0.0,0,4.024600343795142,,,,,,,,,,,
3197,12/31/1975,1.585,3.746,12.000,5.337,3.746,0.0,1.5909999999999997,0.0,0.0,0.0,4.024600343795142,0.0,0.0,0.2114642929097873,3.8131360508853547,0.4666765257868973,0.0,0.0,0.0,0.10260974427672817,0.0,0,0.0,0,3.8131360508853547,,,,,,,,,,,
3198,1/1/1976,1.345,0.834,1.000,5.134,0.834,0.0,4.300000000000001,0.0,0.0,0.0,3.8131360508853547,0.0,0.0,0.19327229908432034,3.6198637518010344,0.4289017829052692,0.0,0.0,0.0,0.09322889127128857,0.0,0,0.0,0,3.6198637518010344,,,,,,,,,,,
3199,1/2/1976,1.194,0.485,1.000,5.134,0.485,0.0,4.649,0.0,0.0,0.0,3.6198637518010344,0.0,0.0,0.17722275569473325,3.442640996106301,0.3953700044897303,0.0,0.0,0.0,0.08500079679244875,0.0,0,0.0,0,3.442640996106301,,,,,,,,,,,
3200,1/3/1976,1.086,0.206,1.000,5.134,0.206,0.0,4.928,0.0,0.0,0.0,3.442640996106301,0.0,0.0,0.16299914944046662,3.279641846665834,0.36547828085018536,0.0,0.0,0.0,0.07774957913038794,0.0,0,0.0,0,3.279641846665834,,,,,,,,,,,
3201,1/4/1976,0.981,1.011,1.000,5.134,1.011,0.0,4.123,0.0,0.0,0.0,3.279641846665834,0.0,0.0,0.15034066831551435,3.1293011783503197,0.3387263534478796,0.0,0.0,0.0,0.07133111399409528,0.0,0,0.0,0,3.1293011783503197,,,,,,,,,,,
3202,1/5/1976,0.981,0.734,1.000,5.134,0.734,0.0,4.4,0.0,0.0,0.0,3.1293011783503197,0.0,0.0,0.13903091596027772,2.990270262390042,0.31469640608531596,0.0,0.0,0.0,0.06562646266556531,0.0,0,0.0,0,2.990270262390042,,,,,,,,,,,
3203,1/6/1976,0.947,0.811,1.000,5.134,0.811,0.0,4.323,0.0,0.0,0.0,2.990270262390042,0.0,0.0,0.12888919592743428,2.8613810664626076,0.2930373425471657,0.0,0.0,0.0,0.06053682358169317,0.0,0,0.0,0,2.8613810664626076,,,,,,,,,,,
3204,1/7/1976,0.914,0.010,1.000,5.134,0.01,0.0,5.1240000000000006,0.0,0.0,0.0,2.8613810664626076,0.0,0.0,0.11976371977758345,2.741617346685024,0.2734524481176091,0.0,0.0,0.0,0.05597961844046171,0.0,0,0.0,0,2.741617346685024,,,,,,,,,,,
3205,1/8/1976,0.817,0.095,1.000,5.134,0.095,0.0,5.039000000000001,0.0,0.0,0.0,2.741617346685024,0.0,0.0,0.11152626980145398,2.63009107688357,0.2556896281260446,0.0,0.0,0.0,0.051885431829404464,0.0,0,0.0,0,2.63009107688357,,,,,,,,,,,
3206,1/9/1976,0.817,0.256,1.000,5.134,0.256,0.0,4.878,0.0,0.0,0.0,2.63009107688357,0.0,0.0,0.10406797188027009,2.5260231050032997,0.23953362679674475,0.0,0.0,0.0,0.04819559907678812,0.0,0,0.0,0,2.5260231050032997,,,,,,,,,,,
3207,1/10/1976,0.785,0.511,1.000,5.134,0.511,0.0,4.623,0.0,0.0,0.0,2.5260231050032997,0.0,0.0,0.09729592297355912,2.4287271820297405,0.22479978070103057,0.0,0.0,0.0,0.044860290776803764,0.0,0,0.0,0,2.4287271820297405,,,,,,,,,,,
3208,1/11/1976,0.754,0.041,1.000,5.134,0.041,0.0,5.093,0.0,0.0,0.0,2.4287271820297405,0.0,0.0,0.09113048190767127,2.337596700122069,0.21132897082441524,0.0,0.0,0.0,0.04183698103275214,0.0,0,0.0,0,2.337596700122069,,,,,,,,,,,
3209,1/12/1976,0.754,0.039,1.000,5.134,0.039,0.0,5.095000000000001,0.0,0.0,0.0,2.337596700122069,0.0,0.0,0.08550307891663762,2.2520936212054314,0.1989835177674893,0.0,0.0,0.0,0.03908921446207693,0.0,0,0.0,0,2.2520936212054314,,,,,,,,,,,
3210,1/13/1976,0.724,0.214,1.000,5.134,0.214,0.0,4.92,0.0,0.0,0.0,2.2520936212054314,0.0,0.0,0.08035443381055744,2.171739187394874,0.18764382423097437,0.0,0.0,0.0,0.03658560752129374,0.0,0,0.0,0,2.171739187394874,,,,,,,,,,,
3211,1/14/1976,0.785,0.547,1.000,5.134,0.547,0.0,4.587000000000001,0.0,0.0,0.0,2.171739187394874,0.0,0.0,0.07563309820931671,2.0961060891855574,0.17720561349644987,0.0,0.0,0.0,0.03429903487738734,0.0,0,0.0,0,2.0961060891855574,,,,,,,,,,,
3212,1/15/1976,0.754,0.043,1.000,5.134,0.043,0.0,5.091,0.0,0.0,0.0,2.0961060891855574,0.0,0.0,0.07129425642471689,2.0248118327608404,0.16757764619127222,0.0,0.0,0.0,0.032205962865526294,0.0,0,0.0,0,2.0248118327608404,,,,,,,,,,,
3213,1/16/1976,0.694,0.337,1.000,5.134,0.337,0.0,4.797000000000001,0.0,0.0,0.0,2.0248118327608404,0.0,0.0,0.06729873402895648,1.957513098731884,0.15867982312567197,0.0,0.0,0.0,0.030285900579934404,0.0,0,0.0,0,1.957513098731884,,,,,,,,,,,
3214,1/17/1976,0.694,0.069,1.000,5.134,0.069,0.0,5.065,0.0,0.0,0.0,1.957513098731884,0.0,0.0,0.06361217414427038,1.8939009245876137,0.15044160149902322,0.0,0.0,0.0,0.02852094559105028,0.0,0,0.0,0,1.8939009245876137,,,,,,,,,,,
3215,1/18/1976,0.665,0.103,1.000,5.134,0.103,0.0,5.031000000000001,0.0,0.0,0.0,1.8939009245876137,0.0,0.0,0.06020434991505561,1.8336965746725582,0.14280066680307116,0.0,0.0,0.0,0.026895406202625538,0.0,0,0.0,0,1.8336965746725582,,,,,,,,,,,
3216,1/19/1976,0.665,0.456,1.000,5.134,0.456,0.0,4.678,0.0,0.0,0.0,1.8336965746725582,0.0,0.0,0.05704858812495386,1.7766479865476044,0.13570181440760098,0.0,0.0,0.0,0.025395485944339935,0.0,0,0.0,0,1.7766479865476044,,,,,,,,,,,
3217,1/20/1976,0.665,0.338,1.000,5.134,0.338,0.0,4.796,0.0,0.0,0.0,1.7766479865476044,0.0,0.0,0.054121283969617434,1.722526702577987,0.1290960039127698,0.0,0.0,0.0,0.024009018921443154,0.0,0,0.0,0,1.722526702577987,,,,,,,,,,,
3218,1/21/1976,0.724,5.668,1.000,5.134,5.134,0.5339999999999998,0.0,0,0.4445597204308591,0.0,2.167086423008846,0.0,0.0,0.07536322877264011,2.091723194236206,0.17660777751022688,0.08944027956914072,0.08944027956914072,0.0,0.03416861356557018,0.08944027956914072,0,0.0,0,2.091723194236206,,,,,,,,,,,
3219,1/22/1976,0.665,4.847,1.000,5.134,4.847,0.0,0.2869999999999999,0.0,0.0,0.08944027956914072,2.092012032006971,0.024554895042579437,0.06488538452656128,0.07106232423219194,2.020949707774779,0.16706199234754446,0.0,0.0,0.0002888377707652467,0.03209430941707411,0.06459654675579604,0,0.0,0,2.020949707774779,,,,,,,,,,,
3220,1/23/1976,0.665,0.137,1.000,5.134,0.137,0.0,4.997,0.0,0.0,0.06459654675579604,2.020949707774779,0.06459654675579604,0.0,0.06708492746809966,1.9538647803066795,0.15820279759122066,0.0,0.0,0.0,0.03018336252385526,0.0,0,0.0,0,1.9538647803066795,,,,,,,,,,,
3221,1/24/1976,0.636,0.080,1.000,5.134,0.08,0.0,5.054,0.0,0.0,0.0,1.9538647803066795,0.0,0.0,0.0634147014265836,1.890450078880096,0.14999951720817217,0.0,0.0,0.0,0.028426591164683636,0.0,0,0.0,0,1.890450078880096,,,,,,,,,,,
3222,1/25/1976,0.636,0.045,1.000,5.134,0.045,0.0,5.089,0.0,0.0,0.0,1.890450078880096,0.0,0.0,0.060021632055337275,1.8304284468247587,0.14239026163685015,0.0,0.0,0.0,0.026808417325740307,0.0,0,0.0,0,1.8304284468247587,,,,,,,,,,,
3223,1/26/1976,0.665,0.076,1.000,5.134,0.076,0.0,5.058000000000001,0.0,0.0,0.0,1.8304284468247587,0.0,0.0,0.056879229594113,1.7735492172306457,0.13532019411249224,0.0,0.0,0.0,0.025315142186426068,0.0,0,0.0,0,1.7735492172306457,,,,,,,,,,,
3224,1/27/1976,0.636,0.154,1.000,5.134,0.154,0.0,4.98,0.0,0.0,0.0,1.7735492172306457,0.0,0.0,0.053964047934664666,1.7195851692959812,0.12874059373487157,0.0,0.0,0.0,0.023934684023267025,0.0,0,0.0,0,1.7195851692959812,,,,,,,,,,,
3225,1/28/1976,0.636,0.300,1.000,5.134,0.3,0.0,4.8340000000000005,0.0,0.0,0.0,1.7195851692959812,0.0,0.0,0.051255278293201575,1.6683298910027795,0.12260806004640386,0.0,0.0,0.0,0.02265635741835815,0.0,0,0.0,0,1.6683298910027795,,,,,,,,,,,
3226,1/29/1976,0.636,0.432,1.000,5.134,0.432,0.0,4.702,0.0,0.0,0.0,1.6683298910027795,0.0,0.0,0.048734404402557996,1.6195954866002216,0.11688383526876413,0.0,0.0,0.0,0.021470686543108325,0.0,0,0.0,0,1.6195954866002216,,,,,,,,,,,
3227,1/30/1976,0.636,1.143,1.000,5.134,1.143,0.0,3.9910000000000005,0.0,0.0,0.0,1.6195954866002216,0.0,0.0,0.046384908849395196,1.5732105777508263,0.11153322476877281,0.0,0.0,0.0,0.020369246674567264,0.0,0,0.0,0,1.5732105777508263,,,,,,,,,,,
3228,1/31/1976,0.636,1.295,1.000,5.134,1.295,0.0,3.8390000000000004,0.0,0.0,0.0,1.5732105777508263,0.0,0.0,0.04419202210352136,1.5290185556473048,0.10652509985502913,0.0,0.0,0.0,0.01934452919982683,0.0,0,0.0,0,1.5290185556473048,,,,,,,,,,,
3229,2/1/1976,0.636,2.058,2.000,4.866,2.058,0.0,2.808,0.0,0.0,0.0,1.5290185556473048,0.0,0.0,0.042142507321479575,1.4868760483258252,0.10183146983941248,0.0,0.0,0.0,0.0183898262383261,0.0,0,0.0,0,1.4868760483258252,,,,,,,,,,,
3230,2/2/1976,2.157,18.081,2.000,4.866,4.866,13.215,0.0,0,13.12555855428157,0.0,14.612434602607395,0.0,0.0,1.8137193189910783,12.798715283616318,3.4295489505313688,0.08944144571843,0.08944144571843,0.0,1.013760498702039,0.08944144571843,0,0.0,0,12.798715283616318,,,,,,,,,,,
3231,2/3/1976,2.204,9.039,2.000,4.866,4.866,4.173,0.0,0,4.173,0.08944144571843,16.972113432875723,0.0,0.08944144571843,2.3276927521417567,14.644420680733965,4.309091263808119,0.0,0.0,0.00039814925940304455,1.322576448617452,0.08904329645902696,0,0.0,0,14.644420680733965,,,,,,,,,,,
3232,2/4/1976,1.345,2.223,2.000,4.866,2.223,0.0,2.643,0.0,0.0,0.08904329645902696,14.644420680733965,0.08904329645902696,0.0,1.8203410865855798,12.824079594148385,3.4410238859800386,0.0,0.0,0.0,1.0177056823034796,0.0,0,0.0,0,12.824079594148385,,,,,,,,,,,
3233,2/5/1976,0.981,0.845,2.000,4.866,0.845,0.0,4.021,0.0,0.0,0.0,12.824079594148385,0.0,0.0,1.4590699714710722,11.365009622677313,2.8086447681941,0.0,0.0,0.0,0.80394004395468,0.0,0,0.0,0,11.365009622677313,,,,,,,,,,,
3234,2/6/1976,0.881,0.232,2.000,4.866,0.232,0.0,4.6339999999999995,0.0,0.0,0.0,11.365009622677313,0.0,0.0,1.1930229302840707,10.171986692393242,2.3335998504921673,0.0,0.0,0.0,0.6486995191436185,0.0,0,0.0,0,10.171986692393242,,,,,,,,,,,
3235,2/7/1976,0.754,0.157,2.000,4.866,0.157,0.0,4.709,0.0,0.0,0.0,10.171986692393242,0.0,0.0,0.9916888195168778,9.180297872876364,1.967728243705808,0.0,0.0,0.0,0.5327067238566212,0.0,0,0.0,0,9.180297872876364,,,,,,,,,,,
3236,2/8/1976,0.724,0.221,2.000,4.866,0.221,0.0,4.645,0.0,0.0,0.0,9.180297872876364,0.0,0.0,0.8358475355891579,8.344450337287206,1.6800377123747245,0.0,0.0,0.0,0.44397064279130183,0.0,0,0.0,0,8.344450337287206,,,,,,,,,,,
3237,2/9/1976,0.694,0.566,2.000,4.866,0.566,0.0,4.3,0.0,0.0,0.0,8.344450337287206,0.0,0.0,0.7129000882349723,7.631550249052234,1.4498226636824267,0.0,0.0,0.0,0.3747219649899288,0.0,0,0.0,0,7.631550249052234,,,,,,,,,,,
3238,2/10/1976,0.694,0.460,2.000,4.866,0.46,0.0,4.406,0.0,0.0,0.0,7.631550249052234,0.0,0.0,0.6143092548685036,7.01724099418373,1.2628105558037366,0.0,0.0,0.0,0.3197526070292054,0.0,0,0.0,0,7.01724099418373,,,,,,,,,,,
3239,2/11/1976,0.665,0.591,2.000,4.866,0.591,0.0,4.2749999999999995,0.0,0.0,0.0,7.01724099418373,0.0,0.0,0.5341252359965458,6.483115758187184,1.1088987117950784,0.0,0.0,0.0,0.2754692674995268,0.0,0,0.0,0,6.483115758187184,,,,,,,,,,,
3240,2/12/1976,0.724,1.129,2.000,4.866,1.129,0.0,3.7369999999999997,0.0,0.0,0.0,6.483115758187184,0.0,0.0,0.4681001046617581,6.015015653525426,0.9807709586482156,0.0,0.0,0.0,0.23933055205560103,0.0,0,0.0,0,6.015015653525426,,,,,,,,,,,
3241,2/13/1976,0.914,7.954,2.000,4.866,4.866,3.088,0.0,0,2.99855855428157,0.0,9.013574207806997,0.0,0.0,0.8107012494385293,8.202872958368467,1.6332010703373039,0.08944144571843,0.08944144571843,0.0,0.42974922910961694,0.08944144571843,0,0.0,0,8.202872958368467,,,,,,,,,,,
3242,2/14/1976,0.881,7.109,2.000,4.866,4.866,2.2430000000000003,0.0,0,2.2430000000000003,0.08944144571843,10.44627110762787,0.0,0.08944144571843,1.0366558414516374,9.409615266176234,2.0499762593865327,0.0,0.0,0.00039814925940304455,0.5584889997667255,0.08904329645902696,0,0.0,0,9.409615266176234,,,,,,,,,,,
3243,2/15/1976,0.849,2.747,2.000,4.866,2.747,0.0,2.1189999999999998,0.0,0.0,0.08904329645902696,9.409615266176234,0.08904329645902696,0.0,0.8709346230765638,8.53868064309967,1.7451885717617726,0.0,0.0,0.0,0.46386097835364626,0.0,0,0.0,0,8.53868064309967,,,,,,,,,,,
3244,2/16/1976,0.914,1.617,2.000,4.866,1.617,0.0,3.2489999999999997,0.0,0.0,0.0,8.53868064309967,0.0,0.0,0.7407705858025662,7.797910057297105,1.5022851389805494,0.0,0.0,0.0,0.3903553373686763,0.0,0,0.0,0,7.797910057297105,,,,,,,,,,,
3245,2/17/1976,1.194,3.076,2.000,4.866,3.076,0.0,1.7899999999999996,0.0,0.0,0.0,7.797910057297105,0.0,0.0,0.6367898719797463,7.161120185317358,1.3056584864429792,0.0,0.0,0.0,0.3322387378274056,0.0,0,0.0,0,7.161120185317358,,,,,,,,,,,
3246,2/18/1976,0.947,1.084,2.000,4.866,1.084,0.0,3.7819999999999996,0.0,0.0,0.0,7.161120185317358,0.0,0.0,0.5525022474230763,6.608617937894282,1.1443291248910175,0.0,0.0,0.0,0.28558196432626437,0.0,0,0.0,0,6.608617937894282,,,,,,,,,,,
3247,2/19/1976,0.849,0.353,2.000,4.866,0.353,0.0,4.513,0.0,0.0,0.0,6.608617937894282,0.0,0.0,0.48330006411424226,6.125317873780039,1.0103883028148612,0.0,0.0,0.0,0.24762212325021432,0.0,0,0.0,0,6.125317873780039,,,,,,,,,,,
3248,2/20/1976,0.849,1.535,2.000,4.866,1.535,0.0,3.3309999999999995,0.0,0.0,0.0,6.125317873780039,0.0,0.0,0.4258403697471368,5.699477504032902,0.8980209629614343,0.0,0.0,0.0,0.21637265242117432,0.0,0,0.0,0,5.699477504032902,,,,,,,,,,,
3249,2/21/1976,0.785,1.404,2.000,4.866,1.404,0.0,3.4619999999999997,0.0,0.0,0.0,5.699477504032902,0.0,0.0,0.37765118434391787,5.321826319688984,0.8028737596777566,0.0,0.0,0.0,0.19037701071437038,0.0,0,0.0,0,5.321826319688984,,,,,,,,,,,
3250,2/22/1976,1.345,10.574,2.000,4.866,4.866,5.708,0.0,0,5.61855855428157,0.0,10.940384873970554,0.0,0.0,1.1196615867527315,9.820723287217824,2.200978940671195,0.08944144571843,0.08944144571843,0.0,0.6062726419506608,0.08944144571843,0,0.0,0,9.820723287217824,,,,,,,,,,,
3251,2/23/1976,2.019,9.181,2.000,4.866,4.866,4.3149999999999995,0.0,0,4.3149999999999995,0.08944144571843,14.136121436477227,0.0,0.08944144571843,1.7162592475282115,12.419862188949015,3.2601818325946006,0.0,0.0,0.00039814925940304455,0.9558061237067672,0.08904329645902696,0,0.0,0,12.419862188949015,,,,,,,,,,,
3252,2/24/1976,1.231,2.242,2.000,4.866,2.242,0.0,2.6239999999999997,0.0,0.0,0.08904329645902696,12.419862188949015,0.08904329645902696,0.0,1.3832278982876047,11.03663429066141,2.67410861856771,0.0,0.0,0.0,0.7594791760240729,0.0,0,0.0,0,11.03663429066141,,,,,,,,,,,
3253,2/25/1976,1.015,0.383,2.000,4.866,0.383,0.0,4.483,0.0,0.0,0.0,11.03663429066141,0.0,0.0,1.136126957709524,9.900507332951886,2.2308111101892987,0.0,0.0,0.0,0.615779515601075,0.0,0,0.0,0,9.900507332951886,,,,,,,,,,,
3254,2/26/1976,0.914,2.125,2.000,4.866,2.125,0.0,2.7409999999999997,0.0,0.0,0.0,9.900507332951886,0.0,0.0,0.9479705836433059,8.95253674930858,1.8874486638484682,0.0,0.0,0.0,0.5077140868656741,0.0,0,0.0,0,8.95253674930858,,,,,,,,,,,
3255,2/27/1976,0.754,0.853,2.000,4.866,0.853,0.0,4.013,0.0,0.0,0.0,8.95253674930858,0.0,0.0,0.8015721731013852,8.150964576207194,1.6161669829629886,0.0,0.0,0.0,0.4245934357426857,0.0,0,0.0,0,8.150964576207194,,,,,,,,,,,
3256,2/28/1976,0.694,0.899,2.000,4.866,0.899,0.0,3.9669999999999996,0.0,0.0,0.0,8.150964576207194,0.0,0.0,0.6855631320355445,7.46540144417165,1.3981972298016954,0.0,0.0,0.0,0.3594268900348965,0.0,0,0.0,0,7.46540144417165,,,,,,,,,,,
3257,2/29/1976,0.665,0.670,2.000,4.866,0.67,0.0,4.196,0.0,0.0,0.0,7.46540144417165,0.0,0.0,0.5921808904812637,6.873220553690386,1.2205082795277467,0.0,0.0,0.0,0.3074914524451784,0.0,0,0.0,0,6.873220553690386,,,,,,,,,,,
3258,3/1/1976,0.665,0.636,3.000,4.631,0.636,0.0,3.995,0.0,0.0,0.0,6.873220553690386,0.0,0.0,0.5159800515429506,6.357240502147436,1.0738190570146005,0.0,0.0,0.0,0.26550658157827933,0.0,0,0.0,0,6.357240502147436,,,,,,,,,,,
3259,3/2/1976,0.636,1.071,3.000,4.631,1.071,0.0,3.5600000000000005,0.0,0.0,0.0,6.357240502147436,0.0,0.0,0.4530507434061827,5.904189758741253,0.951372305212393,0.0,0.0,0.0,0.2311385683910243,0.0,0,0.0,0,5.904189758741253,,,,,,,,,,,
3260,3/3/1976,0.607,1.635,3.000,4.631,1.635,0.0,2.9960000000000004,0.0,0.0,0.0,5.904189758741253,0.0,0.0,0.40052806870310675,5.503661690038146,0.8481528948614173,0.0,0.0,0.0,0.20269231858414455,0.0,0,0.0,0,5.503661690038146,,,,,,,,,,,
3261,3/4/1976,0.636,3.807,3.000,4.631,3.807,0.0,0.8240000000000003,0.0,0.0,0.0,5.503661690038146,0.0,0.0,0.3562749829142912,5.147386707123855,0.7603751680635367,0.0,0.0,0.0,0.17891381058667577,0.0,0,0.0,0,5.147386707123855,,,,,,,,,,,
3262,3/5/1976,0.665,4.779,3.000,4.631,4.631,0.1479999999999997,0.0,0,0.06486402867709108,0.0,5.2122507358009456,0.0,0.0,0.32539280334282367,4.886857932458122,0.698632369697216,0.0831359713229086,0.0831359713229086,0.0,0.16243343628316137,0.0831359713229086,0,0.0,0,4.886857932458122,,,,,,,,,,,
3263,3/6/1976,0.694,3.087,3.000,4.631,3.087,0.0,1.544,0.0,0.0,0.0831359713229086,4.886857932458122,0.0831359713229086,0.0,0.2922460393320295,4.594611893126093,0.6318707336518795,0.0,0.0,0.0,0.1448591456155801,0.0,0,0.0,0,4.594611893126093,,,,,,,,,,,
3264,3/7/1976,0.724,20.163,3.000,4.631,4.631,15.532,0.0,0,15.44255855428157,0.0,20.03717044740766,0.0,0.0,3.06967996067596,16.967490486731702,5.54529127226822,0.08944144571843,0.08944144571843,0.0,1.7762140477209971,0.08944144571843,0,0.0,0,16.967490486731702,,,,,,,,,,,
3265,3/8/1976,12.984,29.950,3.000,4.631,4.631,25.319,0.0,0,25.319,0.08944144571843,42.286888635991104,0.0,0.08944144571843,10.658808631697115,31.62808000429399,16.997895261339448,0.0,0.0,0.00039814925940304455,6.693967646251794,0.08904329645902696,0,0.0,0,31.62808000429399,,,,,,,,,,,
3266,3/9/1976,22.464,28.288,3.000,4.631,4.631,23.657,0.0,0,23.656601850740596,0.08904329645902696,55.28507823192961,0.0,0.08904329645902696,16.661432030403077,38.62364620152653,25.232279516291587,0.0003981492594030382,0.0003981492594030382,0.0003963768950199571,10.775881234596966,0.08904506882341005,0,0.0,0,38.62364620152653,,,,,,,,,,,
3267,3/10/1976,15.774,16.035,3.000,4.631,4.631,11.404,0.0,0,11.40360362310498,0.08904506882341005,50.027646209416226,0.0,0.08904506882341005,14.105307600708402,35.922338608707825,21.787514787734356,0.00039637689501995115,0.00039637689501995115,0.000396384784713162,9.023264778743275,0.08904506093371685,0,0.0,0,35.922338608707825,,,,,,,,,,,
3268,3/11/1976,4.583,7.720,3.000,4.631,4.631,3.0889999999999995,0.0,0,3.0886036152152863,0.08904506093371685,39.0113386086727,0.0,0.08904506093371685,9.318597051580236,29.692741557092468,15.081485579425447,0.0003963847847131611,0.0003963847847131611,0.0003963847495921342,5.800767859944386,0.08904506096883787,0,0.0,0,29.692741557092468,,,,,,,,,,,
3269,3/12/1976,3.391,3.623,3.000,4.631,3.623,0.0,1.008,0.0,0.0,0.08904506096883787,29.69275565878445,0.08587721451924861,0.0031678464495892567,5.912665167201708,23.78009049158274,10.03455979104521,0.0,0.0,1.4101691980439806e-05,3.572055737696225,0.003153744757608817,0,0.0,0,23.78009049158274,,,,,,,,,,,
3270,3/13/1976,2.798,1.256,3.000,4.631,1.256,0.0,3.375,0.0,0.0,0.003153744757608817,23.78009049158274,0.003153744757608817,0.0,4.083710527910457,19.696379963672285,7.185046171148657,0.0,0.0,0.0,2.4077638825348853,0.0,0,0.0,0,19.696379963672285,,,,,,,,,,,
3271,3/14/1976,2.299,1.846,3.000,4.631,1.846,0.0,2.785,0.0,0.0,0.0,19.696379963672285,0.0,0.0,2.983159453737617,16.71322050993467,5.4029031314989835,0.0,0.0,0.0,1.7229062608096595,0.0,0,0.0,0,16.71322050993467,,,,,,,,,,,
3272,3/15/1976,1.711,0.571,3.000,4.631,0.571,0.0,4.0600000000000005,0.0,0.0,0.0,16.71322050993467,0.0,0.0,2.2688163859960646,14.444404123938604,4.2094064450621085,0.0,0.0,0.0,1.2869520468423017,0.0,0,0.0,0,14.444404123938604,,,,,,,,,,,
3273,3/16/1976,1.269,0.495,3.000,4.631,0.495,0.0,4.136,0.0,0.0,0.0,14.444404123938604,0.0,0.0,1.7790923642483865,12.665311759690217,3.3694770199654474,0.0,0.0,0.0,0.993145611260662,0.0,0,0.0,0,12.665311759690217,,,,,,,,,,,
3274,3/17/1976,1.157,0.307,3.000,4.631,0.307,0.0,4.324,0.0,0.0,0.0,12.665311759690217,0.0,0.0,1.4290878238577849,11.236223935832433,2.7555393484443065,0.0,0.0,0.0,0.7863449914220495,0.0,0,0.0,0,11.236223935832433,,,,,,,,,,,
3275,3/18/1976,1.086,0.192,3.000,4.631,0.192,0.0,4.439,0.0,0.0,0.0,11.236223935832433,0.0,0.0,1.1705763749949465,10.065647560837487,2.2931018232020026,0.0,0.0,0.0,0.6356993238867819,0.0,0,0.0,0,10.065647560837487,,,,,,,,,,,
3276,3/19/1976,1.050,0.424,3.000,4.631,0.424,0.0,4.207,0.0,0.0,0.0,10.065647560837487,0.0,0.0,0.9744703839024574,9.09117717693503,1.9361479990230857,0.0,0.0,0.0,0.5228545325049968,0.0,0,0.0,0,9.09117717693503,,,,,,,,,,,
3277,3/20/1976,0.981,0.225,3.000,4.631,0.225,0.0,4.406000000000001,0.0,0.0,0.0,9.09117717693503,0.0,0.0,0.8223675801463313,8.2688095967887,1.6549456359453303,0.0,0.0,0.0,0.4363435350986,0.0,0,0.0,0,8.2688095967887,,,,,,,,,,,
3278,3/21/1976,0.881,0.774,3.000,4.631,0.774,0.0,3.857,0.0,0.0,0.0,8.2688095967887,0.0,0.0,0.7021621753629361,7.566647421425763,1.4295643669371314,0.0,0.0,0.0,0.36870939746189796,0.0,0,0.0,0,7.566647421425763,,,,,,,,,,,
3279,3/22/1976,4.395,10.434,3.000,4.631,4.631,5.802999999999999,0.0,0,5.713558554281569,0.0,13.280205975707332,0.0,0.0,1.5465850094906382,11.733620966216694,2.963077621193886,0.08944144571843,0.08944144571843,0.0,0.8554328747739556,0.08944144571843,0,0.0,0,11.733620966216694,,,,,,,,,,,
3280,3/23/1976,5.298,13.323,3.000,4.631,4.631,8.692,0.0,0,8.692,0.08944144571843,20.426019115476098,0.0,0.08944144571843,3.16960639790101,17.25641271757509,5.709214459187441,0.0,0.0,0.00039814925940304455,1.837904611623521,0.08904329645902696,0,0.0,0,17.25641271757509,,,,,,,,,,,
3281,3/24/1976,2.251,1.671,3.000,4.631,1.671,0.0,2.96,0.0,0.0,0.08904329645902696,17.25641271757509,0.08904329645902696,0.0,2.3930401031913133,14.863372614383774,4.419434586272274,0.0,0.0,0.0,1.3621856879390735,0.0,0,0.0,0,14.863372614383774,,,,,,,,,,,
3282,3/25/1976,1.840,3.081,3.000,4.631,3.081,0.0,1.5500000000000003,0.0,0.0,0.0,14.863372614383774,0.0,0.0,1.8659273068982174,12.997445307485556,3.519911599519968,0.0,0.0,0.0,1.0448909632596681,0.0,0,0.0,0,12.997445307485556,,,,,,,,,,,
3283,3/26/1976,1.307,1.113,3.000,4.631,1.113,0.0,3.5180000000000002,0.0,0.0,0.0,12.997445307485556,0.0,0.0,1.4920925975720205,11.505352709913536,2.867017543433338,0.0,0.0,0.0,0.8233469389227797,0.0,0,0.0,0,11.505352709913536,,,,,,,,,,,
3284,3/27/1976,1.157,4.874,3.000,4.631,4.631,0.24299999999999944,0.0,0,0.15433630556468841,0.0,11.659689015478225,0.0,0.0,1.245023044623713,10.414665970854513,2.4271550958254773,0.08866369443531101,0.08866369443531101,0.0,0.6788774216506841,0.08866369443531101,0,0.0,0,10.414665970854513,,,,,,,,,,,
3285,3/28/1976,8.558,25.540,3.000,4.631,4.631,20.909,0.0,0,20.90822224871688,0.08866369443531101,31.323282906665185,0.0,0.08866369443531101,6.463651012636336,24.859631894028848,10.871218936053072,0.0007777512831189979,0.0007777512831189979,0.00039468709379417865,3.927886805555561,0.08904675862463582,0,0.0,0,24.859631894028848,,,,,,,,,,,
3286,3/29/1976,22.583,42.453,3.000,4.631,4.631,37.822,0.0,0,37.82160531290621,0.08904675862463582,62.68163359924193,0.0,0.08904675862463582,20.539961367452324,42.1416722317896,30.31629313120513,0.0003946870937941844,0.0003946870937941844,0.00039639230687585933,13.468539895244433,0.08904505341155415,0,0.0,0,42.1416722317896,,,,,,,,,,,
3287,3/30/1976,80.570,26.199,3.000,4.631,4.631,21.568,0.0,0,21.567603607693126,0.08904505341155415,63.70967222419883,0.0,0.08904505341155415,21.10448357698889,42.60518864720994,31.043568501503966,0.0003963923068758548,0.0003963923068758548,0.00039638471610717107,13.863421619795535,0.08904506100232283,0,0.0,0,42.60518864720994,,,,,,,,,,,
3288,3/31/1976,40.244,10.848,3.000,4.631,4.631,6.2170000000000005,0.0,0,6.216603615283893,0.08904506100232283,48.822188647243735,0.0,0.08904506100232283,13.543404584611805,35.27878406263193,21.018801993744137,0.0003963847161071714,0.0003963847161071714,0.0003963847498975342,8.640667726402125,0.08904506096853247,0,0.0,0,35.27878406263193,,,,,,,,,,,
3289,4/1/1976,10.153,6.090,4.000,4.235,4.235,1.8549999999999995,0.0,0,1.854603615250102,0.08904506096853247,37.133784062631776,0.0,0.08904506096853247,8.583171513705729,28.550612548926047,14.014824869234657,0.0003963847498975323,0.0003963847498975323,0.0003963847497471162,5.314146073140611,0.0890450609686829,0,0.0,0,28.550612548926047,,,,,,,,,,,
3290,4/2/1976,7.074,5.494,4.000,4.235,4.235,1.2589999999999995,0.0,0,1.2586036152502527,0.0890450609686829,29.809612548926047,0.0,0.0890450609686829,5.951498526463072,23.858114022462974,10.093823750432758,0.00039638474974687565,0.00039638474974687565,0.0003963847497477858,3.59706549282738,0.08904506096868198,0,0.0,0,23.858114022462974,,,,,,,,,,,
3291,4/3/1976,5.365,1.966,4.000,4.235,1.966,0.0,2.269,0.0,0.0,0.08904506096868198,23.858114022462974,0.08904506096868198,0.0,4.106066334515952,19.752047687947023,7.220650730241294,0.0,0.0,0.0,2.421814754147619,0.0,0,0.0,0,19.752047687947023,,,,,,,,,,,
3292,4/4/1976,4.903,1.374,4.000,4.235,1.374,0.0,2.861,0.0,0.0,0.0,19.752047687947023,0.0,0.0,2.99722482169305,16.754822866253974,5.426080078889692,0.0,0.0,0.0,1.7315654940925727,0.0,0,0.0,0,16.754822866253974,,,,,,,,,,,
3293,4/5/1976,3.116,0.195,4.000,4.235,0.195,0.0,4.04,0.0,0.0,0.0,16.754822866253974,0.0,0.0,2.2782367131188317,14.476586153135143,4.225373548045054,0.0,0.0,0.0,1.2926479702461215,0.0,0,0.0,0,14.476586153135143,,,,,,,,,,,
3294,4/6/1976,2.299,3.182,4.000,4.235,3.182,0.0,1.0530000000000004,0.0,0.0,0.0,14.476586153135143,0.0,0.0,1.7857036111261684,12.690882542008975,3.3809550932549044,0.0,0.0,0.0,0.9970795422288977,0.0,0,0.0,0,12.690882542008975,,,,,,,,,,,
3295,4/7/1976,2.111,0.707,4.000,4.235,0.707,0.0,3.5280000000000005,0.0,0.0,0.0,12.690882542008975,0.0,0.0,1.4338998492478103,11.256982692761165,2.764069532665626,0.0,0.0,0.0,0.7891673102340488,0.0,0,0.0,0,11.256982692761165,,,,,,,,,,,
3296,4/8/1976,2.111,2.100,4.000,4.235,2.1,0.0,2.1350000000000002,0.0,0.0,0.0,11.256982692761165,0.0,0.0,1.174182965008378,10.082799727752787,2.299613531546679,0.0,0.0,0.0,0.6377870265477915,0.0,0,0.0,0,10.082799727752787,,,,,,,,,,,
3297,4/9/1976,1.974,0.647,4.000,4.235,0.647,0.0,3.588,0.0,0.0,0.0,10.082799727752787,0.0,0.0,0.9772395004550234,9.105560227297763,1.9412301124493399,0.0,0.0,0.0,0.5244382216093231,0.0,0,0.0,0,9.105560227297763,,,,,,,,,,,
3298,4/10/1976,1.840,1.556,4.000,4.235,1.556,0.0,2.6790000000000003,0.0,0.0,0.0,9.105560227297763,0.0,0.0,0.8245371545092044,8.281023072788559,1.658986526199318,0.0,0.0,0.0,0.4375705523359956,0.0,0,0.0,0,8.281023072788559,,,,,,,,,,,
3299,4/11/1976,1.668,7.710,4.000,4.235,4.235,3.4749999999999996,0.0,0,3.3855585542815696,0.0,11.666581627070128,0.0,0.0,1.2462499428600573,10.42033168421007,2.4293580965820567,0.08944144571843,0.08944144571843,0.0,0.6795904593439224,0.08944144571843,0,0.0,0,10.42033168421007,,,,,,,,,,,
3300,4/12/1976,3.909,12.494,4.000,4.235,4.235,8.259,0.0,0,8.259,0.08944144571843,18.679729833469473,0.0,0.08944144571843,2.730968951433508,15.948760882035966,4.985338084599789,0.0,0.0,0.00039814925940304455,1.5681148180115132,0.08904329645902696,0,0.0,0,15.948760882035966,,,,,,,,,,,
3301,4/13/1976,6.702,1.238,4.000,4.235,1.238,0.0,2.9970000000000003,0.0,0.0,0.08904329645902696,15.948760882035966,0.08904329645902696,0.0,2.0985082909596393,13.850252591076327,3.919563777620171,0.0,0.0,0.0,1.1842511507876423,0.0,0,0.0,0,13.850252591076327,,,,,,,,,,,
3302,4/14/1976,2.798,3.651,4.000,4.235,3.651,0.0,0.5840000000000005,0.0,0.0,0.0,13.850252591076327,0.0,0.0,1.6588047404986679,12.191447850577658,3.1599056181193497,0.0,0.0,0.0,0.9217415269516472,0.0,0,0.0,0,12.191447850577658,,,,,,,,,,,
3303,4/15/1976,2.251,2.445,4.000,4.235,2.445,0.0,1.7900000000000005,0.0,0.0,0.0,12.191447850577658,0.0,0.0,1.3410899878777884,10.85035786269987,2.599065732828184,0.0,0.0,0.0,0.734845380357385,0.0,0,0.0,0,10.85035786269987,,,,,,,,,,,
3304,4/16/1976,2.494,3.434,4.000,4.235,3.434,0.0,0.8010000000000002,0.0,0.0,0.0,10.85035786269987,0.0,0.0,1.1043478288263562,9.746010033873514,2.1731979082536412,0.0,0.0,0.0,0.5974389437171831,0.0,0,0.0,0,9.746010033873514,,,,,,,,,,,
3305,4/17/1976,1.840,1.731,4.000,4.235,1.731,0.0,2.5040000000000004,0.0,0.0,0.0,9.746010033873514,0.0,0.0,0.9234439386460431,8.82256609522747,1.8422692083605376,0.0,0.0,0.0,0.4937257675884236,0.0,0,0.0,0,8.82256609522747,,,,,,,,,,,
3306,4/18/1976,1.711,6.657,4.000,4.235,4.235,2.4219999999999997,0.0,0,2.3325585542815697,0.0,11.155124649509041,0.0,0.0,1.1565289026394767,9.998595746869565,2.2677217285357405,0.08944144571843,0.08944144571843,0.0,0.6275718809231952,0.08944144571843,0,0.0,0,9.998595746869565,,,,,,,,,,,
3307,4/19/1976,3.792,12.694,4.000,4.235,4.235,8.459,0.0,0,8.459,0.08944144571843,18.45799389612897,0.0,0.08944144571843,2.6771535111778015,15.780840384951167,4.895723776843663,0.0,0.0,0.00039814925940304455,1.535202346906459,0.08904329645902696,0,0.0,0,15.780840384951167,,,,,,,,,,,
3308,4/20/1976,3.503,2.482,4.000,4.235,2.482,0.0,1.7530000000000001,0.0,0.0,0.08904329645902696,15.780840384951167,0.08904329645902696,0.0,2.0618132366823656,13.719027148268802,3.856812240076424,0.0,0.0,0.0,1.1621931950527415,0.0,0,0.0,0,13.719027148268802,,,,,,,,,,,
3309,4/21/1976,2.494,0.855,4.000,4.235,0.855,0.0,3.3800000000000003,0.0,0.0,0.0,13.719027148268802,0.0,0.0,1.6326934004921763,12.086333747776626,3.1142238553824404,0.0,0.0,0.0,0.906285678251696,0.0,0,0.0,0,12.086333747776626,,,,,,,,,,,
3310,4/22/1976,1.884,2.573,4.000,4.235,2.573,0.0,1.6620000000000004,0.0,0.0,0.0,12.086333747776626,0.0,0.0,1.3218740663275863,10.76445968144904,2.5647722974694824,0.0,0.0,0.0,0.7236285678704766,0.0,0,0.0,0,10.76445968144904,,,,,,,,,,,
3311,4/23/1976,1.626,5.425,4.000,4.235,4.235,1.1899999999999995,0.0,0,1.1005585542820664,0.0,11.865018235731107,0.0,0.0,1.281778929415147,10.58323930631596,2.4930682585273463,0.08944144571793322,0.08944144571793322,0.0,0.7002587435952058,0.08944144571793322,0,0.0,0,10.58323930631596,,,,,,,,,,,
3312,4/24/1976,4.271,3.799,4.000,4.235,3.799,0.0,0.4360000000000004,0.0,0.0,0.08944144571793322,10.583471399339418,0.037303371694443435,0.052138074023489786,1.0594472684386365,9.52402413090078,2.09154198936242,0.0,0.0,0.0002320930234569777,0.5715850199245521,0.05190598100003281,0,0.0,0,9.52402413090078,,,,,,,,,,,
3313,4/25/1976,2.396,0.091,4.000,4.235,0.091,0.0,4.144,0.0,0.0,0.05190598100003281,9.52402413090078,0.05190598100003281,0.0,0.8886551386639852,8.635368992236796,1.7780060315743595,0.0,0.0,0.0,0.4739266632868813,0.0,0,0.0,0,8.635368992236796,,,,,,,,,,,
3314,4/26/1976,1.668,0.431,4.000,4.235,0.431,0.0,3.8040000000000003,0.0,0.0,0.0,8.635368992236796,0.0,0.0,0.7548035680265053,7.880565424210291,1.5286370871835455,0.0,0.0,0.0,0.39824160067976233,0.0,0,0.0,0,7.880565424210291,,,,,,,,,,,
3315,4/27/1976,1.307,0.221,4.000,4.235,0.221,0.0,4.014,0.0,0.0,0.0,7.880565424210291,0.0,0.0,0.6480791897002837,7.232486234510007,1.327128642289491,0.0,0.0,0.0,0.33852003822842447,0.0,0,0.0,0,7.232486234510007,,,,,,,,,,,
3316,4/28/1976,1.086,0.912,4.000,4.235,0.912,0.0,3.3230000000000004,0.0,0.0,0.0,7.232486234510007,0.0,0.0,0.5617095455498122,6.670776688960195,1.16204465444852,0.0,0.0,0.0,0.2906570298095737,0.0,0,0.0,0,6.670776688960195,,,,,,,,,,,
3317,4/29/1976,0.947,0.322,4.000,4.235,0.322,0.0,3.9130000000000003,0.0,0.0,0.0,6.670776688960195,0.0,0.0,0.490900094162037,6.1798765947981575,1.0251693192905185,0.0,0.0,0.0,0.2517744099728387,0.0,0,0.0,0,6.1798765947981575,,,,,,,,,,,
3318,4/30/1976,0.914,0.376,4.000,4.235,0.376,0.0,3.8590000000000004,0.0,0.0,0.0,6.1798765947981575,0.0,0.0,0.43218078034184776,5.74769581445631,0.9104757682230579,0.0,0.0,0.0,0.2198079196667943,0.0,0,0.0,0,5.74769581445631,,,,,,,,,,,
3319,5/1/1976,0.881,1.665,5.000,3.714,1.665,0.0,2.049,0.0,0.0,0.0,5.74769581445631,0.0,0.0,0.38299114928838035,5.364704665167929,0.8134612672187823,0.0,0.0,0.0,0.19324738850189555,0.0,0,0.0,0,5.364704665167929,,,,,,,,,,,
3320,5/2/1976,0.849,0.063,5.000,3.714,0.063,0.0,3.651,0.0,0.0,0.0,5.364704665167929,0.0,0.0,0.34140940076868265,5.023295264399247,0.7307069540441159,0.0,0.0,0.0,0.17096848233724832,0.0,0,0.0,0,5.023295264399247,,,,,,,,,,,
3321,5/3/1976,0.754,0.127,5.000,3.714,0.127,0.0,3.5869999999999997,0.0,0.0,0.0,5.023295264399247,0.0,0.0,0.3059710159053804,4.717324248493866,0.6595792818592877,0.0,0.0,0.0,0.1521209697873635,0.0,0,0.0,0,4.717324248493866,,,,,,,,,,,
3322,5/4/1976,0.665,0.402,5.000,3.714,0.402,0.0,3.312,0.0,0.0,0.0,4.717324248493866,0.0,0.0,0.2755446560058064,4.44177959248806,0.5980232596215884,0.0,0.0,0.0,0.1360528487236359,0.0,0,0.0,0,4.44177959248806,,,,,,,,,,,
3323,5/5/1976,0.636,0.329,5.000,3.714,0.329,0.0,3.385,0.0,0.0,0.0,4.44177959248806,0.0,0.0,0.24924557225087504,4.192534020237185,0.5444165524338487,0.0,0.0,0.0,0.12225778776005149,0.0,0,0.0,0,4.192534020237185,,,,,,,,,,,
3324,5/6/1976,0.607,0.474,5.000,3.714,0.474,0.0,3.24,0.0,0.0,0.0,4.192534020237185,0.0,0.0,0.2263741174680943,3.9661599027690904,0.4974647761711086,0.0,0.0,0.0,0.1103380610591216,0.0,0,0.0,0,3.9661599027690904,,,,,,,,,,,
3325,5/7/1976,0.607,0.308,5.000,3.714,0.308,0.0,3.406,0.0,0.0,0.0,3.9661599027690904,0.0,0.0,0.2063713842360807,3.7597885185330098,0.4561252003230659,0.0,0.0,0.0,0.09997798311608579,0.0,0,0.0,0,3.7597885185330098,,,,,,,,,,,
3326,5/8/1976,0.607,1.483,5.000,3.714,1.483,0.0,2.231,0.0,0.0,0.0,3.7597885185330098,0.0,0.0,0.1887867340769777,3.571001784456032,0.41955037522314453,0.0,0.0,0.0,0.09092458717181993,0.0,0,0.0,0,3.571001784456032,,,,,,,,,,,
3327,5/9/1976,0.636,2.397,5.000,3.714,2.397,0.0,1.3170000000000002,0.0,0.0,0.0,3.571001784456032,0.0,0.0,0.17325371533137435,3.3977480691246575,0.3870459498181928,0.0,0.0,0.0,0.08297338229625612,0.0,0,0.0,0,3.3977480691246575,,,,,,,,,,,
3328,5/10/1976,0.636,0.822,5.000,3.714,0.822,0.0,2.892,0.0,0.0,0.0,3.3977480691246575,0.0,0.0,0.15947198563695755,3.2382760834877,0.3580387391693747,0.0,0.0,0.0,0.07595772427634011,0.0,0,0.0,0,3.2382760834877,,,,,,,,,,,
3329,5/11/1976,0.665,0.762,5.000,3.714,0.762,0.0,2.952,0.0,0.0,0.0,3.2382760834877,0.0,0.0,0.14719359025221523,3.0910824932354846,0.33205229132022607,0.0,0.0,0.0,0.0697407930855078,0.0,0,0.0,0,3.0910824932354846,,,,,,,,,,,
3330,5/12/1976,0.636,1.668,5.000,3.714,1.668,0.0,2.0460000000000003,0.0,0.0,0.0,3.0910824932354846,0.0,0.0,0.13621243927622634,2.954870053959258,0.3086880067467356,0.0,0.0,0.0,0.06420947408273246,0.0,0,0.0,0,2.954870053959258,,,,,,,,,,,
3331,5/13/1976,0.636,0.412,5.000,3.714,0.412,0.0,3.302,0.0,0.0,0.0,2.954870053959258,0.0,0.0,0.12635616095807845,2.8285138930011797,0.2876104143690462,0.0,0.0,0.0,0.05926964576317029,0.0,0,0.0,0,2.8285138930011797,,,,,,,,,,,
3332,5/14/1976,0.580,0.324,5.000,3.714,0.324,0.0,3.39,0.0,0.0,0.0,2.8285138930011797,0.0,0.0,0.11747973862059446,2.7110341543805854,0.2685355909390222,0.0,0.0,0.0,0.05484251791554613,0.0,0,0.0,0,2.7110341543805854,,,,,,,,,,,
3333,5/15/1976,0.580,0.756,5.000,3.714,0.756,0.0,2.958,0.0,0.0,0.0,2.7110341543805854,0.0,0.0,0.10946049963657961,2.601573654744006,0.2512219802124456,0.0,0.0,0.0,0.050861762070729497,0.0,0,0.0,0,2.601573654744006,,,,,,,,,,,
3334,5/16/1976,0.552,0.644,5.000,3.714,0.644,0.0,3.07,0.0,0.0,0.0,2.601573654744006,0.0,0.0,0.10219413872020341,2.4993795160238026,0.23546306047439358,0.0,0.0,0.0,0.047271245128158806,0.0,0,0.0,0,2.4993795160238026,,,,,,,,,,,
3335,5/17/1976,0.552,10.501,5.000,3.714,3.714,6.786999999999999,0.0,0,6.697558554281569,0.0,9.196938070305372,0.0,0.0,0.8383741547556788,8.358563915549693,1.684736973232734,0.08944144571843,0.08944144571843,0.0,0.44540113671615755,0.08944144571843,0,0.0,0,8.358563915549693,,,,,,,,,,,
3336,5/18/1976,2.445,8.964,5.000,3.714,3.714,5.25,0.0,0,5.25,0.08944144571843,13.608962064809097,0.0,0.08944144571843,1.6109205333726928,11.998041531436403,3.0760790035176715,0.0,0.0,0.00039814925940304455,0.8934102816561755,0.08904329645902696,0,0.0,0,11.998041531436403,,,,,,,,,,,
3337,5/19/1976,3.116,3.585,5.000,3.714,3.585,0.0,0.129,0.0,0.0,0.08904329645902696,11.998388986128942,0.010990030533314845,0.07805326592571211,1.3058822156323657,10.692506770496577,2.5361976300364506,0.0,0.0,0.00034745469253866923,0.7143018960601756,0.07770581123317345,0,0.0,0,10.692506770496577,,,,,,,,,,,
3338,5/20/1976,2.299,2.460,5.000,3.714,2.46,0.0,1.254,0.0,0.0,0.07770581123317345,10.692506770496577,0.07770581123317345,0.0,1.0777011210054466,9.61480564949113,2.1247749083141305,0.0,0.0,0.0,0.5820871339908072,0.0,0,0.0,0,9.61480564949113,,,,,,,,,,,
3339,5/21/1976,1.668,17.042,5.000,3.714,3.714,13.328000000000001,0.0,0,13.238558554281571,0.0,22.8533642037727,0.0,0.0,3.82192956915887,19.03143463461383,6.766480761385543,0.08944144571843,0.08944144571843,0.0,2.243615322748189,0.08944144571843,0,0.0,0,19.03143463461383,,,,,,,,,,,
3340,5/22/1976,23.063,35.942,5.000,3.714,3.714,32.228,0.0,0,32.228,0.08944144571843,51.259832783873236,0.0,0.08944144571843,14.689074049395943,36.570758734477295,22.581579221704295,0.0,0.0,0.00039814925940304455,9.421811871476251,0.08904329645902696,0,0.0,0,36.570758734477295,,,,,,,,,,,
3341,5/23/1976,29.532,19.083,5.000,3.714,3.714,15.368999999999998,0.0,0,15.368601850740594,0.08904329645902696,51.93975696211291,0.0,0.08904329645902696,15.01524075836431,36.924516203748595,23.02328610263407,0.0003981492594030382,0.0003981492594030382,0.0003963768950199571,9.644948321807433,0.08904506882341005,0,0.0,0,36.924516203748595,,,,,,,,,,,
3342,5/24/1976,5.165,5.666,5.000,3.714,3.714,1.9520000000000004,0.0,0,1.9516036231049805,0.08904506882341005,38.87651621163829,0.0,0.08904506882341005,9.264984103527937,29.611532108110353,15.004102545694355,0.00039637689501995115,0.00039637689501995115,0.000396384784713162,5.7652048774318185,0.08904506093371685,0,0.0,0,29.611532108110353,,,,,,,,,,,
3343,5/25/1976,3.062,2.483,5.000,3.714,2.483,0.0,1.2309999999999999,0.0,0.0,0.08904506093371685,29.611532108110353,0.08904506093371685,0.0,5.885733254319638,23.725798853790714,9.993431553552966,0.0,0.0,0.0,3.5547171844131675,0.0,0,0.0,0,23.725798853790714,,,,,,,,,,,
3344,5/26/1976,2.299,1.268,5.000,3.714,1.268,0.0,2.4459999999999997,0.0,0.0,0.0,23.725798853790714,0.0,0.0,4.068183353855845,19.65761549993487,7.160304346255742,0.0,0.0,0.0,2.3980078583715936,0.0,0,0.0,0,19.65761549993487,,,,,,,,,,,
3345,5/27/1976,2.065,12.715,5.000,3.714,3.714,9.001,0.0,0,8.91155855428157,0.0,28.56917405421644,0.0,0.0,5.544494024783463,23.02468002943298,9.470347439597454,0.08944144571843,0.08944144571843,0.0,3.3354898452881074,0.08944144571843,0,0.0,0,23.02468002943298,,,,,,,,,,,
3346,5/28/1976,21.401,15.756,5.000,3.714,3.714,12.042,0.0,0,12.042,0.08944144571843,35.067078178692384,0.0,0.08944144571843,7.801864694338966,27.265213484353417,12.86873102140904,0.0,0.0,0.00039814925940304455,4.800171166999654,0.08904329645902696,0,0.0,0,27.265213484353417,,,,,,,,,,,
3347,5/29/1976,16.930,5.013,5.000,3.714,3.714,1.299,0.0,0,1.298601850740597,0.08904329645902696,28.56421171198903,0.0,0.08904329645902696,5.542889026581028,23.021322685408002,9.467878335853408,0.00039814925940294133,0.00039814925940294133,0.0003963768950199571,3.334460777433,0.08904506882340996,0,0.0,0,23.021322685408002,,,,,,,,,,,
3348,5/30/1976,4.773,0.637,5.000,3.714,0.637,0.0,3.077,0.0,0.0,0.08904506882340996,23.021322685408002,0.08904506882340996,0.0,3.868858968659376,19.152463716748628,6.841744016117465,0.0,0.0,0.0,2.2729892053760947,0.0,0,0.0,0,19.152463716748628,,,,,,,,,,,
3349,5/31/1976,2.347,0.179,5.000,3.714,0.179,0.0,3.535,0.0,0.0,0.0,19.152463716748628,0.0,0.0,2.847127122666256,16.305336594082373,5.1781467378880475,0.0,0.0,0.0,1.6392994416871993,0.0,0,0.0,0,16.305336594082373,,,,,,,,,,,
3350,6/1/1976,1.884,0.483,6.000,3.269,0.483,0.0,2.786,0.0,0.0,0.0,16.305336594082373,0.0,0.0,2.1772855596171774,14.128051034465196,4.05391383124965,0.0,0.0,0.0,1.2316906219804278,0.0,0,0.0,0,14.128051034465196,,,,,,,,,,,
3351,6/2/1976,1.711,0.544,6.000,3.269,0.544,0.0,2.725,0.0,0.0,0.0,14.128051034465196,0.0,0.0,1.7146265193754873,12.413424515089709,3.2573367020282755,0.0,0.0,0.0,0.9548370359698047,0.0,0,0.0,0,12.413424515089709,,,,,,,,,,,
3352,6/3/1976,1.585,0.577,6.000,3.269,0.577,0.0,2.692,0.0,0.0,0.0,12.413424515089709,0.0,0.0,1.3820331411447364,11.031391373944972,2.671983838183236,0.0,0.0,0.0,0.7587800341455598,0.0,0,0.0,0,11.031391373944972,,,,,,,,,,,
3353,6/4/1976,1.423,0.792,6.000,3.269,0.792,0.0,2.4770000000000003,0.0,0.0,0.0,11.031391373944972,0.0,0.0,1.135227577882147,9.896163796062826,2.2291826111410304,0.0,0.0,0.0,0.6152599910247195,0.0,0,0.0,0,9.896163796062826,,,,,,,,,,,
3354,6/5/1976,1.345,0.390,6.000,3.269,0.39,0.0,2.879,0.0,0.0,0.0,9.896163796062826,0.0,0.0,0.9472775311082354,8.94888626495459,1.886173436892151,0.0,0.0,0.0,0.5073184871636994,0.0,0,0.0,0,8.94888626495459,,,,,,,,,,,
3355,6/6/1976,1.345,15.313,6.000,3.269,3.269,12.044,0.0,0,11.95455855428157,0.0,20.90344481923616,0.0,0.0,3.294040102054772,17.609404717181388,5.912574227292378,0.08944144571843,0.08944144571843,0.0,1.9149036698416206,0.08944144571843,0,0.0,0,17.609404717181388,,,,,,,,,,,
3356,6/7/1976,9.808,22.963,6.000,3.269,3.269,19.694000000000003,0.0,0,19.694000000000003,0.08944144571843,37.3038028664408,0.0,0.08944144571843,8.648768858488308,28.655034007952487,14.11043038375392,0.0,0.0,0.00039814925940304455,5.357442970922396,0.08904329645902696,0,0.0,0,28.655034007952487,,,,,,,,,,,
3357,6/8/1976,19.902,15.246,6.000,3.269,3.269,11.977,0.0,0,11.976601850740597,0.08904329645902696,40.632032235588106,0.0,0.08904329645902696,9.972713719690182,30.659318515897922,16.0210557682184,0.0003981492594030382,0.0003981492594030382,0.0003963768950199571,6.235725253570408,0.08904506882341005,0,0.0,0,30.659318515897922,,,,,,,,,,,
3358,6/9/1976,14.153,3.402,6.000,3.269,3.269,0.133,0.0,0,0.13262391979049326,0.08904506882341005,30.79233882047313,0.0,0.08904506882341005,6.282081594790422,24.510257225682707,10.59649303831942,0.0003760802095067433,0.0003760802095067433,0.000396384784713162,3.8103985273066803,0.08902476424820364,0,0.0,0,24.510257225682707,,,,,,,,,,,
3359,6/10/1976,4.968,0.802,6.000,3.269,0.802,0.0,2.467,0.0,0.0,0.08902476424820364,24.510257225682707,0.08902476424820364,0.0,4.2948258647292015,20.215431360953506,7.520425180365209,0.0,0.0,0.0,2.5406504492055872,0.0,0,0.0,0,20.215431360953506,,,,,,,,,,,
3360,6/11/1976,3.391,0.948,6.000,3.269,0.948,0.0,2.321,0.0,0.0,0.0,20.215431360953506,0.0,0.0,3.115330542235949,17.100100818717557,5.620247441931696,0.0,0.0,0.0,1.8043807414804962,0.0,0,0.0,0,17.100100818717557,,,,,,,,,,,
3361,6/12/1976,2.594,0.864,6.000,3.269,0.864,0.0,2.4050000000000002,0.0,0.0,0.0,17.100100818717557,0.0,0.0,2.3570216028168707,14.743079215900686,4.35865324813123,0.0,0.0,0.0,1.3403447276015985,0.0,0,0.0,0,14.743079215900686,,,,,,,,,,,
3362,6/13/1976,2.299,1.365,6.000,3.269,1.365,0.0,1.9040000000000001,0.0,0.0,0.0,14.743079215900686,0.0,0.0,1.8408261559790102,12.902253059921675,3.4764971156882827,0.0,0.0,0.0,1.0299164499159565,0.0,0,0.0,0,12.902253059921675,,,,,,,,,,,
3363,6/14/1976,2.157,1.066,6.000,3.269,1.066,0.0,2.2030000000000003,0.0,0.0,0.0,12.902253059921675,0.0,0.0,1.4739238204036176,11.428329239518057,2.834916488926377,0.0,0.0,0.0,0.8126658874185474,0.0,0,0.0,0,11.428329239518057,,,,,,,,,,,
3364,6/15/1976,1.929,0.390,6.000,3.269,0.39,0.0,2.879,0.0,0.0,0.0,11.428329239518057,0.0,0.0,1.2041216099323557,10.2242076295857,2.3535984791817044,0.0,0.0,0.0,0.6551334222732882,0.0,0,0.0,0,10.2242076295857,,,,,,,,,,,
3365,6/16/1976,1.668,0.253,6.000,3.269,0.253,0.0,3.016,0.0,0.0,0.0,10.2242076295857,0.0,0.0,1.0001885505081283,9.224019079077573,1.9832997072231606,0.0,0.0,0.0,0.5375743359409275,0.0,0,0.0,0,9.224019079077573,,,,,,,,,,,
3366,6/17/1976,1.463,1.069,6.000,3.269,1.069,0.0,2.2,0.0,0.0,0.0,9.224019079077573,0.0,0.0,0.8424926078926331,8.38152647118494,1.6923942817301656,0.0,0.0,0.0,0.4477334857442187,0.0,0,0.0,0,8.38152647118494,,,,,,,,,,,
3367,6/18/1976,1.626,3.844,6.000,3.269,3.269,0.5749999999999997,0.0,0,0.48555902050518673,0.0,8.867085491690128,0.0,0.0,0.7888612151619793,8.078224276528148,1.5924217890005101,0.08944097949481303,0.08944097949481303,0.0,0.4174211587271417,0.08944097949481303,0,0.0,0,8.078224276528148,,,,,,,,,,,
3368,6/19/1976,1.840,4.112,6.000,3.269,3.269,0.843,0.0,0,0.842999533776386,0.08944097949481303,8.92162195748854,0.0,0.08944097949481303,0.7969641864181648,8.124657771070375,1.607562590603828,4.662236139375166e-07,4.662236139375166e-07,0.0003981471840051535,0.42199246504326454,0.0890432985344218,0,0.0,0,8.124657771070375,,,,,,,,,,,
3369,6/20/1976,2.157,1.731,6.000,3.269,1.731,0.0,1.538,0.0,0.0,0.0890432985344218,8.124657771070375,0.0890432985344218,0.0,0.6818794030967448,7.44277836797363,1.3912275640162755,0.0,0.0,0.0,0.35736886922854644,0.0,0,0.0,0,7.44277836797363,,,,,,,,,,,
3370,6/21/1976,2.019,9.061,6.000,3.269,3.269,5.792,0.0,0,5.70255855428157,0.0,13.1453369222552,0.0,0.0,1.5204961135720736,11.624840808683127,2.9171282051444223,0.08944144571843,0.08944144571843,0.0,0.8400619015869514,0.08944144571843,0,0.0,0,11.624840808683127,,,,,,,,,,,
3371,6/22/1976,4.271,7.890,6.000,3.269,3.269,4.6209999999999996,0.0,0,4.6209999999999996,0.08944144571843,16.24623895794253,0.0,0.08944144571843,2.1641490719180756,14.082089886024455,4.031544445417907,0.0,0.0,0.00039814925940304455,1.2237719013284414,0.08904329645902696,0,0.0,0,14.082089886024455,,,,,,,,,,,
3372,6/23/1976,4.271,2.885,6.000,3.269,2.885,0.0,0.38400000000000034,0.0,0.0,0.08904329645902696,14.08234063403767,0.03271450949451864,0.056328786964508326,1.7053905548077877,12.376950079229882,3.241237550246121,0.0,0.0,0.00025074801321519306,0.9493562761398334,0.05607803895129313,0,0.0,0,12.376950079229882,,,,,,,,,,,
3373,6/24/1976,2.544,2.747,6.000,3.269,2.747,0.0,0.5220000000000002,0.0,0.0,0.05607803895129313,12.377072989585809,0.028467087359010334,0.027610951592282797,1.375294474616483,11.001778514969326,2.6599964599816657,0.0,0.0,0.00012291035592703386,0.7548374813520298,0.027488041236355763,0,0.0,0,11.001778514969326,,,,,,,,,,,
3374,6/25/1976,2.111,2.989,6.000,3.269,2.989,0.0,0.28000000000000025,0.0,0.0,0.027488041236355763,11.001867083095785,0.007591831239606657,0.019896209996749105,1.1301682464640734,9.871698836631712,2.220019558672932,0.0,0.0,8.856812645975373e-05,0.6123379857531325,0.019807641870289352,0,0.0,0,9.871698836631712,,,,,,,,,,,
3375,6/26/1976,2.347,1.283,6.000,3.269,1.283,0.0,1.9860000000000002,0.0,0.0,0.019807641870289352,9.871698836631712,0.019807641870289352,0.0,0.9433777028464265,8.928321133785285,1.8789961710676601,0.0,0.0,0.0,0.5050927907439133,0.0,0,0.0,0,8.928321133785285,,,,,,,,,,,
3376,6/27/1976,2.019,3.034,6.000,3.269,3.034,0.0,0.23500000000000032,0.0,0.0,0.0,8.928321133785285,0.0,0.0,0.7979618263541848,8.130359307431101,1.6094258207104764,0.0,0.0,0.0,0.4225554975776871,0.0,0,0.0,0,8.130359307431101,,,,,,,,,,,
3377,6/28/1976,2.204,4.578,6.000,3.269,3.269,1.3090000000000002,0.0,0,1.2195585542816048,0.0,9.349917861712706,0.0,0.0,0.8617449971327301,8.488172864579976,1.7281472037754178,0.0894414457183953,0.0894414457183953,0.0,0.4586463336178702,0.0894414457183953,0,0.0,0,8.488172864579976,,,,,,,,,,,
3378,6/29/1976,2.204,2.054,6.000,3.269,2.054,0.0,1.2150000000000003,0.0,0.0,0.0894414457183953,8.488172864579976,0.0894414457183953,0.0,0.7334820170271119,7.754690847552864,1.488581669377419,0.0,0.0,0.0,0.38626316891749457,0.0,0,0.0,0,7.754690847552864,,,,,,,,,,,
3379,6/30/1976,2.019,2.103,6.000,3.269,2.103,0.0,1.166,0.0,0.0,0.0,7.754690847552864,0.0,0.0,0.6309184957108573,7.123772351842007,1.2944798570123792,0.0,0.0,0.0,0.32897483074491374,0.0,0,0.0,0,7.123772351842007,,,,,,,,,,,
3380,7/1/1976,1.884,0.515,7.000,3.463,0.515,0.0,2.948,0.0,0.0,0.0,7.123772351842007,0.0,0.0,0.5477081025605203,6.576064249281487,1.1350954147416843,0.0,0.0,0.0,0.2829416268548544,0.0,0,0.0,0,6.576064249281487,,,,,,,,,,,
3381,7/2/1976,1.711,0.131,7.000,3.463,0.131,0.0,3.332,0.0,0.0,0.0,6.576064249281487,0.0,0.0,0.4793387335818916,6.096725515699595,1.0026767761661672,0.0,0.0,0.0,0.2454595434718253,0.0,0,0.0,0,6.096725515699595,,,,,,,,,,,
3382,7/3/1976,1.345,0.280,7.000,3.463,0.28,0.0,3.183,0.0,0.0,0.0,6.096725515699595,0.0,0.0,0.4225325617147035,5.674192953984892,0.8915175479875879,0.0,0.0,0.0,0.21458179727244958,0.0,0,0.0,0,5.674192953984892,,,,,,,,,,,
3383,7/4/1976,1.231,0.167,7.000,3.463,0.167,0.0,3.2960000000000003,0.0,0.0,0.0,5.674192953984892,0.0,0.0,0.3748630302366646,5.299329923748227,0.7973411697643679,0.0,0.0,0.0,0.1888793598669035,0.0,0,0.0,0,5.299329923748227,,,,,,,,,,,
3384,7/5/1976,1.194,0.133,7.000,3.463,0.133,0.0,3.33,0.0,0.0,0.0,5.299329923748227,0.0,0.0,0.33450353275922895,4.964826390988998,0.7168915431789543,0.0,0.0,0.0,0.16728512549089983,0.0,0,0.0,0,4.964826390988998,,,,,,,,,,,
3385,7/6/1976,1.086,0.484,7.000,3.463,0.484,0.0,2.979,0.0,0.0,0.0,4.964826390988998,0.0,0.0,0.3000584691582402,4.664767921830758,0.6476543032910456,0.0,0.0,0.0,0.14898998175975842,0.0,0,0.0,0,4.664767921830758,,,,,,,,,,,
3386,7/7/1976,1.050,1.142,7.000,3.463,1.142,0.0,2.321,0.0,0.0,0.0,4.664767921830758,0.0,0.0,0.2704472155755167,4.394320706255241,0.5876630960602849,0.0,0.0,0.0,0.1333719663714042,0.0,0,0.0,0,4.394320706255241,,,,,,,,,,,
3387,7/8/1976,1.015,0.367,7.000,3.463,0.367,0.0,3.096,0.0,0.0,0.0,4.394320706255241,0.0,0.0,0.24482289378875594,4.149497812466485,0.5353624375772397,0.0,0.0,0.0,0.11994702522155032,0.0,0,0.0,0,4.149497812466485,,,,,,,,,,,
3388,7/9/1976,0.981,0.310,7.000,3.463,0.31,0.0,3.153,0.0,0.0,0.0,4.149497812466485,0.0,0.0,0.22251451425041127,3.926983298216074,0.4895090082758623,0.0,0.0,0.0,0.10833417904319852,0.0,0,0.0,0,3.926983298216074,,,,,,,,,,,
3389,7/10/1976,0.981,2.476,7.000,3.463,2.476,0.0,0.9870000000000001,0.0,0.0,0.0,3.926983298216074,0.0,0.0,0.2029851194440151,3.723998178772059,0.4490995378304366,0.0,0.0,0.0,0.09823048795828414,0.0,0,0.0,0,3.723998178772059,,,,,,,,,,,
3390,7/11/1976,1.015,1.800,7.000,3.463,1.8,0.0,1.663,0.0,0.0,0.0,3.723998178772059,0.0,0.0,0.18580107017280512,3.538197108599254,0.41331739420433966,0.0,0.0,0.0,0.08939279612807541,0.0,0,0.0,0,3.538197108599254,,,,,,,,,,,
3391,7/12/1976,1.015,1.782,7.000,3.463,1.782,0.0,1.681,0.0,0.0,0.0,3.538197108599254,0.0,0.0,0.17060921445518973,3.367587894144064,0.3814925296867452,0.0,0.0,0.0,0.08162424342860439,0.0,0,0.0,0,3.367587894144064,,,,,,,,,,,
3392,7/13/1976,1.015,2.045,7.000,3.463,2.045,0.0,1.4180000000000001,0.0,0.0,0.0,3.367587894144064,0.0,0.0,0.1571197130546141,3.2104681810894498,0.35307109816393956,0.0,0.0,0.0,0.07476417789841827,0.0,0,0.0,0,3.2104681810894498,,,,,,,,,,,
3393,7/14/1976,0.981,2.264,7.000,3.463,2.264,0.0,1.1990000000000003,0.0,0.0,0.0,3.2104681810894498,0.0,0.0,0.145092977980626,3.065375203108824,0.3275921643970365,0.0,0.0,0.0,0.06868052691286004,0.0,0,0.0,0,3.065375203108824,,,,,,,,,,,
3394,7/15/1976,0.981,1.081,7.000,3.463,1.081,0.0,2.382,0.0,0.0,0.0,3.065375203108824,0.0,0.0,0.13432963800870878,2.9310455651001153,0.304669675165182,0.0,0.0,0.0,0.06326396802163314,0.0,0,0.0,0,2.9310455651001153,,,,,,,,,,,
3395,7/16/1976,0.981,2.343,7.000,3.463,2.343,0.0,1.12,0.0,0.0,0.0,2.9310455651001153,0.0,0.0,0.1246627570932449,2.8063828080068705,0.28397837691590894,0.0,0.0,0.0,0.05842343213768503,0.0,0,0.0,0,2.8063828080068705,,,,,,,,,,,
3396,7/17/1976,1.050,2.905,7.000,3.463,2.905,0.0,0.5580000000000003,0.0,0.0,0.0,2.8063828080068705,0.0,0.0,0.11595174704055856,2.690431060966312,0.2652427232679708,0.0,0.0,0.0,0.054082603588670314,0.0,0,0.0,0,2.690431060966312,,,,,,,,,,,
3397,7/18/1976,1.086,4.270,7.000,3.463,3.463,0.8069999999999995,0.0,0,0.717558556885225,0.0,3.4079896178515368,0.0,0.0,0.16027392882076644,3.24771568903077,0.3597311816725462,0.08944144311477453,0.08944144311477453,0.0,0.07636489709011698,0.08944144311477453,0,0.0,0,3.24771568903077,,,,,,,,,,,
3398,7/19/1976,2.299,12.633,7.000,3.463,3.463,9.169999999999998,0.0,0,9.169999997396342,0.08944144311477453,12.418113835674925,0.0,0.08944144311477453,1.382903383475756,11.035210452199168,2.673531511688656,2.603655474299036e-09,2.603655474299036e-09,0.0003981492478128529,0.7592892741729393,0.08904329647061715,0,0.0,0,11.035210452199168,,,,,,,,,,,
3399,7/20/1976,4.395,15.832,7.000,3.463,3.463,12.369,0.0,0,12.368601850752187,0.08904329647061715,23.404208679846427,0.0,0.08904329647061715,3.976695896325314,19.427512783521113,7.014308857349435,0.00039814924781285947,0.00039814924781285947,0.00039637689507155094,2.340574552205461,0.08904506882335846,0,0.0,0,19.427512783521113,,,,,,,,,,,
3400,7/21/1976,12.414,12.547,7.000,3.463,3.463,9.084,0.0,0,9.083603623104928,0.08904506882335846,28.511512791410755,0.0,0.08904506882335846,5.525855789465779,22.985657001944976,9.441669490264156,0.00039637689507154763,0.00039637689507154763,0.00039638478471293233,3.323540879856313,0.08904506093371707,0,0.0,0,22.985657001944976,,,,,,,,,,,
3401,7/22/1976,7.530,5.679,7.000,3.463,3.463,2.216,0.0,0,2.2156036152152874,0.08904506093371707,25.201657001909854,0.0,0.08904506093371707,4.498636876509158,20.7030201254007,7.842447910969385,0.00039638478471293163,0.00039638478471293163,0.00039638474959213517,2.669348107190008,0.08904506096883787,0,0.0,0,20.7030201254007,,,,,,,,,,,
3402,7/23/1976,6.411,8.285,7.000,3.463,3.463,4.822,0.0,0,4.821603615250408,0.08904506096883787,25.525020125400854,0.0,0.08904506096883787,4.595251302528017,20.929768822872838,7.994519400744874,0.0003963847495921373,0.0003963847495921373,0.00039638474974847566,2.7304911253604534,0.08904506096868153,0,0.0,0,20.929768822872838,,,,,,,,,,,
3403,7/24/1976,4.709,7.256,7.000,3.463,3.463,3.793,0.0,0,3.792603615250252,0.08904506096868153,24.722768822872837,0.0,0.08904506096868153,4.3570675323103,20.365701290562537,7.618946438373163,0.0003963847497484729,0.0003963847497484729,0.0003963847497477797,2.5799115585656915,0.08904506096868223,0,0.0,0,20.365701290562537,,,,,,,,,,,
3404,7/25/1976,7.685,9.024,7.000,3.463,3.463,5.560999999999999,0.0,0,5.560603615250251,0.08904506096868223,25.926701290562537,0.0,0.08904506096868223,4.716406381460411,21.210294909102124,8.184705916413094,0.0003963847497477797,0.0003963847497477797,0.0003963847497477828,2.807284282972185,0.08904506096868223,0,0.0,0,21.210294909102124,,,,,,,,,,,
3405,7/26/1976,5.033,3.516,7.000,3.463,3.463,0.052999999999999936,0.0,0,0.05272497898319148,0.08904506096868223,21.263416272835066,0.0,0.08904506096868223,3.3891244288056495,17.874291844029415,6.067413451739964,0.00027502101680845537,0.00027502101680845537,0.0003963847497477828,1.9738710012936356,0.08892369723574291,0,0.0,0,17.874291844029415,,,,,,,,,,,
3406,7/27/1976,3.280,1.059,7.000,3.463,1.059,0.0,2.404,0.0,0.0,0.08892369723574291,17.874291844029415,0.08892369723574291,0.0,2.537545583733028,15.336746260296387,4.662368003621483,0.0,0.0,0.0,1.450025778146777,0.0,0,0.0,0,15.336746260296387,,,,,,,,,,,
3407,7/28/1976,2.850,3.976,7.000,3.463,3.463,0.5129999999999999,0.0,0,0.4235604193246811,0.0,15.760306679621069,0.0,0.0,2.0573438612419745,13.702962818379094,3.8491617185702185,0.08943958067531883,0.08943958067531883,0.0,1.1595083406228326,0.08943958067531883,0,0.0,0,13.702962818379094,,,,,,,,,,,
3408,7/29/1976,9.050,12.322,7.000,3.463,3.463,8.858999999999998,0.0,0,8.858998134956886,0.08943958067531883,22.56235909429313,0.0,0.08943958067531883,3.7411629368039,18.82119615748923,6.636712067373764,1.865043111173073e-06,1.865043111173073e-06,0.0003981409571497938,2.1931178636487947,0.08904330476128021,0,0.0,0,18.82119615748923,,,,,,,,,,,
3409,7/30/1976,5.705,6.259,7.000,3.463,3.463,2.7960000000000003,0.0,0,2.7956018590428506,0.08904330476128021,21.617194393464057,0.0,0.08904330476128021,3.483624408260037,18.13356998520402,6.220838191201734,0.00039814095714979926,0.00039814095714979926,0.00039637693197749907,2.032583920888745,0.0890450687864525,0,0.0,0,18.13356998520402,,,,,,,,,,,
3410,7/31/1976,3.391,0.651,7.000,3.463,0.651,0.0,2.8120000000000003,0.0,0.0,0.0890450687864525,18.13356998520402,0.0890450687864525,0.0,2.5991896327129216,15.534380352491098,4.765565322330903,0.0,0.0,0.0,1.4875985552123308,0.0,0,0.0,0,15.534380352491098,,,,,,,,,,,
3411,8/1/1976,2.644,0.235,8.000,3.792,0.235,0.0,3.557,0.0,0.0,0.0,15.534380352491098,0.0,0.0,2.0084252323206986,13.5259551201704,3.7653162251620005,0.0,0.0,0.0,1.1301470771046656,0.0,0,0.0,0,13.5259551201704,,,,,,,,,,,
3412,8/2/1976,2.396,0.127,8.000,3.792,0.127,0.0,3.665,0.0,0.0,0.0,13.5259551201704,0.0,0.0,1.594577682835466,11.931377437334934,3.047415032941149,0.0,0.0,0.0,0.8837534403924546,0.0,0,0.0,0,11.931377437334934,,,,,,,,,,,
3413,8/3/1976,2.204,0.193,8.000,3.792,0.193,0.0,3.5989999999999998,0.0,0.0,0.0,11.931377437334934,0.0,0.0,1.2937491736640214,10.637628263670912,2.514496517705031,0.0,0.0,0.0,0.7072307431244729,0.0,0,0.0,0,10.637628263670912,,,,,,,,,,,
3414,8/4/1976,1.974,0.263,8.000,3.792,0.263,0.0,3.529,0.0,0.0,0.0,10.637628263670912,0.0,0.0,1.0684981981751296,9.569130065495782,2.1080264155696025,0.0,0.0,0.0,0.5767908778069764,0.0,0,0.0,0,9.569130065495782,,,,,,,,,,,
3415,8/5/1976,1.626,0.282,8.000,3.792,0.282,0.0,3.51,0.0,0.0,0.0,9.569130065495782,0.0,0.0,0.8956806819404557,8.673449383555326,1.7910012228593502,0.0,0.0,0.0,0.4779210155700987,0.0,0,0.0,0,8.673449383555326,,,,,,,,,,,
3416,8/6/1976,1.345,0.318,8.000,3.792,0.318,0.0,3.4739999999999998,0.0,0.0,0.0,8.673449383555326,0.0,0.0,0.7603592938184708,7.913090089736855,1.5390584750866252,0.0,0.0,0.0,0.4013664875209001,0.0,0,0.0,0,7.913090089736855,,,,,,,,,,,
3417,8/7/1976,1.231,0.136,8.000,3.792,0.136,0.0,3.6559999999999997,0.0,0.0,0.0,7.913090089736855,0.0,0.0,0.6525432399598725,7.260546849776983,1.3356098761003834,0.0,0.0,0.0,0.3410057998291196,0.0,0,0.0,0,7.260546849776983,,,,,,,,,,,
3418,8/8/1976,1.194,0.058,8.000,3.792,0.058,0.0,3.734,0.0,0.0,0.0,7.260546849776983,0.0,0.0,0.5653464440601434,6.6952004057168395,1.1690358297164491,0.0,0.0,0.0,0.29266320299700205,0.0,0,0.0,0,6.6952004057168395,,,,,,,,,,,
3419,8/9/1976,1.157,0.344,8.000,3.792,0.344,0.0,3.448,0.0,0.0,0.0,6.6952004057168395,0.0,0.0,0.49389930299657886,6.201301102720261,1.030997361694393,0.0,0.0,0.0,0.2534141998303528,0.0,0,0.0,0,6.201301102720261,,,,,,,,,,,
3420,8/10/1976,1.157,0.605,8.000,3.792,0.605,0.0,3.187,0.0,0.0,0.0,6.201301102720261,0.0,0.0,0.4346808185309195,5.766620284189341,0.9153828050883559,0.0,0.0,0.0,0.22116336785919302,0.0,0,0.0,0,5.766620284189341,,,,,,,,,,,
3421,8/11/1976,1.086,1.756,8.000,3.792,1.756,0.0,2.0359999999999996,0.0,0.0,0.0,5.766620284189341,0.0,0.0,0.3850951391284776,5.381525145060864,0.8176297216087546,0.0,0.0,0.0,0.1943790662670436,0.0,0,0.0,0,5.381525145060864,,,,,,,,,,,
3422,8/12/1976,1.050,3.451,8.000,3.792,3.451,0.0,0.34099999999999975,0.0,0.0,0.0,5.381525145060864,0.0,0.0,0.34319535485268043,5.038329790208183,0.7342763735527407,0.0,0.0,0.0,0.17192185211922187,0.0,0,0.0,0,5.038329790208183,,,,,,,,,,,
3423,8/13/1976,1.015,5.744,8.000,3.792,3.792,1.952,0.0,0,1.86255855428157,0.0,6.900888344489753,0.0,0.0,0.5194464458044974,6.381441898685256,1.0805280852425754,0.08944144571843,0.08944144571843,0.0,0.267408062673707,0.08944144571843,0,0.0,0,6.381441898685256,,,,,,,,,,,
3424,8/14/1976,1.269,1.748,8.000,3.792,1.748,0.0,2.0439999999999996,0.0,0.0,0.08944144571843,6.381441898685256,0.08944144571843,0.0,0.4559289231129524,5.925512975572303,0.9570006352781396,0.0,0.0,0.0,0.23270391298608223,0.0,0,0.0,0,5.925512975572303,,,,,,,,,,,
3425,8/15/1976,1.307,0.482,8.000,3.792,0.482,0.0,3.3099999999999996,0.0,0.0,0.0,5.925512975572303,0.0,0.0,0.4029418416888232,5.52257113388348,0.8529185767233439,0.0,0.0,0.0,0.20399447330893805,0.0,0,0.0,0,5.52257113388348,,,,,,,,,,,
3426,8/16/1976,1.194,0.697,8.000,3.792,0.697,0.0,3.0949999999999998,0.0,0.0,0.0,5.52257113388348,0.0,0.0,0.3583174638493166,5.164253670034164,0.7644440794210942,0.0,0.0,0.0,0.18000719833877749,0.0,0,0.0,0,5.164253670034164,,,,,,,,,,,
3427,8/17/1976,1.121,0.463,8.000,3.792,0.463,0.0,3.3289999999999997,0.0,0.0,0.0,5.164253670034164,0.0,0.0,0.3204141763301867,4.843839493703977,0.6886383915320342,0.0,0.0,0.0,0.1597859528402275,0.0,0,0.0,0,4.843839493703977,,,,,,,,,,,
3428,8/18/1976,1.015,0.679,8.000,3.792,0.679,0.0,3.1129999999999995,0.0,0.0,0.0,4.843839493703977,0.0,0.0,0.28797095348747637,4.555868540216501,0.6232205862140843,0.0,0.0,0.0,0.14260174834741918,0.0,0,0.0,0,4.555868540216501,,,,,,,,,,,
3429,8/19/1976,0.947,0.408,8.000,3.792,0.408,0.0,3.384,0.0,0.0,0.0,4.555868540216501,0.0,0.0,0.2600066273675193,4.295861912848982,0.5663986363178983,0.0,0.0,0.0,0.12789141587535363,0.0,0,0.0,0,4.295861912848982,,,,,,,,,,,
3430,8/20/1976,0.914,2.118,8.000,3.792,2.118,0.0,1.674,0.0,0.0,0.0,4.295861912848982,0.0,0.0,0.2357488770310813,4.0601130358179,0.5167490281373127,0.0,0.0,0.0,0.11521467591691317,0.0,0,0.0,0,4.0601130358179,,,,,,,,,,,
3431,8/21/1976,0.947,0.841,8.000,3.792,0.841,0.0,2.9509999999999996,0.0,0.0,0.0,4.0601130358179,0.0,0.0,0.21458333259409174,3.8455297032238085,0.4731295908808229,0.0,0.0,0.0,0.10422357542946016,0.0,0,0.0,0,3.8455297032238085,,,,,,,,,,,
3432,8/22/1976,0.981,7.957,8.000,3.792,3.792,4.165,0.0,0,4.07555855428157,0.0,7.921088257505378,0.0,0.0,0.6536428753899411,7.267445382115437,1.3376983319601272,0.08944144571843,0.08944144571843,0.0,0.3416182928652803,0.08944144571843,0,0.0,0,7.267445382115437,,,,,,,,,,,
3433,8/23/1976,1.086,6.985,8.000,3.792,3.792,3.1930000000000005,0.0,0,3.1930000000000005,0.08944144571843,10.460843531374842,0.0,0.08944144571843,1.039067166262178,9.421776365112663,2.0543777092657844,0.0,0.0,0.00039814925940304455,0.5598736651815979,0.08904329645902696,0,0.0,0,9.421776365112663,,,,,,,,,,,
3434,8/24/1976,2.157,1.041,8.000,3.792,1.041,0.0,2.751,0.0,0.0,0.08904329645902696,9.421776365112663,0.08904329645902696,0.0,0.872811441634964,8.5489649234777,1.7486670553611787,0.0,0.0,0.0,0.46492642384908306,0.0,0,0.0,0,8.5489649234777,,,,,,,,,,,
3435,8/25/1976,1.668,2.919,8.000,3.792,2.919,0.0,0.8729999999999998,0.0,0.0,0.0,8.5489649234777,0.0,0.0,0.7422581986412934,7.806706724836406,1.5050806475454366,0.0,0.0,0.0,0.39119088436261407,0.0,0,0.0,0,7.806706724836406,,,,,,,,,,,
3436,8/26/1976,1.307,2.246,8.000,3.792,2.246,0.0,1.5459999999999998,0.0,0.0,0.0,7.806706724836406,0.0,0.0,0.6379875721443444,7.168719152692062,1.307937766257224,0.0,0.0,0.0,0.3329047849910954,0.0,0,0.0,0,7.168719152692062,,,,,,,,,,,
3437,8/27/1976,1.194,0.488,8.000,3.792,0.488,0.0,3.304,0.0,0.0,0.0,7.168719152692062,0.0,0.0,0.5534797321646274,6.615239420527434,1.1462110035039066,0.0,0.0,0.0,0.2861204918122672,0.0,0,0.0,0,6.615239420527434,,,,,,,,,,,
3438,8/28/1976,1.121,0.288,8.000,3.792,0.288,0.0,3.504,0.0,0.0,0.0,6.615239420527434,0.0,0.0,0.48410740176800554,6.131132018759429,1.0119593331377037,0.0,0.0,0.0,0.2480630105101132,0.0,0,0.0,0,6.131132018759429,,,,,,,,,,,
3439,8/29/1976,0.947,0.519,8.000,3.792,0.519,0.0,3.2729999999999997,0.0,0.0,0.0,6.131132018759429,0.0,0.0,0.4265142615597281,5.704617757199701,0.8993454059010767,0.0,0.0,0.0,0.21673761153537904,0.0,0,0.0,0,5.704617757199701,,,,,,,,,,,
3440,8/30/1976,0.914,1.250,8.000,3.792,1.25,0.0,2.542,0.0,0.0,0.0,5.704617757199701,0.0,0.0,0.37821901599196,5.326398741207741,0.8040001362628973,0.0,0.0,0.0,0.19068210959572882,0.0,0,0.0,0,5.326398741207741,,,,,,,,,,,
3441,8/31/1976,0.947,1.222,8.000,3.792,1.222,0.0,2.57,0.0,0.0,0.0,5.326398741207741,0.0,0.0,0.3373561019724962,4.989042639235245,0.7226007748399912,0.0,0.0,0.0,0.16880598890547532,0.0,0,0.0,0,4.989042639235245,,,,,,,,,,,
3442,9/1/1976,0.947,0.199,9.000,4.609,0.199,0.0,4.41,0.0,0.0,0.0,4.989042639235245,0.0,0.0,0.30250168916929626,4.6865409500659485,0.6525841089781927,0.0,0.0,0.0,0.15028330083671834,0.0,0,0.0,0,4.6865409500659485,,,,,,,,,,,
3443,9/2/1976,0.914,2.079,9.000,4.609,2.079,0.0,2.53,0.0,0.0,0.0,4.6865409500659485,0.0,0.0,0.27255436279966755,4.413986587266281,0.591947427065712,0.0,0.0,0.0,0.13447977274162198,0.0,0,0.0,0,4.413986587266281,,,,,,,,,,,
3444,9/3/1976,0.881,2.169,9.000,4.609,2.169,0.0,2.44,0.0,0.0,0.0,4.413986587266281,0.0,0.0,0.24665170761200197,4.1673348796542795,0.5391078041770989,0.0,0.0,0.0,0.12090221423582283,0.0,0,0.0,0,4.1673348796542795,,,,,,,,,,,
3445,9/4/1976,0.881,0.569,9.000,4.609,0.569,0.0,4.04,0.0,0.0,0.0,4.1673348796542795,0.0,0.0,0.22411096876021488,3.9432239108940648,0.49280094604083774,0.0,0.0,0.0,0.10916277320491564,0.0,0,0.0,0,3.9432239108940648,,,,,,,,,,,
3446,9/5/1976,0.881,0.512,9.000,4.609,0.512,0.0,4.0969999999999995,0.0,0.0,0.0,3.9432239108940648,0.0,0.0,0.20438617164111947,3.7388377392529453,0.4520073644342954,0.0,0.0,0.0,0.09895327558672926,0.0,0,0.0,0,3.7388377392529453,,,,,,,,,,,
3447,9/6/1976,0.881,0.619,9.000,4.609,0.619,0.0,3.99,0.0,0.0,0.0,3.7388377392529453,0.0,0.0,0.18703668971152,3.5518010495414254,0.4158977545326556,0.0,0.0,0.0,0.09002653418501687,0.0,0,0.0,0,3.5518010495414254,,,,,,,,,,,
3448,9/7/1976,0.914,0.440,9.000,4.609,0.44,0.0,4.169,0.0,0.0,0.0,3.5518010495414254,0.0,0.0,0.17170390144706832,3.380097148094357,0.38379206960394585,0.0,0.0,0.0,0.08218255165292336,0.0,0,0.0,0,3.380097148094357,,,,,,,,,,,
3449,9/8/1976,0.914,0.306,9.000,4.609,0.306,0.0,4.303,0.0,0.0,0.0,3.380097148094357,0.0,0.0,0.1580936460660426,3.2220035020283144,0.3551285033457834,0.0,0.0,0.0,0.07525821123619744,0.0,0,0.0,0,3.2220035020283144,,,,,,,,,,,
3450,9/9/1976,0.881,0.037,9.000,4.609,0.037,0.0,4.572,0.0,0.0,0.0,3.2220035020283144,0.0,0.0,0.14596289150516692,3.0760406105231475,0.329439730825293,0.0,0.0,0.0,0.0691194866642744,0.0,0,0.0,0,3.0760406105231475,,,,,,,,,,,
3451,9/10/1976,0.849,0.189,9.000,4.609,0.189,0.0,4.42,0.0,0.0,0.0,3.0760406105231475,0.0,0.0,0.13510949972388453,2.940931110799263,0.30633453026049556,0.0,0.0,0.0,0.06365549426260816,0.0,0,0.0,0,2.940931110799263,,,,,,,,,,,
3452,9/11/1976,0.785,0.000,9.000,4.609,0.0,0.0,4.609,0.0,0.0,0.0,2.940931110799263,0.0,0.0,0.12536429533112137,2.8155668154681415,0.2854834373291683,0.0,0.0,0.0,0.05877390778102755,0.0,0,0.0,0,2.8155668154681415,,,,,,,,,,,
3453,9/12/1976,0.754,0.122,9.000,4.609,0.122,0.0,4.487,0.0,0.0,0.0,2.8155668154681415,0.0,0.0,0.11658486507101909,2.698981950397122,0.2666074522377944,0.0,0.0,0.0,0.054397392010059296,0.0,0,0.0,0,2.698981950397122,,,,,,,,,,,
3454,9/13/1976,0.694,0.182,9.000,4.609,0.182,0.0,4.427,0.0,0.0,0.0,2.698981950397122,0.0,0.0,0.10865067069014943,2.5903312797069726,0.2494690796622424,0.0,0.0,0.0,0.05046080562515902,0.0,0,0.0,0,2.5903312797069726,,,,,,,,,,,
3455,9/14/1976,0.694,0.037,9.000,4.609,0.037,0.0,4.572,0.0,0.0,0.0,2.5903312797069726,0.0,0.0,0.10145916748017199,2.4888721122268005,0.23386516713650407,0.0,0.0,0.0,0.0469089902097089,0.0,0,0.0,0,2.4888721122268005,,,,,,,,,,,
3456,9/15/1976,0.694,0.002,9.000,4.609,0.002,0.0,4.607,0.0,0.0,0.0,2.4888721122268005,0.0,0.0,0.09492269943644076,2.3939494127903598,0.2196211413119843,0.0,0.0,0.0,0.04369500983392129,0.0,0,0.0,0,2.3939494127903598,,,,,,,,,,,
3457,9/16/1976,0.607,0.489,9.000,4.609,0.489,0.0,4.12,0.0,0.0,0.0,2.3939494127903598,0.0,0.0,0.0889659989281822,2.3049834138621774,0.20658633911774066,0.0,0.0,0.0,0.04077873975439084,0.0,0,0.0,0,2.3049834138621774,,,,,,,,,,,
3458,9/17/1976,0.580,0.000,9.000,4.609,0.0,0.0,4.609,0.0,0.0,0.0,2.3049834138621774,0.0,0.0,0.08352416043886755,2.2214592534233097,0.1946302027322699,0.0,0.0,0.0,0.03812572769563469,0.0,0,0.0,0,2.2214592534233097,,,,,,,,,,,
3459,9/18/1976,0.580,0.111,9.000,4.609,0.111,0.0,4.498,0.0,0.0,0.0,2.2214592534233097,0.0,0.0,0.07854098870083567,2.142918264722474,0.1836391606990591,0.0,0.0,0.0,0.03570626947954343,0.0,0,0.0,0,2.142918264722474,,,,,,,,,,,
3460,9/19/1976,0.580,0.135,9.000,4.609,0.135,0.0,4.474,0.0,0.0,0.0,2.142918264722474,0.0,0.0,0.07396764446876726,2.0689506202537067,0.1735140575651579,0.0,0.0,0.0,0.03349465434804538,0.0,0,0.0,0,2.0689506202537067,,,,,,,,,,,
3461,9/20/1976,0.525,0.127,9.000,4.609,0.127,0.0,4.482,0.0,0.0,0.0,2.0689506202537067,0.0,0.0,0.06976152839580155,1.9991890918579052,0.16416802468785607,0.0,0.0,0.0,0.031468545483826625,0.0,0,0.0,0,1.9991890918579052,,,,,,,,,,,
3462,9/21/1976,0.525,0.330,9.000,4.609,0.33,0.0,4.279,0.0,0.0,0.0,1.9991890918579052,0.0,0.0,0.06588535651441844,1.9333037353434868,0.15552470790424672,0.0,0.0,0.0,0.029608468895828768,0.0,0,0.0,0,1.9333037353434868,,,,,,,,,,,
3463,9/22/1976,0.499,1.079,9.000,4.609,1.079,0.0,3.5300000000000002,0.0,0.0,0.0,1.9333037353434868,0.0,0.0,0.062306390770603154,1.8709973445728836,0.14751678544026714,0.0,0.0,0.0,0.02789738965827217,0.0,0,0.0,0,1.8709973445728836,,,,,,,,,,,
3464,9/23/1976,0.473,0.548,9.000,4.609,0.548,0.0,4.061,0.0,0.0,0.0,1.8709973445728836,0.0,0.0,0.05899579570118431,1.8120015488716992,0.1400847230932764,0.0,0.0,0.0,0.02632035894765687,0.0,0,0.0,0,1.8120015488716992,,,,,,,,,,,
3465,9/24/1976,0.580,0.019,9.000,4.609,0.019,0.0,4.59,0.0,0.0,0.0,1.8120015488716992,0.0,0.0,0.05592809825414702,1.7560734506175522,0.13317572434019684,0.0,0.0,0.0,0.024864218755411244,0.0,0,0.0,0,1.7560734506175522,,,,,,,,,,,
3466,9/25/1976,0.552,0.000,9.000,4.609,0.0,0.0,4.609,0.0,0.0,0.0,1.7560734506175522,0.0,0.0,0.053080732351614784,1.7029927182659375,0.1267428413293771,0.0,0.0,0.0,0.023517353816306128,0.0,0,0.0,0,1.7029927182659375,,,,,,,,,,,
3467,9/26/1976,0.552,0.036,9.000,4.609,0.036,0.0,4.573,0.0,0.0,0.0,1.7029927182659375,0.0,0.0,0.050433653397133016,1.6525590648688044,0.12074421925030898,0.0,0.0,0.0,0.02226948237014338,0.0,0,0.0,0,1.6525590648688044,,,,,,,,,,,
3468,9/27/1976,0.552,0.441,9.000,4.609,0.441,0.0,4.168,0.0,0.0,0.0,1.6525590648688044,0.0,0.0,0.04796901076563845,1.604590054103166,0.11514245174728352,0.0,0.0,0.0,0.021111479004596426,0.0,0,0.0,0,1.604590054103166,,,,,,,,,,,
3469,9/28/1976,0.525,0.283,9.000,4.609,0.283,0.0,4.326,0.0,0.0,0.0,1.604590054103166,0.0,0.0,0.04567086856089256,1.5589191855422733,0.10990402915757747,0.0,0.0,0.0,0.02003522411374569,0.0,0,0.0,0,1.5589191855422733,,,,,,,,,,,
3470,9/29/1976,0.525,0.301,9.000,4.609,0.301,0.0,4.308,0.0,0.0,0.0,1.5589191855422733,0.0,0.0,0.04352496671338033,1.515394218828893,0.10499886464475505,0.0,0.0,0.0,0.019033475527668355,0.0,0,0.0,0,1.515394218828893,,,,,,,,,,,
3471,9/30/1976,0.525,0.052,9.000,4.609,0.052,0.0,4.557,0.0,0.0,0.0,1.515394218828893,0.0,0.0,0.041518515922305675,1.4738757029065872,0.10039988594121878,0.0,0.0,0.0,0.018099758682451294,0.0,0,0.0,0,1.4738757029065872,,,,,,,,,,,
3472,10/1/1976,0.607,0.036,10.000,5.054,0.036,0.0,5.018000000000001,0.0,0.0,0.0,1.4738757029065872,0.0,0.0,0.03964002109534298,1.4342356818112443,0.09608268254818776,0.0,0.0,0.0,0.017228272352247873,0.0,0,0.0,0,1.4342356818112443,,,,,,,,,,,
3473,10/2/1976,0.580,0.015,10.000,5.054,0.015,0.0,5.039000000000001,0.0,0.0,0.0,1.4342356818112443,0.0,0.0,0.03787912886850633,1.396356552942738,0.09202519997172424,0.0,0.0,0.0,0.01641380749006749,0.0,0,0.0,0,1.396356552942738,,,,,,,,,,,
3474,10/3/1976,0.580,0.158,10.000,5.054,0.158,0.0,4.896,0.0,0.0,0.0,1.396356552942738,0.0,0.0,0.03622649554176444,1.3601300574009736,0.08820747398261512,0.0,0.0,0.0,0.015651677148553842,0.0,0,0.0,0,1.3601300574009736,,,,,,,,,,,
3475,10/4/1976,0.724,4.515,10.000,5.054,4.515,0.0,0.5390000000000006,0.0,0.0,0.0,1.3601300574009736,0.0,0.0,0.03467367237957603,1.3254563850213976,0.08461139904020175,0.0,0.0,0.0,0.014937655796777926,0.0,0,0.0,0,1.3254563850213976,,,,,,,,,,,
3476,10/5/1976,1.231,17.241,10.000,5.054,5.054,12.187,0.0,0,12.09755855428157,0.0,13.423014939302966,0.0,0.0,1.5744029711229568,11.848611968180009,3.0119917800158142,0.08944144571843,0.08944144571843,0.0,0.8718413731354386,0.08944144571843,0,0.0,0,11.848611968180009,,,,,,,,,,,
3477,10/6/1976,3.447,24.475,10.000,5.054,5.054,19.421,0.0,0,19.421,0.08944144571843,31.270010117439412,0.0,0.08944144571843,6.445339741697378,24.824670375742034,10.843555500494489,0.0,0.0,0.00039814925940304455,3.9160281642754264,0.08904329645902696,0,0.0,0,24.824670375742034,,,,,,,,,,,
3478,10/7/1976,2.111,1.309,10.000,5.054,1.309,0.0,3.745,0.0,0.0,0.08904329645902696,24.824670375742034,0.08904329645902696,0.0,4.387040016554785,20.43763035918725,7.666332768057805,0.0,0.0,0.0,2.598830953048481,0.0,0,0.0,0,20.43763035918725,,,,,,,,,,,
3479,10/8/1976,1.585,2.422,10.000,5.054,2.422,0.0,2.632,0.0,0.0,0.0,20.43763035918725,0.0,0.0,3.172609923724788,17.26502043546246,5.714132974564935,0.0,0.0,0.0,1.8397608700323393,0.0,0,0.0,0,17.26502043546246,,,,,,,,,,,
3480,10/9/1976,1.231,5.406,10.000,5.054,5.054,0.3519999999999994,0.0,0,0.26262679447518605,0.0,17.527647229937646,0.0,0.0,2.456057242224144,15.071589987713502,4.5255538154809685,0.08937320552481338,0.08937320552481338,0.0,1.4004500053524265,0.08937320552481338,0,0.0,0,15.071589987713502,,,,,,,,,,,
3481,10/10/1976,1.121,2.069,10.000,5.054,2.069,0.0,2.9850000000000003,0.0,0.0,0.08937320552481338,15.071589987713502,0.08937320552481338,0.0,1.9096959613852558,13.161894026328246,3.59547747226688,0.0,0.0,0.0,1.0710335137637423,0.0,0,0.0,0,13.161894026328246,,,,,,,,,,,
3482,10/11/1976,0.947,0.324,10.000,5.054,0.324,0.0,4.73,0.0,0.0,0.0,13.161894026328246,0.0,0.0,1.5236893347034364,11.63820469162481,2.9227562783438277,0.0,0.0,0.0,0.8419423475219143,0.0,0,0.0,0,11.63820469162481,,,,,,,,,,,
3483,10/12/1976,0.817,1.049,10.000,5.054,1.049,0.0,4.005000000000001,0.0,0.0,0.0,11.63820469162481,0.0,0.0,1.2412018955567357,10.397002796068076,2.4202926249298975,0.0,0.0,0.0,0.6766569769915111,0.0,0,0.0,0,10.397002796068076,,,,,,,,,,,
3484,10/13/1976,0.785,1.751,10.000,5.054,1.751,0.0,3.3030000000000004,0.0,0.0,0.0,10.397002796068076,0.0,0.0,1.0285199325517493,9.368482863516327,2.035118871226813,0.0,0.0,0.0,0.5538186482553635,0.0,0,0.0,0,9.368482863516327,,,,,,,,,,,
3485,10/14/1976,8.236,16.703,10.000,5.054,5.054,11.649,0.0,0,11.559558554281569,0.0,20.928041417797896,0.0,0.0,3.300502669793758,17.627538748004138,5.923113188510538,0.08944144571843,0.08944144571843,0.0,1.918907974087431,0.08944144571843,0,0.0,0,17.627538748004138,,,,,,,,,,,
3486,10/15/1976,4.968,8.211,10.000,5.054,5.054,3.157,0.0,0,3.157,0.08944144571843,20.78493689726354,0.0,0.08944144571843,3.2629741161058226,17.52196278115772,5.861881748874058,0.0,0.0,0.00039814925940304455,1.8956619487793887,0.08904329645902696,0,0.0,0,17.52196278115772,,,,,,,,,,,
3487,10/16/1976,2.157,3.164,10.000,5.054,3.164,0.0,1.8900000000000001,0.0,0.0,0.08904329645902696,17.52196278115772,0.08904329645902696,0.0,2.4547298324395235,15.067232948718194,4.523321373345937,0.0,0.0,0.0,1.399643323454319,0.0,0,0.0,0,15.067232948718194,,,,,,,,,,,
3488,10/17/1976,1.544,2.797,10.000,5.054,2.797,0.0,2.257,0.0,0.0,0.0,15.067232948718194,0.0,0.0,1.9087759281799286,13.158457020538266,3.5938908031111754,0.0,0.0,0.0,1.0704835787854108,0.0,0,0.0,0,13.158457020538266,,,,,,,,,,,
3489,10/18/1976,1.307,2.069,10.000,5.054,2.069,0.0,2.9850000000000003,0.0,0.0,0.0,13.158457020538266,0.0,0.0,1.5230262496391174,11.635430770899148,2.9215876781019228,0.0,0.0,0.0,0.8415518440957023,0.0,0,0.0,0,11.635430770899148,,,,,,,,,,,
3490,10/19/1976,1.269,3.664,10.000,5.054,3.664,0.0,1.3900000000000001,0.0,0.0,0.0,11.635430770899148,0.0,0.0,1.2407088753407103,10.394721895558439,2.419407060661802,0.0,0.0,0.0,0.6763705189087033,0.0,0,0.0,0,10.394721895558439,,,,,,,,,,,
3491,10/20/1976,1.231,1.948,10.000,5.054,1.948,0.0,3.1060000000000003,0.0,0.0,0.0,10.394721895558439,0.0,0.0,1.0281438978860304,9.366577997672408,2.034431924289867,0.0,0.0,0.0,0.5536028472732011,0.0,0,0.0,0,9.366577997672408,,,,,,,,,,,
3492,10/21/1976,1.157,0.601,10.000,5.054,0.601,0.0,4.453,0.0,0.0,0.0,9.366577997672408,0.0,0.0,0.8643056817201727,8.502272315952235,1.732897341658113,0.0,0.0,0.0,0.4600990256524547,0.0,0,0.0,0,8.502272315952235,,,,,,,,,,,
3493,10/22/1976,1.050,1.635,10.000,5.054,1.635,0.0,3.4190000000000005,0.0,0.0,0.0,8.502272315952235,0.0,0.0,0.7355137497364206,7.766758566215814,1.492402742784989,0.0,0.0,0.0,0.3874036178400872,0.0,0,0.0,0,7.766758566215814,,,,,,,,,,,
3494,10/23/1976,0.914,1.247,10.000,5.054,1.247,0.0,3.8070000000000004,0.0,0.0,0.0,7.766758566215814,0.0,0.0,0.6325557188737118,7.134202847342102,1.2975978566651047,0.0,0.0,0.0,0.32988476546260115,0.0,0,0.0,0,7.134202847342102,,,,,,,,,,,
3495,10/24/1976,0.947,4.406,10.000,5.054,4.406,0.0,0.6480000000000006,0.0,0.0,0.0,7.134202847342102,0.0,0.0,0.5490453282112971,6.585157519130806,1.137671616715698,0.0,0.0,0.0,0.2836779409800387,0.0,0,0.0,0,6.585157519130806,,,,,,,,,,,
3496,10/25/1976,1.015,2.003,10.000,5.054,2.003,0.0,3.051,0.0,0.0,0.0,6.585157519130806,0.0,0.0,0.48044394511170724,6.104713574019098,1.0048287979903785,0.0,0.0,0.0,0.24606278554018582,0.0,0,0.0,0,6.104713574019098,,,,,,,,,,,
3497,10/26/1976,1.086,0.245,10.000,5.054,0.245,0.0,4.809,0.0,0.0,0.0,6.104713574019098,0.0,0.0,0.42345564974910554,5.6812579242699925,0.8933328093453635,0.0,0.0,0.0,0.21508146684709833,0.0,0,0.0,0,5.6812579242699925,,,,,,,,,,,
3498,10/27/1976,0.947,1.013,10.000,5.054,1.013,0.0,4.041,0.0,0.0,0.0,5.6812579242699925,0.0,0.0,0.3756412599095558,5.3056166643604366,0.7988857415845645,0.0,0.0,0.0,0.18929731071918046,0.0,0,0.0,0,5.3056166643604366,,,,,,,,,,,
3499,10/28/1976,0.881,0.209,10.000,5.054,0.209,0.0,4.845000000000001,0.0,0.0,0.0,5.3056166643604366,0.0,0.0,0.3351651788088428,4.970451485551594,0.7182161094333769,0.0,0.0,0.0,0.16763781007836032,0.0,0,0.0,0,4.970451485551594,,,,,,,,,,,
3500,10/29/1976,0.785,0.538,10.000,5.054,0.538,0.0,4.516,0.0,0.0,0.0,4.970451485551594,0.0,0.0,0.3006252881134966,4.6698261974380975,0.6487982656506348,0.0,0.0,0.0,0.14928996598169214,0.0,0,0.0,0,4.6698261974380975,,,,,,,,,,,
3501,10/30/1976,0.754,0.232,10.000,5.054,0.232,0.0,4.822,0.0,0.0,0.0,4.6698261974380975,0.0,0.0,0.27093616128621406,4.398890036151883,0.5886574551159156,0.0,0.0,0.0,0.1336289730403909,0.0,0,0.0,0,4.398890036151883,,,,,,,,,,,
3502,10/31/1976,0.724,0.000,10.000,5.054,0.0,0.0,5.054,0.0,0.0,0.0,4.398890036151883,0.0,0.0,0.24524732960841736,4.153642706543466,0.5362318507053998,0.0,0.0,0.0,0.1201686662392192,0.0,0,0.0,0,4.153642706543466,,,,,,,,,,,
3503,11/1/1976,0.724,0.028,11.000,5.054,0.028,0.0,5.026000000000001,0.0,0.0,0.0,4.153642706543466,0.0,0.0,0.22288508365097948,3.9307576228924868,0.4902732826642877,0.0,0.0,0.0,0.1085264777594987,0.0,0,0.0,0,3.9307576228924868,,,,,,,,,,,
3504,11/2/1976,0.694,0.000,11.000,5.054,0.0,0.0,5.054,0.0,0.0,0.0,3.9307576228924868,0.0,0.0,0.20331038063929593,3.727447242253191,0.44977472923086387,0.0,0.0,0.0,0.09839825750555355,0.0,0,0.0,0,3.727447242253191,,,,,,,,,,,
3505,11/3/1976,0.665,0.060,11.000,5.054,0.06,0.0,4.994000000000001,0.0,0.0,0.0,3.727447242253191,0.0,0.0,0.18608796500890953,3.5413592772442817,0.4139166260996691,0.0,0.0,0.0,0.08953991723679416,0.0,0,0.0,0,3.5413592772442817,,,,,,,,,,,
3506,11/4/1976,0.636,0.008,11.000,5.054,0.008,0.0,5.046,0.0,0.0,0.0,3.5413592772442817,0.0,0.0,0.17086341916069697,3.3704958580835847,0.38202661132476223,0.0,0.0,0.0,0.08175387101821423,0.0,0,0.0,0,3.3704958580835847,,,,,,,,,,,
3507,11/5/1976,0.636,0.044,11.000,5.054,0.044,0.0,5.010000000000001,0.0,0.0,0.0,3.3704958580835847,0.0,0.0,0.15734590361718825,3.213149954466396,0.3535489959733024,0.0,0.0,0.0,0.07487889649388799,0.0,0,0.0,0,3.213149954466396,,,,,,,,,,,
3508,11/6/1976,0.607,0.121,11.000,5.054,0.121,0.0,4.933,0.0,0.0,0.0,3.213149954466396,0.0,0.0,0.1452950330478919,3.0678549214185042,0.3280213652185678,0.0,0.0,0.0,0.06878246882011227,0.0,0,0.0,0,3.0678549214185042,,,,,,,,,,,
3509,11/7/1976,0.580,0.106,11.000,5.054,0.106,0.0,4.948,0.0,0.0,0.0,3.0678549214185042,0.0,0.0,0.13451079553567338,2.9333441258828308,0.30505646875593845,0.0,0.0,0.0,0.06335490407952996,0.0,0,0.0,0,2.9333441258828308,,,,,,,,,,,
3510,11/8/1976,0.580,0.044,11.000,5.054,0.044,0.0,5.010000000000001,0.0,0.0,0.0,2.9333441258828308,0.0,0.0,0.12482573637581662,2.808518389507014,0.2843280775848566,0.0,0.0,0.0,0.058504842053957916,0.0,0,0.0,0,2.808518389507014,,,,,,,,,,,
3511,11/9/1976,0.580,0.427,11.000,5.054,0.427,0.0,4.627000000000001,0.0,0.0,0.0,2.808518389507014,0.0,0.0,0.11609884458533529,2.6924195449216786,0.26555984517093606,0.0,0.0,0.0,0.0541557309213162,0.0,0,0.0,0,2.6924195449216786,,,,,,,,,,,
3512,11/10/1976,0.580,0.163,11.000,5.054,0.163,0.0,4.891,0.0,0.0,0.0,2.6924195449216786,0.0,0.0,0.10821073214188484,2.5842088127797935,0.24851646572442443,0.0,0.0,0.0,0.05024306886869848,0.0,0,0.0,0,2.5842088127797935,,,,,,,,,,,
3513,11/11/1976,0.580,0.214,11.000,5.054,0.214,0.0,4.84,0.0,0.0,0.0,2.5842088127797935,0.0,0.0,0.10105980359083137,2.483149009188962,0.232996604238351,0.0,0.0,0.0,0.046712222802114296,0.0,0,0.0,0,2.483149009188962,,,,,,,,,,,
3514,11/12/1976,0.580,0.151,11.000,5.054,0.151,0.0,4.9030000000000005,0.0,0.0,0.0,2.483149009188962,0.0,0.0,0.0945591908135542,2.388589818375408,0.21882720429116945,0.0,0.0,0.0,0.04351669084725684,0.0,0,0.0,0,2.388589818375408,,,,,,,,,,,
3515,11/13/1976,0.552,0.459,11.000,5.054,0.459,0.0,4.595000000000001,0.0,0.0,0.0,2.388589818375408,0.0,0.0,0.08863428365852187,2.299955534716886,0.2058588754710845,0.0,0.0,0.0,0.04061670888608365,0.0,0,0.0,0,2.299955534716886,,,,,,,,,,,
3516,11/14/1976,0.552,0.028,11.000,5.054,0.028,0.0,5.026000000000001,0.0,0.0,0.0,2.299955534716886,0.0,0.0,0.08322072805727351,2.2167348066596126,0.19396213290564696,0.0,0.0,0.0,0.03797812582064216,0.0,0,0.0,0,2.2167348066596126,,,,,,,,,,,
3517,11/15/1976,0.552,0.000,11.000,5.054,0.0,0.0,5.054,0.0,0.0,0.0,2.2167348066596126,0.0,0.0,0.07826279348076463,2.138472013178848,0.18302431389722604,0.0,0.0,0.0,0.035571490239050894,0.0,0,0.0,0,2.138472013178848,,,,,,,,,,,
3518,11/16/1976,0.552,0.188,11.000,5.054,0.188,0.0,4.8660000000000005,0.0,0.0,0.0,2.138472013178848,0.0,0.0,0.07371203412696344,2.0647599790518845,0.1729470360531113,0.0,0.0,0.0,0.03337130450649919,0.0,0,0.0,0,2.0647599790518845,,,,,,,,,,,
3519,11/17/1976,0.552,0.252,11.000,5.054,0.252,0.0,4.8020000000000005,0.0,0.0,0.0,2.0647599790518845,0.0,0.0,0.06952618516846297,1.9952337938834215,0.16364409108057296,0.0,0.0,0.0,0.03135541229531168,0.0,0,0.0,0,1.9952337938834215,,,,,,,,,,,
3520,11/18/1976,0.552,1.135,11.000,5.054,1.135,0.0,3.9190000000000005,0.0,0.0,0.0,1.9952337938834215,0.0,0.0,0.065668248219931,1.9295655456634906,0.15503969110798,0.0,0.0,0.0,0.02950449310644868,0.0,0,0.0,0,1.9295655456634906,,,,,,,,,,,
3521,11/19/1976,0.552,0.487,11.000,5.054,0.487,0.0,4.567,0.0,0.0,0.0,1.9295655456634906,0.0,0.0,0.062105729977631474,1.867459815685859,0.1470670018067155,0.0,0.0,0.0,0.02780164306540996,0.0,0,0.0,0,1.867459815685859,,,,,,,,,,,
3522,11/20/1976,0.552,0.999,11.000,5.054,0.999,0.0,4.055000000000001,0.0,0.0,0.0,1.867459815685859,0.0,0.0,0.058810005509341824,1.8086498101765172,0.13966691004421045,0.0,0.0,0.0,0.02623202566302092,0.0,0,0.0,0,1.8086498101765172,,,,,,,,,,,
3523,11/21/1976,0.552,0.185,11.000,5.054,0.185,0.0,4.869000000000001,0.0,0.0,0.0,1.8086498101765172,0.0,0.0,0.05575578349595272,1.7528940266805644,0.13278698426329882,0.0,0.0,0.0,0.02478257949355772,0.0,0,0.0,0,1.7528940266805644,,,,,,,,,,,
3524,11/22/1976,0.552,0.283,11.000,5.054,0.283,0.0,4.771,0.0,0.0,0.0,1.7528940266805644,0.0,0.0,0.05292065525989306,1.6999733714206713,0.12638059397236365,0.0,0.0,0.0,0.023441772666339195,0.0,0,0.0,0,1.6999733714206713,,,,,,,,,,,
3525,11/23/1976,0.552,0.553,11.000,5.054,0.553,0.0,4.501,0.0,0.0,0.0,1.6999733714206713,0.0,0.0,0.05028471296697172,1.6496886584536996,0.12040616117690726,0.0,0.0,0.0,0.022199395614762182,0.0,0,0.0,0,1.6496886584536996,,,,,,,,,,,
3526,11/24/1976,0.580,0.899,11.000,5.054,0.899,0.0,4.155,0.0,0.0,0.0,1.6496886584536996,0.0,0.0,0.04783022518613205,1.6018584332675676,0.1148265216857014,0.0,0.0,0.0,0.02104638563447457,0.0,0,0.0,0,1.6018584332675676,,,,,,,,,,,
3527,11/25/1976,0.580,3.193,11.000,5.054,3.193,0.0,1.8610000000000002,0.0,0.0,0.0,1.6018584332675676,0.0,0.0,0.045541360207938524,1.5563170730596292,0.109608378285176,0.0,0.0,0.0,0.019974677751570958,0.0,0,0.0,0,1.5563170730596292,,,,,,,,,,,
3528,11/26/1976,0.552,3.335,11.000,5.054,3.335,0.0,1.7190000000000003,0.0,0.0,0.0,1.5563170730596292,0.0,0.0,0.04340394928742723,1.512913123772202,0.10472183102346308,0.0,0.0,0.0,0.01897707752895358,0.0,0,0.0,0,1.512913123772202,,,,,,,,,,,
3529,11/27/1976,0.580,1.563,11.000,5.054,1.563,0.0,3.4910000000000005,0.0,0.0,0.0,1.512913123772202,0.0,0.0,0.04140528338925506,1.471507840382947,0.10013997245584956,0.0,0.0,0.0,0.018047152222430186,0.0,0,0.0,0,1.471507840382947,,,,,,,,,,,
3530,11/28/1976,0.580,2.318,11.000,5.054,2.318,0.0,2.736,0.0,0.0,0.0,1.471507840382947,0.0,0.0,0.039533938148688594,1.4319739022342584,0.09583853781118844,0.0,0.0,0.0,0.017179137342073443,0.0,0,0.0,0,1.4319739022342584,,,,,,,,,,,
3531,11/29/1976,0.580,8.415,11.000,5.054,5.054,3.360999999999999,0.0,0,3.271558554281569,0.0,4.703532456515827,0.0,0.0,0.2742033059670262,4.429329150548801,0.5952984339205597,0.08944144571843,0.08944144571843,0.0,0.13534707741101745,0.08944144571843,0,0.0,0,4.429329150548801,,,,,,,,,,,
3532,11/30/1976,1.086,8.541,11.000,5.054,5.054,3.487,0.0,0,3.487,0.08944144571843,7.916727299808204,0.0,0.08944144571843,0.6530432133047274,7.263684086503477,1.3365594743887939,0.0,0.0,0.00039814925940304455,0.34128427479692763,0.08904329645902696,0,0.0,0,7.263684086503477,,,,,,,,,,,
3533,12/1/1976,2.019,9.666,12.000,5.337,5.337,4.329000000000001,0.0,0,4.328601850740598,0.08904329645902696,11.592682314139095,0.0,0.08904329645902696,1.2331209298027968,10.359561384336299,2.4057735145821453,0.0003981492594030382,0.0003981492594030382,0.0003963768950199571,0.6719626636962387,0.08904506882341005,0,0.0,0,10.359561384336299,,,,,,,,,,,
3534,12/2/1976,1.884,10.157,12.000,5.337,5.337,4.82,0.0,0,4.81960362310498,0.08904506882341005,15.179561392225992,0.0,0.08904506882341005,1.9325518274541285,13.247009564771863,3.634870293349336,0.00039637689501995115,0.00039637689501995115,0.000396384784713162,1.0847008144744514,0.08904506093371685,0,0.0,0,13.247009564771863,,,,,,,,,,,
3535,12/3/1976,2.019,9.047,12.000,5.337,5.337,3.710000000000001,0.0,0,3.7096036152152876,0.08904506093371685,16.957009564736744,0.0,0.08904506093371685,2.324241332213157,14.632768232523587,4.3032546707771315,0.0003963847847131611,0.0003963847847131611,0.0003963847495921342,1.320486442140861,0.08904506096883787,0,0.0,0,14.632768232523587,,,,,,,,,,,
3536,12/4/1976,1.711,2.948,12.000,5.337,2.948,0.0,2.389,0.0,0.0,0.08904506096883787,14.632768232523587,0.08904506096883787,0.0,1.817927675557586,12.814840556966,3.4368421285515574,0.0,0.0,0.0,1.0162676863482767,0.0,0,0.0,0,12.814840556966,,,,,,,,,,,
3537,12/5/1976,1.463,2.029,12.000,5.337,2.029,0.0,3.308,0.0,0.0,0.0,12.814840556966,0.0,0.0,1.4573184274234003,11.3575221295426,2.805545198922521,0.0,0.0,0.0,0.8029114893769536,0.0,0,0.0,0,11.3575221295426,,,,,,,,,,,
3538,12/6/1976,1.463,5.389,12.000,5.337,5.337,0.05200000000000049,0.0,0,0.005162015827553004,0.0,11.362684145370153,0.0,0.0,1.1926161028647722,10.170068042505381,2.3328664713630314,0.046837984172447486,0.046837984172447486,0.0,0.6484637559404691,0.046837984172447486,0,0.0,0,10.170068042505381,,,,,,,,,,,
3539,12/7/1976,1.345,7.282,12.000,5.337,5.337,1.9450000000000003,0.0,0,1.9023965384540178,0.046837984172447486,12.072673080593548,0.0,0.046837984172447486,1.3193849081968674,10.75328817239668,2.560326704609529,0.04260346154598252,0.04260346154598252,0.00020849963415057858,0.7221763656984073,0.08923294608427942,0,0.0,0,10.75328817239668,,,,,,,,,,,
3540,12/8/1976,1.269,0.971,12.000,5.337,0.971,0.0,4.366,0.0,0.0,0.08923294608427942,10.75328817239668,0.08923294608427942,0.0,1.0879307499315995,9.66535742246508,2.1433769411604264,0.0,0.0,0.0,0.587977749109213,0.0,0,0.0,0,9.66535742246508,,,,,,,,,,,
3541,12/9/1976,1.194,0.094,12.000,5.337,0.094,0.0,5.242999999999999,0.0,0.0,0.0,9.66535742246508,0.0,0.0,0.9107425821064831,8.754614840358597,1.8188316026537963,0.0,0.0,0.0,0.48649134552975487,0.0,0,0.0,0,8.754614840358597,,,,,,,,,,,
3542,12/10/1976,0.981,0.263,12.000,5.337,0.263,0.0,5.074,0.0,0.0,0.0,8.754614840358597,0.0,0.0,0.772255217978431,7.982359622380166,1.5613511480374165,0.0,0.0,0.0,0.4080625382829194,0.0,0,0.0,0,7.982359622380166,,,,,,,,,,,
3543,12/11/1976,0.754,0.127,12.000,5.337,0.127,0.0,5.21,0.0,0.0,0.0,7.982359622380166,0.0,0.0,0.6620913708143704,7.320268251565795,1.3537342690476342,0.0,0.0,0.0,0.34632632868415014,0.0,0,0.0,0,7.320268251565795,,,,,,,,,,,
3544,12/12/1976,0.694,0.187,12.000,5.337,0.187,0.0,5.1499999999999995,0.0,0.0,0.0,7.320268251565795,0.0,0.0,0.5731180741704189,6.747150177395376,1.183962982951588,0.0,0.0,0.0,0.29695300267870023,0.0,0,0.0,0,6.747150177395376,,,,,,,,,,,
3545,12/13/1976,0.665,0.547,12.000,5.337,0.547,0.0,4.79,0.0,0.0,0.0,6.747150177395376,0.0,0.0,0.5003029602477183,6.246847217147658,1.0434315218998598,0.0,0.0,0.0,0.2569175292912418,0.0,0,0.0,0,6.246847217147658,,,,,,,,,,,
3546,12/14/1976,0.694,1.120,12.000,5.337,1.12,0.0,4.217,0.0,0.0,0.0,6.246847217147658,0.0,0.0,0.4400147670245614,5.806832450123096,0.9258448600040841,0.0,0.0,0.0,0.2240569916253257,0.0,0,0.0,0,5.806832450123096,,,,,,,,,,,
3547,12/15/1976,0.665,0.456,12.000,5.337,0.456,0.0,4.880999999999999,0.0,0.0,0.0,5.806832450123096,0.0,0.0,0.3895811511244963,5.4172512989985995,0.8265116579702818,0.0,0.0,0.0,0.19679332380317957,0.0,0,0.0,0,5.4172512989985995,,,,,,,,,,,
3548,12/16/1976,0.636,0.003,12.000,5.337,0.003,0.0,5.334,0.0,0.0,0.0,5.4172512989985995,0.0,0.0,0.3470010177837932,5.070250281214806,0.7418777354709158,0.0,0.0,0.0,0.173954460750669,0.0,0,0.0,0,5.070250281214806,,,,,,,,,,,
3549,12/17/1976,0.636,0.011,12.000,5.337,0.011,0.0,5.326,0.0,0.0,0.0,5.070250281214806,0.0,0.0,0.310752602378538,4.759497678836268,0.6692107279501637,0.0,0.0,0.0,0.15465597504425335,0.0,0,0.0,0,4.759497678836268,,,,,,,,,,,
3550,12/18/1976,0.636,2.930,12.000,5.337,2.93,0.0,2.4069999999999996,0.0,0.0,0.0,4.759497678836268,0.0,0.0,0.2796625480129587,4.479835130823309,0.6063823306433408,0.0,0.0,0.0,0.1382209471311846,0.0,0,0.0,0,4.479835130823309,,,,,,,,,,,
3551,12/19/1976,1.585,5.401,12.000,5.337,5.337,0.06400000000000006,0.0,0,0.009069848300558035,0.0,4.488904979123867,0.0,0.0,0.2536684558452967,4.23523652327857,0.5534595123407325,0.05493015169944202,0.05493015169944202,0.0,0.12457135737663619,0.05493015169944202,0,0.0,0,4.23523652327857,,,,,,,,,,,
3552,12/20/1976,1.797,2.977,12.000,5.337,2.977,0.0,2.36,0.0,0.0,0.05493015169944202,4.23523652327857,0.05493015169944202,0.0,0.23022998925980018,4.00500653401877,0.5054032225961604,0.0,0.0,0.0,0.11234225196546549,0.0,0,0.0,0,4.00500653401877,,,,,,,,,,,
3553,12/21/1976,1.269,1.200,12.000,5.337,1.2,0.0,4.137,0.0,0.0,0.0,4.00500653401877,0.0,0.0,0.20975121869704194,3.7952553153217283,0.4631294508818088,0.0,0.0,0.0,0.10172404237954978,0.0,0,0.0,0,3.7952553153217283,,,,,,,,,,,
3554,12/22/1976,1.231,0.552,12.000,5.337,0.552,0.0,4.785,0.0,0.0,0.0,3.7952553153217283,0.0,0.0,0.19176415887794582,3.6034911564437824,0.4257593464651464,0.0,0.0,0.0,0.09245373950850645,0.0,0,0.0,0,3.6034911564437824,,,,,,,,,,,
3555,12/23/1976,1.194,0.138,12.000,5.337,0.138,0.0,5.199,0.0,0.0,0.0,3.6034911564437824,0.0,0.0,0.1758888106270168,3.4276023458167657,0.39257383688607145,0.0,0.0,0.0,0.08431907129349128,0.0,0,0.0,0,3.4276023458167657,,,,,,,,,,,
3556,12/24/1976,1.121,0.117,12.000,5.337,0.117,0.0,5.22,0.0,0.0,0.0,3.4276023458167657,0.0,0.0,0.1618141502317547,3.265788195585011,0.3629800965580362,0.0,0.0,0.0,0.07714729344699327,0.0,0,0.0,0,3.265788195585011,,,,,,,,,,,
3557,12/25/1976,1.015,0.029,12.000,5.337,0.029,0.0,5.308,0.0,0.0,0.0,3.265788195585011,0.0,0.0,0.14928372711519877,3.116504468469812,0.3364859375273617,0.0,0.0,0.0,0.07079676060418451,0.0,0,0.0,0,3.116504468469812,,,,,,,,,,,
3558,12/26/1976,0.785,0.142,12.000,5.337,0.142,0.0,5.194999999999999,0.0,0.0,0.0,3.116504468469812,0.0,0.0,0.1380846386408769,2.9784198298289355,0.3126800538381888,0.0,0.0,0.0,0.06515050922495007,0.0,0,0.0,0,2.9784198298289355,,,,,,,,,,,
3559,12/27/1976,0.607,0.165,12.000,5.337,0.165,0.0,5.172,0.0,0.0,0.0,2.9784198298289355,0.0,0.0,0.12803900847687147,2.850380821352064,0.2912166394905239,0.0,0.0,0.0,0.06011132389336864,0.0,0,0.0,0,2.850380821352064,,,,,,,,,,,
3560,12/28/1976,0.525,0.286,12.000,5.337,0.286,0.0,5.051,0.0,0.0,0.0,2.850380821352064,0.0,0.0,0.1189973408362206,2.7313834805158432,0.2718033080784185,0.0,0.0,0.0,0.055597909360725395,0.0,0,0.0,0,2.7313834805158432,,,,,,,,,,,
3561,12/29/1976,0.499,0.494,12.000,5.337,0.494,0.0,4.843,0.0,0.0,0.0,2.7313834805158432,0.0,0.0,0.1108332942968674,2.620550186218976,0.25419152893512453,0.0,0.0,0.0,0.05154189518069388,0.0,0,0.0,0,2.620550186218976,,,,,,,,,,,
3562,12/30/1976,0.473,0.233,12.000,5.337,0.233,0.0,5.104,0.0,0.0,0.0,2.620550186218976,0.0,0.0,0.10343953987574951,2.5171106463432262,0.23816899856501325,0.0,0.0,0.0,0.047885473183693635,0.0,0,0.0,0,2.5171106463432262,,,,,,,,,,,
3563,12/31/1976,0.473,0.225,12.000,5.337,0.225,0.0,5.112,0.0,0.0,0.0,2.5171106463432262,0.0,0.0,0.09672445442574089,2.420386191917485,0.22355351287393105,0.0,0.0,0.0,0.04457952020563236,0.0,0,0.0,0,2.420386191917485,,,,,,,,,,,
3564,1/1/1977,0.473,0.278,1.000,5.134,0.278,0.0,4.856,0.0,0.0,0.0,2.420386191917485,0.0,0.0,0.09060946280329528,2.3297767291141898,0.21018801240397852,0.0,0.0,0.0,0.041582095978414994,0.0,0,0.0,0,2.3297767291141898,,,,,,,,,,,
3565,1/2/1977,0.473,0.525,1.000,5.134,0.525,0.0,4.609,0.0,0.0,0.0,2.3297767291141898,0.0,0.0,0.08502688775776247,2.2447498413564273,0.19793655113660033,0.0,0.0,0.0,0.03885723331536625,0.0,0,0.0,0,2.2447498413564273,,,,,,,,,,,
3566,1/3/1977,0.499,0.182,1.000,5.134,0.182,0.0,4.952,0.0,0.0,0.0,2.2447498413564273,0.0,0.0,0.07991820000625655,2.1648316413501707,0.18668099751500772,0.0,0.0,0.0,0.03637395768851718,0.0,0,0.0,0,2.1648316413501707,,,,,,,,,,,
3567,1/4/1977,0.499,0.601,1.000,5.134,0.601,0.0,4.533,0.0,0.0,0.0,2.1648316413501707,0.0,0.0,0.07523258586372437,2.0895990554864463,0.17631831977678264,0.0,0.0,0.0,0.03410548806792619,0.0,0,0.0,0,2.0895990554864463,,,,,,,,,,,
3568,1/5/1977,0.525,0.810,1.000,5.134,0.81,0.0,4.324,0.0,0.0,0.0,2.0895990554864463,0.0,0.0,0.0709257684649024,2.018673287021544,0.16675834044307353,0.0,0.0,0.0,0.032028581919852396,0.0,0,0.0,0,2.018673287021544,,,,,,,,,,,
3569,1/6/1977,0.525,2.003,1.000,5.134,2.003,0.0,3.1310000000000002,0.0,0.0,0.0,2.018673287021544,0.0,0.0,0.06695903271841372,1.9517142543031303,0.15792186970321279,0.0,0.0,0.0,0.03012299555788625,0.0,0,0.0,0,1.9517142543031303,,,,,,,,,,,
3570,1/7/1977,0.499,1.064,1.000,5.134,1.064,0.0,4.07,0.0,0.0,0.0,1.9517142543031303,0.0,0.0,0.06329841486989718,1.888415839433233,0.14973914649031758,0.0,0.0,0.0,0.0283710373327074,0.0,0,0.0,0,1.888415839433233,,,,,,,,,,,
3571,1/8/1977,0.499,1.178,1.000,5.134,1.178,0.0,3.9560000000000004,0.0,0.0,0.0,1.888415839433233,0.0,0.0,0.05991402578329424,1.828501813649939,0.14214853073465067,0.0,0.0,0.0,0.026757195951577474,0.0,0,0.0,0,1.828501813649939,,,,,,,,,,,
3572,1/9/1977,0.473,1.396,1.000,5.134,1.396,0.0,3.7380000000000004,0.0,0.0,0.0,1.828501813649939,0.0,0.0,0.05677948340440438,1.7717223302455345,0.1350954016823759,0.0,0.0,0.0,0.025267829914354896,0.0,0,0.0,0,1.7717223302455345,,,,,,,,,,,
3573,1/10/1977,0.473,1.626,1.000,5.134,1.626,0.0,3.5080000000000005,0.0,0.0,0.0,1.7717223302455345,0.0,0.0,0.05387143480834595,1.7178508954371885,0.12853122607047668,0.0,0.0,0.0,0.02389090691364667,0.0,0,0.0,0,1.7178508954371885,,,,,,,,,,,
3574,1/11/1977,0.473,0.305,1.000,5.134,0.305,0.0,4.829000000000001,0.0,0.0,0.0,1.7178508954371885,0.0,0.0,0.05116915209234751,1.666681743344841,0.12241276694281691,0.0,0.0,0.0,0.022615784275066296,0.0,0,0.0,0,1.666681743344841,,,,,,,,,,,
3575,1/12/1977,0.448,0.427,1.000,5.134,0.427,0.0,4.707000000000001,0.0,0.0,0.0,1.666681743344841,0.0,0.0,0.04865418941022684,1.6180275539346143,0.11670140941820313,0.0,0.0,0.0,0.02143302325956161,0.0,0,0.0,0,1.6180275539346143,,,,,,,,,,,
3576,1/13/1977,0.785,7.030,1.000,5.134,5.134,1.896,0.0,0,1.8065585542815699,0.0,3.424586108216184,0.0,0.0,0.1615768965597438,3.26300921165644,0.3624797753940489,0.08944144571843,0.08944144571843,0.0,0.0770267420976149,0.08944144571843,0,0.0,0,3.26300921165644,,,,,,,,,,,
3577,1/14/1977,2.204,8.876,1.000,5.134,5.134,3.741999999999999,0.0,0,3.741999999999999,0.08944144571843,7.005407360915842,0.0,0.08944144571843,0.5326248627180044,6.472782498197837,1.1060017429476245,0.0,0.0,0.00039814925940304455,0.2746446261656378,0.08904329645902696,0,0.0,0,6.472782498197837,,,,,,,,,,,
3578,1/15/1977,1.307,1.360,1.000,5.134,1.36,0.0,3.774,0.0,0.0,0.08904329645902696,6.472782498197837,0.08904329645902696,0.0,0.4668572789499097,6.005925219247928,0.9783459697254301,0.0,0.0,0.0,0.23865336669642492,0.0,0,0.0,0,6.005925219247928,,,,,,,,,,,
3579,1/16/1977,0.694,0.622,1.000,5.134,0.622,0.0,4.5120000000000005,0.0,0.0,0.0,6.005925219247928,0.0,0.0,0.41209654998587864,5.593828669262049,0.8709734613372007,0.0,0.0,0.0,0.2089377927602627,0.0,0,0.0,0,5.593828669262049,,,,,,,,,,,
3580,1/17/1977,0.580,1.226,1.000,5.134,1.226,0.0,3.9080000000000004,0.0,0.0,0.0,5.593828669262049,0.0,0.0,0.3660561536497515,5.227772515612298,0.7798447703281748,0.0,0.0,0.0,0.1841536027665964,0.0,0,0.0,0,5.227772515612298,,,,,,,,,,,
3581,1/18/1977,0.580,0.427,1.000,5.134,0.427,0.0,4.707000000000001,0.0,0.0,0.0,5.227772515612298,0.0,0.0,0.32700940737341866,4.900763108238879,0.7018750355506671,0.0,0.0,0.0,0.1632936728764826,0.0,0,0.0,0,4.900763108238879,,,,,,,,,,,
3582,1/19/1977,0.552,0.164,1.000,5.134,0.164,0.0,4.970000000000001,0.0,0.0,0.0,4.900763108238879,0.0,0.0,0.29363329256412096,4.6071298156747575,0.6346756729180555,0.0,0.0,0.0,0.1455921332463584,0.0,0,0.0,0,4.6071298156747575,,,,,,,,,,,
3583,1/20/1977,0.525,0.008,1.000,5.134,0.008,0.0,5.126,0.0,0.0,0.0,4.6071298156747575,0.0,0.0,0.26490075368264554,4.3422290619921124,0.5763741378391104,0.0,0.0,0.0,0.13045870838702478,0.0,0,0.0,0,4.3422290619921124,,,,,,,,,,,
3584,1/21/1977,0.499,0.085,1.000,5.134,0.085,0.0,5.049,0.0,0.0,0.0,4.3422290619921124,0.0,0.0,0.24000502100493126,4.102224040987181,0.5254858796289436,0.0,0.0,0.0,0.11743290717597225,0.0,0,0.0,0,4.102224040987181,,,,,,,,,,,
3585,1/22/1977,0.499,0.987,1.000,5.134,0.987,0.0,4.147,0.0,0.0,0.0,4.102224040987181,0.0,0.0,0.21830552993144162,3.8839185110557395,0.48082188764028055,0.0,0.0,0.0,0.10615150747718485,0.0,0,0.0,0,3.8839185110557395,,,,,,,,,,,
3586,1/23/1977,0.473,0.111,1.000,5.134,0.111,0.0,5.023000000000001,0.0,0.0,0.0,3.8839185110557395,0.0,0.0,0.19928867827180088,3.6846298327839384,0.441420948043455,0.0,0.0,0.0,0.09632511485830887,0.0,0,0.0,0,3.6846298327839384,,,,,,,,,,,
3587,1/24/1977,0.448,0.103,1.000,5.134,0.103,0.0,5.031000000000001,0.0,0.0,0.0,3.6846298327839384,0.0,0.0,0.18253895138622414,3.5020908813977143,0.4064993381574809,0.0,0.0,0.0,0.08772102177179178,0.0,0,0.0,0,3.5020908813977143,,,,,,,,,,,
3588,1/25/1977,0.448,0.243,1.000,5.134,0.243,0.0,4.891,0.0,0.0,0.0,3.5020908813977143,0.0,0.0,0.1677174039265211,3.334373477471193,0.3754130097913341,0.0,0.0,0.0,0.08015051021377707,0.0,0,0.0,0,3.334373477471193,,,,,,,,,,,
3589,1/26/1977,0.785,0.168,1.000,5.134,0.168,0.0,4.966,0.0,0.0,0.0,3.334373477471193,0.0,0.0,0.1545454354496492,3.1798280420215437,0.34762883967675934,0.0,0.0,0.0,0.07345933331275407,0.0,0,0.0,0,3.1798280420215437,,,,,,,,,,,
3590,1/27/1977,0.914,1.408,1.000,5.134,1.408,0.0,3.7260000000000004,0.0,0.0,0.0,3.1798280420215437,0.0,0.0,0.14279242510363901,3.0370356169179047,0.3227025453473581,0.0,0.0,0.0,0.06752050124311337,0.0,0,0.0,0,3.0370356169179047,,,,,,,,,,,
3591,1/28/1977,0.665,0.396,1.000,5.134,0.396,0.0,4.738,0.0,0.0,0.0,3.0370356169179047,0.0,0.0,0.13226621319433884,2.9047694037235656,0.3002615577120679,0.0,0.0,0.0,0.062228757846667114,0.0,0,0.0,0,2.9047694037235656,,,,,,,,,,,
3592,1/29/1977,0.694,1.781,1.000,5.134,1.781,0.0,3.3530000000000006,0.0,0.0,0.0,2.9047694037235656,0.0,0.0,0.12280570622284007,2.7819636975007254,0.2799916191324148,0.0,0.0,0.0,0.057496311733141583,0.0,0,0.0,0,2.7819636975007254,,,,,,,,,,,
3593,1/30/1977,0.817,5.260,1.000,5.134,5.134,0.12599999999999945,0.0,0,0.046645145122876874,0.0,2.828608842623602,0.0,0.0,0.11748631143707686,2.711122531186525,0.26854974950596266,0.07935485487712257,0.07935485487712257,0.0,0.054845788178057124,0.07935485487712257,0,0.0,0,2.711122531186525,,,,,,,,,,,
3594,1/31/1977,1.668,5.570,1.000,5.134,5.134,0.43599999999999994,0.0,0,0.42591403266412636,0.07935485487712257,3.1373898125760666,0.0,0.07935485487712257,0.1396303782763026,2.997759434299764,0.31597328262934693,0.010085967335873592,0.010085967335873592,0.00035324872541558276,0.06592808737421049,0.08908757348758058,0,0.0,0,2.997759434299764,,,,,,,,,,,
3595,2/1/1977,1.086,3.028,2.000,4.866,3.028,0.0,1.8379999999999996,0.0,0.0,0.08908757348758058,2.997759434299764,0.08908757348758058,0.0,0.12942765281351146,2.8683317814862526,0.29419005491278,0.0,0.0,0.0,0.060806404753374566,0.0,0,0.0,0,2.8683317814862526,,,,,,,,,,,
3596,2/2/1977,0.881,1.550,2.000,4.866,1.55,0.0,3.316,0.0,0.0,0.0,2.8683317814862526,0.0,0.0,0.12024898506725366,2.748082796418999,0.274496314371369,0.0,0.0,0.0,0.05622139689587405,0.0,0,0.0,0,2.748082796418999,,,,,,,,,,,
3597,2/3/1977,0.817,2.256,2.000,4.866,2.256,0.0,2.61,0.0,0.0,0.0,2.748082796418999,0.0,0.0,0.11196496107605948,2.6361178353429393,0.2566376950419653,0.0,0.0,0.0,0.05210298192697632,0.0,0,0.0,0,2.6361178353429393,,,,,,,,,,,
3598,2/4/1977,0.881,6.162,2.000,4.866,4.866,1.2960000000000003,0.0,0,1.2065585542816166,0.0,3.8426763896245557,0.0,0.0,0.19577420295402964,3.646902186670526,0.434111116801829,0.08944144571838357,0.08944144571838357,0.0,0.09451569290496244,0.08944144571838357,0,0.0,0,3.646902186670526,,,,,,,,,,,
3599,2/5/1977,1.231,6.278,2.000,4.866,4.866,1.412,0.0,0,1.4119999999999535,0.08944144571838357,5.0593003359298825,0.0,0.08944144571838357,0.3096348818001951,4.749665454129687,0.6669603194150049,4.6432657738679676e-14,4.6432657738679676e-14,0.00039814925940283785,0.15406317310183631,0.08904329645902717,0,0.0,0,4.749665454129687,,,,,,,,,,,
3600,2/6/1977,1.194,2.915,2.000,4.866,2.915,0.0,1.9509999999999996,0.0,0.0,0.08904329645902717,4.749665454129687,0.08904329645902717,0.0,0.27870032772985937,4.470965126399828,0.6044298931320563,0.0,0.0,0.0,0.13771414230671963,0.0,0,0.0,0,4.470965126399828,,,,,,,,,,,
3601,2/7/1977,0.981,2.066,2.000,4.866,2.066,0.0,2.8,0.0,0.0,0.0,4.470965126399828,0.0,0.0,0.2519810696885597,4.218984056711268,0.5500108619987115,0.0,0.0,0.0,0.12368838553180607,0.0,0,0.0,0,4.218984056711268,,,,,,,,,,,
3602,2/8/1977,1.121,8.864,2.000,4.866,4.866,3.998000000000001,0.0,0,3.908558554281571,0.0,8.12754261099284,0.0,0.0,0.6822829781956105,7.44525963279723,1.3919912863209487,0.08944144571843,0.08944144571843,0.0,0.35759430241933987,0.08944144571843,0,0.0,0,7.44525963279723,,,,,,,,,,,
3603,2/9/1977,3.008,6.281,2.000,4.866,4.866,1.415,0.0,0,1.415,0.08944144571843,8.860657782056634,0.0,0.08944144571843,0.7879083756733526,8.072749406383283,1.590640493754701,0.0,0.0,0.00039814925940304455,0.4168838149389637,0.08904329645902696,0,0.0,0,8.072749406383283,,,,,,,,,,,
3604,2/10/1977,2.251,1.024,2.000,4.866,1.024,0.0,3.8419999999999996,0.0,0.0,0.08904329645902696,8.072749406383283,0.08904329645902696,0.0,0.6746340084517218,7.39811539793156,1.3775100133512732,0.0,0.0,0.0,0.3533231593833367,0.0,0,0.0,0,7.39811539793156,,,,,,,,,,,
3605,2/11/1977,1.503,7.269,2.000,4.866,4.866,2.4030000000000005,0.0,0,2.3135585542815704,0.0,9.71167395221313,0.0,0.0,0.9180280136137582,8.793645938599372,1.8322787458125855,0.08944144571843,0.08944144571843,0.0,0.4906401660911806,0.08944144571843,0,0.0,0,8.793645938599372,,,,,,,,,,,
3606,2/12/1977,1.753,3.607,2.000,4.866,3.607,0.0,1.2589999999999995,0.0,0.0,0.08944144571843,8.793645938599372,0.08944144571843,0.0,0.7780020425804155,8.015643896018958,1.5721101026083824,0.0,0.0,0.0,0.41129978488200064,0.0,0,0.0,0,8.015643896018958,,,,,,,,,,,
3607,2/13/1977,1.463,3.504,2.000,4.866,3.504,0.0,1.3619999999999997,0.0,0.0,0.0,8.015643896018958,0.0,0.0,0.6666989987577848,7.348944897261172,1.362472766945202,0.0,0.0,0.0,0.3488956598806546,0.0,0,0.0,0,7.348944897261172,,,,,,,,,,,
3608,2/14/1977,1.194,0.827,2.000,4.866,0.827,0.0,4.039,0.0,0.0,0.0,7.348944897261172,0.0,0.0,0.5768648757883524,6.77208002147282,1.19115367483229,0.0,0.0,0.0,0.29902254076229723,0.0,0,0.0,0,6.77208002147282,,,,,,,,,,,
3609,2/15/1977,1.121,0.252,2.000,4.866,0.252,0.0,4.614,0.0,0.0,0.0,6.77208002147282,0.0,0.0,0.5033876773894459,6.268692344083374,1.0494166776896332,0.0,0.0,0.0,0.25860618000152474,0.0,0,0.0,0,6.268692344083374,,,,,,,,,,,
3610,2/16/1977,1.050,0.117,2.000,4.866,0.117,0.0,4.749,0.0,0.0,0.0,6.268692344083374,0.0,0.0,0.44258229650623326,5.82611004757714,0.9308772993030663,0.0,0.0,0.0,0.22545068038833213,0.0,0,0.0,0,5.82611004757714,,,,,,,,,,,
3611,2/17/1977,0.947,0.135,2.000,4.866,0.135,0.0,4.731,0.0,0.0,0.0,5.82611004757714,0.0,0.0,0.3917390965040776,5.4343709510730625,0.8307814132103133,0.0,0.0,0.0,0.19795532819634942,0.0,0,0.0,0,5.4343709510730625,,,,,,,,,,,
3612,2/18/1977,0.849,0.598,2.000,4.866,0.598,0.0,4.268,0.0,0.0,0.0,5.4343709510730625,0.0,0.0,0.34883060255325793,5.085540348519805,0.7455298716574935,0.0,0.0,0.0,0.17493216715435125,0.0,0,0.0,0,5.085540348519805,,,,,,,,,,,
3613,2/19/1977,0.694,1.063,2.000,4.866,1.063,0.0,3.803,0.0,0.0,0.0,5.085540348519805,0.0,0.0,0.31231603697199767,4.773224311547807,0.6723575242993893,0.0,0.0,0.0,0.15548540422431123,0.0,0,0.0,0,4.773224311547807,,,,,,,,,,,
3614,2/20/1977,0.694,1.936,2.000,4.866,1.936,0.0,2.9299999999999997,0.0,0.0,0.0,4.773224311547807,0.0,0.0,0.2810081082007999,4.492216203347007,0.6091117770583304,0.0,0.0,0.0,0.13892985078906467,0.0,0,0.0,0,4.492216203347007,,,,,,,,,,,
3615,2/21/1977,0.580,0.471,2.000,4.866,0.471,0.0,4.395,0.0,0.0,0.0,4.492216203347007,0.0,0.0,0.2539803951906527,4.238235808156354,0.5540968667138327,0.0,0.0,0.0,0.12473463074294783,0.0,0,0.0,0,4.238235808156354,,,,,,,,,,,
3616,2/22/1977,0.525,0.490,2.000,4.866,0.49,0.0,4.3759999999999994,0.0,0.0,0.0,4.238235808156354,0.0,0.0,0.23050179159904446,4.007734016557309,0.5059624484692231,0.0,0.0,0.0,0.11248361217481366,0.0,0,0.0,0,4.007734016557309,,,,,,,,,,,
3617,2/23/1977,0.499,2.085,2.000,4.866,2.085,0.0,2.7809999999999997,0.0,0.0,0.0,4.007734016557309,0.0,0.0,0.20998934675018635,3.797744669807123,0.4636226382547599,0.0,0.0,0.0,0.10184713210119982,0.0,0,0.0,0,3.797744669807123,,,,,,,,,,,
3618,2/24/1977,0.499,2.958,2.000,4.866,2.958,0.0,1.9079999999999995,0.0,0.0,0.0,3.797744669807123,0.0,0.0,0.19197383881275085,3.605770830994372,0.4261963486900549,0.0,0.0,0.0,0.0925614865683638,0.0,0,0.0,0,3.605770830994372,,,,,,,,,,,
3619,2/25/1977,0.580,9.924,2.000,4.866,4.866,5.058,0.0,0,4.96855855428157,0.0,8.574329385275941,0.0,0.0,0.745932248348742,7.828397136927199,1.5119828660916184,0.08944144571843,0.08944144571843,0.0,0.393254958331205,0.08944144571843,0,0.0,0,7.828397136927199,,,,,,,,,,,
3620,2/26/1977,0.914,7.390,2.000,4.866,4.866,2.524,0.0,0,2.524,0.08944144571843,10.352795286186602,0.0,0.08944144571843,1.0212415799110643,9.331553706275537,2.0218186818284822,0.0,0.0,0.00039814925940304455,0.549642628887706,0.08904329645902696,0,0.0,0,9.331553706275537,,,,,,,,,,,
3621,2/27/1977,0.785,1.301,2.000,4.866,1.301,0.0,3.5649999999999995,0.0,0.0,0.08904329645902696,9.331553706275537,0.08904329645902696,0.0,0.8589259249425732,8.472627781332964,1.722916341797909,0.0,0.0,0.0,0.45704738519237753,0.0,0,0.0,0,8.472627781332964,,,,,,,,,,,
3622,2/28/1977,0.636,2.451,2.000,4.866,2.451,0.0,2.4149999999999996,0.0,0.0,0.0,8.472627781332964,0.0,0.0,0.7312445749440607,7.741383206388903,1.4843726879314327,0.0,0.0,0.0,0.38500749204051454,0.0,0,0.0,0,7.741383206388903,,,,,,,,,,,
3623,3/1/1977,0.580,0.075,3.000,4.631,0.075,0.0,4.556,0.0,0.0,0.0,7.741383206388903,0.0,0.0,0.6291150210036753,7.112268185385227,1.2910444696240166,0.0,0.0,0.0,0.3279726767017813,0.0,0,0.0,0,7.112268185385227,,,,,,,,,,,
3624,3/2/1977,0.580,0.072,3.000,4.631,0.072,0.0,4.559,0.0,0.0,0.0,7.112268185385227,0.0,0.0,0.5462347416128744,6.566033443772353,1.1322563571805886,0.0,0.0,0.0,0.28213048976523364,0.0,0,0.0,0,6.566033443772353,,,,,,,,,,,
3625,3/3/1977,0.552,1.376,3.000,4.631,1.376,0.0,3.2550000000000003,0.0,0.0,0.0,6.566033443772353,0.0,0.0,0.4781207536710483,6.087912690101305,1.0003047219901084,0.0,0.0,0.0,0.2447948566288788,0.0,0,0.0,0,6.087912690101305,,,,,,,,,,,
3626,3/4/1977,0.552,3.716,3.000,4.631,3.716,0.0,0.915,0.0,0.0,0.0,6.087912690101305,0.0,0.0,0.4215150998899176,5.666397590211387,0.8895163429062292,0.0,0.0,0.0,0.214031126177037,0.0,0,0.0,0,5.666397590211387,,,,,,,,,,,
3627,3/5/1977,0.525,1.356,3.000,4.631,1.356,0.0,3.2750000000000004,0.0,0.0,0.0,5.666397590211387,0.0,0.0,0.37400509463568854,5.292392495575699,0.7956381199454388,0.0,0.0,0.0,0.1884186688434783,0.0,0,0.0,0,5.292392495575699,,,,,,,,,,,
3628,3/6/1977,0.525,0.658,3.000,4.631,0.658,0.0,3.9730000000000003,0.0,0.0,0.0,5.292392495575699,0.0,0.0,0.33377401239927074,4.958618483176428,0.715430869485942,0.0,0.0,0.0,0.16689631430907076,0.0,0,0.0,0,4.958618483176428,,,,,,,,,,,
3629,3/7/1977,0.499,0.143,3.000,4.631,0.143,0.0,4.488,0.0,0.0,0.0,4.958618483176428,0.0,0.0,0.2994334191609985,4.659185064015429,0.6463926328495854,0.0,0.0,0.0,0.14865922247319102,0.0,0,0.0,0,4.659185064015429,,,,,,,,,,,
3630,3/8/1977,0.499,0.712,3.000,4.631,0.712,0.0,3.9190000000000005,0.0,0.0,0.0,4.659185064015429,0.0,0.0,0.26990797262606425,4.389277091389365,0.5865662965280956,0.0,0.0,0.0,0.13308855719849771,0.0,0,0.0,0,4.389277091389365,,,,,,,,,,,
3631,3/9/1977,0.499,2.811,3.000,4.631,2.811,0.0,1.8200000000000003,0.0,0.0,0.0,4.389277091389365,0.0,0.0,0.24435474410381675,4.144922347285549,0.534403355376147,0.0,0.0,0.0,0.11970258608199567,0.0,0,0.0,0,4.144922347285549,,,,,,,,,,,
3632,3/10/1977,0.499,1.577,3.000,4.631,1.577,0.0,3.0540000000000003,0.0,0.0,0.0,4.144922347285549,0.0,0.0,0.22210573660814784,3.922816610677401,0.4886658271731395,0.0,0.0,0.0,0.1081220774565778,0.0,0,0.0,0,3.922816610677401,,,,,,,,,,,
3633,3/11/1977,0.499,0.257,3.000,4.631,0.257,0.0,4.3740000000000006,0.0,0.0,0.0,3.922816610677401,0.0,0.0,0.2026262874286907,3.7201903232487106,0.4483545706735663,0.0,0.0,0.0,0.09804542312242273,0.0,0,0.0,0,3.7201903232487106,,,,,,,,,,,
3634,3/12/1977,0.665,1.403,3.000,4.631,1.403,0.0,3.228,0.0,0.0,0.0,3.7201903232487106,0.0,0.0,0.18548453651507338,3.534705786733637,0.412656181898584,0.0,0.0,0.0,0.08923049342715533,0.0,0,0.0,0,3.534705786733637,,,,,,,,,,,
3635,3/13/1977,0.817,0.757,3.000,4.631,0.757,0.0,3.874,0.0,0.0,0.0,3.534705786733637,0.0,0.0,0.170328725211109,3.364377061522528,0.380903161259597,0.0,0.0,0.0,0.08148122721042231,0.0,0,0.0,0,3.364377061522528,,,,,,,,,,,
3636,3/14/1977,0.981,4.950,3.000,4.631,4.631,0.31899999999999995,0.0,0,0.22970122372286975,0.0,3.594078285245398,0.0,0.0,0.17512373001824003,3.418954555227158,0.39096944514107307,0.0892987762771302,0.0892987762771302,0.0,0.08392822279107108,0.0892987762771302,0,0.0,0,3.418954555227158,,,,,,,,,,,
3637,3/15/1977,0.947,2.787,3.000,4.631,2.787,0.0,1.8440000000000003,0.0,0.0,0.0892987762771302,3.418954555227158,0.0892987762771302,0.0,0.16113429806841648,3.2578202571587416,0.3615462890250363,0.0,0.0,0.0,0.07680188380048877,0.0,0,0.0,0,3.2578202571587416,,,,,,,,,,,
3638,3/16/1977,0.881,1.364,3.000,4.631,1.364,0.0,3.2670000000000003,0.0,0.0,0.0,3.2578202571587416,0.0,0.0,0.14867717833499908,3.1091430788237426,0.3351997445370829,0.0,0.0,0.0,0.07049022253734934,0.0,0,0.0,0,3.1091430788237426,,,,,,,,,,,
3639,3/17/1977,0.817,0.866,3.000,4.631,0.866,0.0,3.765,0.0,0.0,0.0,3.1091430788237426,0.0,0.0,0.13754145835306555,2.971601620470677,0.31152221600381713,0.0,0.0,0.0,0.06487740019182267,0.0,0,0.0,0,2.971601620470677,,,,,,,,,,,
3640,3/18/1977,0.785,0.845,3.000,4.631,0.845,0.0,3.7860000000000005,0.0,0.0,0.0,2.971601620470677,0.0,0.0,0.12755086907718552,2.8440507513934916,0.290170913891978,0.0,0.0,0.0,0.059867105029072394,0.0,0,0.0,0,2.8440507513934916,,,,,,,,,,,
3641,3/19/1977,0.694,1.844,3.000,4.631,1.844,0.0,2.787,0.0,0.0,0.0,2.8440507513934916,0.0,0.0,0.11855722201669669,2.725493529376795,0.27085592092905103,0.0,0.0,0.0,0.05537877315941067,0.0,0,0.0,0,2.725493529376795,,,,,,,,,,,
3642,3/20/1977,0.665,4.536,3.000,4.631,4.536,0.0,0.09500000000000064,0.0,0.0,0.0,2.725493529376795,0.0,0.0,0.11043524611235767,2.615058283264437,0.2533307404555772,0.0,0.0,0.0,0.05134463005732412,0.0,0,0.0,0,2.615058283264437,,,,,,,,,,,
3643,3/21/1977,0.665,7.249,3.000,4.631,4.631,2.6179999999999994,0.0,0,2.5285585542815694,0.0,5.1436168375460065,0.0,0.0,0.3182830126423007,4.825333824903706,0.6843568085064142,0.08944144571843,0.08944144571843,0.0,0.15865348902674156,0.08944144571843,0,0.0,0,4.825333824903706,,,,,,,,,,,
3644,3/22/1977,0.636,0.267,3.000,4.631,0.267,0.0,4.364,0.0,0.0,0.08944144571843,4.825333824903706,0.08944144571843,0.0,0.28613965633471317,4.539194168568993,0.6195122825883066,0.0,0.0,0.0,0.14163543088631222,0.0,0,0.0,0,4.539194168568993,,,,,,,,,,,
3645,3/23/1977,0.636,0.175,3.000,4.631,0.175,0.0,4.456,0.0,0.0,0.0,4.539194168568993,0.0,0.0,0.2584225328700881,4.280771635698905,0.5631669329822947,0.0,0.0,0.0,0.12706113175507805,0.0,0,0.0,0,4.280771635698905,,,,,,,,,,,
3646,3/24/1977,0.636,0.221,3.000,4.631,0.221,0.0,4.41,0.0,0.0,0.0,4.280771635698905,0.0,0.0,0.23437028340389857,4.046401352295006,0.5139166915314817,0.0,0.0,0.0,0.11449673845255061,0.0,0,0.0,0,4.046401352295006,,,,,,,,,,,
3647,3/25/1977,0.665,0.960,3.000,4.631,0.96,0.0,3.6710000000000003,0.0,0.0,0.0,4.046401352295006,0.0,0.0,0.21337688617914394,3.833024466115862,0.4706343315538919,0.0,0.0,0.0,0.1035991602775966,0.0,0,0.0,0,3.833024466115862,,,,,,,,,,,
3648,3/26/1977,0.665,7.881,3.000,4.631,4.631,3.25,0.0,0,3.16055855428157,0.0,6.993583020397432,0.0,0.0,0.531127354352052,6.46245566604538,1.1031096524003166,0.08944144571843,0.08944144571843,0.0,0.2738217118573195,0.08944144571843,0,0.0,0,6.46245566604538,,,,,,,,,,,
3649,3/27/1977,0.636,3.432,3.000,4.631,3.432,0.0,1.1990000000000003,0.0,0.0,0.08944144571843,6.46245566604538,0.08944144571843,0.0,0.46561654711709316,5.996839118928287,0.9759245591393254,0.0,0.0,0.0,0.2379774405520053,0.0,0,0.0,0,5.996839118928287,,,,,,,,,,,
3650,3/28/1977,0.694,4.232,3.000,4.631,4.232,0.0,0.399,0.0,0.0,0.0,5.996839118928287,0.0,0.0,0.41105800279568366,5.585781116132604,0.8689268132139966,0.0,0.0,0.0,0.20837663610794924,0.0,0,0.0,0,5.585781116132604,,,,,,,,,,,
3651,3/29/1977,2.111,5.509,3.000,4.631,4.631,0.8780000000000001,0.0,0,0.7885585548137816,0.0,6.3743396709463855,0.0,0.0,0.45508352650234507,5.919256144444041,0.9553477375652344,0.08944144518621858,0.08944144518621858,0.0,0.23224406273260423,0.08944144518621858,0,0.0,0,5.919256144444041,,,,,,,,,,,
3652,3/30/1977,1.626,7.974,3.000,4.631,4.631,3.343,0.0,0,3.3429999994677884,0.08944144518621858,9.262654293168863,0.0,0.08944144518621858,0.8483821784485697,8.414272114720294,1.7033389865777504,5.322114324139037e-10,5.322114324139037e-10,0.0003981492570339014,0.45107015115006854,0.08904329646139611,0,0.0,0,8.414272114720294,,,,,,,,,,,
3653,3/31/1977,0.981,5.828,3.000,4.631,4.631,1.197,0.0,0,1.1966018507429672,0.08904329646139611,9.611270342358292,0.0,0.08904329646139611,0.9022642846769474,8.709006057681345,1.8031709287127362,0.000398149257032942,0.000398149257032942,0.0003963768950305034,0.4816659757684132,0.08904506882339855,0,0.0,0,8.709006057681345,,,,,,,,,,,
3654,4/1/1977,0.754,0.902,4.000,4.235,0.902,0.0,3.333,0.0,0.0,0.08904506882339855,8.709006057681345,0.08904506882339855,0.0,0.765561525360792,7.9434445323205525,1.54881093956524,0.0,0.0,0.0,0.40429390972480533,0.0,0,0.0,0,7.9434445323205525,,,,,,,,,,,
3655,4/2/1977,0.785,5.147,4.000,4.235,4.235,0.9119999999999999,0.0,0,0.8225585545303992,0.0,8.76600308685095,0.0,0.0,0.773930228972236,7.992072857878715,1.5644877300744395,0.08944144546960076,0.08944144546960076,0.0,0.4090059264008683,0.08944144546960076,0,0.0,0,7.992072857878715,,,,,,,,,,,
3656,4/3/1977,0.849,7.699,4.000,4.235,4.235,3.4639999999999995,0.0,0,3.46399999975117,0.08944144546960076,11.45647100688818,0.0,0.08944144546960076,1.209067494305201,10.247403512582979,2.362505032785819,2.4882924689926434e-10,2.4882924689926434e-10,0.0003981492582953793,0.6580018100957826,0.08904329646013462,0,0.0,0,10.247403512582979,,,,,,,,,,,
3657,4/4/1977,0.881,8.541,4.000,4.235,4.235,4.306,0.0,0,4.305601850741705,0.08904329646013462,14.553401740219709,0.0,0.08904329646013462,1.801523678983969,12.75187806123574,3.408404347013523,0.0003981492582953864,0.0003981492582953864,0.00039637689502488785,1.006496939364895,0.08904506882340511,0,0.0,0,12.75187806123574,,,,,,,,,,,
3658,4/5/1977,0.981,11.102,4.000,4.235,4.235,6.867,0.0,0,6.866603623104975,0.08904506882340511,19.61887806912543,0.0,0.08904506882340511,2.9636214191456625,16.655256649979766,5.370689191678044,0.0003963768950248933,0.0003963768950248933,0.00039638478471314,1.7108822829253745,0.08904506093371686,0,0.0,0,16.655256649979766,,,,,,,,,,,
3659,4/6/1977,1.121,11.805,4.000,4.235,4.235,7.569999999999999,0.0,0,7.569603615215287,0.08904506093371686,24.225256649944644,0.0,0.08904506093371686,4.211916532387833,20.01334011755681,7.388939864120921,0.00039638478471314104,0.00039638478471314104,0.00039638474959213425,2.4884107005282208,0.08904506096883787,0,0.0,0,20.01334011755681,,,,,,,,,,,
3660,4/7/1977,2.204,14.473,4.000,4.235,4.235,10.238,0.0,0,10.237603615250407,0.08904506096883787,30.251340117556968,0.0,0.08904506096883787,6.099208439779354,24.152131677777614,10.31882696333271,0.0003963847495921373,0.0003963847495921373,0.00039638474974847566,3.692292322406134,0.08904506096868153,0,0.0,0,24.152131677777614,,,,,,,,,,,
3661,4/8/1977,1.797,2.451,4.000,4.235,2.451,0.0,1.7840000000000003,0.0,0.0,0.08904506096868153,24.152131677777614,0.08904506096868153,0.0,4.190748110267535,19.96138356751008,7.355322767811695,0.0,0.0,0.0,2.4750836281285338,0.0,0,0.0,0,19.96138356751008,,,,,,,,,,,
3662,4/9/1977,1.194,6.860,4.000,4.235,4.235,2.625,0.0,0,2.53555855428157,0.0,22.496942121791648,0.0,0.0,3.7231019598053092,18.77384016198634,6.607651456364519,0.08944144571843,0.08944144571843,0.0,2.1818354142161196,0.08944144571843,0,0.0,0,18.77384016198634,,,,,,,,,,,
3663,4/10/1977,7.608,11.957,4.000,4.235,4.235,7.722,0.0,0,7.722,0.08944144571843,26.496238311245744,0.0,0.08944144571843,4.890344795047722,21.605893516198023,8.456779975694607,0.0,0.0,0.00039814925940304455,2.917760111061083,0.08904329645902696,0,0.0,0,21.605893516198023,,,,,,,,,,,
3664,4/11/1977,7.530,8.389,4.000,4.235,4.235,4.153999999999999,0.0,0,4.153601850740596,0.08904329645902696,25.759891743833638,0.0,0.08904329645902696,4.665940189382476,21.093951554451163,8.105553681763412,0.0003981492594030382,0.0003981492594030382,0.0003963768950199571,2.775280731074321,0.08904506882341005,0,0.0,0,21.093951554451163,,,,,,,,,,,
3665,4/12/1977,2.019,4.599,4.000,4.235,4.235,0.3639999999999999,0.0,0,0.3636037390290179,0.08904506882341005,21.457951678264894,0.0,0.08904506882341005,3.4409594107952515,18.016992267469643,6.151626127969108,0.0003962609709819759,0.0003962609709819759,0.000396384784713162,2.0060629707176316,0.08904494500967887,0,0.0,0,18.016992267469643,,,,,,,,,,,
3666,4/13/1977,1.503,6.619,4.000,4.235,4.235,2.3839999999999995,0.0,0,2.3836034992912483,0.08904494500967887,20.400992150994444,0.0,0.08904494500967887,3.1631364453690467,17.237855705625396,5.698617704738849,0.0003965007087511318,0.0003965007087511318,0.00039638423355541877,1.8339064031342474,0.08904506148487458,0,0.0,0,17.237855705625396,,,,,,,,,,,
3667,4/14/1977,1.307,4.069,4.000,4.235,4.069,0.0,0.16600000000000037,0.0,0.0,0.08904506148487458,17.23818913503226,0.014142477866256234,0.07490258361861835,2.3888296480744002,14.84935948695786,4.4123342436541,0.0,0.0,0.00033342940686593135,1.3596314219556038,0.07456915421175242,0,0.0,0,14.84935948695786,,,,,,,,,,,
3668,4/15/1977,1.231,2.864,4.000,4.235,2.864,0.0,1.3710000000000004,0.0,0.0,0.07456915421175242,14.84935948695786,0.07456915421175242,0.0,1.8629962472506483,12.986363239707213,3.5148450387556345,0.0,0.0,0.0,1.0431417033269947,0.0,0,0.0,0,12.986363239707213,,,,,,,,,,,
3669,4/16/1977,1.121,4.079,4.000,4.235,4.079,0.0,0.15600000000000058,0.0,0.0,0.0,12.986363239707213,0.0,0.0,1.4899728513584767,11.496390388348736,2.8632742216609217,0.0,0.0,0.0,0.822100340552354,0.0,0,0.0,0,11.496390388348736,,,,,,,,,,,
3670,4/17/1977,1.015,2.308,4.000,4.235,2.308,0.0,1.9270000000000005,0.0,0.0,0.0,11.496390388348736,0.0,0.0,1.2160971843246164,10.280293204024119,2.37515841232206,0.0,0.0,0.0,0.6620800383595894,0.0,0,0.0,0,10.280293204024119,,,,,,,,,,,
3671,4/18/1977,0.981,1.290,4.000,4.235,1.29,0.0,2.9450000000000003,0.0,0.0,0.0,10.280293204024119,0.0,0.0,1.0093495962183794,9.270943607805739,2.000069628502874,0.0,0.0,0.0,0.5428237166955928,0.0,0,0.0,0,9.270943607805739,,,,,,,,,,,
3672,4/19/1977,0.947,0.694,4.000,4.235,0.694,0.0,3.5410000000000004,0.0,0.0,0.0,9.270943607805739,0.0,0.0,0.8496479431380272,8.421295664667712,1.7056903272789945,0.0,0.0,0.0,0.45178745428945155,0.0,0,0.0,0,8.421295664667712,,,,,,,,,,,
3673,4/20/1977,0.881,0.449,4.000,4.235,0.449,0.0,3.7860000000000005,0.0,0.0,0.0,8.421295664667712,0.0,0.0,0.7238756539090704,7.697420010758641,1.4705029062536534,0.0,0.0,0.0,0.38087376442269466,0.0,0,0.0,0,7.697420010758641,,,,,,,,,,,
3674,4/21/1977,0.881,0.632,4.000,4.235,0.632,0.0,3.603,0.0,0.0,0.0,7.697420010758641,0.0,0.0,0.6231717426003668,7.074248268158274,1.2797175413150512,0.0,0.0,0.0,0.32467145891292604,0.0,0,0.0,0,7.074248268158274,,,,,,,,,,,
3675,4/22/1977,0.849,0.239,4.000,4.235,0.239,0.0,3.9960000000000004,0.0,0.0,0.0,7.074248268158274,0.0,0.0,0.5413767574705797,6.532871510687695,1.1228910005334847,0.0,0.0,0.0,0.2794570201941167,0.0,0,0.0,0,6.532871510687695,,,,,,,,,,,
3676,4/23/1977,0.785,0.178,4.000,4.235,0.178,0.0,4.057,0.0,0.0,0.0,6.532871510687695,0.0,0.0,0.47410292950369837,6.058768581183997,0.9924764904224013,0.0,0.0,0.0,0.24260300520027114,0.0,0,0.0,0,6.058768581183997,,,,,,,,,,,
3677,4/24/1977,0.754,0.915,4.000,4.235,0.915,0.0,3.3200000000000003,0.0,0.0,0.0,6.058768581183997,0.0,0.0,0.4181573347980908,5.640611246385906,0.8829094236609505,0.0,0.0,0.0,0.212214456839035,0.0,0,0.0,0,5.640611246385906,,,,,,,,,,,
3678,4/25/1977,0.636,0.995,4.000,4.235,0.995,0.0,3.24,0.0,0.0,0.0,5.640611246385906,0.0,0.0,0.3711727286490849,5.2694385177368215,0.7900135961254978,0.0,0.0,0.0,0.18689825014340936,0.0,0,0.0,0,5.2694385177368215,,,,,,,,,,,
3679,4/26/1977,0.424,1.872,4.000,4.235,1.872,0.0,2.3630000000000004,0.0,0.0,0.0,5.2694385177368215,0.0,0.0,0.3313647807724975,4.938073736964324,0.7106053076540363,0.0,0.0,0.0,0.1656126682347898,0.0,0,0.0,0,4.938073736964324,,,,,,,,,,,
3680,4/27/1977,0.448,31.345,4.000,4.235,4.235,27.11,0.0,0,27.02055855428157,0.0,31.958632291245895,0.0,0.0,6.683635437096167,25.274996854149727,11.202822785546262,0.08944144571843,0.08944144571843,0.0,4.070523034065958,0.08944144571843,0,0.0,0,25.274996854149727,,,,,,,,,,,
3681,4/28/1977,14.652,14.954,4.000,4.235,4.235,10.719000000000001,0.0,0,10.719000000000001,0.08944144571843,35.99439500340913,0.0,0.08944144571843,8.148742145101524,27.84565285830761,13.379273488073988,0.0,0.0,0.00039814925940304455,5.027962127021945,0.08904329645902696,0,0.0,0,27.84565285830761,,,,,,,,,,,
3682,4/29/1977,23.913,11.427,4.000,4.235,4.235,7.191999999999999,0.0,0,7.1916018507405965,0.08904329645902696,35.037651085943224,0.0,0.08904329645902696,7.79095598348826,27.246695102454964,12.85262965911388,0.0003981492594030382,0.0003981492594030382,0.0003963768950199571,4.793018176499488,0.08904506882341005,0,0.0,0,27.246695102454964,,,,,,,,,,,
3683,4/30/1977,7.301,29.453,4.000,4.235,4.235,25.218,0.0,0,25.21760362310498,0.08904506882341005,52.46469511034466,0.0,0.08904506882341005,15.269015428233518,37.19567968211114,23.36600908017898,0.00039637689501995115,0.00039637689501995115,0.000396384784713162,9.81878120552418,0.08904506093371685,0,0.0,0,37.19567968211114,,,,,,,,,,,
3684,5/1/1977,86.032,42.320,5.000,3.714,3.714,38.606,0.0,0,38.60560361521529,0.08904506093371685,75.80167968207601,0.0,0.08904506093371685,28.19446298415604,47.607216697919974,39.94476740414379,0.0003963847847131611,0.0003963847847131611,0.0003963847495921342,18.87715348653595,0.08904506096883787,0,0.0,0,47.607216697919974,,,,,,,,,,,
3685,5/2/1977,58.338,26.855,5.000,3.714,3.714,23.141000000000002,0.0,0,23.14060361525041,0.08904506096883787,70.74821669792013,0.0,0.08904506096883787,25.1318778729684,45.616338824951725,36.149582894400254,0.0003963847495921373,0.0003963847495921373,0.00039638474974847566,16.69981345188331,0.08904506096868153,0,0.0,0,45.616338824951725,,,,,,,,,,,
3686,5/3/1977,20.129,12.049,5.000,3.714,3.714,8.334999999999999,0.0,0,8.33460361525025,0.08904506096868153,53.951338824951726,0.0,0.08904506096868153,15.996911993265872,37.95442683168585,24.344552864520836,0.0003963847497484729,0.0003963847497484729,0.0003963847497477797,10.318427717090467,0.08904506096868223,0,0.0,0,37.95442683168585,,,,,,,,,,,
3687,5/4/1977,20.473,1.755,5.000,3.714,1.755,0.0,1.959,0.0,0.0,0.08904506096868223,37.95442683168585,0.08904506096868223,0.0,8.901636184992205,29.052790646693644,14.478113131620653,0.0,0.0,0.0,5.524546524560903,0.0,0,0.0,0,29.052790646693644,,,,,,,,,,,
3688,5/5/1977,11.579,0.552,5.000,3.714,0.552,0.0,3.162,0.0,0.0,0.0,29.052790646693644,0.0,0.0,5.701802926338845,23.3509877203548,9.711944721986159,0.0,0.0,0.0,3.436445016428076,0.0,0,0.0,0,23.3509877203548,,,,,,,,,,,
3689,5/6/1977,3.225,1.173,5.000,3.714,1.173,0.0,2.541,0.0,0.0,0.0,23.3509877203548,0.0,0.0,3.96163570577095,19.389352014583853,6.990240346450086,0.0,0.0,0.0,2.331128457808603,0.0,0,0.0,0,19.389352014583853,,,,,,,,,,,
3690,5/7/1977,1.753,3.676,5.000,3.714,3.676,0.0,0.03799999999999981,0.0,0.0,0.0,19.389352014583853,0.0,0.0,2.9060601807490825,16.48329183383477,5.275652834778821,0.0,0.0,0.0,1.6754887327718477,0.0,0,0.0,0,16.48329183383477,,,,,,,,,,,
3691,5/8/1977,1.668,10.316,5.000,3.714,3.714,6.602,0.0,0,6.51255855428157,0.0,22.995850388116338,0.0,0.0,3.8617270026550705,19.13412338546127,6.830312598483193,0.08944144571843,0.08944144571843,0.0,2.268523672624922,0.08944144571843,0,0.0,0,19.13412338546127,,,,,,,,,,,
3692,5/9/1977,6.125,12.249,5.000,3.714,3.714,8.535,0.0,0,8.535,0.08944144571843,27.669521534720673,0.0,0.08944144571843,5.2565628377993985,22.412958696921272,9.026031527907337,0.0,0.0,0.00039814925940304455,3.151197485939439,0.08904329645902696,0,0.0,0,22.412958696921272,,,,,,,,,,,
3693,5/10/1977,5.033,8.176,5.000,3.714,3.714,4.462,0.0,0,4.461601850740597,0.08904329645902696,26.874956924556887,0.0,0.08904329645902696,5.007397554706335,21.867559369850554,8.639246564685577,0.0003981492594030382,0.0003981492594030382,0.0003963768950199571,2.992251659500138,0.08904506882341005,0,0.0,0,21.867559369850554,,,,,,,,,,,
3694,5/11/1977,25.901,9.892,5.000,3.714,3.714,6.177999999999999,0.0,0,6.177603623104979,0.08904506882341005,28.045559377740247,0.0,0.08904506882341005,5.376165412256136,22.66939396548411,9.21093118436231,0.00039637689501995115,0.00039637689501995115,0.000396384784713162,3.2276713244652755,0.08904506093371685,0,0.0,0,22.66939396548411,,,,,,,,,,,
3695,5/12/1977,10.768,1.094,5.000,3.714,1.094,0.0,2.62,0.0,0.0,0.08904506093371685,22.66939396548411,0.08904506093371685,0.0,3.770789550283399,18.89860441520071,6.684348859073587,0.0,0.0,0.0,2.2116329658945375,0.0,0,0.0,0,18.89860441520071,,,,,,,,,,,
3696,5/13/1977,3.116,0.775,5.000,3.714,0.775,0.0,2.939,0.0,0.0,0.0,18.89860441520071,0.0,0.0,2.784509275750136,16.114095139450576,5.074312573909648,0.0,0.0,0.0,1.6009014139134743,0.0,0,0.0,0,16.114095139450576,,,,,,,,,,,
3697,5/14/1977,2.204,1.634,5.000,3.714,1.634,0.0,2.08,0.0,0.0,0.0,16.114095139450576,0.0,0.0,2.1348907253928138,13.979204414057762,3.9816732163016715,0.0,0.0,0.0,1.2061462593324461,0.0,0,0.0,0,13.979204414057762,,,,,,,,,,,
3698,5/15/1977,5.033,16.788,5.000,3.714,3.714,13.074,0.0,0,12.98455855428157,0.0,26.96376296833933,0.0,0.0,5.035005462362708,21.928757505976623,8.682210839726116,0.08944144571843,0.08944144571843,0.0,3.0098379429511826,0.08944144571843,0,0.0,0,21.928757505976623,,,,,,,,,,,
3699,5/16/1977,5.637,5.960,5.000,3.714,3.714,2.246,0.0,0,2.246,0.08944144571843,24.175155655236026,0.0,0.08944144571843,4.197408553903478,19.977747101332547,7.365902111920431,0.0,0.0,0.00039814925940304455,2.4792763887674623,0.08904329645902696,0,0.0,0,19.977747101332547,,,,,,,,,,,
3700,5/17/1977,3.280,2.569,5.000,3.714,2.569,0.0,1.145,0.0,0.0,0.08904329645902696,19.977747101332547,0.08904329645902696,0.0,3.054522275505418,16.923224825827127,5.520377007195216,0.0,0.0,0.0,1.7668677349447992,0.0,0,0.0,0,16.923224825827127,,,,,,,,,,,
3701,5/18/1977,2.347,0.154,5.000,3.714,0.154,0.0,3.56,0.0,0.0,0.0,16.923224825827127,0.0,0.0,2.3165285212727267,14.6066963045544,4.2902086008768405,0.0,0.0,0.0,1.3158166898758952,0.0,0,0.0,0,14.6066963045544,,,,,,,,,,,
3702,5/19/1977,1.840,0.259,5.000,3.714,0.259,0.0,3.455,0.0,0.0,0.0,14.6066963045544,0.0,0.0,1.8125323961292934,12.794163908425107,3.4274916895928755,0.0,0.0,0.0,1.0130534418684467,0.0,0,0.0,0,12.794163908425107,,,,,,,,,,,
3703,5/20/1977,1.544,0.812,5.000,3.714,0.812,0.0,2.902,0.0,0.0,0.0,12.794163908425107,0.0,0.0,1.4534015817247137,11.340762326700393,2.7986126037924395,0.0,0.0,0.0,0.8006117049017092,0.0,0,0.0,0,11.340762326700393,,,,,,,,,,,
3704,5/21/1977,1.307,0.971,5.000,3.714,0.971,0.0,2.743,0.0,0.0,0.0,11.340762326700393,0.0,0.0,1.1887837488239463,10.151978577876447,2.3259568538470083,0.0,0.0,0.0,0.6462431034838735,0.0,0,0.0,0,10.151978577876447,,,,,,,,,,,
3705,5/22/1977,1.157,0.430,5.000,3.714,0.43,0.0,3.284,0.0,0.0,0.0,10.151978577876447,0.0,0.0,0.9884398948440959,9.163538683032352,1.961773127289915,0.0,0.0,0.0,0.5308468587865615,0.0,0,0.0,0,9.163538683032352,,,,,,,,,,,
3706,5/23/1977,1.121,1.958,5.000,3.714,1.958,0.0,1.756,0.0,0.0,0.0,9.163538683032352,0.0,0.0,0.8333059329513322,8.33023275008102,1.675309353165537,0.0,0.0,0.0,0.4425319527257834,0.0,0,0.0,0,8.33023275008102,,,,,,,,,,,
3707,5/24/1977,1.015,0.901,5.000,3.714,0.901,0.0,2.8129999999999997,0.0,0.0,0.0,8.33023275008102,0.0,0.0,0.7108767950807342,7.619355955000286,1.4460074558233829,0.0,0.0,0.0,0.37358858745494594,0.0,0,0.0,0,7.619355955000286,,,,,,,,,,,
3708,5/25/1977,0.947,2.493,5.000,3.714,2.493,0.0,1.221,0.0,0.0,0.0,7.619355955000286,0.0,0.0,0.6126741399396612,7.006681815060625,1.2596890653830692,0.0,0.0,0.0,0.318845594783975,0.0,0,0.0,0,7.006681815060625,,,,,,,,,,,
3709,5/26/1977,0.881,2.972,5.000,3.714,2.972,0.0,0.742,0.0,0.0,0.0,7.006681815060625,0.0,0.0,0.532786368226538,6.473895446834087,1.1063136144029517,0.0,0.0,0.0,0.274733386154255,0.0,0,0.0,0,6.473895446834087,,,,,,,,,,,
3710,5/27/1977,1.231,6.499,5.000,3.714,3.714,2.7849999999999997,0.0,0,2.6955585542815697,0.0,9.169454001115657,0.0,0.0,0.8342026626263374,8.33525133848932,1.6769777566553798,0.08944144571843,0.08944144571843,0.0,0.44303951924646356,0.08944144571843,0,0.0,0,8.33525133848932,,,,,,,,,,,
3711,5/28/1977,2.544,5.473,5.000,3.714,3.714,1.759,0.0,0,1.759,0.08944144571843,10.094649487748724,0.0,0.08944144571843,0.9791544099590948,9.115495077789628,1.9447437732595045,0.0,0.0,0.00039814925940304455,0.5255335527964966,0.08904329645902696,0,0.0,0,9.115495077789628,,,,,,,,,,,
3712,5/29/1977,1.884,2.293,5.000,3.714,2.293,0.0,1.4209999999999998,0.0,0.0,0.08904329645902696,9.115495077789628,0.08904329645902696,0.0,0.8260370864239807,8.289457991365648,1.661779656817504,0.0,0.0,0.0,0.43841897307351013,0.0,0,0.0,0,8.289457991365648,,,,,,,,,,,
3713,5/30/1977,1.157,1.605,5.000,3.714,1.605,0.0,2.109,0.0,0.0,0.0,8.289457991365648,0.0,0.0,0.7050869386822618,7.584371052683386,1.435084819950314,0.0,0.0,0.0,0.3703464885119002,0.0,0,0.0,0,7.584371052683386,,,,,,,,,,,
3714,5/31/1977,1.015,2.797,5.000,3.714,2.797,0.0,0.9169999999999998,0.0,0.0,0.0,7.584371052683386,0.0,0.0,0.6079927463829218,6.976378306300464,1.2507483429444022,0.0,0.0,0.0,0.31624966782291125,0.0,0,0.0,0,6.976378306300464,,,,,,,,,,,
3715,6/1/1977,0.947,2.354,6.000,3.269,2.354,0.0,0.915,0.0,0.0,0.0,6.976378306300464,0.0,0.0,0.5289514551706236,6.4474268511298405,1.0989062403266558,0.0,0.0,0.0,0.2726262787990275,0.0,0,0.0,0,6.4474268511298405,,,,,,,,,,,
3716,6/2/1977,0.881,3.077,6.000,3.269,3.077,0.0,0.19200000000000017,0.0,0.0,0.0,6.4474268511298405,0.0,0.0,0.46381324937793034,5.983613601751911,0.9724043395254234,0.0,0.0,0.0,0.23699525100232,0.0,0,0.0,0,5.983613601751911,,,,,,,,,,,
3717,6/3/1977,9.980,23.283,6.000,3.269,3.269,20.014000000000003,0.0,0,19.924558554281575,0.0,25.908172156033487,0.0,0.0,4.710789899630148,21.197382256403337,8.175901705186824,0.08944144571843,0.08944144571843,0.0,2.803721425839436,0.08944144571843,0,0.0,0,21.197382256403337,,,,,,,,,,,
3718,6/4/1977,19.337,12.936,6.000,3.269,3.269,9.667,0.0,0,9.667,0.08944144571843,30.864780405662742,0.0,0.08944144571843,6.306732787687369,24.558047617975372,10.633847416703603,0.0,0.0,0.00039814925940304455,3.8263366314284366,0.08904329645902696,0,0.0,0,24.558047617975372,,,,,,,,,,,
3719,6/5/1977,14.552,9.406,6.000,3.269,3.269,6.1370000000000005,0.0,0,6.136601850740598,0.08904329645902696,30.695045845610988,0.0,0.08904329645902696,6.249034497381702,24.446011348229284,10.546388513180938,0.0003981492594030382,0.0003981492594030382,0.0003963768950199571,3.789038551848709,0.08904506882341005,0,0.0,0,24.446011348229284,,,,,,,,,,,
3720,6/6/1977,10.066,1.447,6.000,3.269,1.447,0.0,1.822,0.0,0.0,0.08904506882341005,24.446011348229284,0.08904506882341005,0.0,4.27607971964796,20.169931628581324,7.490720894071896,0.0,0.0,0.0,2.5288329720522507,0.0,0,0.0,0,20.169931628581324,,,,,,,,,,,
3721,6/7/1977,3.675,1.634,6.000,3.269,1.634,0.0,1.6350000000000002,0.0,0.0,0.0,20.169931628581324,0.0,0.0,3.103652966848881,17.066278661732444,5.6010845485125715,0.0,0.0,0.0,1.7971730033326696,0.0,0,0.0,0,17.066278661732444,,,,,,,,,,,
3722,6/8/1977,4.520,11.226,6.000,3.269,3.269,7.957000000000001,0.0,0,7.867558554281571,0.0,24.933837216014012,0.0,0.0,4.419240576536199,20.514596639477816,7.717201039983012,0.08944144571843,0.08944144571843,0.0,2.619166243460517,0.08944144571843,0,0.0,0,20.514596639477816,,,,,,,,,,,
3723,6/9/1977,7.301,12.050,6.000,3.269,3.269,8.781,0.0,0,8.781,0.08944144571843,29.295994788737218,0.0,0.08944144571843,5.781575407259329,23.51441938147789,9.834158626910572,0.0,0.0,0.00039814925940304455,3.4877105150554217,0.08904329645902696,0,0.0,0,23.51441938147789,,,,,,,,,,,
3724,6/10/1977,4.333,10.627,6.000,3.269,3.269,7.3580000000000005,0.0,0,7.357601850740598,0.08904329645902696,30.872417609113505,0.0,0.08904329645902696,6.309333906362836,24.563083702750667,10.637787910505088,0.0003981492594030382,0.0003981492594030382,0.0003963768950199571,3.8280186109348,0.08904506882341005,0,0.0,0,24.563083702750667,,,,,,,,,,,
3725,6/11/1977,2.746,7.365,6.000,3.269,3.269,4.096,0.0,0,4.09560362310498,0.08904506882341005,28.65908371064036,0.0,0.08904506882341005,5.573606190333188,23.085477520307172,9.515118569220736,0.00039637689501995115,0.00039637689501995115,0.000396384784713162,3.354158929093541,0.08904506093371685,0,0.0,0,23.085477520307172,,,,,,,,,,,
3726,6/12/1977,2.798,1.594,6.000,3.269,1.594,0.0,1.675,0.0,0.0,0.08904506093371685,23.085477520307172,0.08904506093371685,0.0,3.8868449393026907,19.198632581004482,6.8705623885736475,0.0,0.0,0.0,2.284253151763384,0.0,0,0.0,0,19.198632581004482,,,,,,,,,,,
3727,6/13/1977,2.396,1.428,6.000,3.269,1.428,0.0,1.8410000000000002,0.0,0.0,0.0,19.198632581004482,0.0,0.0,2.8585751033328495,16.340057477671632,5.197104084934964,0.0,0.0,0.0,1.6463255297964317,0.0,0,0.0,0,16.340057477671632,,,,,,,,,,,
3728,6/14/1977,1.974,0.890,6.000,3.269,0.89,0.0,2.379,0.0,0.0,0.0,16.340057477671632,0.0,0.0,2.185018296356405,14.155039181315226,4.067075165590397,0.0,0.0,0.0,1.2363534140579755,0.0,0,0.0,0,14.155039181315226,,,,,,,,,,,
3729,6/15/1977,1.929,1.182,6.000,3.269,1.182,0.0,2.087,0.0,0.0,0.0,14.155039181315226,0.0,0.0,1.720088944368569,12.434950236946657,3.2668542979672615,0.0,0.0,0.0,0.9580794358432102,0.0,0,0.0,0,12.434950236946657,,,,,,,,,,,
3730,6/16/1977,1.797,1.370,6.000,3.269,1.37,0.0,1.899,0.0,0.0,0.0,12.434950236946657,0.0,0.0,1.3860296817983326,11.048920555148324,2.6790906993699153,0.0,0.0,0.0,0.7611188651781947,0.0,0,0.0,0,11.048920555148324,,,,,,,,,,,
3731,6/17/1977,2.204,13.785,6.000,3.269,3.269,10.516,0.0,0,10.42655855428157,0.0,21.475479109429894,0.0,0.0,3.4456451328921625,18.02983397653773,6.159231919024853,0.08944144571843,0.08944144571843,0.0,2.008974605397194,0.08944144571843,0,0.0,0,18.02983397653773,,,,,,,,,,,
3732,6/18/1977,4.583,16.417,6.000,3.269,3.269,13.148000000000001,0.0,0,13.148000000000001,0.08944144571843,31.178232125797138,0.0,0.08944144571843,6.413841968001402,24.764390157795734,10.795948537562426,0.0,0.0,0.00039814925940304455,3.8956349441093767,0.08904329645902696,0,0.0,0,24.764390157795734,,,,,,,,,,,
3733,6/19/1977,20.588,17.944,6.000,3.269,3.269,14.674999999999999,0.0,0,14.674601850740595,0.08904329645902696,39.43938838543135,0.0,0.08904329645902696,9.489632570068162,29.94975581536319,15.327967848894298,0.0003981492594030382,0.0003981492594030382,0.0003963768950199571,5.914310201238876,0.08904506882341005,0,0.0,0,29.94975581536319,,,,,,,,,,,
3734,6/20/1977,25.273,24.186,6.000,3.269,3.269,20.917,0.0,0,20.916603623104983,0.08904506882341005,50.86675582325289,0.0,0.08904506882341005,14.501820051513684,36.364935771739205,22.327363741640923,0.00039637689501995115,0.00039637689501995115,0.000396384784713162,9.293854859426254,0.08904506093371685,0,0.0,0,36.364935771739205,,,,,,,,,,,
3735,6/21/1977,48.070,16.762,6.000,3.269,3.269,13.493,0.0,0,13.492603615215288,0.08904506093371685,49.857935771704085,0.0,0.08904506093371685,14.025647978769554,35.83228779293453,21.67880193838908,0.0003963847847131611,0.0003963847847131611,0.0003963847495921342,8.968962952819858,0.08904506096883787,0,0.0,0,35.83228779293453,,,,,,,,,,,
3736,6/22/1977,15.260,3.973,6.000,3.269,3.269,0.7039999999999997,0.0,0,0.7036036153082644,0.08904506096883787,36.536287792992546,0.0,0.08904506096883787,8.354230957676515,28.182056835316033,13.680417524211684,0.00039638469173530473,0.00039638469173530473,0.00039638474974847566,5.163207641903673,0.0890450609108247,0,0.0,0,28.182056835316033,,,,,,,,,,,
3737,6/23/1977,4.968,29.796,6.000,3.269,3.269,26.527,0.0,0,26.526603615192396,0.0890450609108247,54.709056835257925,0.0,0.0890450609108247,16.373109182997556,38.33594765226037,24.847755952953218,0.00039638480760530355,0.00039638480760530355,0.0003963847494902296,10.577250361424337,0.08904506096893977,0,0.0,0,38.33594765226037,,,,,,,,,,,
3738,6/24/1977,89.381,30.367,6.000,3.269,3.269,27.098,0.0,0,27.09760361525051,0.08904506096893977,65.43394765226063,0.0,0.08904506096893977,22.06501948829421,43.368928163966416,32.2742134428016,0.0003963847494902359,0.0003963847494902359,0.0003963847497489293,14.536903667856652,0.08904506096868108,0,0.0,0,43.368928163966416,,,,,,,,,,,
3739,6/25/1977,42.973,3.401,6.000,3.269,3.269,0.13199999999999967,0.0,0,0.1316243712611728,0.08904506096868108,43.50094891997734,0.0,0.08904506096868108,11.173699720109733,32.32724919986761,17.725472858957414,0.0003756287388268819,0.0003756287388268819,0.0003963847497477777,7.039147753700276,0.08902430495776018,0,0.0,0,32.32724919986761,,,,,,,,,,,
3740,6/26/1977,16.401,1.591,6.000,3.269,1.591,0.0,1.6780000000000002,0.0,0.0,0.08902430495776018,32.32724919986761,0.08902430495776018,0.0,6.812612650653221,25.514636549214387,11.396623414348754,0.0,0.0,0.0,4.154295316996756,0.0,0,0.0,0,25.514636549214387,,,,,,,,,,,
3741,6/27/1977,7.685,5.521,6.000,3.269,3.269,2.252,0.0,0,2.1625585542815697,0.0,27.677195103495958,0.0,0.0,5.258992727135691,22.418202376360266,9.029792862795247,0.08944144571843,0.08944144571843,0.0,3.152750025786617,0.08944144571843,0,0.0,0,22.418202376360266,,,,,,,,,,,
3742,6/28/1977,6.125,13.233,6.000,3.269,3.269,9.964,0.0,0,9.964,0.08944144571843,32.38260052561967,0.0,0.08944144571843,6.832064884146324,25.55053564147335,11.425813212642016,0.0,0.0,0.00039814925940304455,4.166938889367372,0.08904329645902696,0,0.0,0,25.55053564147335,,,,,,,,,,,
3743,6/29/1977,10.590,17.548,6.000,3.269,3.269,14.278999999999998,0.0,0,14.278601850740595,0.08904329645902696,39.829533869108964,0.0,0.08904329645902696,9.646604751658641,30.18292911745032,15.553674598453078,0.0003981492594030382,0.0003981492594030382,0.0003963768950199571,6.018635195775692,0.08904506882341005,0,0.0,0,30.18292911745032,,,,,,,,,,,
3744,6/30/1977,18.117,11.990,6.000,3.269,3.269,8.721,0.0,0,8.72060362310498,0.08904506882341005,38.903929125340014,0.0,0.08904506882341005,9.27587499285221,29.628054132487804,15.01982675783883,0.00039637689501995115,0.00039637689501995115,0.000396384784713162,5.7724280184957495,0.08904506093371685,0,0.0,0,29.628054132487804,,,,,,,,,,,
3745,7/1/1977,29.798,5.980,7.000,3.463,3.463,2.5170000000000003,0.0,0,2.516603615215287,0.08904506093371685,32.145054132452685,0.0,0.08904506093371685,6.748740264410838,25.396313868041847,11.300705484138845,0.0003963847847131611,0.0003963847847131611,0.0003963847495921342,4.112796250220596,0.08904506096883787,0,0.0,0,25.396313868041847,,,,,,,,,,,
3746,7/2/1977,20.015,6.159,7.000,3.463,3.463,2.6959999999999997,0.0,0,2.6956036152504077,0.08904506096883787,28.092313868042005,0.0,0.08904506096883787,5.391111303471446,22.701202564570558,9.234002826095821,0.0003963847495921373,0.0003963847495921373,0.00039638474974847566,3.2372356440600916,0.08904506096868153,0,0.0,0,22.701202564570558,,,,,,,,,,,
3747,7/3/1977,8.236,14.546,7.000,3.463,3.463,11.082999999999998,0.0,0,11.08260361525025,0.08904506096868153,33.784202564570556,0.0,0.08904506096868153,7.331990589297777,26.45221197527278,12.172585157806608,0.0003963847497484729,0.0003963847497484729,0.0003963847497477797,4.4926764394886245,0.08904506096868223,0,0.0,0,26.45221197527278,,,,,,,,,,,
3748,7/4/1977,32.020,27.798,7.000,3.463,3.463,24.334999999999997,0.0,0,24.33460361525025,0.08904506096868223,50.787211975272776,0.0,0.08904506096868223,14.464043932265172,36.323168043007605,22.276022698112513,0.0003963847497477797,0.0003963847497477797,0.0003963847497477828,9.268054286001933,0.08904506096868223,0,0.0,0,36.323168043007605,,,,,,,,,,,
3749,7/5/1977,86.772,24.100,7.000,3.463,3.463,20.637,0.0,0,20.63660361525025,0.08904506096868223,56.960168043007606,0.0,0.08904506096868223,17.511279561145887,39.448888481861715,26.360097108439078,0.0003963847497477797,0.0003963847497477797,0.0003963847497477828,11.362659876827266,0.08904506096868223,0,0.0,0,39.448888481861715,,,,,,,,,,,
3750,7/6/1977,34.254,8.981,7.000,3.463,3.463,5.518,0.0,0,5.517603615250252,0.08904506096868223,44.966888481861716,0.0,0.08904506096868223,11.808294439085751,33.15859404277597,18.616035693411906,0.0003963847497477797,0.0003963847497477797,0.0003963847497477828,7.466014399766562,0.08904506096868223,0,0.0,0,33.15859404277597,,,,,,,,,,,
3751,7/7/1977,20.129,12.600,7.000,3.463,3.463,9.137,0.0,0,9.136603615250253,0.08904506096868223,42.29559404277597,0.0,0.08904506096868223,10.662466015629153,31.633128027146814,17.00307972035768,0.0003963847497477797,0.0003963847497477797,0.0003963847497477828,6.696415730133044,0.08904506096868223,0,0.0,0,31.633128027146814,,,,,,,,,,,
3752,7/8/1977,25.273,11.672,7.000,3.463,3.463,8.209,0.0,0,8.208603615250253,0.08904506096868223,39.84212802714681,0.0,0.08904506096868223,9.651689072167404,30.19043895497941,15.560977177219085,0.0003963847497477797,0.0003963847497477797,0.0003963847497477828,6.02201615459492,0.08904506096868223,0,0.0,0,30.19043895497941,,,,,,,,,,,
3753,7/9/1977,18.008,4.120,7.000,3.463,3.463,0.657,0.0,0,0.6566036154157469,0.08904506096868223,30.847438955144906,0.0,0.08904506096868223,6.3008281390338015,24.546610816111105,10.624901603818266,0.000396384584253196,0.000396384584253196,0.0003963847497477828,3.822518636741762,0.08904506080318765,0,0.0,0,24.546610816111105,,,,,,,,,,,
3754,7/10/1977,17.790,21.292,7.000,3.463,3.463,17.829,0.0,0,17.82860361508476,0.08904506080318765,42.375610815944874,0.0,0.08904506080318765,10.69610679457869,31.679504021366185,17.050755502842254,0.0003963849152423526,0.0003963849152423526,0.0003963847490110825,6.718935903060378,0.08904506096941892,0,0.0,0,31.679504021366185,,,,,,,,,,,
3755,7/11/1977,36.550,15.128,7.000,3.463,3.463,11.665,0.0,0,11.664603615250988,0.08904506096941892,43.34450402136692,0.0,0.08904506096941892,11.106805703371066,32.23769831799586,17.631205085991965,0.0003963847490110904,0.0003963847490110904,0.0003963847497510622,6.994242149298174,0.08904506096867894,0,0.0,0,32.23769831799586,,,,,,,,,,,
3756,7/12/1977,20.819,1.460,7.000,3.463,1.46,0.0,2.003,0.0,0.0,0.08904506096867894,32.23769831799586,0.08904506096867894,0.0,6.7811885950103745,25.456509722985484,11.3494473127926,0.0,0.0,0.0,4.133875314391512,0.0,0,0.0,0,25.456509722985484,,,,,,,,,,,
3757,7/13/1977,9.553,2.040,7.000,3.463,2.04,0.0,1.423,0.0,0.0,0.0,25.456509722985484,0.0,0.0,4.57471323412598,20.881796488859504,7.962223015468123,0.0,0.0,0.0,2.7174863444659727,0.0,0,0.0,0,20.881796488859504,,,,,,,,,,,
3758,7/14/1977,4.968,10.898,7.000,3.463,3.463,7.435,0.0,0,7.34555855428157,0.0,28.227355043141074,0.0,0.0,5.434372717324132,22.792982325816944,9.300742418735007,0.08944144571843,0.08944144571843,0.0,3.264929726300281,0.08944144571843,0,0.0,0,22.792982325816944,,,,,,,,,,,
3759,7/15/1977,17.358,17.511,7.000,3.463,3.463,14.047999999999998,0.0,0,14.047999999999998,0.08944144571843,36.84138047507634,0.0,0.08944144571843,8.470822929779054,28.370557545297288,13.850864126566034,0.0,0.0,0.00039814925940304455,5.240042122595997,0.08904329645902696,0,0.0,0,28.370557545297288,,,,,,,,,,,
3760,7/16/1977,16.506,7.751,7.000,3.463,3.463,4.288,0.0,0,4.2876018507405975,0.08904329645902696,32.65855577293291,0.0,0.08904329645902696,6.929375092008069,25.729180680924838,11.571683848714853,0.0003981492594030382,0.0003981492594030382,0.0003963768950199571,4.230224068389812,0.08904506882341005,0,0.0,0,25.729180680924838,,,,,,,,,,,
3761,7/17/1977,10.768,5.807,7.000,3.463,3.463,2.3440000000000003,0.0,0,2.3436036231049804,0.08904506882341005,28.07318068881453,0.0,0.08904506882341005,5.38499304161875,22.688187647195782,9.22455910602868,0.00039637689501995115,0.00039637689501995115,0.000396384784713162,3.2333201754239442,0.08904506093371685,0,0.0,0,22.688187647195782,,,,,,,,,,,
3762,7/18/1977,11.397,5.905,7.000,3.463,3.463,2.442,0.0,0,2.441603615215287,0.08904506093371685,25.13018764716066,0.0,0.08904506093371685,4.477394182607592,20.65279346455307,7.80896244028034,0.0003963847847131611,0.0003963847847131611,0.0003963847495921342,2.6559160606988192,0.08904506096883787,0,0.0,0,20.65279346455307,,,,,,,,,,,
3763,7/19/1977,5.774,1.284,7.000,3.463,1.284,0.0,2.1790000000000003,0.0,0.0,0.08904506096883787,20.65279346455307,0.08904506096883787,0.0,3.2284726732067663,17.424320791346304,5.805522832864833,0.0,0.0,0.0,1.8743064946426518,0.0,0,0.0,0,17.424320791346304,,,,,,,,,,,
3764,7/20/1977,3.909,0.962,7.000,3.463,0.962,0.0,2.5010000000000003,0.0,0.0,0.0,17.424320791346304,0.0,0.0,2.431973704989794,14.99234708635651,4.485030854263866,0.0,0.0,0.0,1.3858186441089833,0.0,0,0.0,0,14.99234708635651,,,,,,,,,,,
3765,7/21/1977,3.447,1.762,7.000,3.463,1.762,0.0,1.701,0.0,0.0,0.0,14.99234708635651,0.0,0.0,1.8929907481743302,13.09935633818218,3.566656351303694,0.0,0.0,0.0,1.061050965911346,0.0,0,0.0,0,13.09935633818218,,,,,,,,,,,
3766,7/22/1977,3.062,3.370,7.000,3.463,3.37,0.0,0.09299999999999997,0.0,0.0,0.0,13.09935633818218,0.0,0.0,1.5116423083046628,11.587714029877517,2.901517482157374,0.0,0.0,0.0,0.8348493726869892,0.0,0,0.0,0,11.587714029877517,,,,,,,,,,,
3767,7/23/1977,2.746,9.801,7.000,3.463,3.463,6.338,0.0,0,6.24855855428157,0.0,17.836272584159087,0.0,0.0,2.5285562125450354,15.30771637161405,4.6472976832931625,0.08944144571843,0.08944144571843,0.0,1.4445516318017928,0.08944144571843,0,0.0,0,15.30771637161405,,,,,,,,,,,
3768,7/24/1977,18.779,22.887,7.000,3.463,3.463,19.424,0.0,0,19.424,0.08944144571843,34.73211452087345,0.0,0.08944144571843,7.678053821904096,27.054060698969355,12.685818366823437,0.0,0.0,0.00039814925940304455,4.719025552733957,0.08904329645902696,0,0.0,0,27.054060698969355,,,,,,,,,,,
3769,7/25/1977,56.776,15.269,7.000,3.463,3.463,11.806000000000001,0.0,0,11.805601850740597,0.08904329645902696,38.86005892660497,0.0,0.08904329645902696,9.258448239783586,29.601610686821385,14.994664948135714,0.0003981492594030382,0.0003981492594030382,0.0003963768950199571,5.760870378799403,0.08904506882341005,0,0.0,0,29.601610686821385,,,,,,,,,,,
3770,7/26/1977,28.083,6.081,7.000,3.463,3.463,2.6180000000000003,0.0,0,2.6176036231049804,0.08904506882341005,32.21961069471108,0.0,0.08904506882341005,6.774848572291471,25.444762122419608,11.339925972868123,0.00039637689501995115,0.00039637689501995115,0.000396384784713162,4.129756190094943,0.08904506093371685,0,0.0,0,25.444762122419608,,,,,,,,,,,
3771,7/27/1977,11.579,4.183,7.000,3.463,3.463,0.7199999999999998,0.0,0,0.7196036152557418,0.08904506093371685,26.164762122424943,0.0,0.08904506093371685,4.788804372279909,21.375957750145034,8.298087927855779,0.0003963847442579414,0.0003963847442579414,0.0003963847495921342,2.853235373215549,0.08904506092838266,0,0.0,0,21.375957750145034,,,,,,,,,,,
3772,7/28/1977,6.267,2.231,7.000,3.463,2.231,0.0,1.2320000000000002,0.0,0.0,0.08904506092838266,21.375957750145034,0.08904506092838266,0.0,3.419073331215409,17.956884418929626,6.116086149510268,0.0,0.0,0.0,1.9924667623864925,0.0,0,0.0,0,17.956884418929626,,,,,,,,,,,
3773,7/29/1977,5.774,10.483,7.000,3.463,3.463,7.0200000000000005,0.0,0,6.93055855428157,0.0,24.887442973211197,0.0,0.0,4.405544320594355,20.48189865261684,7.695569745187013,0.08944144571843,0.08944144571843,0.0,2.6105155912747158,0.08944144571843,0,0.0,0,20.48189865261684,,,,,,,,,,,
3774,7/30/1977,12.888,17.472,7.000,3.463,3.463,14.009,0.0,0,14.009,0.08944144571843,34.491296801876246,0.0,0.08944144571843,7.589531776627148,26.901765025249098,12.554813981966399,0.0,0.0,0.00039814925940304455,4.661060911557245,0.08904329645902696,0,0.0,0,26.901765025249098,,,,,,,,,,,
3775,7/31/1977,18.337,7.064,7.000,3.463,3.463,3.601,0.0,0,3.600601850740597,0.08904329645902696,30.502763252884712,0.0,0.08904329645902696,6.183927911121829,24.318835341762885,10.447583467093137,0.0003981492594030382,0.0003981492594030382,0.0003963768950199571,3.7469787187470773,0.08904506882341005,0,0.0,0,24.318835341762885,,,,,,,,,,,
3776,8/1/1977,8.802,2.236,8.000,3.792,2.236,0.0,1.5559999999999996,0.0,0.0,0.08904506882341005,24.318835341762885,0.08904506882341005,0.0,4.239068149172295,20.07976719259059,7.432031084821716,0.0,0.0,0.0,2.505511082420327,0.0,0,0.0,0,20.07976719259059,,,,,,,,,,,
3777,8/2/1977,8.156,0.713,8.000,3.792,0.713,0.0,3.0789999999999997,0.0,0.0,0.0,20.07976719259059,0.0,0.0,3.080563983507445,16.999203209083145,5.563173002256989,0.0,0.0,0.0,1.7829270708575145,0.0,0,0.0,0,16.999203209083145,,,,,,,,,,,
3778,8/3/1977,7.841,0.434,8.000,3.792,0.434,0.0,3.3579999999999997,0.0,0.0,0.0,16.999203209083145,0.0,0.0,2.3338882306865742,14.665314978396571,4.3195660599215095,0.0,0.0,0.0,1.3263286304890034,0.0,0,0.0,0,14.665314978396571,,,,,,,,,,,
3779,8/4/1977,3.969,0.540,8.000,3.792,0.54,0.0,3.252,0.0,0.0,0.0,14.665314978396571,0.0,0.0,1.8246718411091747,12.840643137287397,3.4485265083094925,0.0,0.0,0.0,1.020286414012321,0.0,0,0.0,0,12.840643137287397,,,,,,,,,,,
3780,8/5/1977,3.280,1.362,8.000,3.792,1.362,0.0,2.4299999999999997,0.0,0.0,0.0,12.840643137287397,0.0,0.0,1.4622122076037376,11.37843092968366,2.81420446278661,0.0,0.0,0.0,0.805785454530532,0.0,0,0.0,0,11.37843092968366,,,,,,,,,,,
3781,8/6/1977,2.955,0.545,8.000,3.792,0.545,0.0,3.247,0.0,0.0,0.0,11.37843092968366,0.0,0.0,1.1953719866893406,10.183058942994318,2.337834001145242,0.0,0.0,0.0,0.6500609395039691,0.0,0,0.0,0,10.183058942994318,,,,,,,,,,,
3782,8/7/1977,2.746,0.371,8.000,3.792,0.371,0.0,3.421,0.0,0.0,0.0,10.183058942994318,0.0,0.0,0.9934885680138341,9.189570374980484,1.9710263524450702,0.0,0.0,0.0,0.5337371725959996,0.0,0,0.0,0,9.189570374980484,,,,,,,,,,,
3783,8/8/1977,2.695,0.048,8.000,3.792,0.048,0.0,3.7439999999999998,0.0,0.0,0.0,9.189570374980484,0.0,0.0,0.8372550801776207,8.352315294802864,1.6826557558518622,0.0,0.0,0.0,0.44476751612192705,0.0,0,0.0,0,8.352315294802864,,,,,,,,,,,
3784,8/9/1977,2.544,0.432,8.000,3.792,0.432,0.0,3.36,0.0,0.0,0.0,8.352315294802864,0.0,0.0,0.7140203318454266,7.6382949629574375,1.451934652329533,0.0,0.0,0.0,0.3753495770704144,0.0,0,0.0,0,7.6382949629574375,,,,,,,,,,,
3785,8/10/1977,2.396,0.279,8.000,3.792,0.279,0.0,3.513,0.0,0.0,0.0,7.6382949629574375,0.0,0.0,0.6152143922123986,7.023080570745039,1.2645382010256596,0.0,0.0,0.0,0.32025476279927173,0.0,0,0.0,0,7.023080570745039,,,,,,,,,,,
3786,8/11/1977,2.299,1.051,8.000,3.792,1.051,0.0,2.7409999999999997,0.0,0.0,0.0,7.023080570745039,0.0,0.0,0.5348662514315903,6.488214319313449,1.1103292469686583,0.0,0.0,0.0,0.2758766037113423,0.0,0,0.0,0,6.488214319313449,,,,,,,,,,,
3787,8/12/1977,2.157,0.593,8.000,3.792,0.593,0.0,3.199,0.0,0.0,0.0,6.488214319313449,0.0,0.0,0.46871381743971846,6.01950050187373,0.98196824163434,0.0,0.0,0.0,0.23966499280713824,0.0,0,0.0,0,6.01950050187373,,,,,,,,,,,
3788,8/13/1977,2.111,0.105,8.000,3.792,0.105,0.0,3.687,0.0,0.0,0.0,6.01950050187373,0.0,0.0,0.4136501660274216,5.605850335846308,0.8740344027396911,0.0,0.0,0.0,0.2097774294684794,0.0,0,0.0,0,5.605850335846308,,,,,,,,,,,
3789,8/14/1977,2.019,0.327,8.000,3.792,0.327,0.0,3.465,0.0,0.0,0.0,5.605850335846308,0.0,0.0,0.367368241481436,5.238482094364873,0.7824534764837338,0.0,0.0,0.0,0.1848571973156997,0.0,0,0.0,0,5.238482094364873,,,,,,,,,,,
3790,8/15/1977,1.929,1.608,8.000,3.792,1.608,0.0,2.1839999999999997,0.0,0.0,0.0,5.238482094364873,0.0,0.0,0.3281266849931564,4.910355409371716,0.7041154257971765,0.0,0.0,0.0,0.16388836867440176,0.0,0,0.0,0,4.910355409371716,,,,,,,,,,,
3791,8/16/1977,1.840,1.889,8.000,3.792,1.889,0.0,1.9029999999999998,0.0,0.0,0.0,4.910355409371716,0.0,0.0,0.2945918018707704,4.615763607500946,0.6366131477650895,0.0,0.0,0.0,0.14609871720791748,0.0,0,0.0,0,4.615763607500946,,,,,,,,,,,
3792,8/17/1977,2.396,0.627,8.000,3.792,0.627,0.0,3.165,0.0,0.0,0.0,4.615763607500946,0.0,0.0,0.2657286466932376,4.350034960807708,0.578060268636363,0.0,0.0,0.0,0.13089330326340762,0.0,0,0.0,0,4.350034960807708,,,,,,,,,,,
3793,8/18/1977,2.251,0.687,8.000,3.792,0.687,0.0,3.1049999999999995,0.0,0.0,0.0,4.350034960807708,0.0,0.0,0.24072453521340556,4.109310425594303,0.5269617689294841,0.0,0.0,0.0,0.1178081630925348,0.0,0,0.0,0,4.109310425594303,,,,,,,,,,,
3794,8/19/1977,2.157,0.364,8.000,3.792,0.364,0.0,3.428,0.0,0.0,0.0,4.109310425594303,0.0,0.0,0.21893441138178682,3.890376014212516,0.4821206143659537,0.0,0.0,0.0,0.1064774546599826,0.0,0,0.0,0,3.890376014212516,,,,,,,,,,,
3795,8/20/1977,2.019,0.335,8.000,3.792,0.335,0.0,3.457,0.0,0.0,0.0,3.890376014212516,0.0,0.0,0.1998412217700912,3.6905347924424245,0.44256937174447947,0.0,0.0,0.0,0.09660978299388678,0.0,0,0.0,0,3.6905347924424245,,,,,,,,,,,
3796,8/21/1977,1.884,1.515,8.000,3.792,1.515,0.0,2.277,0.0,0.0,0.0,3.6905347924424245,0.0,0.0,0.18302677101090983,3.507508021431515,0.40751944745004615,0.0,0.0,0.0,0.08797089598790707,0.0,0,0.0,0,3.507508021431515,,,,,,,,,,,
3797,8/22/1977,2.019,3.957,8.000,3.792,3.792,0.16500000000000004,0.0,0,0.07991863581820277,0.0,3.5874266572497175,0.0,0.0,0.17458388871208722,3.4128427685376304,0.38983709573284786,0.08508136418179726,0.08508136418179726,0.0,0.0836525074413705,0.08508136418179726,0,0.0,0,3.4128427685376304,,,,,,,,,,,
3798,8/23/1977,2.347,3.060,8.000,3.792,3.06,0.0,0.7319999999999998,0.0,0.0,0.08508136418179726,3.4129557373496384,0.059703710881027494,0.02537765330076977,0.16066336957809857,3.25229236777154,0.360552860422819,0.0,0.0,0.00011296881200799617,0.07656267731913885,0.025264684488761773,0,0.0,0,3.25229236777154,,,,,,,,,,,
3799,8/24/1977,2.347,0.810,8.000,3.792,0.81,0.0,2.9819999999999998,0.0,0.0,0.025264684488761773,3.25229236777154,0.025264684488761773,0.0,0.14825695561348715,3.104035412158053,0.3343084511289391,0.0,0.0,0.0,0.07027789829858093,0.0,0,0.0,0,3.104035412158053,,,,,,,,,,,
3800,8/25/1977,2.111,2.267,8.000,3.792,2.267,0.0,1.525,0.0,0.0,0.0,3.104035412158053,0.0,0.0,0.137165078570988,2.966870333587065,0.310719750143478,0.0,0.0,0.0,0.0646881994388882,0.0,0,0.0,0,2.966870333587065,,,,,,,,,,,
3801,8/26/1977,2.019,2.778,8.000,3.792,2.778,0.0,1.0139999999999998,0.0,0.0,0.0,2.966870333587065,0.0,0.0,0.12721257820799386,2.839657755379071,0.2894460494633684,0.0,0.0,0.0,0.059697892281098446,0.0,0,0.0,0,2.839657755379071,,,,,,,,,,,
3802,8/27/1977,1.929,0.806,8.000,3.792,0.806,0.0,2.9859999999999998,0.0,0.0,0.0,2.839657755379071,0.0,0.0,0.11825216815444835,2.721405587224623,0.27019913614379776,0.0,0.0,0.0,0.055226917513479856,0.0,0,0.0,0,2.721405587224623,,,,,,,,,,,
3803,8/28/1977,1.929,2.464,8.000,3.792,2.464,0.0,1.3279999999999998,0.0,0.0,0.0,2.721405587224623,0.0,0.0,0.11015931617815615,2.611246271046467,0.2527339178820797,0.0,0.0,0.0,0.051207911864580014,0.0,0,0.0,0,2.611246271046467,,,,,,,,,,,
3804,8/29/1977,2.111,4.072,8.000,3.792,3.792,0.28000000000000025,0.0,0,0.19089942381166009,0.0,2.802145694858127,0.0,0.0,0.1156601181557253,2.6864855767024016,0.26461393444358905,0.08910057618834018,0.08910057618834018,0.0,0.053937642727363996,0.08910057618834018,0,0.0,0,2.6864855767024016,,,,,,,,,,,
3805,8/30/1977,2.544,11.176,8.000,3.792,3.792,7.384,0.0,0,7.38365913046991,0.08910057618834018,10.070541339048471,0.0,0.08910057618834018,0.975260135167944,9.095281203880528,1.9375975455933743,0.0003408695300898294,0.0003408695300898294,0.000396631876160095,0.5233061700473529,0.08904481384226991,0,0.0,0,9.095281203880528,,,,,,,,,,,
3806,8/31/1977,4.271,20.798,8.000,3.792,3.792,17.006,0.0,0,17.00560336812384,0.08904481384226991,26.10128095565403,0.0,0.08904481384226991,4.76945564118832,21.33182531446571,8.26780532247964,0.00039663187616010296,0.00039663187616010296,0.0003963836496627243,2.8409502057649516,0.08904506206876728,0,0.0,0,21.33182531446571,,,,,,,,,,,
3807,9/1/1977,5.165,4.409,9.000,4.609,4.409,0.0,0.20000000000000018,0.0,0.0,0.08904506206876728,21.33214584940641,0.01703913006617434,0.07200593200259293,3.407401827823686,17.924744021582722,6.097123209600338,0.0,0.0,0.00032053494069976665,1.9852184561143822,0.07168539706189317,0,0.0,0,17.924744021582722,,,,,,,,,,,
3808,9/2/1977,3.909,0.466,9.000,4.609,0.466,0.0,4.143,0.0,0.0,0.07168539706189317,17.924744021582722,0.07168539706189317,0.0,2.5494943197907483,15.375249701791974,4.6823911141605885,0.0,0.0,0.0,1.4573040271764879,0.0,0,0.0,0,15.375249701791974,,,,,,,,,,,
3809,9/3/1977,2.111,0.277,9.000,4.609,0.277,0.0,4.332,0.0,0.0,0.0,15.375249701791974,0.0,0.0,1.9742527011895004,13.400997000602473,3.70662590463744,0.0,0.0,0.0,1.109664346074422,0.0,0,0.0,0,13.400997000602473,,,,,,,,,,,
3810,9/4/1977,1.711,0.051,9.000,4.609,0.051,0.0,4.558,0.0,0.0,0.0,13.400997000602473,0.0,0.0,1.5701011369292657,11.830895863673208,3.004432964132628,0.0,0.0,0.0,0.8693026691737153,0.0,0,0.0,0,11.830895863673208,,,,,,,,,,,
3811,9/5/1977,1.626,0.168,9.000,4.609,0.168,0.0,4.441,0.0,0.0,0.0,11.830895863673208,0.0,0.0,1.275641082922031,10.555254780751177,2.4820736215264643,0.0,0.0,0.0,0.6966854491675646,0.0,0,0.0,0,10.555254780751177,,,,,,,,,,,
3812,9/6/1977,1.503,0.099,9.000,4.609,0.099,0.0,4.51,0.0,0.0,0.0,10.555254780751177,0.0,0.0,1.0547437951876326,9.500510985563544,2.082970623986213,0.0,0.0,0.0,0.5688808589544109,0.0,0,0.0,0,9.500510985563544,,,,,,,,,,,
3813,9/7/1977,1.423,1.009,9.000,4.609,1.009,0.0,3.6,0.0,0.0,0.0,9.500510985563544,0.0,0.0,0.8850015924669826,8.615509393096561,1.7712445285271239,0.0,0.0,0.0,0.47185027026047555,0.0,0,0.0,0,8.615509393096561,,,,,,,,,,,
3814,9/8/1977,1.345,0.560,9.000,4.609,0.56,0.0,4.0489999999999995,0.0,0.0,0.0,8.615509393096561,0.0,0.0,0.7519126276830602,7.863596765413501,1.5232117202825393,0.0,0.0,0.0,0.3966161533117395,0.0,0,0.0,0,7.863596765413501,,,,,,,,,,,
3815,9/9/1977,1.269,0.142,9.000,4.609,0.142,0.0,4.467,0.0,0.0,0.0,7.863596765413501,0.0,0.0,0.6457550883359182,7.217841677077582,1.3227111804961103,0.0,0.0,0.0,0.3372263311158621,0.0,0,0.0,0,7.217841677077582,,,,,,,,,,,
3816,9/10/1977,1.269,0.850,9.000,4.609,0.85,0.0,3.759,0.0,0.0,0.0,7.217841677077582,0.0,0.0,0.5598152144007799,6.658026462676802,1.1584017501313306,0.0,0.0,0.0,0.28961242364829903,0.0,0,0.0,0,6.658026462676802,,,,,,,,,,,
3817,9/11/1977,1.269,0.449,9.000,4.609,0.449,0.0,4.16,0.0,0.0,0.0,6.658026462676802,0.0,0.0,0.4893372829762496,6.168689179700553,1.0221313563562813,0.0,0.0,0.0,0.25092021828192035,0.0,0,0.0,0,6.168689179700553,,,,,,,,,,,
3818,9/12/1977,1.157,0.355,9.000,4.609,0.355,0.0,4.254,0.0,0.0,0.0,6.168689179700553,0.0,0.0,0.43087760771399786,5.737811571986555,0.9079170447811397,0.0,0.0,0.0,0.21910158161269372,0.0,0,0.0,0,5.737811571986555,,,,,,,,,,,
3819,9/13/1977,1.086,1.694,9.000,4.609,1.694,0.0,2.915,0.0,0.0,0.0,5.737811571986555,0.0,0.0,0.38189406995793146,5.355917502028623,0.8112870231942176,0.0,0.0,0.0,0.1926574620682268,0.0,0,0.0,0,5.355917502028623,,,,,,,,,,,
3820,9/14/1977,1.121,6.435,9.000,4.609,4.609,1.8259999999999996,0.0,0,1.7365585542815696,0.0,7.0924760563101925,0.0,0.0,0.5437036416759972,6.548772414634195,1.1273776732056455,0.08944144571843,0.08944144571843,0.0,0.2807373663767167,0.08944144571843,0,0.0,0,6.548772414634195,,,,,,,,,,,
3821,9/15/1977,1.840,10.393,9.000,4.609,4.609,5.784000000000001,0.0,0,5.784000000000001,0.08944144571843,12.3331705638936,0.0,0.08944144571843,1.3671736334983442,10.965996930395255,2.6455430968732854,0.0,0.0,0.00039814925940304455,0.7500879568321269,0.08904329645902696,0,0.0,0,10.965996930395255,,,,,,,,,,,
3822,9/16/1977,2.111,7.025,9.000,4.609,4.609,2.4160000000000004,0.0,0,2.415601850740597,0.08904329645902696,13.381995158030872,0.0,0.08904329645902696,1.5663923692088189,11.815602788822053,2.997914659315689,0.0003981492594030382,0.0003981492594030382,0.0003963768950199571,0.8671143274646352,0.08904506882341005,0,0.0,0,11.815602788822053,,,,,,,,,,,
3823,9/17/1977,4.029,12.922,9.000,4.609,4.609,8.313,0.0,0,8.31260362310498,0.08904506882341005,20.128602796711746,0.0,0.08904506882341005,3.0930610683021085,17.035541728409637,5.583696635138456,0.00039637689501995115,0.00039637689501995115,0.000396384784713162,1.7906369193757108,0.08904506093371685,0,0.0,0,17.035541728409637,,,,,,,,,,,
3824,9/18/1977,6.629,15.936,9.000,4.609,4.609,11.327,0.0,0,11.326603615215287,0.08904506093371685,28.362541728374516,0.0,0.08904506093371685,5.477819166990538,22.884722561383978,9.36770485879245,0.0003963847847131611,0.0003963847847131611,0.0003963847495921342,3.2927568641199416,0.08904506096883787,0,0.0,0,22.884722561383978,,,,,,,,,,,
3825,9/19/1977,4.520,0.753,9.000,4.609,0.753,0.0,3.856,0.0,0.0,0.08904506096883787,22.884722561383978,0.08904506096883787,0.0,3.830674032492497,19.05404852889148,6.780512412568612,0.0,0.0,0.0,2.24908683582246,0.0,0,0.0,0,19.05404852889148,,,,,,,,,,,
3826,9/20/1977,4.029,1.026,9.000,4.609,1.026,0.0,3.583,0.0,0.0,0.0,19.05404852889148,0.0,0.0,2.822785577347195,16.231262951544288,5.137811698851585,0.0,0.0,0.0,1.6243662386047821,0.0,0,0.0,0,16.231262951544288,,,,,,,,,,,
3827,9/21/1977,3.792,1.727,9.000,4.609,1.727,0.0,2.8819999999999997,0.0,0.0,0.0,16.231262951544288,0.0,0.0,2.1608251897299904,14.070437761814297,4.025882247375228,0.0,0.0,0.0,1.221768754120903,0.0,0,0.0,0,14.070437761814297,,,,,,,,,,,
3828,9/22/1977,3.618,0.499,9.000,4.609,0.499,0.0,4.11,0.0,0.0,0.0,14.070437761814297,0.0,0.0,1.7029888084514235,12.367448953362874,3.237049711398721,0.0,0.0,0.0,0.9479313633765304,0.0,0,0.0,0,12.367448953362874,,,,,,,,,,,
3829,9/23/1977,3.447,1.097,9.000,4.609,1.097,0.0,3.512,0.0,0.0,0.0,12.367448953362874,0.0,0.0,1.373512624557768,10.993936328805106,2.656825826525521,0.0,0.0,0.0,0.7537951968267804,0.0,0,0.0,0,10.993936328805106,,,,,,,,,,,
3830,9/24/1977,3.335,0.661,9.000,4.609,0.661,0.0,3.948,0.0,0.0,0.0,10.993936328805106,0.0,0.0,1.1288107597854942,9.865125569019611,2.2175603612958525,0.0,0.0,0.0,0.611554118714046,0.0,0,0.0,0,9.865125569019611,,,,,,,,,,,
3831,9/25/1977,3.170,0.624,9.000,4.609,0.624,0.0,3.985,0.0,0.0,0.0,9.865125569019611,0.0,0.0,0.9423309904665128,8.922794578553098,1.8770693543967711,0.0,0.0,0.0,0.5044955176381405,0.0,0,0.0,0,8.922794578553098,,,,,,,,,,,
3832,9/26/1977,3.062,0.730,9.000,4.609,0.73,0.0,3.879,0.0,0.0,0.0,8.922794578553098,0.0,0.0,0.7971387768571057,8.125655801695993,1.6078886766616989,0.0,0.0,0.0,0.422090994337743,0.0,0,0.0,0,8.125655801695993,,,,,,,,,,,
3833,9/27/1977,2.746,1.915,9.000,4.609,1.915,0.0,2.694,0.0,0.0,0.0,8.125655801695993,0.0,0.0,0.6820190119294771,7.443636789766516,1.3914917629170218,0.0,0.0,0.0,0.35744685239446045,0.0,0,0.0,0,7.443636789766516,,,,,,,,,,,
3834,9/28/1977,2.594,2.647,9.000,4.609,2.647,0.0,1.9620000000000002,0.0,0.0,0.0,7.443636789766516,0.0,0.0,0.5893062776651892,6.854330512101327,1.2150035695497194,0.0,0.0,0.0,0.305900839759609,0.0,0,0.0,0,6.854330512101327,,,,,,,,,,,
3835,9/29/1977,2.111,0.593,9.000,4.609,0.593,0.0,4.016,0.0,0.0,0.0,6.854330512101327,0.0,0.0,0.5136187245799234,6.340711787521403,1.0692467681616253,0.0,0.0,0.0,0.2642117630248435,0.0,0,0.0,0,6.340711787521403,,,,,,,,,,,
3836,9/30/1977,1.929,1.712,9.000,4.609,1.712,0.0,2.8970000000000002,0.0,0.0,0.0,6.340711787521403,0.0,0.0,0.4510892385901181,5.8896225489312855,0.9475349426637325,0.0,0.0,0.0,0.23007214688233527,0.0,0,0.0,0,5.8896225489312855,,,,,,,,,,,
3837,10/1/1977,1.307,3.030,10.000,5.054,3.03,0.0,2.0240000000000005,0.0,0.0,0.0,5.8896225489312855,0.0,0.0,0.39888240778281825,5.490740141148467,0.8449024825721905,0.0,0.0,0.0,0.20180483199460586,0.0,0,0.0,0,5.490740141148467,,,,,,,,,,,
3838,10/2/1977,1.307,2.012,10.000,5.054,2.012,0.0,3.0420000000000003,0.0,0.0,0.0,5.490740141148467,0.0,0.0,0.35488196461781285,5.135858176530654,0.7575990647949208,0.0,0.0,0.0,0.17816833175611418,0.0,0,0.0,0,5.135858176530654,,,,,,,,,,,
3839,10/3/1977,1.269,0.566,10.000,5.054,0.566,0.0,4.488,0.0,0.0,0.0,5.135858176530654,0.0,0.0,0.31748324851130194,4.818374928019352,0.6827495030053898,0.0,0.0,0.0,0.15822863664973436,0.0,0,0.0,0,4.818374928019352,,,,,,,,,,,
3840,10/4/1977,1.269,0.231,10.000,5.054,0.231,0.0,4.823,0.0,0.0,0.0,4.818374928019352,0.0,0.0,0.28545222237833223,4.53292270564102,0.6181198065589447,0.0,0.0,0.0,0.14127279867435794,0.0,0,0.0,0,4.53292270564102,,,,,,,,,,,
3841,10/5/1977,1.269,0.084,10.000,5.054,0.084,0.0,4.970000000000001,0.0,0.0,0.0,4.53292270564102,0.0,0.0,0.25782773536261716,4.275094970278404,0.5619531192931199,0.0,0.0,0.0,0.126749462140181,0.0,0,0.0,0,4.275094970278404,,,,,,,,,,,
3842,10/6/1977,1.269,0.008,10.000,5.054,0.008,0.0,5.046,0.0,0.0,0.0,4.275094970278404,0.0,0.0,0.23385252102467102,4.041242449253732,0.512852635397226,0.0,0.0,0.0,0.11422717229450503,0.0,0,0.0,0,4.041242449253732,,,,,,,,,,,
3843,10/7/1977,1.231,0.281,10.000,5.054,0.281,0.0,4.773000000000001,0.0,0.0,0.0,4.041242449253732,0.0,0.0,0.21292367574490279,3.8283187735088298,0.4696967120987524,0.0,0.0,0.0,0.10336465409981377,0.0,0,0.0,0,3.8283187735088298,,,,,,,,,,,
3844,10/8/1977,1.231,0.625,10.000,5.054,0.625,0.0,4.429,0.0,0.0,0.0,3.8283187735088298,0.0,0.0,0.19455658432485898,3.6337621891839706,0.4315764378893275,0.0,0.0,0.0,0.09388930034717999,0.0,0,0.0,0,3.6337621891839706,,,,,,,,,,,
3845,10/9/1977,1.194,1.015,10.000,5.054,1.015,0.0,4.039000000000001,0.0,0.0,0.0,3.6337621891839706,0.0,0.0,0.17835828204550314,3.4554039071384675,0.3977491126674501,0.0,0.0,0.0,0.08558138469544,0.0,0,0.0,0,3.4554039071384675,,,,,,,,,,,
3846,10/10/1977,1.194,1.753,10.000,5.054,1.753,0.0,3.301,0.0,0.0,0.0,3.4554039071384675,0.0,0.0,0.1640075387403686,3.291396368398099,0.367603167418226,0.0,0.0,0.0,0.07826232839810597,0.0,0,0.0,0,3.291396368398099,,,,,,,,,,,
3847,10/11/1977,1.157,2.036,10.000,5.054,2.036,0.0,3.0180000000000002,0.0,0.0,0.0,3.291396368398099,0.0,0.0,0.15123979752013123,3.1401565708779677,0.34063141796173674,0.0,0.0,0.0,0.07178587772002623,0.0,0,0.0,0,3.1401565708779677,,,,,,,,,,,
3848,10/12/1977,1.121,0.934,10.000,5.054,0.934,0.0,4.12,0.0,0.0,0.0,3.1401565708779677,0.0,0.0,0.13983566413611206,3.0003209067418557,0.3164104649262844,0.0,0.0,0.0,0.06603139835640373,0.0,0,0.0,0,3.0003209067418557,,,,,,,,,,,
3849,10/13/1977,1.121,2.009,10.000,5.054,2.009,0.0,3.0450000000000004,0.0,0.0,0.0,3.0003209067418557,0.0,0.0,0.1296120237243023,2.8707088830175533,0.2945846778492868,0.0,0.0,0.0,0.0608987279624704,0.0,0,0.0,0,2.8707088830175533,,,,,,,,,,,
3850,10/14/1977,1.086,0.977,10.000,5.054,0.977,0.0,4.077,0.0,0.0,0.0,2.8707088830175533,0.0,0.0,0.12041512286940038,2.750293760148153,0.27485363422815534,0.0,0.0,0.0,0.05630418811944042,0.0,0,0.0,0,2.750293760148153,,,,,,,,,,,
3851,10/15/1977,1.015,1.242,10.000,5.054,1.242,0.0,3.8120000000000003,0.0,0.0,0.0,2.750293760148153,0.0,0.0,0.11211513659177738,2.638178623556376,0.25696218788606595,0.0,0.0,0.0,0.05217746792302175,0.0,0,0.0,0,2.638178623556376,,,,,,,,,,,
3852,10/16/1977,0.981,8.794,10.000,5.054,5.054,3.74,0.0,0,3.65055855428157,0.0,6.288737177837946,0.0,0.0,0.44494348566877107,5.843793692169175,0.9355032911276856,0.08944144571843,0.08944144571843,0.0,0.2267328346643389,0.08944144571843,0,0.0,0,5.843793692169175,,,,,,,,,,,
3853,10/17/1977,2.299,5.691,10.000,5.054,5.054,0.6369999999999996,0.0,0,0.6369999999999996,0.08944144571843,6.481191841428577,0.0,0.08944144571843,0.4678686067777289,6.013323234650849,0.9803193008045707,0.0,0.0,0.00039814925940304455,0.23920440554021768,0.08904329645902696,0,0.0,0,6.013323234650849,,,,,,,,,,,
3854,10/18/1977,1.585,1.199,10.000,5.054,1.199,0.0,3.8550000000000004,0.0,0.0,0.08904329645902696,6.013323234650849,0.08904329645902696,0.0,0.41294292200546623,5.600380312645383,0.8726410978572118,0.0,0.0,0.0,0.2093951805249347,0.0,0,0.0,0,5.600380312645383,,,,,,,,,,,
3855,10/19/1977,1.231,0.386,10.000,5.054,0.386,0.0,4.668,0.0,0.0,0.0,5.600380312645383,0.0,0.0,0.3667709906911598,5.233609321954223,0.7812661045395942,0.0,0.0,0.0,0.18453690675354067,0.0,0,0.0,0,5.233609321954223,,,,,,,,,,,
3856,10/20/1977,1.194,0.753,10.000,5.054,0.753,0.0,4.301,0.0,0.0,0.0,5.233609321954223,0.0,0.0,0.32761814364373415,4.905991178310488,0.70309575817713,0.0,0.0,0.0,0.16361766971130642,0.0,0,0.0,0,4.905991178310488,,,,,,,,,,,
3857,10/21/1977,1.157,0.225,10.000,5.054,0.225,0.0,4.829000000000001,0.0,0.0,0.0,4.905991178310488,0.0,0.0,0.29415555179126085,4.611835626519228,0.6357313950252729,0.0,0.0,0.0,0.14586814020428604,0.0,0,0.0,0,4.611835626519228,,,,,,,,,,,
3858,10/22/1977,1.121,0.263,10.000,5.054,0.263,0.0,4.791,0.0,0.0,0.0,4.611835626519228,0.0,0.0,0.26535186506357517,4.346483761455652,0.5772929426258587,0.0,0.0,0.0,0.1306955041235694,0.0,0,0.0,0,4.346483761455652,,,,,,,,,,,
3859,10/23/1977,1.086,0.446,10.000,5.054,0.446,0.0,4.6080000000000005,0.0,0.0,0.0,4.346483761455652,0.0,0.0,0.24039709410270252,4.10608666735295,0.5262901511110056,0.0,0.0,0.0,0.11763738007463197,0.0,0,0.0,0,4.10608666735295,,,,,,,,,,,
3860,10/24/1977,1.086,0.575,10.000,5.054,0.575,0.0,4.479,0.0,0.0,0.0,4.10608666735295,0.0,0.0,0.21864822912765733,3.887438438225293,0.4815296414280997,0.0,0.0,0.0,0.10632911969160631,0.0,0,0.0,0,3.887438438225293,,,,,,,,,,,
3861,10/25/1977,1.086,0.725,10.000,5.054,0.725,0.0,4.329000000000001,0.0,0.0,0.0,3.887438438225293,0.0,0.0,0.1995897889171197,3.6878486493081732,0.44204681340010005,0.0,0.0,0.0,0.09648023939303901,0.0,0,0.0,0,3.6878486493081732,,,,,,,,,,,
3862,10/26/1977,1.050,1.040,10.000,5.054,1.04,0.0,4.014,0.0,0.0,0.0,3.6878486493081732,0.0,0.0,0.18280479919929116,3.505043850108882,0.4070552920159838,0.0,0.0,0.0,0.08785719066812714,0.0,0,0.0,0,3.505043850108882,,,,,,,,,,,
3863,10/27/1977,1.015,0.217,10.000,5.054,0.217,0.0,4.837000000000001,0.0,0.0,0.0,3.505043850108882,0.0,0.0,0.1679531694793914,3.337090680629491,0.375908931831549,0.0,0.0,0.0,0.08027059956083489,0.0,0,0.0,0,3.337090680629491,,,,,,,,,,,
3864,10/28/1977,0.981,0.051,10.000,5.054,0.051,0.0,5.003,0.0,0.0,0.0,3.337090680629491,0.0,0.0,0.15475539263560154,3.1823352879938893,0.34807293662599476,0.0,0.0,0.0,0.07356570274511881,0.0,0,0.0,0,3.1823352879938893,,,,,,,,,,,
3865,10/29/1977,0.981,0.267,10.000,5.054,0.267,0.0,4.787,0.0,0.0,0.0,3.1823352879938893,0.0,0.0,0.14298012383895362,3.039355164154936,0.3231016785558288,0.0,0.0,0.0,0.06761510023406161,0.0,0,0.0,0,3.039355164154936,,,,,,,,,,,
3866,10/30/1977,0.914,0.115,10.000,5.054,0.115,0.0,4.939,0.0,0.0,0.0,3.039355164154936,0.0,0.0,0.13243462074009474,2.906920543414841,0.3006214983933642,0.0,0.0,0.0,0.062313207493895524,0.0,0,0.0,0,2.906920543414841,,,,,,,,,,,
3867,10/31/1977,0.881,0.228,10.000,5.054,0.228,0.0,4.8260000000000005,0.0,0.0,0.0,2.906920543414841,0.0,0.0,0.12295731747444849,2.7839632259403926,0.28031724895190274,0.0,0.0,0.0,0.05757196826008918,0.0,0,0.0,0,2.7839632259403926,,,,,,,,,,,
3868,11/1/1977,0.849,0.068,11.000,5.054,0.068,0.0,4.986000000000001,0.0,0.0,0.0,2.7839632259403926,0.0,0.0,0.11441200638132921,2.669551219559063,0.2619216794590691,0.0,0.0,0.0,0.05331751240254022,0.0,0,0.0,0,2.669551219559063,,,,,,,,,,,
3869,11/2/1977,0.817,0.160,11.000,5.054,0.16,0.0,4.894,0.0,0.0,0.0,2.669551219559063,0.0,0.0,0.1066832426605594,2.5628679768985037,0.24520699609983532,0.0,0.0,0.0,0.049487529126203425,0.0,0,0.0,0,2.5628679768985037,,,,,,,,,,,
3870,11/3/1977,0.785,0.243,11.000,5.054,0.243,0.0,4.811,0.0,0.0,0.0,2.5628679768985037,0.0,0.0,0.09967268760033063,2.463195289298173,0.22997810392992912,0.0,0.0,0.0,0.046029186555217476,0.0,0,0.0,0,2.463195289298173,,,,,,,,,,,
3871,11/4/1977,0.754,0.280,11.000,5.054,0.28,0.0,4.774,0.0,0.0,0.0,2.463195289298173,0.0,0.0,0.0932961781590091,2.3698991111391643,0.21606715837800694,0.0,0.0,0.0,0.0428974722030859,0.0,0,0.0,0,2.3698991111391643,,,,,,,,,,,
3872,11/5/1977,0.754,0.003,11.000,5.054,0.003,0.0,5.051,0.0,0.0,0.0,2.3698991111391643,0.0,0.0,0.08748136307541357,2.2824177480637506,0.20332914450360218,0.0,0.0,0.0,0.04005386024234285,0.0,0,0.0,0,2.2824177480637506,,,,,,,,,,,
3873,11/6/1977,0.754,0.134,11.000,5.054,0.134,0.0,4.92,0.0,0.0,0.0,2.2824177480637506,0.0,0.0,0.08216578410478828,2.200251963958962,0.19163826858200902,0.0,0.0,0.0,0.03746523442074148,0.0,0,0.0,0,2.200251963958962,,,,,,,,,,,
3874,11/7/1977,0.694,1.192,11.000,5.054,1.192,0.0,3.862,0.0,0.0,0.0,2.200251963958962,0.0,0.0,0.07729530941835625,2.122956654540606,0.18088499605411457,0.0,0.0,0.0,0.0351030123732835,0.0,0,0.0,0,2.122956654540606,,,,,,,,,,,
3875,11/8/1977,0.665,0.911,11.000,5.054,0.911,0.0,4.143000000000001,0.0,0.0,0.0,2.122956654540606,0.0,0.0,0.07282284744069592,2.05013380709991,0.17097360704296294,0.0,0.0,0.0,0.03294242964713762,0.0,0,0.0,0,2.05013380709991,,,,,,,,,,,
3876,11/9/1977,0.636,0.142,11.000,5.054,0.142,0.0,4.912,0.0,0.0,0.0,2.05013380709991,0.0,0.0,0.0687072853870492,1.981426521712861,0.1618201687837529,0.0,0.0,0.0,0.030961951179421836,0.0,0,0.0,0,1.981426521712861,,,,,,,,,,,
3877,11/10/1977,0.636,0.229,11.000,5.054,0.229,0.0,4.825,0.0,0.0,0.0,1.981426521712861,0.0,0.0,0.06491260889296535,1.9165139128198958,0.15335084579035704,0.0,0.0,0.0,0.02914278508865037,0.0,0,0.0,0,1.9165139128198958,,,,,,,,,,,
3878,11/11/1977,0.636,0.393,11.000,5.054,0.393,0.0,4.6610000000000005,0.0,0.0,0.0,1.9165139128198958,0.0,0.0,0.06140716839996837,1.8551067444199274,0.1455004850868402,0.0,0.0,0.0,0.027468479061967324,0.0,0,0.0,0,1.8551067444199274,,,,,,,,,,,
3879,11/12/1977,0.607,0.915,11.000,5.054,0.915,0.0,4.139,0.0,0.0,0.0,1.8551067444199274,0.0,0.0,0.05816306509648225,1.7969436793234452,0.1382114266036203,0.0,0.0,0.0,0.025924583776900347,0.0,0,0.0,0,1.7969436793234452,,,,,,,,,,,
3880,11/13/1977,0.665,0.920,11.000,5.054,0.92,0.0,4.134,0.0,0.0,0.0,1.7969436793234452,0.0,0.0,0.05515563474138405,1.7417880445820613,0.13143249878336252,0.0,0.0,0.0,0.02449837100467927,0.0,0,0.0,0,1.7417880445820613,,,,,,,,,,,
3881,11/14/1977,0.914,3.077,11.000,5.054,3.077,0.0,1.9770000000000003,0.0,0.0,0.0,1.7417880445820613,0.0,0.0,0.05236301200728851,1.6894250325747728,0.12511816723404998,0.0,0.0,0.0,0.0231785965342947,0.0,0,0.0,0,1.6894250325747728,,,,,,,,,,,
3882,11/15/1977,1.050,0.743,11.000,5.054,0.743,0.0,4.311,0.0,0.0,0.0,1.6894250325747728,0.0,0.0,0.04976576136061794,1.639659271214155,0.11922781040760483,0.0,0.0,0.0,0.021955300004020243,0.0,0,0.0,0,1.639659271214155,,,,,,,,,,,
3883,11/16/1977,0.981,0.084,11.000,5.054,0.084,0.0,4.970000000000001,0.0,0.0,0.0,1.639659271214155,0.0,0.0,0.0473465631613536,1.5923127080528012,0.11372510114875921,0.0,0.0,0.0,0.020819635257870107,0.0,0,0.0,0,1.5923127080528012,,,,,,,,,,,
3884,11/17/1977,0.914,0.132,11.000,5.054,0.132,0.0,4.922000000000001,0.0,0.0,0.0,1.5923127080528012,0.0,0.0,0.045089945779385424,1.5472227622734158,0.10857747683554955,0.0,0.0,0.0,0.019763726054232017,0.0,0,0.0,0,1.5472227622734158,,,,,,,,,,,
3885,11/18/1977,0.849,0.138,11.000,5.054,0.138,0.0,4.916,0.0,0.0,0.0,1.5472227622734158,0.0,0.0,0.04298205620948385,1.504240706063932,0.10375568393668214,0.0,0.0,0.0,0.018780542915028398,0.0,0,0.0,0,1.504240706063932,,,,,,,,,,,
3886,11/19/1977,0.785,0.659,11.000,5.054,0.659,0.0,4.3950000000000005,0.0,0.0,0.0,1.504240706063932,0.0,0.0,0.04101046301678239,1.4632302430471495,0.0992333853081403,0.0,0.0,0.0,0.017863797671157807,0.0,0,0.0,0,1.4632302430471495,,,,,,,,,,,
3887,11/20/1977,0.754,0.934,11.000,5.054,0.934,0.0,4.12,0.0,0.0,0.0,1.4632302430471495,0.0,0.0,0.03916398653109516,1.4240662565160545,0.09498682056965467,0.0,0.0,0.0,0.017007852875637483,0.0,0,0.0,0,1.4240662565160545,,,,,,,,,,,
3888,11/21/1977,0.754,0.333,11.000,5.054,0.333,0.0,4.721,0.0,0.0,0.0,1.4240662565160545,0.0,0.0,0.0374325520867756,1.386633704429279,0.09099451154008872,0.0,0.0,0.0,0.016207643752077974,0.0,0,0.0,0,1.386633704429279,,,,,,,,,,,
3889,11/22/1977,0.724,0.447,11.000,5.054,0.447,0.0,4.607,0.0,0.0,0.0,1.386633704429279,0.0,0.0,0.035807062818077,1.3508266416112018,0.08723700604651044,0.0,0.0,0.0,0.01545861074781227,0.0,0,0.0,0,1.3508266416112018,,,,,,,,,,,
3890,11/23/1977,0.724,0.000,11.000,5.054,0.0,0.0,5.054,0.0,0.0,0.0,1.3508266416112018,0.0,0.0,0.03427928910156139,1.3165473525096405,0.08369665451509288,0.0,0.0,0.0,0.014756641087553812,0.0,0,0.0,0,1.3165473525096405,,,,,,,,,,,
3891,11/24/1977,0.724,0.000,11.000,5.054,0.0,0.0,5.054,0.0,0.0,0.0,1.3165473525096405,0.0,0.0,0.03284177221322406,1.2837055802964163,0.08035741465046976,0.0,0.0,0.0,0.014098017990002635,0.0,0,0.0,0,1.2837055802964163,,,,,,,,,,,
3892,11/25/1977,0.724,0.319,11.000,5.054,0.319,0.0,4.735,0.0,0.0,0.0,1.2837055802964163,0.0,0.0,0.03148774015928147,1.2522178401371349,0.07720468025127995,0.0,0.0,0.0,0.01347937642823243,0.0,0,0.0,0,1.2522178401371349,,,,,,,,,,,
3893,11/26/1977,0.754,0.149,11.000,5.054,0.149,0.0,4.905,0.0,0.0,0.0,1.2522178401371349,0.0,0.0,0.030211033962318144,1.2220068061748168,0.0742251308231398,0.0,0.0,0.0,0.012897664494336429,0.0,0,0.0,0,1.2220068061748168,,,,,,,,,,,
3894,11/27/1977,0.724,0.150,11.000,5.054,0.15,0.0,4.904,0.0,0.0,0.0,1.2220068061748168,0.0,0.0,0.029006042951654116,1.1930007632231627,0.07140659915991583,0.0,0.0,0.0,0.012350109577101136,0.0,0,0.0,0,1.1930007632231627,,,,,,,,,,,
3895,11/28/1977,0.694,0.136,11.000,5.054,0.136,0.0,4.918,0.0,0.0,0.0,1.1930007632231627,0.0,0.0,0.027867647828709933,1.1651331153944529,0.06873795448894153,0.0,0.0,0.0,0.011834188684312635,0.0,0,0.0,0,1.1651331153944529,,,,,,,,,,,
3896,11/29/1977,0.724,0.063,11.000,5.054,0.063,0.0,4.9910000000000005,0.0,0.0,0.0,1.1651331153944529,0.0,0.0,0.02679117046308403,1.1383419449313688,0.06620899913100001,0.0,0.0,0.0,0.011347602343391038,0.0,0,0.0,0,1.1383419449313688,,,,,,,,,,,
3897,11/30/1977,0.724,0.185,11.000,5.054,0.185,0.0,4.869000000000001,0.0,0.0,0.0,1.1383419449313688,0.0,0.0,0.02577232952967097,1.1125696154016977,0.0638103769238084,0.0,0.0,0.0,0.010888251599172333,0.0,0,0.0,0,1.1125696154016977,,,,,,,,,,,
3898,12/1/1977,0.694,0.600,12.000,5.337,0.6,0.0,4.737,0.0,0.0,0.0,1.1125696154016977,0.0,0.0,0.02480720122680826,1.0877624141748894,0.06153349190837108,0.0,0.0,0.0,0.01045421769885513,0.0,0,0.0,0,1.0877624141748894,,,,,,,,,,,
3899,12/2/1977,0.694,0.763,12.000,5.337,0.763,0.0,4.574,0.0,0.0,0.0,1.0877624141748894,0.0,0.0,0.023892184424495467,1.063870229750394,0.0593704359890371,0.0,0.0,0.0,0.010043744113860036,0.0,0,0.0,0,1.063870229750394,,,,,,,,,,,
3900,12/3/1977,0.694,0.061,12.000,5.337,0.061,0.0,5.276,0.0,0.0,0.0,1.063870229750394,0.0,0.0,0.023023969683719073,1.0408462600666748,0.057313924457018176,0.0,0.0,0.0,0.009655220598604646,0.0,0,0.0,0,1.0408462600666748,,,,,,,,,,,
3901,12/4/1977,0.694,0.086,12.000,5.337,0.086,0.0,5.2509999999999994,0.0,0.0,0.0,1.0408462600666748,0.0,0.0,0.02219951166572672,1.018646748400948,0.05535723841892143,0.0,0.0,0.0,0.009287169028599974,0.0,0,0.0,0,1.018646748400948,,,,,,,,,,,
3902,12/5/1977,0.754,0.048,12.000,5.337,0.048,0.0,5.289,0.0,0.0,0.0,1.018646748400948,0.0,0.0,0.021416004516087248,0.9972307438848608,0.05349417330097307,0.0,0.0,0.0,0.008938230796148496,0.0,0,0.0,0,0.9972307438848608,,,,,,,,,,,
3903,12/6/1977,0.665,0.217,12.000,5.337,0.217,0.0,5.12,0.0,0.0,0.0,0.9972307438848608,0.0,0.0,0.020670859864488963,0.9765598840203719,0.05171899270972297,0.0,0.0,0.0,0.008607155572355403,0.0,0,0.0,0,0.9765598840203719,,,,,,,,,,,
3904,12/7/1977,0.724,0.000,12.000,5.337,0.0,0.0,5.337,0.0,0.0,0.0,0.9765598840203719,0.0,0.0,0.01996168712906606,0.9565981968913058,0.050026387024154406,0.0,0.0,0.0,0.008292791270045013,0.0,0,0.0,0,0.9565981968913058,,,,,,,,,,,
3905,12/8/1977,0.694,0.239,12.000,5.337,0.239,0.0,5.098,0.0,0.0,0.0,0.9565981968913058,0.0,0.0,0.01928627585492321,0.9373119210363825,0.04841143617478953,0.0,0.0,0.0,0.007994075064238349,0.0,0,0.0,0,0.9373119210363825,,,,,,,,,,,
3906,12/9/1977,0.694,0.153,12.000,5.337,0.153,0.0,5.184,0.0,0.0,0.0,0.9373119210363825,0.0,0.0,0.018642579851545393,0.9186693411848371,0.04686957613466688,0.0,0.0,0.0,0.007710025345703973,0.0,0,0.0,0,0.9186693411848371,,,,,,,,,,,
3907,12/10/1977,0.694,0.169,12.000,5.337,0.169,0.0,5.168,0.0,0.0,0.0,0.9186693411848371,0.0,0.0,0.018028702923843655,0.9006406382609935,0.045396568706708766,0.0,0.0,0.0,0.00743973449924589,0.0,0,0.0,0,0.9006406382609935,,,,,,,,,,,
3908,12/11/1977,0.694,0.051,12.000,5.337,0.051,0.0,5.286,0.0,0.0,0.0,0.9006406382609935,0.0,0.0,0.0174428860174566,0.8831977522435369,0.04398847424345257,0.0,0.0,0.0,0.00718236241225919,0.0,0,0.0,0,0.8831977522435369,,,,,,,,,,,
3909,12/12/1977,0.694,0.392,12.000,5.337,0.392,0.0,4.944999999999999,0.0,0.0,0.0,0.8831977522435369,0.0,0.0,0.016883495621234392,0.8663142566223025,0.04264162697960341,0.0,0.0,0.0,0.006937130631015014,0.0,0,0.0,0,0.8663142566223025,,,,,,,,,,,
3910,12/13/1977,0.724,0.519,12.000,5.337,0.519,0.0,4.818,0.0,0.0,0.0,0.8663142566223025,0.0,0.0,0.0163490132891087,0.8499652433331939,0.04135261269640341,0.0,0.0,0.0,0.006703317092424003,0.0,0,0.0,0,0.8499652433331939,,,,,,,,,,,
3911,12/14/1977,0.694,2.453,12.000,5.337,2.453,0.0,2.884,0.0,0.0,0.0,0.8499652433331939,0.0,0.0,0.01583802616024352,0.8341272171729504,0.040118248470265155,0.0,0.0,0.0,0.006480251367915965,0.0,0,0.0,0,0.8341272171729504,,,,,,,,,,,
3912,12/15/1977,0.694,0.364,12.000,5.337,0.364,0.0,4.973,0.0,0.0,0.0,0.8341272171729504,0.0,0.0,0.015349218370843758,0.8187779988021066,0.03893556428721072,0.0,0.0,0.0,0.006267310363769155,0.0,0,0.0,0,0.8187779988021066,,,,,,,,,,,
3913,12/16/1977,0.694,0.948,12.000,5.337,0.948,0.0,4.388999999999999,0.0,0.0,0.0,0.8187779988021066,0.0,0.0,0.014881363263587466,0.8038966355385191,0.03780178633000997,0.0,0.0,0.0,0.006063914428898057,0.0,0,0.0,0,0.8038966355385191,,,,,,,,,,,
3914,12/17/1977,0.694,0.454,12.000,5.337,0.454,0.0,4.883,0.0,0.0,0.0,0.8038966355385191,0.0,0.0,0.014433316311611873,0.7894633192269073,0.036714321767042916,0.0,0.0,0.0,0.005869523826910549,0.0,0,0.0,0,0.7894633192269073,,,,,,,,,,,
3915,12/18/1977,2.110,0.539,12.000,5.337,0.539,0.0,4.798,0.0,0.0,0.0,0.7894633192269073,0.0,0.0,0.014004008683549757,0.7754593105433575,0.03567074489126608,0.0,0.0,0.0,0.0056836355342972,0.0,0,0.0,0,0.7754593105433575,,,,,,,,,,,
3916,12/19/1977,4.900,2.350,12.000,5.337,2.35,0.0,2.9869999999999997,0.0,0.0,0.0,0.7754593105433575,0.0,0.0,0.01359244138447455,0.7618668691588829,0.03466878447461793,0.0,0.0,0.0,0.005505780331022223,0.0,0,0.0,0,0.7618668691588829,,,,,,,,,,,
3917,12/20/1977,3.560,9.607,12.000,5.337,5.337,4.27,0.0,0,4.1805585542815695,0.0,4.9424254234404525,0.0,0.0,0.29780545791153934,4.644619965528913,0.6431056596184772,0.08944144571843,0.08944144571843,0.0,0.14779796357036884,0.08944144571843,0,0.0,0,4.644619965528913,,,,,,,,,,,
3918,12/21/1977,2.440,20.840,12.000,5.337,5.337,15.503,0.0,0,15.503,0.08944144571843,20.148018114788318,0.0,0.08944144571843,3.098035090531304,17.049983024257013,5.591862893717771,0.0,0.0,0.00039814925940304455,1.7937061224366975,0.08904329645902696,0,0.0,0,17.049983024257013,,,,,,,,,,,
3919,12/22/1977,1.580,2.200,12.000,5.337,2.2,0.0,3.1369999999999996,0.0,0.0,0.08904329645902696,17.049983024257013,0.08904329645902696,0.0,2.3455194015422647,14.704463622714748,4.339223484952312,0.0,0.0,0.0,1.3333746122237966,0.0,0,0.0,0,14.704463622714748,,,,,,,,,,,
3920,12/23/1977,1.230,0.061,12.000,5.337,0.061,0.0,5.276,0.0,0.0,0.0,14.704463622714748,0.0,0.0,1.8327972460029645,12.871666376711783,3.46259834369626,0.0,0.0,0.0,1.0251294954875876,0.0,0,0.0,0,12.871666376711783,,,,,,,,,,,
3921,12/24/1977,1.120,0.000,12.000,5.337,0.0,0.0,5.337,0.0,0.0,0.0,12.871666376711783,0.0,0.0,1.4681048358520241,11.403561540859759,2.824627530836743,0.0,0.0,0.0,0.8092468519255936,0.0,0,0.0,0,11.403561540859759,,,,,,,,,,,
3922,12/25/1977,1.050,0.025,12.000,5.337,0.025,0.0,5.311999999999999,0.0,0.0,0.0,11.403561540859759,0.0,0.0,1.1997754261623703,10.203786114697388,2.3457691242762166,0.0,0.0,0.0,0.6526134732659958,0.0,0,0.0,0,10.203786114697388,,,,,,,,,,,
3923,12/26/1977,0.914,0.156,12.000,5.337,0.156,0.0,5.181,0.0,0.0,0.0,10.203786114697388,0.0,0.0,0.9968611918670846,9.206924922830304,1.9772053987256724,0.0,0.0,0.0,0.5356685041264284,0.0,0,0.0,0,9.206924922830304,,,,,,,,,,,
3924,12/27/1977,0.817,0.000,12.000,5.337,0.0,0.0,5.337,0.0,0.0,0.0,9.206924922830304,0.0,0.0,0.8398920058111922,8.367032917019111,1.6875594405105274,0.0,0.0,0.0,0.44626063367717744,0.0,0,0.0,0,8.367032917019111,,,,,,,,,,,
3925,12/28/1977,0.785,0.142,12.000,5.337,0.142,0.0,5.194999999999999,0.0,0.0,0.0,8.367032917019111,0.0,0.0,0.7161185230603468,7.6509143939587645,1.4558896127317367,0.0,0.0,0.0,0.37652525471189624,0.0,0,0.0,0,7.6509143939587645,,,,,,,,,,,
3926,12/29/1977,0.754,0.018,12.000,5.337,0.018,0.0,5.319,0.0,0.0,0.0,7.6509143939587645,0.0,0.0,0.616909345152934,7.03400504880583,1.2677728152806145,0.0,0.0,0.0,0.3211952263766847,0.0,0,0.0,0,7.03400504880583,,,,,,,,,,,
3927,12/30/1977,0.754,0.030,12.000,5.337,0.03,0.0,5.3069999999999995,0.0,0.0,0.0,7.03400504880583,0.0,0.0,0.5362536207240698,6.49775142808176,1.1130071446120517,0.0,0.0,0.0,0.2766393404732577,0.0,0,0.0,0,6.49775142808176,,,,,,,,,,,
3928,12/31/1977,0.754,0.015,12.000,5.337,0.015,0.0,5.322,0.0,0.0,0.0,6.49775142808176,0.0,0.0,0.46986266064395293,6.027888767437807,0.9842091705262875,0.0,0.0,0.0,0.24029112854790988,0.0,0,0.0,0,6.027888767437807,,,,,,,,,,,
3929,1/1/1978,1.163,0.016,1.000,5.134,0.016,0.0,5.118,0.0,0.0,0.0,6.027888767437807,0.0,0.0,0.41461132521790023,5.613277442219907,0.8759276372730977,0.0,0.0,0.0,0.21029698258022286,0.0,0,0.0,0,5.613277442219907,,,,,,,,,,,
3930,1/2/1978,1.207,0.535,1.000,5.134,0.535,0.0,4.599,0.0,0.0,0.0,5.613277442219907,0.0,0.0,0.36817980072840356,5.245097641491504,0.7840666716692486,0.0,0.0,0.0,0.18529247101138493,0.0,0,0.0,0,5.245097641491504,,,,,,,,,,,
3931,1/3/1978,1.149,0.096,1.000,5.134,0.096,0.0,5.038,0.0,0.0,0.0,5.245097641491504,0.0,0.0,0.32881761389557296,4.916280027595931,0.7055006059929723,0.0,0.0,0.0,0.16425619762073085,0.0,0,0.0,0,4.916280027595931,,,,,,,,,,,
3932,1/4/1978,1.163,0.051,1.000,5.134,0.051,0.0,5.083,0.0,0.0,0.0,4.916280027595931,0.0,0.0,0.2951844425489765,4.621095585046954,0.6378108443551197,0.0,0.0,0.0,0.14641198938459624,0.0,0,0.0,0,4.621095585046954,,,,,,,,,,,
3933,1/5/1978,1.160,0.000,1.000,5.134,0.0,0.0,5.134,0.0,0.0,0.0,4.621095585046954,0.0,0.0,0.26624044524487606,4.354855139802078,0.5791024335610453,0.0,0.0,0.0,0.13116201182399453,0.0,0,0.0,0,4.354855139802078,,,,,,,,,,,
3934,1/6/1978,1.250,1.029,1.000,5.134,1.029,0.0,4.105,0.0,0.0,0.0,4.354855139802078,0.0,0.0,0.24116926875646283,4.1136858710456154,0.5278738615212728,0.0,0.0,0.0,0.1180401466430286,0.0,0,0.0,0,4.1136858710456154,,,,,,,,,,,
3935,1/7/1978,1.167,0.540,1.000,5.134,0.54,0.0,4.594,0.0,0.0,0.0,4.1136858710456154,0.0,0.0,0.21932307169495202,3.8943627993506635,0.48292311927741144,0.0,0.0,0.0,0.10667892683514313,0.0,0,0.0,0,3.8943627993506635,,,,,,,,,,,
3936,1/8/1978,1.151,0.119,1.000,5.134,0.119,0.0,5.015000000000001,0.0,0.0,0.0,3.8943627993506635,0.0,0.0,0.20018266097596998,3.6941801383746937,0.4432789186364237,0.0,0.0,0.0,0.09678571696779285,0.0,0,0.0,0,3.6941801383746937,,,,,,,,,,,
3937,1/9/1978,1.192,0.403,1.000,5.134,0.403,0.0,4.731,0.0,0.0,0.0,3.6941801383746937,0.0,0.0,0.18332817969747064,3.510851958677223,0.40814964755006206,0.0,0.0,0.0,0.0881253074640981,0.0,0,0.0,0,3.510851958677223,,,,,,,,,,,
3938,1/10/1978,1.167,0.250,1.000,5.134,0.25,0.0,4.884,0.0,0.0,0.0,3.510851958677223,0.0,0.0,0.16841727635154963,3.3424346823256736,0.37688502048464173,0.0,0.0,0.0,0.0805070290507226,0.0,0,0.0,0,3.3424346823256736,,,,,,,,,,,
3939,1/11/1978,1.158,0.065,1.000,5.134,0.065,0.0,5.069,0.0,0.0,0.0,3.3424346823256736,0.0,0.0,0.1551686540359763,3.1872660282896974,0.34894693941946775,0.0,0.0,0.0,0.07377509878194842,0.0,0,0.0,0,3.1872660282896974,,,,,,,,,,,
3940,1/12/1978,1.190,0.357,1.000,5.134,0.357,0.0,4.777,0.0,0.0,0.0,3.1872660282896974,0.0,0.0,0.1433495390858701,3.0439164892038275,0.3238871217460927,0.0,0.0,0.0,0.06780130707166518,0.0,0,0.0,0,3.0439164892038275,,,,,,,,,,,
3941,1/13/1978,1.154,0.075,1.000,5.134,0.075,0.0,5.059,0.0,0.0,0.0,3.0439164892038275,0.0,0.0,0.1327660394460255,2.911150449757802,0.3013297575169693,0.0,0.0,0.0,0.06247942134602465,0.0,0,0.0,0,2.911150449757802,,,,,,,,,,,
3942,1/14/1978,1.170,0.125,1.000,5.134,0.125,0.0,5.009,0.0,0.0,0.0,2.911150449757802,0.0,0.0,0.123255657336317,2.787894792421485,0.2809579448626113,0.0,0.0,0.0,0.057720862713162756,0.0,0,0.0,0,2.787894792421485,,,,,,,,,,,
3943,1/15/1978,1.173,0.180,1.000,5.134,0.18,0.0,4.954000000000001,0.0,0.0,0.0,2.787894792421485,0.0,0.0,0.1146814245255876,2.6732133678958974,0.26250299199812316,0.0,0.0,0.0,0.053451336595620604,0.0,0,0.0,0,2.6732133678958974,,,,,,,,,,,
3944,1/16/1978,1.207,0.616,1.000,5.134,0.616,0.0,4.518000000000001,0.0,0.0,0.0,2.6732133678958974,0.0,0.0,0.10692727149578793,2.5662860964001095,0.24573591439182932,0.0,0.0,0.0,0.04960818522087747,0.0,0,0.0,0,2.5662860964001095,,,,,,,,,,,
3945,1/17/1978,1.145,0.076,1.000,5.134,0.076,0.0,5.058000000000001,0.0,0.0,0.0,2.5662860964001095,0.0,0.0,0.09989434331298475,2.466391753087125,0.23046062750997698,0.0,0.0,0.0,0.046138291317462526,0.0,0,0.0,0,2.466391753087125,,,,,,,,,,,
3946,1/18/1978,1.243,0.991,1.000,5.134,0.991,0.0,4.143000000000001,0.0,0.0,0.0,2.466391753087125,0.0,0.0,0.09349804795255334,2.3728937051345715,0.21650845987307918,0.0,0.0,0.0,0.04299640629619785,0.0,0,0.0,0,2.3728937051345715,,,,,,,,,,,
3947,1/19/1978,1.417,3.462,1.000,5.134,3.462,0.0,1.6720000000000002,0.0,0.0,0.0,2.3728937051345715,0.0,0.0,0.08766567576744456,2.285228029367127,0.2037337020315773,0.0,0.0,0.0,0.040143807941342355,0.0,0,0.0,0,2.285228029367127,,,,,,,,,,,
3948,1/20/1978,1.090,0.538,1.000,5.134,0.538,0.0,4.596,0.0,0.0,0.0,2.285228029367127,0.0,0.0,0.08233446760196562,2.2028935617651615,0.1920099741337085,0.0,0.0,0.0,0.037547215806672876,0.0,0,0.0,0,2.2028935617651615,,,,,,,,,,,
3949,1/21/1978,1.145,0.046,1.000,5.134,0.046,0.0,5.088,0.0,0.0,0.0,2.2028935617651615,0.0,0.0,0.07745003777492647,2.125443523990235,0.1812272447032712,0.0,0.0,0.0,0.03517790958308369,0.0,0,0.0,0,2.125443523990235,,,,,,,,,,,
3950,1/22/1978,1.165,0.055,1.000,5.134,0.055,0.0,5.079000000000001,0.0,0.0,0.0,2.125443523990235,0.0,0.0,0.07296507959597429,2.0524784443942607,0.17128937075758782,0.0,0.0,0.0,0.033011008394260875,0.0,0,0.0,0,2.0524784443942607,,,,,,,,,,,
3951,1/23/1978,1.391,2.700,1.000,5.134,2.7,0.0,2.434,0.0,0.0,0.0,2.0524784443942607,0.0,0.0,0.06883829721582287,1.983640147178438,0.16211205779773977,0.0,0.0,0.0,0.031024878489020438,0.0,0,0.0,0,1.983640147178438,,,,,,,,,,,
3952,1/24/1978,1.115,0.591,1.000,5.134,0.591,0.0,4.543,0.0,0.0,0.0,1.983640147178438,0.0,0.0,0.06503351985138087,1.918606627327057,0.15362115987025968,0.0,0.0,0.0,0.029200643985239236,0.0,0,0.0,0,1.918606627327057,,,,,,,,,,,
3953,1/25/1978,1.146,0.077,1.000,5.134,0.077,0.0,5.057,0.0,0.0,0.0,1.918606627327057,0.0,0.0,0.06151896377992636,1.8570876635471307,0.14575125654759588,0.0,0.0,0.0,0.02752178079019388,0.0,0,0.0,0,1.8570876635471307,,,,,,,,,,,
3954,1/26/1978,1.178,0.217,1.000,5.134,0.217,0.0,4.917000000000001,0.0,0.0,0.0,1.8570876635471307,0.0,0.0,0.058266614693409956,1.7988210488537208,0.13844445655346066,0.0,0.0,0.0,0.02597377801501697,0.0,0,0.0,0,1.7988210488537208,,,,,,,,,,,
3955,1/27/1978,1.174,0.241,1.000,5.134,0.241,0.0,4.893000000000001,0.0,0.0,0.0,1.7988210488537208,0.0,0.0,0.05525170857847442,1.7435693402752463,0.1316493877863544,0.0,0.0,0.0,0.024543854436596915,0.0,0,0.0,0,1.7435693402752463,,,,,,,,,,,
3956,1/28/1978,1.198,0.536,1.000,5.134,0.536,0.0,4.598000000000001,0.0,0.0,0.0,1.7435693402752463,0.0,0.0,0.052452293632785175,1.6911170466424612,0.12532034134940673,0.0,0.0,0.0,0.023220720073073083,0.0,0,0.0,0,1.6911170466424612,,,,,,,,,,,
3957,1/29/1978,1.153,0.145,1.000,5.134,0.145,0.0,4.989000000000001,0.0,0.0,0.0,1.6911170466424612,0.0,0.0,0.04984885913521969,1.6412681875072415,0.11941654338368506,0.0,0.0,0.0,0.02199437490241509,0.0,0,0.0,0,1.6412681875072415,,,,,,,,,,,
3958,1/30/1978,1.168,0.130,1.000,5.134,0.13,0.0,5.0040000000000004,0.0,0.0,0.0,1.6412681875072415,0.0,0.0,0.047424019874112974,1.5938441676331285,0.11390153340567807,0.0,0.0,0.0,0.020855938296446212,0.0,0,0.0,0,1.5938441676331285,,,,,,,,,,,
3959,1/31/1978,1.172,0.169,1.000,5.134,0.169,0.0,4.965000000000001,0.0,0.0,0.0,1.5938441676331285,0.0,0.0,0.04516224686790283,1.5486819207652256,0.10874263175532259,0.0,0.0,0.0,0.019797503961802815,0.0,0,0.0,0,1.5486819207652256,,,,,,,,,,,
3960,2/1/1978,1.155,0.000,2.000,4.866,0.0,0.0,4.866,0.0,0.0,0.0,1.5486819207652256,0.0,0.0,0.0430496368101949,1.5056322839550307,0.10391048188751617,0.0,0.0,0.0,0.01881201614770985,0.0,0,0.0,0,1.5056322839550307,,,,,,,,,,,
3961,2/2/1978,1.163,0.017,2.000,4.866,0.017,0.0,4.848999999999999,0.0,0.0,0.0,1.5056322839550307,0.0,0.0,0.04107371403098422,1.4645585699240464,0.09937865575505103,0.0,0.0,0.0,0.017893163653534803,0.0,0,0.0,0,1.4645585699240464,,,,,,,,,,,
3962,2/3/1978,1.161,0.000,2.000,4.866,0.0,0.0,4.866,0.0,0.0,0.0,1.4645585699240464,0.0,0.0,0.03922325985996695,1.4253353100640795,0.09512331256329513,0.0,0.0,0.0,0.01703528878921459,0.0,0,0.0,0,1.4253353100640795,,,,,,,,,,,
3963,2/4/1978,1.177,0.170,2.000,4.866,0.17,0.0,4.696,0.0,0.0,0.0,1.4253353100640795,0.0,0.0,0.03748816516240273,1.3878471449016767,0.09112290282661793,0.0,0.0,0.0,0.016233308941382793,0.0,0,0.0,0,1.3878471449016767,,,,,,,,,,,
3964,2/5/1978,1.190,0.403,2.000,4.866,0.403,0.0,4.462999999999999,0.0,0.0,0.0,1.3878471449016767,0.0,0.0,0.035859302536131746,1.351987842365545,0.08735791100125978,0.0,0.0,0.0,0.01548264880251026,0.0,0,0.0,0,1.351987842365545,,,,,,,,,,,
3965,2/6/1978,1.460,3.655,2.000,4.866,3.655,0.0,1.2109999999999999,0.0,0.0,0.0,1.351987842365545,0.0,0.0,0.03432841524384372,1.3176594271217013,0.08381063106991966,0.0,0.0,0.0,0.014779181649150458,0.0,0,0.0,0,1.3176594271217013,,,,,,,,,,,
3966,2/7/1978,1.384,4.106,2.000,4.866,4.106,0.0,0.7599999999999998,0.0,0.0,0.0,1.3176594271217013,0.0,0.0,0.03288802043395266,1.2847714066877487,0.08046497035762733,0.0,0.0,0.0,0.014119178323707553,0.0,0,0.0,0,1.2847714066877487,,,,,,,,,,,
3967,2/8/1978,1.906,10.008,2.000,4.866,4.866,5.1419999999999995,0.0,0,5.052558554281569,0.0,6.337329960969318,0.0,0.0,0.4506883282008576,5.886641632768461,0.9467504664111702,0.08944144571843,0.08944144571843,0.0,0.2298542193595089,0.08944144571843,0,0.0,0,5.886641632768461,,,,,,,,,,,
3968,2/9/1978,5.675,12.797,2.000,4.866,4.866,7.931000000000001,0.0,0,7.931000000000001,0.08944144571843,13.818039782027865,0.0,0.08944144571843,1.652379668314228,12.165660113713637,3.148671369578505,0.0,0.0,0.00039814925940304455,0.9179368973791071,0.08904329645902696,0,0.0,0,12.165660113713637,,,,,,,,,,,
3969,2/10/1978,7.548,11.773,2.000,4.866,4.866,6.907,0.0,0,6.906601850740597,0.08904329645902696,19.072658341349253,0.0,0.08904329645902696,2.827382029253709,16.245276312095545,5.14543099958084,0.0003981492594030382,0.0003981492594030382,0.0003963768950199571,1.627185451897496,0.08904506882341005,0,0.0,0,16.245276312095545,,,,,,,,,,,
3970,2/11/1978,7.289,12.664,2.000,4.866,4.866,7.798,0.0,0,7.79760362310498,0.08904506882341005,24.04327631998524,0.0,0.08904506882341005,4.159315433559349,19.88396088642589,7.305370183153156,0.00039637689501995115,0.00039637689501995115,0.000396384784713162,2.455302632521923,0.08904506093371685,0,0.0,0,19.88396088642589,,,,,,,,,,,
3971,2/12/1978,4.970,4.797,2.000,4.866,4.797,0.0,0.06899999999999995,0.0,0.0,0.08904506093371685,19.88433110298999,0.005878499801184051,0.0831665611325328,3.0307544750239113,16.853576627966078,5.481284173909432,0.0,0.0,0.0003702165641000241,1.7522185262221899,0.08279634456843278,0,0.0,0,16.853576627966078,,,,,,,,,,,
3972,2/13/1978,1.171,1.840,2.000,4.866,1.84,0.0,3.026,0.0,0.0,0.08279634456843278,16.853576627966078,0.08279634456843278,0.0,2.300660722174402,14.552915905791675,4.263354719433758,0.0,0.0,0.0,1.306212688037575,0.0,0,0.0,0,14.552915905791675,,,,,,,,,,,
3973,2/14/1978,1.164,0.851,2.000,4.866,0.851,0.0,4.015,0.0,0.0,0.0,14.552915905791675,0.0,0.0,1.8014234466920551,12.75149245909962,3.4082305085485753,0.0,0.0,0.0,1.006437255732687,0.0,0,0.0,0,12.75149245909962,,,,,,,,,,,
3974,2/15/1978,1.153,0.292,2.000,4.866,0.292,0.0,4.574,0.0,0.0,0.0,12.75149245909962,0.0,0.0,1.4453315249479501,11.30616093415167,2.784323543661132,0.0,0.0,0.0,0.7958746402619754,0.0,0,0.0,0,11.30616093415167,,,,,,,,,,,
3975,2/16/1978,1.207,0.674,2.000,4.866,0.674,0.0,4.191999999999999,0.0,0.0,0.0,11.30616093415167,0.0,0.0,1.1827448065767683,10.123416127574902,2.31506472470086,0.0,0.0,0.0,0.6427448028510507,0.0,0,0.0,0,10.123416127574902,,,,,,,,,,,
3976,2/17/1978,1.313,2.096,2.000,4.866,2.096,0.0,2.7699999999999996,0.0,0.0,0.0,10.123416127574902,0.0,0.0,0.9838093065227123,9.13960682105219,1.953282508990961,0.0,0.0,0.0,0.5281967481011374,0.0,0,0.0,0,9.13960682105219,,,,,,,,,,,
3977,2/18/1978,1.530,5.214,2.000,4.866,4.866,0.34800000000000075,0.0,0,0.25863317677931186,0.0,9.398239997831503,0.0,0.0,0.8691805445795647,8.529059453251937,1.7419369883423717,0.08936682322068891,0.08936682322068891,0.0,0.462865347359154,0.08936682322068891,0,0.0,0,8.529059453251937,,,,,,,,,,,
3978,2/19/1978,0.000,0.657,2.000,4.866,0.657,0.0,4.209,0.0,0.0,0.08936682322068891,8.529059453251937,0.08936682322068891,0.0,0.7393799694764438,7.789679483775494,1.4996714773750222,0.0,0.0,0.0,0.3895743702077214,0.0,0,0.0,0,7.789679483775494,,,,,,,,,,,
3979,2/20/1978,1.337,2.370,2.000,4.866,2.37,0.0,2.4959999999999996,0.0,0.0,0.0,7.789679483775494,0.0,0.0,0.6356700630346671,7.1540094207408265,1.3035271176548318,0.0,0.0,0.0,0.3316160809235892,0.0,0,0.0,0,7.1540094207408265,,,,,,,,,,,
3980,2/21/1978,1.224,1.786,2.000,4.866,1.786,0.0,3.0799999999999996,0.0,0.0,0.0,7.1540094207408265,0.0,0.0,0.5515881881691751,6.602421232571651,1.142569111493914,0.0,0.0,0.0,0.28507843667904037,0.0,0,0.0,0,6.602421232571651,,,,,,,,,,,
3981,2/22/1978,1.214,1.428,2.000,4.866,1.428,0.0,3.4379999999999997,0.0,0.0,0.0,6.602421232571651,0.0,0.0,0.4825450066159534,6.119876225955698,1.008918818518301,0.0,0.0,0.0,0.24720983004579197,0.0,0,0.0,0,6.119876225955698,,,,,,,,,,,
3982,2/23/1978,1.156,0.585,2.000,4.866,0.585,0.0,4.281,0.0,0.0,0.0,6.119876225955698,0.0,0.0,0.4252100386386712,5.6946661873170275,0.8967819852213867,0.0,0.0,0.0,0.2160313188414185,0.0,0,0.0,0,5.6946661873170275,,,,,,,,,,,
3983,2/24/1978,1.181,0.504,2.000,4.866,0.504,0.0,4.362,0.0,0.0,0.0,5.6946661873170275,0.0,0.0,0.3771199987738881,5.317546188543139,0.8018199587708248,0.0,0.0,0.0,0.1900916292843276,0.0,0,0.0,0,5.317546188543139,,,,,,,,,,,
3984,2/25/1978,1.352,2.460,2.000,4.866,2.46,0.0,2.4059999999999997,0.0,0.0,0.0,5.317546188543139,0.0,0.0,0.33642213514535674,4.9811240533977825,0.7207319019623453,0.0,0.0,0.0,0.16830794568346186,0.0,0,0.0,0,4.9811240533977825,,,,,,,,,,,
3985,2/26/1978,2.396,15.090,2.000,4.866,4.866,10.224,0.0,0,10.13455855428157,0.0,15.115682607679354,0.0,0.0,1.9190165424047867,13.196666065274567,3.611547334387863,0.08944144571843,0.08944144571843,0.0,1.076605722000165,0.08944144571843,0,0.0,0,13.196666065274567,,,,,,,,,,,
3986,2/27/1978,15.306,37.347,2.000,4.866,4.866,32.481,0.0,0,32.481,0.08944144571843,45.67806421453397,0.0,0.08944144571843,12.121190109680418,33.55687410485355,19.05273258249066,0.0,0.0,0.00039814925940304455,7.6770484164672945,0.08904329645902696,0,0.0,0,33.55687410485355,,,,,,,,,,,
3987,2/28/1978,9.562,19.700,2.000,4.866,4.866,14.834,0.0,0,14.833601850740596,0.08904329645902696,48.39087233248916,0.0,0.08904329645902696,13.344578583046165,35.046293749442995,20.745735207279363,0.0003981492594030382,0.0003981492594030382,0.0003963768950199571,8.505535868734514,0.08904506882341005,0,0.0,0,35.046293749442995,,,,,,,,,,,
3988,3/1/1978,9.872,18.137,3.000,4.631,4.631,13.506,0.0,0,13.50560362310498,0.08904506882341005,48.55229375733269,0.0,0.08904506882341005,13.418852066953793,35.1334416903789,20.847808098371637,0.00039637689501995115,0.00039637689501995115,0.000396384784713162,8.556000358888308,0.08904506093371685,0,0.0,0,35.1334416903789,,,,,,,,,,,
3989,3/2/1978,6.500,8.506,3.000,4.631,4.631,3.875,0.0,0,3.8746036152152867,0.08904506093371685,39.00844169034378,0.0,0.08904506093371685,9.317443773783133,29.690997916560647,15.07982158770064,0.0003963847847131611,0.0003963847847131611,0.0003963847495921342,5.800002716236153,0.08904506096883787,0,0.0,0,29.690997916560647,,,,,,,,,,,
3990,3/3/1978,2.488,7.731,3.000,4.631,4.631,3.0999999999999996,0.0,0,3.0996036152504076,0.08904506096883787,32.790997916560805,0.0,0.08904506096883787,6.976273538743705,25.8147243778171,11.641896113782854,0.0003963847495921373,0.0003963847495921373,0.00039638474974847566,4.260745165933532,0.08904506096868153,0,0.0,0,25.8147243778171,,,,,,,,,,,
3991,3/4/1978,3.164,14.141,3.000,4.631,4.631,9.51,0.0,0,9.509603615250251,0.08904506096868153,35.3247243778171,0.0,0.08904506096868153,7.897635420349306,27.42708895746779,13.009968822874823,0.0003963847497484729,0.0003963847497484729,0.0003963847497477797,4.862997495169199,0.08904506096868223,0,0.0,0,27.42708895746779,,,,,,,,,,,
3992,3/5/1978,5.535,5.537,3.000,4.631,4.631,0.9059999999999997,0.0,0,0.9056036152508838,0.08904506096868223,28.333088957468423,0.0,0.08904506096868223,5.468341813495925,22.864747143972497,9.353103083778342,0.00039638474911583285,0.00039638474911583285,0.0003963847497477828,3.2866854450157983,0.08904506096805029,0,0.0,0,22.864747143972497,,,,,,,,,,,
3993,3/6/1978,1.298,3.342,3.000,4.631,3.342,0.0,1.2890000000000001,0.0,0.0,0.08904506096805029,22.864747143972497,0.08904506096805029,0.0,3.8251028450930322,19.039644298879466,6.7715731113016835,0.0,0.0,0.0,2.245600783523514,0.0,0,0.0,0,19.039644298879466,,,,,,,,,,,
3994,3/7/1978,1.770,8.330,3.000,4.631,4.631,3.699,0.0,0,3.60955855428157,0.0,22.649202853161036,0.0,0.0,3.7651936185379453,18.88400923462309,6.675354283753742,0.08944144571843,0.08944144571843,0.0,2.2081350621888207,0.08944144571843,0,0.0,0,18.88400923462309,,,,,,,,,,,
3995,3/8/1978,1.657,3.483,3.000,4.631,3.483,0.0,1.1480000000000001,0.0,0.0,0.08944144571843,18.88400923462309,0.08944144571843,0.0,2.7809261229176876,16.103083111705402,5.0683636036580655,0.0,0.0,0.0,1.5987058870613031,0.0,0,0.0,0,16.103083111705402,,,,,,,,,,,
3996,3/9/1978,1.165,1.467,3.000,4.631,1.467,0.0,3.164,0.0,0.0,0.0,16.103083111705402,0.0,0.0,2.1324597149425824,13.97062339676282,3.977526474804247,0.0,0.0,0.0,1.204682496320339,0.0,0,0.0,0,13.97062339676282,,,,,,,,,,,
3997,3/10/1978,1.203,1.167,3.000,4.631,1.167,0.0,3.4640000000000004,0.0,0.0,0.0,13.97062339676282,0.0,0.0,1.682901719392664,12.287721677370156,3.2020023072262864,0.0,0.0,0.0,0.9360192502403716,0.0,0,0.0,0,12.287721677370156,,,,,,,,,,,
3998,3/11/1978,1.168,0.611,3.000,4.631,0.611,0.0,4.0200000000000005,0.0,0.0,0.0,12.287721677370156,0.0,0.0,1.3587870144705883,10.928934662899568,2.6306083535638938,0.0,0.0,0.0,0.7451849386543455,0.0,0,0.0,0,10.928934662899568,,,,,,,,,,,
3999,3/12/1978,1.394,3.010,3.000,4.631,3.01,0.0,1.6210000000000004,0.0,0.0,0.0,10.928934662899568,0.0,0.0,1.1177092044359227,9.811225458463646,2.19743898570826,0.0,0.0,0.0,0.6051459711885994,0.0,0,0.0,0,9.811225458463646,,,,,,,,,,,
4000,3/13/1978,1.295,2.873,3.000,4.631,2.873,0.0,1.758,0.0,0.0,0.0,9.811225458463646,0.0,0.0,0.9337656011559663,8.877459857307679,1.8612949031124535,0.0,0.0,0.0,0.4996095951094151,0.0,0,0.0,0,8.877459857307679,,,,,,,,,,,
4001,3/14/1978,2.524,16.548,3.000,4.631,4.631,11.916999999999998,0.0,0,11.827558554281568,0.0,20.705018411589247,0.0,0.0,3.2420905964590463,17.4629278151302,5.827775682202072,0.08944144571843,0.08944144571843,0.0,1.8827338335467685,0.08944144571843,0,0.0,0,17.4629278151302,,,,,,,,,,,
4002,3/15/1978,7.013,9.799,3.000,4.631,4.631,5.167999999999999,0.0,0,5.167999999999999,0.08944144571843,22.631325964389603,0.0,0.08944144571843,3.7602418447899986,18.871084119599605,6.667393867645632,0.0,0.0,0.00039814925940304455,2.205040093860685,0.08904329645902696,0,0.0,0,18.871084119599605,,,,,,,,,,,
4003,3/16/1978,3.758,8.308,3.000,4.631,4.631,3.6769999999999996,0.0,0,3.6766018507405964,0.08904329645902696,22.54808234723522,0.0,0.08904329645902696,3.7372182864672436,18.810864060767976,6.6303663300663995,0.0003981492594030382,0.0003981492594030382,0.0003963768950199571,2.1906533871202645,0.08904506882341005,0,0.0,0,18.810864060767976,,,,,,,,,,,
4004,3/17/1978,2.386,8.450,3.000,4.631,4.631,3.818999999999999,0.0,0,3.818603623104979,0.08904506882341005,22.62986406865767,0.0,0.08904506882341005,3.7598370251497752,18.870027043507896,6.6667430333007704,0.00039637689501995115,0.00039637689501995115,0.000396384784713162,2.2047870844678816,0.08904506093371685,0,0.0,0,18.870027043507896,,,,,,,,,,,
4005,3/18/1978,1.258,0.198,3.000,4.631,0.198,0.0,4.433,0.0,0.0,0.08904506093371685,18.870027043507896,0.08904506093371685,0.0,2.7774951916196104,16.092531851888285,5.062666613099284,0.0,0.0,0.0,1.5966038062658248,0.0,0,0.0,0,16.092531851888285,,,,,,,,,,,
4006,3/19/1978,1.194,0.464,3.000,4.631,0.464,0.0,4.167,0.0,0.0,0.0,16.092531851888285,0.0,0.0,2.1301314628804775,13.962400389007808,3.9735545740632996,0.0,0.0,0.0,1.203280709247323,0.0,0,0.0,0,13.962400389007808,,,,,,,,,,,
4007,3/20/1978,1.175,0.368,3.000,4.631,0.368,0.0,4.263,0.0,0.0,0.0,13.962400389007808,0.0,0.0,1.681251137043461,12.281149251964347,3.1991206396552063,0.0,0.0,0.0,0.9350408307393674,0.0,0,0.0,0,12.281149251964347,,,,,,,,,,,
4008,3/21/1978,1.187,0.473,3.000,4.631,0.473,0.0,4.158,0.0,0.0,0.0,12.281149251964347,0.0,0.0,1.3575759228634787,10.923573329100869,2.6284509588763663,0.0,0.0,0.0,0.7444770697549524,0.0,0,0.0,0,10.923573329100869,,,,,,,,,,,
4009,3/22/1978,1.214,0.843,3.000,4.631,0.843,0.0,3.7880000000000003,0.0,0.0,0.0,10.923573329100869,0.0,0.0,1.116795508761443,9.806777820339425,2.1957821310497954,0.0,0.0,0.0,0.6046187448478699,0.0,0,0.0,0,9.806777820339425,,,,,,,,,,,
4010,3/23/1978,1.205,0.908,3.000,4.631,0.908,0.0,3.7230000000000003,0.0,0.0,0.0,9.806777820339425,0.0,0.0,0.9330602146036058,8.87371760573582,1.8599952659651957,0.0,0.0,0.0,0.4992073551848242,0.0,0,0.0,0,8.87371760573582,,,,,,,,,,,
4011,3/24/1978,1.148,0.250,3.000,4.631,0.25,0.0,4.381,0.0,0.0,0.0,8.87371760573582,0.0,0.0,0.7898448382133249,8.083872767522495,1.5942604408176329,0.0,0.0,0.0,0.4179759073813687,0.0,0,0.0,0,8.083872767522495,,,,,,,,,,,
4012,3/25/1978,1.154,0.025,3.000,4.631,0.025,0.0,4.606,0.0,0.0,0.0,8.083872767522495,0.0,0.0,0.6761840057455127,7.407688761776982,1.3804456161362015,0.0,0.0,0.0,0.35418841318037575,0.0,0,0.0,0,7.407688761776982,,,,,,,,,,,
4013,3/26/1978,1.182,0.235,3.000,4.631,0.235,0.0,4.396,0.0,0.0,0.0,7.407688761776982,0.0,0.0,0.5845706270574885,6.823118134719493,1.205930307602397,0.0,0.0,0.0,0.3032815712267083,0.0,0,0.0,0,6.823118134719493,,,,,,,,,,,
4014,3/27/1978,1.187,0.410,3.000,4.631,0.41,0.0,4.221,0.0,0.0,0.0,6.823118134719493,0.0,0.0,0.5097265585493684,6.313391576170125,1.061706614222333,0.0,0.0,0.0,0.26207837423790814,0.0,0,0.0,0,6.313391576170125,,,,,,,,,,,
4015,3/28/1978,1.200,0.639,3.000,4.631,0.639,0.0,3.992,0.0,0.0,0.0,6.313391576170125,0.0,0.0,0.4478545478736599,5.865537028296465,0.9412039411926654,0.0,0.0,0.0,0.22831419276917245,0.0,0,0.0,0,5.865537028296465,,,,,,,,,,,
4016,3/29/1978,1.137,0.000,3.000,4.631,0.0,0.0,4.631,0.0,0.0,0.0,5.865537028296465,0.0,0.0,0.3961674097394934,5.469369618556972,0.8395377194403594,0.0,0.0,0.0,0.2003411908054833,0.0,0,0.0,0,5.469369618556972,,,,,,,,,,,
4017,3/30/1978,1.164,0.023,3.000,4.631,0.023,0.0,4.6080000000000005,0.0,0.0,0.0,5.469369618556972,0.0,0.0,0.35258289098452117,5.1167867275724515,0.7530155050730385,0.0,0.0,0.0,0.1769383955169026,0.0,0,0.0,0,5.1167867275724515,,,,,,,,,,,
4018,3/31/1978,1.161,0.000,3.000,4.631,0.0,0.0,4.631,0.0,0.0,0.0,5.1167867275724515,0.0,0.0,0.3155207826577994,4.801265944914652,0.6788042067673001,0.0,0.0,0.0,0.15718643015681744,0.0,0,0.0,0,4.801265944914652,,,,,,,,,,,
4019,4/1/1978,1.171,0.093,4.000,4.235,0.093,0.0,4.142,0.0,0.0,0.0,4.801265944914652,0.0,0.0,0.28376492648407714,4.5175010184305755,0.614700950441982,0.0,0.0,0.0,0.1403829674454314,0.0,0,0.0,0,4.5175010184305755,,,,,,,,,,,
4020,4/2/1978,1.167,0.096,4.000,4.235,0.096,0.0,4.139,0.0,0.0,0.0,4.5175010184305755,0.0,0.0,0.2563674457952828,4.261133572635293,0.558972219697735,0.0,0.0,0.0,0.12598448176893048,0.0,0,0.0,0,4.261133572635293,,,,,,,,,,,
4021,4/3/1978,1.194,0.423,4.000,4.235,0.423,0.0,3.8120000000000003,0.0,0.0,0.0,4.261133572635293,0.0,0.0,0.2325810667676816,4.028552505867611,0.5102389481604868,0.0,0.0,0.0,0.11356537318128679,0.0,0,0.0,0,4.028552505867611,,,,,,,,,,,
4022,4/4/1978,1.173,0.325,4.000,4.235,0.325,0.0,3.91,0.0,0.0,0.0,4.028552505867611,0.0,0.0,0.21181050314322059,3.8167420027243906,0.4673931389205748,0.0,0.0,0.0,0.10278880104325104,0.0,0,0.0,0,3.8167420027243906,,,,,,,,,,,
4023,4/5/1978,1.601,5.196,4.000,4.235,4.235,0.9609999999999994,0.0,0,0.8715585543647553,0.0,4.688300557089146,0.0,0.0,0.2727249394202998,4.415575617668846,0.5922941438987493,0.08944144563524409,0.08944144563524409,0.0,0.13456947599006108,0.08944144563524409,0,0.0,0,4.415575617668846,,,,,,,,,,,
4024,4/6/1978,1.657,7.298,4.000,4.235,4.235,3.0629999999999997,0.0,0,3.062999999916814,0.08944144563524409,7.4789737668446925,0.0,0.08944144563524409,0.5939763152083749,6.884997451636318,1.2239453036066312,8.318591363664214e-11,8.318591363664214e-11,0.0003981492590327418,0.3084851747422883,0.08904329645939726,0,0.0,0,6.884997451636318,,,,,,,,,,,
4025,4/7/1978,1.906,7.374,4.000,4.235,4.235,3.1389999999999993,0.0,0,3.1386018507409665,0.08904329645939726,10.023995679272307,0.0,0.08904329645939726,0.9677590233750931,9.056236655897214,1.9238254777375046,0.0003981492590327387,0.0003981492590327387,0.00039637689502160554,0.5190174594518127,0.0890450688234084,0,0.0,0,9.056236655897214,,,,,,,,,,,
4026,4/8/1978,4.100,19.260,4.000,4.235,4.235,15.025000000000002,0.0,0,15.02460362310498,0.0890450688234084,24.08123666378691,0.0,0.0890450688234084,4.170265974071626,19.910970689715285,7.322777473944663,0.0003963768950215969,0.0003963768950215969,0.00039638478471315465,2.4621928385683964,0.08904506093371685,0,0.0,0,19.910970689715285,,,,,,,,,,,
4027,4/9/1978,12.056,24.878,4.000,4.235,4.235,20.643,0.0,0,20.642603615215286,0.08904506093371685,40.55397068968016,0.0,0.08904506093371685,9.940801836249177,30.613168853430984,15.975408976581955,0.0003963847847131611,0.0003963847847131611,0.0003963847495921342,6.2144607042582285,0.08904506096883787,0,0.0,0,30.613168853430984,,,,,,,,,,,
4028,4/10/1978,12.055,26.777,4.000,4.235,4.235,22.542,0.0,0,22.54160361525041,0.08904506096883787,53.15516885343114,0.0,0.08904506096883787,15.60540155846289,37.54976729496825,23.819044107908717,0.0003963847495921373,0.0003963847495921373,0.00039638474974847566,10.049494732283017,0.08904506096868153,0,0.0,0,37.54976729496825,,,,,,,,,,,
4029,4/11/1978,5.321,6.515,4.000,4.235,4.235,2.2799999999999994,0.0,0,2.279603615250251,0.08904506096868153,39.82976729496825,0.0,0.08904506096868153,9.64669897702292,30.183068317945327,15.553809938344198,0.0003963847497484729,0.0003963847497484729,0.0003963847497477797,6.018697852458142,0.08904506096868223,0,0.0,0,30.183068317945327,,,,,,,,,,,
4030,4/12/1978,1.137,1.248,4.000,4.235,1.248,0.0,2.987,0.0,0.0,0.08904506096868223,30.183068317945327,0.08904506096868223,0.0,6.076284352956149,24.106783964989177,10.283950272640784,0.0,0.0,0.0,3.6775033917635036,0.0,0,0.0,0,24.106783964989177,,,,,,,,,,,
4031,4/13/1978,1.229,1.372,4.000,4.235,1.372,0.0,2.8630000000000004,0.0,0.0,0.0,24.106783964989177,0.0,0.0,4.177642167208168,19.929141797781007,7.3345000025640745,0.0,0.0,0.0,2.4668346954116087,0.0,0,0.0,0,19.929141797781007,,,,,,,,,,,
4032,4/14/1978,1.390,3.322,4.000,4.235,3.322,0.0,0.9130000000000003,0.0,0.0,0.0,19.929141797781007,0.0,0.0,3.0421463767474077,16.8869954210336,5.50002538906046,0.0,0.0,0.0,1.7592389491946172,0.0,0,0.0,0,16.8869954210336,,,,,,,,,,,
4033,4/15/1978,1.205,1.898,4.000,4.235,1.898,0.0,2.3370000000000006,0.0,0.0,0.0,16.8869954210336,0.0,0.0,2.3082690094726765,14.578726411560924,4.276232933922553,0.0,0.0,0.0,1.3108170697440402,0.0,0,0.0,0,14.578726411560924,,,,,,,,,,,
4034,4/16/1978,1.192,1.210,4.000,4.235,1.21,0.0,3.0250000000000004,0.0,0.0,0.0,14.578726411560924,0.0,0.0,1.8067514891736776,12.771974922387246,3.4174699329439706,0.0,0.0,0.0,1.0096101579477317,0.0,0,0.0,0,12.771974922387246,,,,,,,,,,,
4035,4/17/1978,1.176,0.731,4.000,4.235,0.731,0.0,3.5040000000000004,0.0,0.0,0.0,12.771974922387246,0.0,0.0,1.4492029407727751,11.322771981614471,2.791179305485179,0.0,0.0,0.0,0.7981469166022633,0.0,0,0.0,0,11.322771981614471,,,,,,,,,,,
4036,4/18/1978,1.239,1.258,4.000,4.235,1.258,0.0,2.9770000000000003,0.0,0.0,0.0,11.322771981614471,0.0,0.0,1.1856423787201533,10.137129602894317,2.3202915536007924,0.0,0.0,0.0,0.6444231919645523,0.0,0,0.0,0,10.137129602894317,,,,,,,,,,,
4037,4/19/1978,1.169,0.657,4.000,4.235,0.657,0.0,3.5780000000000003,0.0,0.0,0.0,10.137129602894317,0.0,0.0,0.986031470715855,9.151098132178463,1.9573574937174323,0.0,0.0,0.0,0.5294684024687887,0.0,0,0.0,0,9.151098132178463,,,,,,,,,,,
4038,4/20/1978,1.535,4.629,4.000,4.235,4.235,0.39399999999999924,0.0,0,0.3045852393502727,0.0,9.455683371528735,0.0,0.0,0.8780528294607575,8.577630542067977,1.7583779913927,0.0894147606497265,0.0894147606497265,0.0,0.4679026890468777,0.0894147606497265,0,0.0,0,8.577630542067977,,,,,,,,,,,
4039,4/21/1978,1.501,5.623,4.000,4.235,4.235,1.388,0.0,0,1.3879733149312965,0.0894147606497265,9.966001887469895,0.0,0.0894147606497265,0.9584454202454173,9.007556467224479,1.906712614951772,2.668506870349495e-05,2.668506870349495e-05,0.0003980304706216683,0.5136955140366949,0.08904341524780833,0,0.0,0,9.007556467224479,,,,,,,,,,,
4040,4/22/1978,2.308,13.445,4.000,4.235,4.235,9.21,0.0,0,9.209601969529379,0.08904341524780833,18.217554814177664,0.0,0.08904341524780833,2.619283977792212,15.598270836385453,4.799150301169923,0.0003980304706216719,0.0003980304706216719,0.000396377423809099,1.499859042125715,0.0890450682946209,0,0.0,0,15.598270836385453,,,,,,,,,,,
4041,4/23/1978,8.649,14.436,4.000,4.235,4.235,10.201,0.0,0,10.20060362257619,0.0890450682946209,25.799270843744,0.0,0.0890450682946209,4.67783426996838,21.121436573775622,8.124217362733994,0.0003963774238090962,0.0003963774238090962,0.0003963847823592532,2.7828214181303954,0.08904506093607076,0,0.0,0,21.121436573775622,,,,,,,,,,,
4042,4/24/1978,5.419,5.174,4.000,4.235,4.235,0.9390000000000001,0.0,0,0.938603615217943,0.08904506093607076,22.060436573743168,0.0,0.08904506093607076,3.603484150612161,18.456952423131007,6.414790042615597,0.00039638478205710463,0.00039638478205710463,0.0003963847496026126,2.1072034592117443,0.08904506096852524,0,0.0,0,18.456952423131007,,,,,,,,,,,
4043,4/25/1978,1.128,1.363,4.000,4.235,1.363,0.0,2.8720000000000003,0.0,0.0,0.08904506096852524,18.456952423131007,0.08904506096852524,0.0,2.67690175660206,15.780050666528947,4.895304115611879,0.0,0.0,0.0,1.53504848033545,0.0,0,0.0,0,15.780050666528947,,,,,,,,,,,
4044,4/26/1978,1.224,1.373,4.000,4.235,1.373,0.0,2.862,0.0,0.0,0.0,15.780050666528947,0.0,0.0,2.0616412744911,13.718409392037847,3.856517911568127,0.0,0.0,0.0,1.162089886404455,0.0,0,0.0,0,13.718409392037847,,,,,,,,,,,
4045,4/27/1978,2.012,10.295,4.000,4.235,4.235,6.06,0.0,0,5.97055855428157,0.0,19.688967946319416,0.0,0.0,2.9812886822235467,16.70767926409587,5.399819603093883,0.08944144571843,0.08944144571843,0.0,1.7217547371561248,0.08944144571843,0,0.0,0,16.70767926409587,,,,,,,,,,,
4046,4/28/1978,3.927,7.162,4.000,4.235,4.235,2.9269999999999996,0.0,0,2.9269999999999996,0.08944144571843,19.635077413355273,0.0,0.08944144571843,2.9677009877967517,16.667376425558523,5.377417349021622,0.0,0.0,0.00039814925940304455,1.7133924764519437,0.08904329645902696,0,0.0,0,16.667376425558523,,,,,,,,,,,
4047,4/29/1978,2.484,11.803,4.000,4.235,4.235,7.5680000000000005,0.0,0,7.567601850740598,0.08904329645902696,24.23537465319414,0.0,0.08904329645902696,4.21484887957849,20.02052577361565,7.3935951666717115,0.0003981492594030382,0.0003981492594030382,0.0003963768950199571,2.490257175964214,0.08904506882341005,0,0.0,0,20.02052577361565,,,,,,,,,,,
4048,4/30/1978,12.959,28.660,4.000,4.235,4.235,24.425,0.0,0,24.424603623104982,0.08904506882341005,44.445525781505346,0.0,0.08904506882341005,11.580994585613636,32.86453119589171,18.297815516055365,0.00039637689501995115,0.00039637689501995115,0.000396384784713162,7.312940936219824,0.08904506093371685,0,0.0,0,32.86453119589171,,,,,,,,,,,
4049,5/1/1978,8.809,17.470,5.000,3.714,3.714,13.755999999999998,0.0,0,13.755603615215286,0.08904506093371685,46.620531195856586,0.0,0.08904506093371685,12.540874090189975,34.07965710566661,19.636061188815088,0.0003963847847131611,0.0003963847847131611,0.0003963847495921342,7.960668188392268,0.08904506096883787,0,0.0,0,34.07965710566661,,,,,,,,,,,
4050,5/2/1978,5.760,6.251,5.000,3.714,3.714,2.5370000000000004,0.0,0,2.5366036152504083,0.08904506096883787,36.61665710566677,0.0,0.08904506096883787,8.384881580818691,28.231775524848075,13.725255015320908,0.0003963847495921373,0.0003963847495921373,0.00039638474974847566,5.183399704165154,0.08904506096868153,0,0.0,0,28.231775524848075,,,,,,,,,,,
4051,5/3/1978,2.864,17.532,5.000,3.714,3.714,13.818,0.0,0,13.81760361525025,0.08904506096868153,42.04977552484807,0.0,0.08904506096868153,10.55938394023305,31.490391584615026,16.85686653794006,0.0003963847497484729,0.0003963847497484729,0.0003963847497477797,6.627438584161954,0.08904506096868223,0,0.0,0,31.490391584615026,,,,,,,,,,,
4052,5/4/1978,5.593,5.773,5.000,3.714,3.714,2.0589999999999997,0.0,0,2.058603615250252,0.08904506096868223,33.54939158461502,0.0,0.08904506096868223,7.247254724226854,26.302136860388167,12.046462975255807,0.0003963847497477797,0.0003963847497477797,0.0003963847497477828,4.437359181301848,0.08904506096868223,0,0.0,0,26.302136860388167,,,,,,,,,,,
4053,5/5/1978,1.232,2.547,5.000,3.714,2.547,0.0,1.1669999999999998,0.0,0.0,0.08904506096868223,26.302136860388167,0.08904506096868223,0.0,4.830782676934381,21.471354183453787,8.3637398888238,0.0,0.0,0.0,2.879900041586304,0.0,0,0.0,0,21.471354183453787,,,,,,,,,,,
4054,5/6/1978,1.216,1.766,5.000,3.714,1.766,0.0,1.948,0.0,0.0,0.0,21.471354183453787,0.0,0.0,3.444542160130402,18.026812023323384,6.157441691407725,0.0,0.0,0.0,2.008289211854539,0.0,0,0.0,0,18.026812023323384,,,,,,,,,,,
4055,5/7/1978,1.160,0.769,5.000,3.714,0.769,0.0,2.945,0.0,0.0,0.0,18.026812023323384,0.0,0.0,2.573735986438612,15.453076036884772,4.722984594419706,0.0,0.0,0.0,1.4720770689270517,0.0,0,0.0,0,15.453076036884772,,,,,,,,,,,
4056,5/8/1978,1.344,2.500,5.000,3.714,2.5,0.0,1.214,0.0,0.0,0.0,15.453076036884772,0.0,0.0,1.9909362191786195,13.462139817706152,3.735291746254596,0.0,0.0,0.0,1.1196614183607907,0.0,0,0.0,0,13.462139817706152,,,,,,,,,,,
4057,5/9/1978,1.362,3.470,5.000,3.714,3.47,0.0,0.24399999999999977,0.0,0.0,0.0,13.462139817706152,0.0,0.0,1.582058746652113,11.88008107105404,3.0254390181294846,0.0,0.0,0.0,0.8763605155700618,0.0,0,0.0,0,11.88008107105404,,,,,,,,,,,
4058,5/10/1978,1.469,5.038,5.000,3.714,3.714,1.3240000000000003,0.0,0,1.234558554281595,0.0,13.114639625335634,0.0,0.0,1.514582891360299,11.600056733975336,2.9067031691226517,0.08944144571840518,0.08944144571840518,0.0,0.8365803692672701,0.08944144571840518,0,0.0,0,11.600056733975336,,,,,,,,,,,
4059,5/11/1978,2.347,14.492,5.000,3.714,3.714,10.778,0.0,0,10.777999999999976,0.08944144571840518,22.378454883234717,0.0,0.08944144571840518,3.69047788538553,18.687976997849187,6.555119244433809,2.4824988098093976e-14,2.4824988098093976e-14,0.000398149259402934,2.16146473139081,0.08904329645902707,0,0.0,0,18.687976997849187,,,,,,,,,,,
4060,5/12/1978,6.815,9.040,5.000,3.714,3.714,5.325999999999999,0.0,0,5.325601850740596,0.08904329645902707,24.013975225484803,0.0,0.08904329645902707,4.1508707317116755,19.86310449377313,7.29194275095909,0.00039814925940292843,0.00039814925940292843,0.00039637689501995766,2.4499899439425867,0.08904506882341005,0,0.0,0,19.86310449377313,,,,,,,,,,,
4061,5/13/1978,3.727,11.526,5.000,3.714,3.714,7.811999999999999,0.0,0,7.811603623104979,0.08904506882341005,27.675104501662823,0.0,0.08904506882341005,5.258330678893945,22.416773822768878,9.028768068633934,0.00039637689501995115,0.00039637689501995115,0.000396384784713162,3.1523270157216534,0.08904506093371685,0,0.0,0,22.416773822768878,,,,,,,,,,,
4062,5/14/1978,6.484,10.868,5.000,3.714,3.714,7.154,0.0,0,7.153603615215287,0.08904506093371685,29.570773822733756,0.0,0.08904506093371685,5.872237255941695,23.69853656679206,9.972813146601771,0.0003963847847131611,0.0003963847847131611,0.0003963847495921342,3.5460305288201877,0.08904506096883787,0,0.0,0,23.69853656679206,,,,,,,,,,,
4063,5/15/1978,6.189,11.844,5.000,3.714,3.714,8.129999999999999,0.0,0,8.129603615250407,0.08904506096883787,31.828536566792216,0.0,0.08904506096883787,6.638351271246767,25.190185295545447,11.134671304046813,0.0003963847495921373,0.0003963847495921373,0.00039638474974847566,4.041135529709844,0.08904506096868153,0,0.0,0,25.190185295545447,,,,,,,,,,,
4064,5/16/1978,9.853,19.575,5.000,3.714,3.714,15.860999999999999,0.0,0,15.86060361525025,0.08904506096868153,41.051185295545444,0.0,0.08904506096868153,10.144763968861872,30.90642132668357,16.2668273033504,0.0003963847497484729,0.0003963847497484729,0.0003963847497477797,6.35044810775788,0.08904506096868223,0,0.0,0,30.90642132668357,,,,,,,,,,,
4065,5/17/1978,4.350,2.422,5.000,3.714,2.422,0.0,1.2919999999999998,0.0,0.0,0.08904506096868223,30.90642132668357,0.08904506096868223,0.0,6.3209202771027835,24.585501049580788,10.65533799161959,0.0,0.0,0.0,3.8355113406779746,0.0,0,0.0,0,24.585501049580788,,,,,,,,,,,
4066,5/18/1978,1.220,1.767,5.000,3.714,1.767,0.0,1.947,0.0,0.0,0.0,24.585501049580788,0.0,0.0,4.31682275724292,20.268678292337867,7.555261899843188,0.0,0.0,0.0,2.5545215090170124,0.0,0,0.0,0,20.268678292337867,,,,,,,,,,,
4067,5/19/1978,1.232,1.640,5.000,3.714,1.64,0.0,2.074,0.0,0.0,0.0,20.268678292337867,0.0,0.0,3.129018715139504,17.139659577198362,5.642700022317256,0.0,0.0,0.0,1.8128317418063291,0.0,0,0.0,0,17.139659577198362,,,,,,,,,,,
4068,5/20/1978,1.386,3.391,5.000,3.714,3.391,0.0,0.32299999999999995,0.0,0.0,0.0,17.139659577198362,0.0,0.0,2.3661163571762795,14.773543220022082,4.37400950453512,0.0,0.0,0.0,1.3458575611503978,0.0,0,0.0,0,14.773543220022082,,,,,,,,,,,
4069,5/21/1978,1.491,5.260,5.000,3.714,3.714,1.5459999999999998,0.0,0,1.45655855428157,0.0,16.23010177430365,0.0,0.0,2.160567555105839,14.069534219197813,4.025443333245861,0.08944144571842984,0.08944144571842984,0.0,1.221613498332628,0.08944144571842984,0,0.0,0,14.069534219197813,,,,,,,,,,,
4070,5/22/1978,1.258,2.900,5.000,3.714,2.9,0.0,0.8140000000000001,0.0,0.0,0.08944144571842984,14.069622346035063,0.06964436825559195,0.01979707746283789,1.7028243244525607,12.366798021582502,3.236762885826507,0.0,0.0,8.812683724933833e-05,0.9478337828246476,0.019708950625588553,0,0.0,0,12.366798021582502,,,,,,,,,,,
4071,5/23/1978,1.148,1.067,5.000,3.714,1.067,0.0,2.6470000000000002,0.0,0.0,0.019708950625588553,12.366798021582502,0.019708950625588553,0.0,1.3733921406250553,10.993405880957447,2.6566114230137856,0.0,0.0,0.0,0.753724723546427,0.0,0,0.0,0,10.993405880957447,,,,,,,,,,,
4072,5/24/1978,1.187,0.797,5.000,3.714,0.797,0.0,2.917,0.0,0.0,0.0,10.993405880957447,0.0,0.0,1.1287199876862242,9.864685893271222,2.2173959107836216,0.0,0.0,0.0,0.6115017054892687,0.0,0,0.0,0,9.864685893271222,,,,,,,,,,,
4073,5/25/1978,1.218,1.038,5.000,3.714,1.038,0.0,2.676,0.0,0.0,0.0,9.864685893271222,0.0,0.0,0.9422609940727547,8.922424899198468,1.8769404964540544,0.0,0.0,0.0,0.5044555779805093,0.0,0,0.0,0,8.922424899198468,,,,,,,,,,,
4074,5/26/1978,1.173,0.614,5.000,3.714,0.614,0.0,3.1,0.0,0.0,0.0,8.922424899198468,0.0,0.0,0.7970837339972469,8.12534116520122,1.607785872667606,0.0,0.0,0.0,0.4220599310049363,0.0,0,0.0,0,8.12534116520122,,,,,,,,,,,
4075,5/27/1978,1.190,0.624,5.000,3.714,0.624,0.0,3.09,0.0,0.0,0.0,8.12534116520122,0.0,0.0,0.6819749979842574,7.443366167216963,1.3914084704214587,0.0,0.0,0.0,0.35742226682523154,0.0,0,0.0,0,7.443366167216963,,,,,,,,,,,
4076,5/28/1978,1.230,1.105,5.000,3.714,1.105,0.0,2.609,0.0,0.0,0.0,7.443366167216963,0.0,0.0,0.5892705698431558,6.854095597373807,1.2149351774862052,0.0,0.0,0.0,0.30588108471598335,0.0,0,0.0,0,6.854095597373807,,,,,,,,,,,
4077,5/29/1978,1.150,0.367,5.000,3.714,0.367,0.0,3.347,0.0,0.0,0.0,6.854095597373807,0.0,0.0,0.513589386624855,6.340506210748952,1.0691899498948554,0.0,0.0,0.0,0.264195678204316,0.0,0,0.0,0,6.340506210748952,,,,,,,,,,,
4078,5/30/1978,1.263,1.367,5.000,3.714,1.367,0.0,2.347,0.0,0.0,0.0,6.340506210748952,0.0,0.0,0.45106486370638094,5.889441347042571,0.9474872489836761,0.0,0.0,0.0,0.23005889677931518,0.0,0,0.0,0,5.889441347042571,,,,,,,,,,,
4079,5/31/1978,1.711,6.935,5.000,3.714,3.714,3.2209999999999996,0.0,0,3.1315585542815696,0.0,9.02099990132414,0.0,0.0,0.8118146945399332,8.209185206784207,1.635277540605042,0.08944144571843,0.08944144571843,0.0,0.4303783275142088,0.08944144571843,0,0.0,0,8.209185206784207,,,,,,,,,,,
4080,6/1/1978,2.263,11.343,6.000,3.269,3.269,8.074,0.0,0,8.074,0.08944144571843,16.28358335604361,0.0,0.08944144571843,2.172446454225818,14.111136901817792,4.04567516324714,0.0,0.0,0.00039814925940304455,1.2287732256041912,0.08904329645902696,0,0.0,0,14.111136901817792,,,,,,,,,,,
4081,6/2/1978,2.812,0.349,6.000,3.269,0.349,0.0,2.92,0.0,0.0,0.08904329645902696,14.111136901817792,0.08904329645902696,0.0,1.7112066273625768,12.399930274455215,3.2513764831239875,0.0,0.0,0.0,0.9528073937396244,0.0,0,0.0,0,12.399930274455215,,,,,,,,,,,
4082,6/3/1978,1.206,0.680,6.000,3.269,0.68,0.0,2.589,0.0,0.0,0.0,12.399930274455215,0.0,0.0,1.3795301078117306,11.020400166643485,2.6675318399162555,0.0,0.0,0.0,0.7573154508632614,0.0,0,0.0,0,11.020400166643485,,,,,,,,,,,
4083,6/4/1978,1.188,0.632,6.000,3.269,0.632,0.0,2.637,0.0,0.0,0.0,11.020400166643485,0.0,0.0,1.1333430502433444,9.887057116400142,2.225769937091982,0.0,0.0,0.0,0.614171486054112,0.0,0,0.0,0,9.887057116400142,,,,,,,,,,,
4084,6/5/1978,1.200,0.745,6.000,3.269,0.745,0.0,2.524,0.0,0.0,0.0,9.887057116400142,0.0,0.0,0.9458251321756552,8.941231984224487,1.8835007363872764,0.0,0.0,0.0,0.5064895085040778,0.0,0,0.0,0,8.941231984224487,,,,,,,,,,,
4085,6/6/1978,1.444,3.622,6.000,3.269,3.269,0.35299999999999976,0.0,0,0.26362528605334584,0.0,9.204857270277833,0.0,0.0,0.8395776636427585,8.365279606635074,1.6869749524379,0.0893747139466539,0.0893747139466539,0.0,0.44608262616843125,0.0893747139466539,0,0.0,0,8.365279606635074,,,,,,,,,,,
4086,6/7/1978,1.426,4.582,6.000,3.269,3.269,1.3129999999999997,0.0,0,1.3129332682282235,0.0893747139466539,9.678610727065722,0.0,0.0893747139466539,0.9128249098313801,8.765785817234342,1.8226760278685925,6.673177177608786e-05,6.673177177608786e-05,0.00039785220242573505,0.48767694254636407,0.08904359351600426,0,0.0,0,8.765785817234342,,,,,,,,,,,
4087,6/8/1978,1.620,6.933,6.000,3.269,3.269,3.6639999999999997,0.0,0,3.6636021477975738,0.08904359351600426,12.429784343249286,0.0,0.08904359351600426,1.385070142984425,11.044714200264862,2.6773845701655685,0.0003978522024257411,0.0003978522024257411,0.00039637821737129617,0.7605572892233267,0.08904506750105871,0,0.0,0,11.044714200264862,,,,,,,,,,,
4088,6/9/1978,1.619,5.902,6.000,3.269,3.269,2.633,0.0,0,2.6326036217826285,0.08904506750105871,13.677714206826316,0.0,0.08904506750105871,1.6245072469777937,12.053206959848522,3.0998878870999738,0.00039637821737129313,0.00039637821737129313,0.0003963847788267052,0.9014434584266595,0.0890450609396033,0,0.0,0,12.053206959848522,,,,,,,,,,,
4089,6/10/1978,1.284,3.123,6.000,3.269,3.123,0.0,0.1459999999999999,0.0,0.0,0.0890450609396033,12.053547974234633,0.012438564797494498,0.0766064961421088,1.315903208993938,10.737644765240695,2.554107153960528,0.0,0.0,0.0003410143861097933,0.7201454066574259,0.076265481755999,0,0.0,0,10.737644765240695,,,,,,,,,,,
4090,6/11/1978,1.190,1.656,6.000,3.269,1.656,0.0,1.6130000000000002,0.0,0.0,0.076265481755999,10.737644765240695,0.076265481755999,0.0,1.08529424016934,9.652350525071355,2.13858408979896,0.0,0.0,0.0,0.5864591950245783,0.0,0,0.0,0,9.652350525071355,,,,,,,,,,,
4091,6/12/1978,1.529,5.026,6.000,3.269,3.269,1.7569999999999997,0.0,0,1.6675585542815696,0.0,11.319909079352925,0.0,0.0,1.185142781954432,10.134766297398492,2.319390431128061,0.08944144571843,0.08944144571843,0.0,0.6441337863582576,0.08944144571843,0,0.0,0,10.134766297398492,,,,,,,,,,,
4092,6/13/1978,3.111,21.937,6.000,3.269,3.269,18.668,0.0,0,18.668,0.08944144571843,28.803164446657895,0.0,0.08944144571843,5.620385673964085,23.18277877269381,9.587002414486788,0.0,0.0,0.00039814925940304455,3.384171159395699,0.08904329645902696,0,0.0,0,23.18277877269381,,,,,,,,,,,
4093,6/14/1978,11.815,24.629,6.000,3.269,3.269,21.36,0.0,0,21.359601850740596,0.08904329645902696,44.54277700032942,0.0,0.08904329645902696,11.623259323549917,32.919517676779506,18.357049862904564,0.0003981492594030382,0.0003981492594030382,0.0003963768950199571,7.341388977293172,0.08904506882341005,0,0.0,0,32.919517676779506,,,,,,,,,,,
4094,6/15/1978,8.525,15.458,6.000,3.269,3.269,12.189,0.0,0,12.18860362310498,0.08904506882341005,45.1085176846692,0.0,0.08904506882341005,11.870345820511497,33.23817186415771,18.70276257302846,0.00039637689501995115,0.00039637689501995115,0.000396384784713162,7.507836318570217,0.08904506093371685,0,0.0,0,33.23817186415771,,,,,,,,,,,
4095,6/16/1978,5.793,6.178,6.000,3.269,3.269,2.909,0.0,0,2.9086036152152865,0.08904506093371685,36.14717186412258,0.0,0.08904506093371685,8.206468715229706,27.94070314889288,13.463967957742586,0.0003963847847131611,0.0003963847847131611,0.0003963847495921342,5.0659333039429235,0.08904506096883787,0,0.0,0,27.94070314889288,,,,,,,,,,,
4096,6/17/1978,1.396,4.250,6.000,3.269,3.269,0.9809999999999999,0.0,0,0.9806036152505259,0.08904506096883787,28.921703148893155,0.0,0.08904506096883787,5.6589894625195,23.262713686373655,9.646269942477257,0.0003963847494740139,0.0003963847494740139,0.00039638474974847566,3.4089505114270753,0.0890450609685634,0,0.0,0,23.262713686373655,,,,,,,,,,,
4097,6/18/1978,1.152,1.513,6.000,3.269,1.513,0.0,1.7560000000000002,0.0,0.0,0.0890450609685634,23.262713686373655,0.0890450609685634,0.0,3.9367068024530227,19.32600688392063,6.950377831721253,0.0,0.0,0.0,2.31549767815539,0.0,0,0.0,0,19.32600688392063,,,,,,,,,,,
4098,6/19/1978,1.147,0.507,6.000,3.269,0.507,0.0,2.762,0.0,0.0,0.0,19.32600688392063,0.0,0.0,2.890253891792517,16.435752992128112,5.2495214622779285,0.0,0.0,0.0,1.6657777123826283,0.0,0,0.0,0,16.435752992128112,,,,,,,,,,,
4099,6/20/1978,1.289,1.709,6.000,3.269,1.709,0.0,1.56,0.0,0.0,0.0,16.435752992128112,0.0,0.0,2.2063874965745254,14.229365495553587,4.103421979638518,0.0,0.0,0.0,1.249244544737915,0.0,0,0.0,0,14.229365495553587,,,,,,,,,,,
4100,6/21/1978,1.211,1.368,6.000,3.269,1.368,0.0,1.901,0.0,0.0,0.0,14.229365495553587,0.0,0.0,1.735168557882611,12.494196937670976,3.2931135953215516,0.0,0.0,0.0,0.96703394170136,0.0,0,0.0,0,12.494196937670976,,,,,,,,,,,
4101,6/22/1978,1.582,5.497,6.000,3.269,3.269,2.2279999999999998,0.0,0,2.1385585542815697,0.0,14.632755491952546,0.0,0.0,1.8179250374796305,12.814830454472915,3.436837557215488,0.08944144571843,0.08944144571843,0.0,1.0162661145564895,0.08944144571843,0,0.0,0,12.814830454472915,,,,,,,,,,,
4102,6/23/1978,1.436,4.884,6.000,3.269,3.269,1.6150000000000002,0.0,0,1.6150000000000002,0.08944144571843,14.430228603732319,0.0,0.08944144571843,1.7761833589552536,12.654045244777066,3.3644252638504444,0.0,0.0,0.00039814925940304455,0.9914149524266225,0.08904329645902696,0,0.0,0,12.654045244777066,,,,,,,,,,,
4103,6/24/1978,1.307,3.464,6.000,3.269,3.269,0.19499999999999984,0.0,0,0.1946069476383211,0.08904329645902696,12.849048569310408,0.0,0.08904329645902696,1.463807819127497,11.385240750182911,2.817027218974651,0.0003930523616787452,0.0003930523616787452,0.0003963768950199571,0.8067226445700905,0.08903997192568576,0,0.0,0,11.385240750182911,,,,,,,,,,,
4104,6/25/1978,2.014,11.091,6.000,3.269,3.269,7.821999999999999,0.0,0,7.8215985262072545,0.08903997192568576,19.207235638486,0.0,0.08903997192568576,2.8607103386600947,16.346525299825906,5.200639060385284,0.00040147379274424813,0.00040147379274424813,0.0003963620958351158,1.647636215064244,0.08904508362259489,0,0.0,0,16.346525299825906,,,,,,,,,,,
4105,6/26/1978,5.486,9.511,6.000,3.269,3.269,6.241999999999999,0.0,0,6.241603637904164,0.08904508362259489,22.58852532258066,0.0,0.08904508362259489,3.748396958815822,18.84012836376484,6.648347494470516,0.0003963620958351125,0.0003963620958351125,0.00039638485059184317,2.197637866217304,0.08904506086783816,0,0.0,0,18.84012836376484,,,,,,,,,,,
4106,6/27/1978,4.427,11.903,6.000,3.269,3.269,8.634,0.0,0,8.633603615149408,0.08904506086783816,27.474128363663546,0.0,0.08904506086783816,5.194841682188121,22.279286681475426,8.930422456108198,0.00039638485059184577,0.00039638485059184577,0.0003963847492988747,3.111777607081631,0.08904506096913113,0,0.0,0,22.279286681475426,,,,,,,,,,,
4107,6/28/1978,5.267,7.034,6.000,3.269,3.269,3.7649999999999997,0.0,0,3.7646036152507008,0.08904506096913113,26.044286681475874,0.0,0.08904506096913113,4.752110786259435,21.292175895216438,8.240647026540866,0.00039638474929887095,0.00039638474929887095,0.0003963847497497811,2.8299401542442166,0.08904506096868023,0,0.0,0,21.292175895216438,,,,,,,,,,,
4108,6/29/1978,1.161,1.186,6.000,3.269,1.186,0.0,2.083,0.0,0.0,0.08904506096868023,21.292175895216438,0.08904506096868023,0.0,3.396767750316349,17.895408144900088,6.079839701127648,0.0,0.0,0.0,1.9786158402504561,0.0,0,0.0,0,17.895408144900088,,,,,,,,,,,
4109,6/30/1978,1.184,0.818,6.000,3.269,0.818,0.0,2.451,0.0,0.0,0.0,17.895408144900088,0.0,0.0,2.5425438865612793,15.352864258338808,4.670745089929178,0.0,0.0,0.0,1.45307008522316,0.0,0,0.0,0,15.352864258338808,,,,,,,,,,,
4110,7/1/1978,1.201,0.844,7.000,3.463,0.844,0.0,2.619,0.0,0.0,0.0,15.352864258338808,0.0,0.0,1.96946437022407,13.383399888114738,3.6983941388440296,0.0,0.0,0.0,1.1067961141505789,0.0,0,0.0,0,13.383399888114738,,,,,,,,,,,
4111,7/2/1978,1.179,0.598,7.000,3.463,0.598,0.0,2.865,0.0,0.0,0.0,13.383399888114738,0.0,0.0,1.566666423444812,11.816733464669927,2.998396370359773,0.0,0.0,0.0,0.8672760202781485,0.0,0,0.0,0,11.816733464669927,,,,,,,,,,,
4112,7/3/1978,1.386,2.907,7.000,3.463,2.907,0.0,0.556,0.0,0.0,0.0,11.816733464669927,0.0,0.0,1.2730970478733101,10.543636416796616,2.4775151074766057,0.0,0.0,0.0,0.695204709489225,0.0,0,0.0,0,10.543636416796616,,,,,,,,,,,
4113,7/4/1978,1.291,2.782,7.000,3.463,2.782,0.0,0.681,0.0,0.0,0.0,10.543636416796616,0.0,0.0,1.052809545251737,9.49082687154488,2.079444761195408,0.0,0.0,0.0,0.5677690335062008,0.0,0,0.0,0,9.49082687154488,,,,,,,,,,,
4114,7/5/1978,1.874,9.355,7.000,3.463,3.463,5.892,0.0,0,5.80255855428157,0.0,15.29338542582645,0.0,0.0,1.9567642315668932,13.336621194259557,3.676551403766452,0.08944144571843,0.08944144571843,0.0,1.099190898714089,0.08944144571843,0,0.0,0,13.336621194259557,,,,,,,,,,,
4115,7/6/1978,3.543,9.435,7.000,3.463,3.463,5.972,0.0,0,5.972,0.08944144571843,19.309019343518962,0.0,0.08944144571843,2.8860209154832317,16.42299842803573,5.242520854879735,0.0,0.0,0.00039814925940304455,1.663177661486085,0.08904329645902696,0,0.0,0,16.42299842803573,,,,,,,,,,,
4116,7/7/1978,4.428,11.500,7.000,3.463,3.463,8.036999999999999,0.0,0,8.036601850740595,0.08904329645902696,24.459996655671343,0.0,0.08904329645902696,4.28015766458339,20.179838991087955,7.497183861146425,0.0003981492594030382,0.0003981492594030382,0.0003963768950199571,2.5314033987714133,0.08904506882341005,0,0.0,0,20.179838991087955,,,,,,,,,,,
4117,7/8/1978,3.678,2.809,7.000,3.463,2.809,0.0,0.6539999999999999,0.0,0.0,0.08904506882341005,20.179987346963077,0.05571795935757154,0.033327109465838514,3.1062322721050664,17.07375507485801,5.605317843964276,0.0,0.0,0.00014835587512348987,1.798764872023777,0.033178753590715024,0,0.0,0,17.07375507485801,,,,,,,,,,,
4118,7/9/1978,1.428,4.343,7.000,3.463,3.463,0.8799999999999999,0.0,0,0.8237373081058028,0.033178753590715024,17.897640078431657,0.0,0.033178753590715024,2.5430724229721875,15.35456765545947,4.671630810872477,0.05626269189419708,0.05626269189419708,0.00014769546784435824,1.4533920229556043,0.08929375001706774,0,0.0,0,15.35456765545947,,,,,,,,,,,
4119,7/10/1978,2.661,18.170,7.000,3.463,3.463,14.707,0.0,0,14.70685230429864,0.08929375001706774,30.061817451549,0.0,0.08929375001706774,6.035656290973309,24.02616116057569,10.222100069073846,0.00014769570136226003,0.00014769570136226003,0.0003974917908923105,3.651302187829264,0.0890439539275377,0,0.0,0,24.02616116057569,,,,,,,,,,,
4120,7/11/1978,9.699,17.460,7.000,3.463,3.463,13.997,0.0,0,13.996602508209108,0.0890439539275377,38.02316004860654,0.0,0.0890439539275377,8.928519625738518,29.094640422868025,14.517123650487264,0.00039749179089230453,0.00039749179089230453,0.000396379821745912,5.542330573783278,0.0890450658966841,0,0.0,0,29.094640422868025,,,,,,,,,,,
4121,7/12/1978,9.878,18.084,7.000,3.463,3.463,14.620999999999999,0.0,0,14.620603620178253,0.0890450658966841,43.71564042781796,0.0,0.0890450658966841,11.26576065180205,32.449879776015905,17.855082179097685,0.0003963798217459044,0.0003963798217459044,0.0003963847716848197,7.100976686860598,0.08904506094674519,0,0.0,0,32.449879776015905,,,,,,,,,,,
4122,7/13/1978,5.895,6.790,7.000,3.463,3.463,3.327,0.0,0,3.326603615228315,0.08904506094674519,35.77687977599387,0.0,0.08904506094674519,8.0668357480848,27.71004402790907,13.25897288807581,0.00039638477168481783,0.00039638477168481783,0.00039638474965012995,4.974116424703775,0.08904506096877987,0,0.0,0,27.71004402790907,,,,,,,,,,,
4123,7/14/1978,2.200,10.627,7.000,3.463,3.463,7.164000000000001,0.0,0,7.16360361525035,0.08904506096877987,34.87404402790917,0.0,0.08904506096877987,7.730417756196733,27.14362627171244,12.76322320680051,0.00039638474965013727,0.00039638474965013727,0.00039638474974821745,4.753334435074899,0.08904506096868178,0,0.0,0,27.14362627171244,,,,,,,,,,,
4124,7/15/1978,5.648,11.063,7.000,3.463,3.463,7.6000000000000005,0.0,0,7.599603615250253,0.08904506096868178,34.743626271712444,0.0,0.08904506096868178,7.682295698555827,27.061330573156617,12.692091197914106,0.0003963847497482235,0.0003963847497482235,0.00039638474974778085,4.721804261303953,0.08904506096868223,0,0.0,0,27.061330573156617,,,,,,,,,,,
4125,7/16/1978,3.186,2.350,7.000,3.463,2.35,0.0,1.113,0.0,0.0,0.08904506096868223,27.061330573156617,0.08904506096868223,0.0,5.065407111343653,21.995923461812964,8.729491349901899,0.0,0.0,0.0,3.0292111850808348,0.0,0,0.0,0,21.995923461812964,,,,,,,,,,,
4126,7/17/1978,1.203,1.524,7.000,3.463,1.524,0.0,1.939,0.0,0.0,0.0,21.995923461812964,0.0,0.0,3.5859380117181017,18.40998545009486,6.386441962769447,0.0,0.0,0.0,2.0962696465560007,0.0,0,0.0,0,18.40998545009486,,,,,,,,,,,
4127,7/18/1978,2.115,11.495,7.000,3.463,3.463,8.032,0.0,0,7.94255855428157,0.0,26.352544004376433,0.0,0.0,4.8462225809969635,21.506321423379468,8.387870648566695,0.08944144571843,0.08944144571843,0.0,2.8897113296486356,0.08944144571843,0,0.0,0,21.506321423379468,,,,,,,,,,,
4128,7/19/1978,5.327,7.741,7.000,3.463,3.463,4.278,0.0,0,4.278,0.08944144571843,25.78471957263887,0.0,0.08944144571843,4.673437786764073,21.111281785874798,8.11731922077776,0.0,0.0,0.00039814925940304455,2.7800339597806953,0.08904329645902696,0,0.0,0,21.111281785874798,,,,,,,,,,,
4129,7/20/1978,1.744,5.406,7.000,3.463,3.463,1.9429999999999996,0.0,0,1.9426018507405967,0.08904329645902696,23.054280013510414,0.0,0.08904329645902696,3.878094471253597,19.176185542256817,6.856543621223907,0.0003981492594030382,0.0003981492594030382,0.0003963768950199571,2.278772628757433,0.08904506882341005,0,0.0,0,19.176185542256817,,,,,,,,,,,
4130,7/21/1978,1.420,4.737,7.000,3.463,3.463,1.274,0.0,0,1.2736036231049803,0.08904506882341005,20.45018555014651,0.0,0.08904506882341005,3.1758589043899583,17.274326645756553,5.7194528838435135,0.0003963768950197825,0.0003963768950197825,0.000396384784713162,1.841768956220737,0.08904506093371668,0,0.0,0,17.274326645756553,,,,,,,,,,,
4131,7/22/1978,1.243,2.691,7.000,3.463,2.691,0.0,0.7720000000000002,0.0,0.0,0.08904506093371668,17.274430250227883,0.06577104125382734,0.023274019679889346,2.3972058668900598,14.877224383337824,4.426458315330612,0.0,0.0,0.00010360447133258263,1.364713132986422,0.023170415208556762,0,0.0,0,14.877224383337824,,,,,,,,,,,
4132,7/23/1978,1.358,3.483,7.000,3.463,3.463,0.020000000000000018,0.0,0,0.0026364774362779494,0.023170415208556762,14.879964004049361,0.0,0.023170415208556762,1.8694000320550577,13.010563971994303,3.5259134673286874,0.01736352256372207,0.01736352256372207,0.00010314327525954764,1.0469637238261065,0.040430794497019286,0,0.0,0,13.010563971994303,,,,,,,,,,,
4133,7/24/1978,2.105,12.099,7.000,3.463,3.463,8.636,0.0,0,8.586989348778589,0.040430794497019286,21.59773329875465,0.0,0.040430794497019286,3.47839903096182,18.11933426779283,6.212366420428986,0.04901065122141071,0.04901065122141071,0.00017997798175961195,2.0293346249501703,0.08926146773667037,0,0.0,0,18.11933426779283,,,,,,,,,,,
4134,7/25/1978,9.101,16.672,7.000,3.463,3.463,13.209,0.0,0,13.20882002201824,0.08926146773667037,31.328551637897153,0.0,0.08926146773667037,6.465463144390182,24.86308849350697,10.873956066924663,0.00017997798175962726,0.00017997798175962726,0.00039734808608153947,3.9290604883429108,0.08904409763234847,0,0.0,0,24.86308849350697,,,,,,,,,,,
4135,7/26/1978,5.052,4.120,7.000,3.463,3.463,0.657,0.0,0,0.6566026520798162,0.08904409763234847,25.520087526048236,0.0,0.08904409763234847,4.593771377249993,20.926316148798243,7.992192747673986,0.00039734792018385624,0.00039734792018385624,0.0003963804614489437,2.7295539031237497,0.08904506509108337,0,0.0,0,20.926316148798243,,,,,,,,,,,
4136,7/27/1978,2.536,16.858,7.000,3.463,3.463,13.395,0.0,0,13.394603619372653,0.08904506509108337,34.321316152939,0.0,0.08904506509108337,7.527296119178879,26.79402003376012,12.46259699017077,0.00039638062734664083,0.00039638062734664083,0.0003963847680986821,4.6203353118546175,0.08904506095033132,0,0.0,0,26.79402003376012,,,,,,,,,,,
4137,7/28/1978,13.359,29.404,7.000,3.463,3.463,25.941,0.0,0,25.9406036152319,0.08904506095033132,52.735020033741684,0.0,0.08904506095033132,15.400363455922202,37.33465657781948,23.543073670163185,0.0003963847680986795,0.0003963847680986795,0.00039638474966609364,9.908828064294783,0.08904506096876391,0,0.0,0,37.33465657781948,,,,,,,,,,,
4138,7/29/1978,8.054,15.181,7.000,3.463,3.463,11.718,0.0,0,11.717603615250335,0.08904506096876391,49.05265657781956,0.0,0.08904506096876391,13.650126186677708,35.40253039114185,21.16514157140553,0.00039638474966609597,0.00039638474966609597,0.00039638474974814644,8.713254916743283,0.08904506096868185,0,0.0,0,35.40253039114185,,,,,,,,,,,
4139,7/30/1978,7.736,11.775,7.000,3.463,3.463,8.312000000000001,0.0,0,8.311603615250252,0.08904506096868185,43.71453039114185,0.0,0.08904506096868185,11.26528388492331,32.44924650621854,17.854411324119013,0.0003963847497481537,0.0003963847497481537,0.0003963847497477811,7.100656400138596,0.08904506096868223,0,0.0,0,32.44924650621854,,,,,,,,,,,
4140,7/31/1978,4.647,5.196,7.000,3.463,3.463,1.7329999999999997,0.0,0,1.732603615250252,0.08904506096868223,34.18224650621855,0.0,0.08904506096868223,7.476530589541356,26.705715916677192,12.387305443130646,0.0003963847497477797,0.0003963847497477797,0.0003963847497477828,4.587131898406928,0.08904506096868223,0,0.0,0,26.705715916677192,,,,,,,,,,,
4141,8/1/1978,1.751,8.277,8.000,3.792,3.792,4.484999999999999,0.0,0,4.4846036152502515,0.08904506096868223,31.190715916677192,0.0,0.08904506096868223,6.418122718946351,24.772593197730842,10.802420287146075,0.0003963847497477797,0.0003963847497477797,0.0003963847497477828,3.898406128275481,0.08904506096868223,0,0.0,0,24.772593197730842,,,,,,,,,,,
4142,8/2/1978,3.579,14.385,8.000,3.792,3.792,10.593,0.0,0,10.592603615250253,0.08904506096868223,35.365593197730846,0.0,0.08904506096868223,7.912869863280284,27.45272333445056,13.032415921142329,0.0003963847497477797,0.0003963847497477797,0.0003963847497477828,4.872996044252911,0.08904506096868223,0,0.0,0,27.45272333445056,,,,,,,,,,,
4143,8/3/1978,6.038,6.981,8.000,3.792,3.792,3.189,0.0,0,3.188603615250252,0.08904506096868223,30.64172333445056,0.0,0.08904506096868223,6.230952251237884,24.410771083212676,10.518959547973022,0.0003963847497477797,0.0003963847497477797,0.0003963847497477828,3.777354244024469,0.08904506096868223,0,0.0,0,24.410771083212676,,,,,,,,,,,
4144,8/4/1978,1.636,5.861,8.000,3.792,3.792,2.069,0.0,0,2.068603615250252,0.08904506096868223,26.479771083212675,0.0,0.08904506096868223,4.885280318989798,21.594490764222876,8.448874002026066,0.0003963847497477797,0.0003963847497477797,0.0003963847497477828,2.914539741461573,0.08904506096868223,0,0.0,0,21.594490764222876,,,,,,,,,,,
4145,8/5/1978,1.650,7.045,8.000,3.792,3.792,3.253,0.0,0,3.252603615250252,0.08904506096868223,24.847490764222876,0.0,0.08904506096868223,4.393763478191457,20.45372728603142,7.676957506650995,0.0003963847497477797,0.0003963847497477797,0.0003963847497477828,2.6030761432058753,0.08904506096868223,0,0.0,0,20.45372728603142,,,,,,,,,,,
4146,8/6/1978,2.141,10.099,8.000,3.792,3.792,6.307,0.0,0,6.3066036152502525,0.08904506096868223,26.760727286031422,0.0,0.08904506096868223,4.971975331903093,21.78875195412833,8.584081338704324,0.0003963847497477797,0.0003963847497477797,0.0003963847497477828,2.9696969915075955,0.08904506096868223,0,0.0,0,21.78875195412833,,,,,,,,,,,
4147,8/7/1978,2.618,3.095,8.000,3.792,3.095,0.0,0.6969999999999996,0.0,0.0,0.08904506096868223,21.7888840022796,0.05938136757918279,0.029663693389499438,3.529859528406231,18.25902447387337,6.29573832220797,0.0,0.0,0.00013204815127171565,2.0613482245213097,0.02953164523822772,0,0.0,0,18.25902447387337,,,,,,,,,,,
4148,8/8/1978,1.326,3.257,8.000,3.792,3.257,0.0,0.5349999999999997,0.0,0.0,0.02953164523822772,18.2590866312819,0.015568418258195878,0.013963226980031843,2.6292438096225212,15.629842821659379,4.815786962960442,0.0,0.0,6.21574085293517e-05,1.5059382924184932,0.013901069571502491,0,0.0,0,15.629842821659379,,,,,,,,,,,
4149,8/9/1978,1.508,5.405,8.000,3.792,3.792,1.6130000000000004,0.0,0,1.5374596238530729,0.013901069571502491,17.167364326226814,0.0,0.013901069571502491,2.3724941553328094,14.794870170894004,4.384774683526777,0.07554037614692748,0.07554037614692748,6.188071436398364e-05,1.349724329427902,0.08937956500406598,0,0.0,0,14.794870170894004,,,,,,,,,,,
4150,8/10/1978,1.916,10.023,8.000,3.792,3.792,6.231,0.0,0,6.230938119285636,0.08937956500406598,21.026206163976585,0.0,0.08937956500406598,3.326345135493036,17.69986102848355,5.9652342374332035,6.188071436402904e-05,6.188071436402904e-05,0.00039787379694380693,1.9349255021370237,0.0890435719214862,0,0.0,0,17.69986102848355,,,,,,,,,,,
4151,8/11/1978,2.376,2.375,8.000,3.792,2.375,0.0,1.4169999999999998,0.0,0.0,0.0890435719214862,17.69986102848355,0.0890435719214862,0.0,2.4964078464794235,15.203453182004127,4.593357188601983,0.0,0.0,0.0,1.4249851460712837,0.0,0,0.0,0,15.203453182004127,,,,,,,,,,,
4152,8/12/1978,1.147,0.854,8.000,3.792,0.854,0.0,2.9379999999999997,0.0,0.0,0.0,15.203453182004127,0.0,0.0,1.9376240361409838,13.265829145863144,3.643606205644694,0.0,0.0,0.0,1.0877353295185728,0.0,0,0.0,0,13.265829145863144,,,,,,,,,,,
4153,8/13/1978,1.214,1.021,8.000,3.792,1.021,0.0,2.771,0.0,0.0,0.0,13.265829145863144,0.0,0.0,1.543795524032191,11.722033621830953,2.958168117425451,0.0,0.0,0.0,0.8537885547292265,0.0,0,0.0,0,11.722033621830953,,,,,,,,,,,
4154,8/14/1978,1.318,2.323,8.000,3.792,2.323,0.0,1.4689999999999999,0.0,0.0,0.0,11.722033621830953,0.0,0.0,1.2561380831679447,10.465895538663007,2.44710588464467,0.0,0.0,0.0,0.6853388425566068,0.0,0,0.0,0,10.465895538663007,,,,,,,,,,,
4155,8/15/1978,1.191,1.371,8.000,3.792,1.371,0.0,2.421,0.0,0.0,0.0,10.465895538663007,0.0,0.0,1.0399036539203568,9.42599188474265,2.0559043586660155,0.0,0.0,0.0,0.5603540545099905,0.0,0,0.0,0,9.42599188474265,,,,,,,,,,,
4156,8/16/1978,1.232,1.474,8.000,3.792,1.474,0.0,2.3179999999999996,0.0,0.0,0.0,9.42599188474265,0.0,0.0,0.8734623985845651,8.552529486158086,1.749873383806578,0.0,0.0,0.0,0.4652959988752935,0.0,0,0.0,0,8.552529486158086,,,,,,,,,,,
4157,8/17/1978,1.275,2.024,8.000,3.792,2.024,0.0,1.7679999999999998,0.0,0.0,0.0,8.552529486158086,0.0,0.0,0.7427740883063719,7.809755397851714,1.5060499923598434,0.0,0.0,0.0,0.3914806696782953,0.0,0,0.0,0,7.809755397851714,,,,,,,,,,,
4158,8/18/1978,1.704,7.154,8.000,3.792,3.792,3.362,0.0,0,3.27255855428157,0.0,11.082313952133283,0.0,0.0,1.1439749816715632,9.93833897046172,2.245016543382786,0.08944144571843,0.08944144571843,0.0,0.6203140538123433,0.08944144571843,0,0.0,0,9.93833897046172,,,,,,,,,,,
4159,8/19/1978,1.679,5.997,8.000,3.792,3.792,2.205,0.0,0,2.205,0.08944144571843,12.143737119721123,0.0,0.08944144571843,1.332354235683873,10.81138288403725,2.5834812505445535,0.0,0.0,0.00039814925940304455,0.7297447837603873,0.08904329645902696,0,0.0,0,10.81138288403725,,,,,,,,,,,
4160,8/20/1978,1.216,2.322,8.000,3.792,2.322,0.0,1.4699999999999998,0.0,0.0,0.08904329645902696,10.81138288403725,0.08904329645902696,0.0,1.0977443021915325,9.713638581845718,2.1612076698090243,0.0,0.0,0.0,0.5936321979825574,0.0,0,0.0,0,9.713638581845718,,,,,,,,,,,
4161,8/21/1978,1.230,1.837,8.000,3.792,1.837,0.0,1.9549999999999998,0.0,0.0,0.0,9.713638581845718,0.0,0.0,0.9183375563120173,8.7953010255337,1.8328498804704054,0.0,0.0,0.0,0.4908164888781085,0.0,0,0.0,0,8.7953010255337,,,,,,,,,,,
4162,8/22/1978,1.337,2.912,8.000,3.792,2.912,0.0,0.8799999999999999,0.0,0.0,0.0,8.7953010255337,0.0,0.0,0.7782461093016926,8.017054916232007,1.572566883994944,0.0,0.0,0.0,0.4114373051435553,0.0,0,0.0,0,8.017054916232007,,,,,,,,,,,
4163,8/23/1978,1.436,4.463,8.000,3.792,3.792,0.6710000000000003,0.0,0,0.5815586087712796,0.0,8.598613525003287,0.0,0.0,0.7494566092313882,7.849156915771899,1.5186011774901422,0.08944139122872061,0.08944139122872061,0.0,0.3952355661853812,0.08944139122872061,0,0.0,0,7.849156915771899,,,,,,,,,,,
4164,8/24/1978,1.085,0.735,8.000,3.792,0.735,0.0,3.057,0.0,0.0,0.08944139122872061,7.849156915771899,0.08944139122872061,0.0,0.643779974840822,7.205376940931077,1.3189560141618621,0.0,0.0,0.0,0.3361271282650122,0.0,0,0.0,0,7.205376940931077,,,,,,,,,,,
4165,8/25/1978,1.217,0.998,8.000,3.792,0.998,0.0,2.7939999999999996,0.0,0.0,0.0,7.205376940931077,0.0,0.0,0.5582048688936702,6.6471720720374075,1.1553041821035201,0.0,0.0,0.0,0.28872460081138135,0.0,0,0.0,0,6.6471720720374075,,,,,,,,,,,
4166,8/26/1978,1.312,2.241,8.000,3.792,2.241,0.0,1.5509999999999997,0.0,0.0,0.0,6.6471720720374075,0.0,0.0,0.48800841794427235,6.159163654093135,1.0195475582438933,0.0,0.0,0.0,0.25019403661141854,0.0,0,0.0,0,6.159163654093135,,,,,,,,,,,
4167,8/27/1978,1.398,3.780,8.000,3.792,3.78,0.0,0.01200000000000001,0.0,0.0,0.0,6.159163654093135,0.0,0.0,0.4297692623798333,5.729394391713301,0.9057403822380334,0.0,0.0,0.0,0.21850095330641436,0.0,0,0.0,0,5.729394391713301,,,,,,,,,,,
4168,8/28/1978,1.177,1.700,8.000,3.792,1.7,0.0,2.0919999999999996,0.0,0.0,0.0,5.729394391713301,0.0,0.0,0.3809608166042664,5.348433575109034,0.8094370810566499,0.0,0.0,0.0,0.19215571663333406,0.0,0,0.0,0,5.348433575109034,,,,,,,,,,,
4169,8/29/1978,1.278,2.158,8.000,3.792,2.158,0.0,1.634,0.0,0.0,0.0,5.348433575109034,0.0,0.0,0.33968532791007655,5.008748247198958,0.7272598764602659,0.0,0.0,0.0,0.1700484569371263,0.0,0,0.0,0,5.008748247198958,,,,,,,,,,,
4170,8/30/1978,1.133,0.605,8.000,3.792,0.605,0.0,3.187,0.0,0.0,0.0,5.008748247198958,0.0,0.0,0.30449566706217884,4.704252580136779,0.6566052712462309,0.0,0.0,0.0,0.1513393232519186,0.0,0,0.0,0,4.704252580136779,,,,,,,,,,,
4171,8/31/1978,1.168,0.357,8.000,3.792,0.357,0.0,3.4349999999999996,0.0,0.0,0.0,4.704252580136779,0.0,0.0,0.27427327832521264,4.429979301811566,0.5954406001817842,0.0,0.0,0.0,0.13538388880365,0.0,0,0.0,0,4.429979301811566,,,,,,,,,,,
4172,9/1/1978,1.194,0.548,9.000,4.609,0.548,0.0,4.061,0.0,0.0,0.0,4.429979301811566,0.0,0.0,0.24814294930029912,4.181836352511267,0.5421603514256901,0.0,0.0,0.0,0.1216814345676436,0.0,0,0.0,0,4.181836352511267,,,,,,,,,,,
4173,9/2/1978,1.240,1.192,9.000,4.609,1.192,0.0,3.417,0.0,0.0,0.0,4.181836352511267,0.0,0.0,0.2254122430266112,3.9564241094846557,0.495482980627416,0.0,0.0,0.0,0.10983844997881337,0.0,0,0.0,0,3.9564241094846557,,,,,,,,,,,
4174,9/3/1978,2.043,10.516,9.000,4.609,4.609,5.907,0.0,0,5.81755855428157,0.0,9.773982663766226,0.0,0.0,0.9278655533660437,8.846117110400183,1.850421733469172,0.08944144571843,0.08944144571843,0.0,0.49624576653843516,0.08944144571843,0,0.0,0,8.846117110400183,,,,,,,,,,,
4175,9/4/1978,8.274,17.561,9.000,4.609,4.609,12.952,0.0,0,12.952,0.08944144571843,21.798515259659588,0.0,0.08944144571843,3.5324603954795935,18.266054864179996,6.299948512751859,0.0,0.0,0.00039814925940304455,2.0629670443606885,0.08904329645902696,0,0.0,0,18.266054864179996,,,,,,,,,,,
4176,9/5/1978,8.380,13.614,9.000,4.609,4.609,9.005,0.0,0,9.004601850740597,0.08904329645902696,27.27105309181561,0.0,0.08904329645902696,5.13100328823892,22.14004980357669,8.831394714491292,0.0003981492594030382,0.0003981492594030382,0.0003963768950199571,3.0710379110960417,0.08904506882341005,0,0.0,0,22.14004980357669,,,,,,,,,,,
4177,9/6/1978,4.226,1.874,9.000,4.609,1.874,0.0,2.735,0.0,0.0,0.08904506882341005,22.14004980357669,0.08904506882341005,0.0,3.6251843847941125,18.514865418782577,6.449828837158011,0.0,0.0,0.0,2.120730725708789,0.0,0,0.0,0,18.514865418782577,,,,,,,,,,,
4178,9/7/1978,1.115,0.271,9.000,4.609,0.271,0.0,4.338,0.0,0.0,0.0,18.514865418782577,0.0,0.0,2.6909153998690765,15.8239500189135,4.918657899074986,0.0,0.0,0.0,1.5436147410638565,0.0,0,0.0,0,15.8239500189135,,,,,,,,,,,
4179,9/8/1978,1.190,0.461,9.000,4.609,0.461,0.0,4.148,0.0,0.0,0.0,15.8239500189135,0.0,0.0,2.071209116342325,13.752740902571174,3.872890430080787,0.0,0.0,0.0,1.1678387594106612,0.0,0,0.0,0,13.752740902571174,,,,,,,,,,,
4180,9/9/1978,1.156,0.145,9.000,4.609,0.145,0.0,4.464,0.0,0.0,0.0,13.752740902571174,0.0,0.0,1.639385967034175,12.113354935537,3.125939094743516,0.0,0.0,0.0,0.910245608755,0.0,0,0.0,0,12.113354935537,,,,,,,,,,,
4181,9/10/1978,1.200,0.514,9.000,4.609,0.514,0.0,4.095,0.0,0.0,0.0,12.113354935537,0.0,0.0,1.3268032174331779,10.786551718103823,2.5735733999439065,0.0,0.0,0.0,0.7265048194099044,0.0,0,0.0,0,10.786551718103823,,,,,,,,,,,
4182,9/11/1978,1.159,0.209,9.000,4.609,0.209,0.0,4.4,0.0,0.0,0.0,10.786551718103823,0.0,0.0,1.0935454256760067,9.693006292427816,2.153580276183165,0.0,0.0,0.0,0.5912124477879657,0.0,0,0.0,0,9.693006292427816,,,,,,,,,,,
4183,9/12/1978,1.205,0.610,9.000,4.609,0.61,0.0,3.999,0.0,0.0,0.0,9.693006292427816,0.0,0.0,0.9150888615655028,8.777917430862313,1.8268549044157372,0.0,0.0,0.0,0.48896615118715103,0.0,0,0.0,0,8.777917430862313,,,,,,,,,,,
4184,9/13/1978,1.273,1.611,9.000,4.609,1.611,0.0,2.998,0.0,0.0,0.0,8.777917430862313,0.0,0.0,0.7756841731196931,8.00223325774262,1.5677715029289097,0.0,0.0,0.0,0.4099939147049624,0.0,0,0.0,0,8.00223325774262,,,,,,,,,,,
4185,9/14/1978,1.337,2.812,9.000,4.609,2.812,0.0,1.7970000000000002,0.0,0.0,0.0,8.00223325774262,0.0,0.0,0.6648409920670689,7.337392265675551,1.3589496088930302,0.0,0.0,0.0,0.34785944678430347,0.0,0,0.0,0,7.337392265675551,,,,,,,,,,,
4186,9/15/1978,1.221,1.925,9.000,4.609,1.925,0.0,2.684,0.0,0.0,0.0,7.337392265675551,0.0,0.0,0.5753542701289692,6.762037995546582,1.188255046513549,0.0,0.0,0.0,0.2981880541272414,0.0,0,0.0,0,6.762037995546582,,,,,,,,,,,
4187,9/16/1978,1.856,8.812,9.000,4.609,4.609,4.202999999999999,0.0,0,4.113558554281569,0.0,10.875596549828153,0.0,0.0,1.108632463961787,9.766964085866366,2.1809742220617996,0.08944144571843,0.08944144571843,0.0,0.5999097161814869,0.08944144571843,0,0.0,0,9.766964085866366,,,,,,,,,,,
4188,9/17/1978,3.842,12.664,9.000,4.609,4.609,8.055,0.0,0,8.055,0.08944144571843,17.82236223512577,0.0,0.08944144571843,2.5252704031747255,15.297091831951043,4.641787786661092,0.0,0.0,0.00039814925940304455,1.4425510323740391,0.08904329645902696,0,0.0,0,15.297091831951043,,,,,,,,,,,
4189,9/18/1978,4.645,3.825,9.000,4.609,3.825,0.0,0.7839999999999998,0.0,0.0,0.08904329645902696,15.297190883212378,0.06679212355130881,0.02225117290771815,1.9575758025285772,13.339615080683801,3.6779476252422576,0.0,0.0,9.905126133523081e-05,1.0996767942879135,0.02215212164638292,0,0.0,0,13.339615080683801,,,,,,,,,,,
4190,9/19/1978,1.093,0.677,9.000,4.609,0.677,0.0,3.932,0.0,0.0,0.02215212164638292,13.339615080683801,0.02215212164638292,0.0,1.5581332959451926,11.78148178473861,2.9833937578703726,0.0,0.0,0.0,0.8622423244418138,0.0,0,0.0,0,11.78148178473861,,,,,,,,,,,
4191,9/20/1978,1.355,2.584,9.000,4.609,2.584,0.0,2.025,0.0,0.0,0.0,11.78148178473861,0.0,0.0,1.2667735057117198,10.51470827902689,2.4661806870079337,0.0,0.0,0.0,0.6915249755244454,0.0,0,0.0,0,10.51470827902689,,,,,,,,,,,
4192,9/21/1978,1.328,3.104,9.000,4.609,3.104,0.0,1.505,0.0,0.0,0.0,10.51470827902689,0.0,0.0,1.0479996997015455,9.466708579325344,2.070674596192983,0.0,0.0,0.0,0.5650048712077363,0.0,0,0.0,0,9.466708579325344,,,,,,,,,,,
4193,9/22/1978,2.054,11.437,9.000,4.609,4.609,6.827999999999999,0.0,0,6.738558554281569,0.0,16.205267133606913,0.0,0.0,2.1550603451947064,14.050206788412208,4.016059834114056,0.08944144571843,0.08944144571843,0.0,1.2182950348146613,0.08944144571843,0,0.0,0,14.050206788412208,,,,,,,,,,,
4194,9/23/1978,6.137,10.037,9.000,4.609,4.609,5.428000000000001,0.0,0,5.428000000000001,0.08944144571843,19.478604937671612,0.0,0.08944144571843,2.9283896312818234,16.550215306389788,5.312543089842056,0.0,0.0,0.00039814925940304455,1.6892133535306983,0.08904329645902696,0,0.0,0,16.550215306389788,,,,,,,,,,,
4195,9/24/1978,3.047,4.854,9.000,4.609,4.609,0.2450000000000001,0.0,0,0.24460351703349495,0.08904329645902696,16.795215200318303,0.0,0.08904329645902696,2.2873979785968714,14.507817221721432,4.24089517765441,0.0003964829665051535,0.0003964829665051535,0.0003963768950199571,1.2981887408164154,0.08904340253051217,0,0.0,0,14.507817221721432,,,,,,,,,,,
4196,9/25/1978,1.490,5.525,9.000,4.609,4.609,0.9160000000000004,0.0,0,0.9156019568125899,0.08904340253051217,15.42381555590122,0.0,0.08904340253051217,1.9846571053070696,13.43915845059415,3.7245056737897944,0.00039804318741039617,0.00039804318741039617,0.00039637736719796073,1.115898207871567,0.08904506835072461,0,0.0,0,13.43915845059415,,,,,,,,,,,
4197,9/26/1978,1.238,2.645,9.000,4.609,2.645,0.0,1.964,0.0,0.0,0.08904506835072461,13.43915845059415,0.08904506835072461,0.0,1.5775600586714313,11.861598391922719,3.017537899391723,0.0,0.0,0.0,0.8737048016117932,0.0,0,0.0,0,11.861598391922719,,,,,,,,,,,
4198,9/27/1978,1.217,1.807,9.000,4.609,1.807,0.0,2.802,0.0,0.0,0.0,11.861598391922719,0.0,0.0,1.2811632452127064,10.580435146710013,2.4919656103860173,0.0,0.0,0.0,0.6999002573855786,0.0,0,0.0,0,10.580435146710013,,,,,,,,,,,
4199,9/28/1978,1.672,6.619,9.000,4.609,4.609,2.01,0.0,0,1.9205585542815697,0.0,12.500993700991582,0.0,0.0,1.3983203304582845,11.102673370533298,2.7009346840864628,0.08944144571843,0.08944144571843,0.0,0.7683142991331475,0.08944144571843,0,0.0,0,11.102673370533298,,,,,,,,,,,
4200,9/29/1978,3.124,18.251,9.000,4.609,4.609,13.642000000000001,0.0,0,13.642000000000001,0.08944144571843,24.745071519792702,0.0,0.08944144571843,4.363620437389123,20.38145108240358,7.629309671695028,0.0,0.0,0.00039814925940304455,2.5840471895300126,0.08904329645902696,0,0.0,0,20.38145108240358,,,,,,,,,,,
4201,9/30/1978,6.288,7.855,9.000,4.609,4.609,3.2460000000000004,0.0,0,3.2456018507405973,0.08904329645902696,23.627449310039196,0.0,0.08904329645902696,4.040116095394035,19.587333214645163,7.115553806559797,0.0003981492594030382,0.0003981492594030382,0.0003963768950199571,2.3803788789542972,0.08904506882341005,0,0.0,0,19.587333214645163,,,,,,,,,,,
4202,10/1/1978,1.192,0.604,10.000,5.054,0.604,0.0,4.45,0.0,0.0,0.08904506882341005,19.587333214645163,0.08904506882341005,0.0,2.955683750491789,16.631649464153373,5.357595335864129,0.0,0.0,0.0,1.705998819241607,0.0,0,0.0,0,16.631649464153373,,,,,,,,,,,
4203,10/2/1978,1.179,0.485,10.000,5.054,0.485,0.0,4.569,0.0,0.0,0.0,16.631649464153373,0.0,0.0,2.250391004718146,14.381258459435227,4.178156803953389,0.0,0.0,0.0,1.2758157949503084,0.0,0,0.0,0,14.381258459435227,,,,,,,,,,,
4204,10/3/1978,1.247,1.235,10.000,5.054,1.235,0.0,3.819,0.0,0.0,0.0,14.381258459435227,0.0,0.0,1.7661486915124058,12.61510976792282,3.3469929942278367,0.0,0.0,0.0,0.9854464458823096,0.0,0,0.0,0,12.61510976792282,,,,,,,,,,,
4205,10/4/1978,1.221,1.283,10.000,5.054,1.283,0.0,3.7710000000000004,0.0,0.0,0.0,12.61510976792282,0.0,0.0,1.4196594175555997,11.19545035036722,2.738818015895415,0.0,0.0,0.0,0.7808169165198285,0.0,0,0.0,0,11.19545035036722,,,,,,,,,,,
4206,10/5/1978,1.162,0.587,10.000,5.054,0.587,0.0,4.4670000000000005,0.0,0.0,0.0,11.19545035036722,0.0,0.0,1.1635053695076334,10.031944980859587,2.2803298325288526,0.0,0.0,0.0,0.6316074467743685,0.0,0,0.0,0,10.031944980859587,,,,,,,,,,,
4207,10/6/1978,1.304,1.955,10.000,5.054,1.955,0.0,3.099,0.0,0.0,0.0,10.031944980859587,0.0,0.0,0.9690384602379987,9.062906520621588,1.9261751896482286,0.0,0.0,0.0,0.5197488146878819,0.0,0,0.0,0,9.062906520621588,,,,,,,,,,,
4208,10/7/1978,1.105,0.173,10.000,5.054,0.173,0.0,4.881,0.0,0.0,0.0,9.062906520621588,0.0,0.0,0.8181098322982042,8.244796688323385,1.64701281033724,0.0,0.0,0.0,0.4339361570531911,0.0,0,0.0,0,8.244796688323385,,,,,,,,,,,
4209,10/8/1978,1.174,0.218,10.000,5.054,0.218,0.0,4.836,0.0,0.0,0.0,8.244796688323385,0.0,0.0,0.6987669608966646,7.5460297274267205,1.423153530618696,0.0,0.0,0.0,0.3668095414618081,0.0,0,0.0,0,7.5460297274267205,,,,,,,,,,,
4210,10/9/1978,1.171,0.203,10.000,5.054,0.203,0.0,4.851,0.0,0.0,0.0,7.5460297274267205,0.0,0.0,0.6028787332927517,6.943150994133969,1.240974941415004,0.0,0.0,0.0,0.31341534773915153,0.0,0,0.0,0,6.943150994133969,,,,,,,,,,,
4211,10/10/1978,1.190,0.419,10.000,5.054,0.419,0.0,4.635000000000001,0.0,0.0,0.0,6.943150994133969,0.0,0.0,0.524759280686981,6.418391713446988,1.0908038631980945,0.0,0.0,0.0,0.27032402282735035,0.0,0,0.0,0,6.418391713446988,,,,,,,,,,,
4212,10/11/1978,1.177,0.375,10.000,5.054,0.375,0.0,4.679,0.0,0.0,0.0,6.418391713446988,0.0,0.0,0.4603372745704634,5.958054438876525,0.9656158425068404,0.0,0.0,0.0,0.23510272583935513,0.0,0,0.0,0,5.958054438876525,,,,,,,,,,,
4213,10/12/1978,1.160,0.161,10.000,5.054,0.161,0.0,4.893000000000001,0.0,0.0,0.0,5.958054438876525,0.0,0.0,0.40663668515678486,5.55141775371974,0.8602093073527827,0.0,0.0,0.0,0.20598871872231667,0.0,0,0.0,0,5.55141775371974,,,,,,,,,,,
4214,10/13/1978,1.250,1.112,10.000,5.054,1.112,0.0,3.942,0.0,0.0,0.0,5.55141775371974,0.0,0.0,0.36144228674537254,5.189975466974367,0.7706657692596612,0.0,0.0,0.0,0.18168078209660993,0.0,0,0.0,0,5.189975466974367,,,,,,,,,,,
4215,10/14/1978,1.175,0.672,10.000,5.054,0.672,0.0,4.382000000000001,0.0,0.0,0.0,5.189975466974367,0.0,0.0,0.3230784218925309,4.866897045081837,0.6939879671416527,0.0,0.0,0.0,0.16120238411111673,0.0,0,0.0,0,4.866897045081837,,,,,,,,,,,
4216,10/15/1978,1.136,0.008,10.000,5.054,0.008,0.0,5.046,0.0,0.0,0.0,4.866897045081837,0.0,0.0,0.2902592330013308,4.576637812080506,0.6278518251874916,0.0,0.0,0.0,0.14380976905200085,0.0,0,0.0,0,4.576637812080506,,,,,,,,,,,
4217,10/16/1978,1.176,0.156,10.000,5.054,0.156,0.0,4.898000000000001,0.0,0.0,0.0,4.576637812080506,0.0,0.0,0.261985156155939,4.314652655924567,0.5704330194230972,0.0,0.0,0.0,0.1289289053621098,0.0,0,0.0,0,4.314652655924567,,,,,,,,,,,
4218,10/17/1978,1.161,0.062,10.000,5.054,0.062,0.0,4.992,0.0,0.0,0.0,4.314652655924567,0.0,0.0,0.23747004985009404,4.077182606074473,0.520283535739594,0.0,0.0,0.0,0.11611140780430267,0.0,0,0.0,0,4.077182606074473,,,,,,,,,,,
4219,10/18/1978,1.193,0.395,10.000,5.054,0.395,0.0,4.659000000000001,0.0,0.0,0.0,4.077182606074473,0.0,0.0,0.21608902794862178,3.861093578125851,0.4762423894733086,0.0,0.0,0.0,0.10500319551118899,0.0,0,0.0,0,3.861093578125851,,,,,,,,,,,
4220,10/19/1978,1.158,0.131,10.000,5.054,0.131,0.0,4.923,0.0,0.0,0.0,3.861093578125851,0.0,0.0,0.1973405451321509,3.6637530329937,0.43737010704622586,0.0,0.0,0.0,0.09532185990295185,0.0,0,0.0,0,3.6637530329937,,,,,,,,,,,
4221,10/20/1978,1.188,0.369,10.000,5.054,0.369,0.0,4.6850000000000005,0.0,0.0,0.0,3.6637530329937,0.0,0.0,0.18081845864671586,3.4829345743469844,0.40290000428832695,0.0,0.0,0.0,0.08684009100306356,0.0,0,0.0,0,3.4829345743469844,,,,,,,,,,,
4222,10/21/1978,1.154,0.069,10.000,5.054,0.069,0.0,4.985,0.0,0.0,0.0,3.4829345743469844,0.0,0.0,0.16619118022181256,3.316743394125172,0.37220151346911096,0.0,0.0,0.0,0.0793733835029721,0.0,0,0.0,0,3.316743394125172,,,,,,,,,,,
4223,10/22/1978,1.174,0.173,10.000,5.054,0.173,0.0,4.881,0.0,0.0,0.0,3.316743394125172,0.0,0.0,0.15318593767081795,3.163557456454354,0.34475227023599225,0.0,0.0,0.0,0.0727708092186574,0.0,0,0.0,0,3.163557456454354,,,,,,,,,,,
4224,10/23/1978,1.171,0.199,10.000,5.054,0.199,0.0,4.855,0.0,0.0,0.0,3.163557456454354,0.0,0.0,0.1415767663606973,3.0219806900936566,0.3201166486402449,0.0,0.0,0.0,0.06690801536898028,0.0,0,0.0,0,3.0219806900936566,,,,,,,,,,,
4225,10/24/1978,1.185,0.367,10.000,5.054,0.367,0.0,4.687,0.0,0.0,0.0,3.0219806900936566,0.0,0.0,0.13117525570594799,2.8908054343877088,0.29792909704368026,0.0,0.0,0.0,0.061681858049700916,0.0,0,0.0,0,2.8908054343877088,,,,,,,,,,,
4226,10/25/1978,1.223,0.893,10.000,5.054,0.893,0.0,4.1610000000000005,0.0,0.0,0.0,2.8908054343877088,0.0,0.0,0.12182335301189132,2.7689820813758175,0.27788108648116966,0.0,0.0,0.0,0.057006250434110284,0.0,0,0.0,0,2.7689820813758175,,,,,,,,,,,
4227,10/26/1978,1.164,0.434,10.000,5.054,0.434,0.0,4.62,0.0,0.0,0.0,2.7689820813758175,0.0,0.0,0.11338771935428596,2.6555943620215317,0.25971080406481817,0.0,0.0,0.0,0.05280892271578919,0.0,0,0.0,0,2.6555943620215317,,,,,,,,,,,
4228,10/27/1978,1.165,0.232,10.000,5.054,0.232,0.0,4.822,0.0,0.0,0.0,2.6555943620215317,0.0,0.0,0.10575526741982477,2.549839094601707,0.2431949514630249,0.0,0.0,0.0,0.04902887299338892,0.0,0,0.0,0,2.549839094601707,,,,,,,,,,,
4229,10/28/1978,1.168,0.174,10.000,5.054,0.174,0.0,4.88,0.0,0.0,0.0,2.549839094601707,0.0,0.0,0.09882960745719602,2.451009487144511,0.22814217153349806,0.0,0.0,0.0,0.045614346491219766,0.0,0,0.0,0,2.451009487144511,,,,,,,,,,,
4230,10/29/1978,1.176,0.239,10.000,5.054,0.239,0.0,4.815,0.0,0.0,0.0,2.451009487144511,0.0,0.0,0.09252819672559047,2.3584812904189203,0.21438774434748414,0.0,0.0,0.0,0.042521222185667534,0.0,0,0.0,0,2.3584812904189203,,,,,,,,,,,
4231,10/30/1978,1.250,1.149,10.000,5.054,1.149,0.0,3.9050000000000002,0.0,0.0,0.0,2.3584812904189203,0.0,0.0,0.08678003816985379,2.2717012522490667,0.20178928034637406,0.0,0.0,0.0,0.03971171607232286,0.0,0,0.0,0,2.2717012522490667,,,,,,,,,,,
4232,10/31/1978,1.165,0.568,10.000,5.054,0.568,0.0,4.486000000000001,0.0,0.0,0.0,2.2717012522490667,0.0,0.0,0.08152381101581749,2.1901774412332493,0.19022320230815276,0.0,0.0,0.0,0.03715333235959185,0.0,0,0.0,0,2.1901774412332493,,,,,,,,,,,
4233,11/1/1978,1.158,0.212,11.000,5.054,0.212,0.0,4.8420000000000005,0.0,0.0,0.0,2.1901774412332493,0.0,0.0,0.07670634337164403,2.113471097861605,0.17958185548233171,0.0,0.0,0.0,0.03481801014499489,0.0,0,0.0,0,2.113471097861605,,,,,,,,,,,
4234,11/2/1978,1.157,0.049,11.000,5.054,0.049,0.0,5.005,0.0,0.0,0.0,2.113471097861605,0.0,0.0,0.07228135739648955,2.0411897404651156,0.1697711211115712,0.0,0.0,0.0,0.03268142524141186,0.0,0,0.0,0,2.0411897404651156,,,,,,,,,,,
4235,11/3/1978,1.161,0.009,11.000,5.054,0.009,0.0,5.045,0.0,0.0,0.0,2.0411897404651156,0.0,0.0,0.06820843302838814,1.9729813074367275,0.16070843574211605,0.0,0.0,0.0,0.0307224159103525,0.0,0,0.0,0,1.9729813074367275,,,,,,,,,,,
4236,11/4/1978,1.166,0.051,11.000,5.054,0.051,0.0,5.003,0.0,0.0,0.0,1.9729813074367275,0.0,0.0,0.06445214798193208,1.9085291594547955,0.1523211394875379,0.0,0.0,0.0,0.028922508135078843,0.0,0,0.0,0,1.9085291594547955,,,,,,,,,,,
4237,11/5/1978,1.177,0.197,11.000,5.054,0.197,0.0,4.857,0.0,0.0,0.0,1.9085291594547955,0.0,0.0,0.060981360691090475,1.847547798763705,0.1445450923809601,0.0,0.0,0.0,0.027265521305935323,0.0,0,0.0,0,1.847547798763705,,,,,,,,,,,
4238,11/6/1978,1.165,0.121,11.000,5.054,0.121,0.0,4.933,0.0,0.0,0.0,1.847547798763705,0.0,0.0,0.05776860977806129,1.7897791889856438,0.13732351031868395,0.0,0.0,0.0,0.025737239210959842,0.0,0,0.0,0,1.7897791889856438,,,,,,,,,,,
4239,11/7/1978,1.169,0.135,11.000,5.054,0.135,0.0,4.9190000000000005,0.0,0.0,0.0,1.7897791889856438,0.0,0.0,0.05478960898335451,1.7349895800022892,0.13060598173705096,0.0,0.0,0.0,0.02432513433082762,0.0,0,0.0,0,1.7349895800022892,,,,,,,,,,,
4240,11/8/1978,1.165,0.098,11.000,5.054,0.098,0.0,4.956,0.0,0.0,0.0,1.7349895800022892,0.0,0.0,0.05202282066974685,1.6829667593325424,0.12434763372224904,0.0,0.0,0.0,0.02301813585171219,0.0,0,0.0,0,1.6829667593325424,,,,,,,,,,,
4241,11/9/1978,1.322,1.929,11.000,5.054,1.929,0.0,3.125,0.0,0.0,0.0,1.6829667593325424,0.0,0.0,0.04944909429135755,1.633517665041185,0.11850842221318338,0.0,0.0,0.0,0.021806433697962282,0.0,0,0.0,0,1.633517665041185,,,,,,,,,,,
4242,11/10/1978,1.222,1.588,11.000,5.054,1.588,0.0,3.466,0.0,0.0,0.0,1.633517665041185,0.0,0.0,0.047051358806823255,1.5864663062343616,0.11305252568404031,0.0,0.0,0.0,0.020681312371740593,0.0,0,0.0,0,1.5864663062343616,,,,,,,,,,,
4243,11/11/1978,1.146,0.526,11.000,5.054,0.526,0.0,4.5280000000000005,0.0,0.0,0.0,1.5864663062343616,0.0,0.0,0.04481436006899845,1.541651946165363,0.1079478254609187,0.0,0.0,0.0,0.019635009561374372,0.0,0,0.0,0,1.541651946165363,,,,,,,,,,,
4244,11/12/1978,1.152,0.123,11.000,5.054,0.123,0.0,4.931,0.0,0.0,0.0,1.541651946165363,0.0,0.0,0.04272443586147931,1.4989275103038837,0.10316545884544492,0.0,0.0,0.0,0.018660595413949675,0.0,0,0.0,0,1.4989275103038837,,,,,,,,,,,
4245,11/13/1978,1.184,0.316,11.000,5.054,0.316,0.0,4.738,0.0,0.0,0.0,1.4989275103038837,0.0,0.0,0.04076932256507704,1.4581581877388068,0.09867943364820406,0.0,0.0,0.0,0.017751869113719506,0.0,0,0.0,0,1.4581581877388068,,,,,,,,,,,
4246,11/14/1978,1.150,0.004,11.000,5.054,0.004,0.0,5.050000000000001,0.0,0.0,0.0,1.4581581877388068,0.0,0.0,0.0389379884946131,1.4192201992441937,0.09446629469987859,0.0,0.0,0.0,0.016903270006783076,0.0,0,0.0,0,1.4192201992441937,,,,,,,,,,,
4247,11/15/1978,1.244,0.972,11.000,5.054,0.972,0.0,4.082000000000001,0.0,0.0,0.0,1.4192201992441937,0.0,0.0,0.03722048980166901,1.3819997094425247,0.09050483450410075,0.0,0.0,0.0,0.016109800995452197,0.0,0,0.0,0,1.3819997094425247,,,,,,,,,,,
4248,11/16/1978,1.150,0.305,11.000,5.054,0.305,0.0,4.7490000000000006,0.0,0.0,0.0,1.3819997094425247,0.0,0.0,0.03560784553377786,1.3463918639087469,0.08677584149793531,0.0,0.0,0.0,0.015366962316898387,0.0,0,0.0,0,1.3463918639087469,,,,,,,,,,,
4249,11/17/1978,1.186,0.432,11.000,5.054,0.432,0.0,4.622,0.0,0.0,0.0,1.3463918639087469,0.0,0.0,0.03409192900741864,1.3122999349013282,0.0832618804521374,0.0,0.0,0.0,0.01467069413884532,0.0,0,0.0,0,1.3122999349013282,,,,,,,,,,,
4250,11/18/1978,1.152,0.081,11.000,5.054,0.081,0.0,4.973,0.0,0.0,0.0,1.3122999349013282,0.0,0.0,0.032665373116482016,1.2796345617848461,0.07994710041993736,0.0,0.0,0.0,0.014017326664906087,0.0,0,0.0,0,1.2796345617848461,,,,,,,,,,,
4251,11/19/1978,1.317,1.857,11.000,5.054,1.857,0.0,3.197,0.0,0.0,0.0,1.2796345617848461,0.0,0.0,0.03132148757963025,1.248313074205216,0.07681706636650087,0.0,0.0,0.0,0.01340353665518293,0.0,0,0.0,0,1.248313074205216,,,,,,,,,,,
4252,11/20/1978,1.406,3.717,11.000,5.054,3.717,0.0,1.3370000000000002,0.0,0.0,0.0,1.248313074205216,0.0,0.0,0.030054186445008065,1.2182588877602079,0.07385861121032485,0.0,0.0,0.0,0.012826309443035568,0.0,0,0.0,0,1.2182588877602079,,,,,,,,,,,
4253,11/21/1978,1.079,0.478,11.000,5.054,0.478,0.0,4.5760000000000005,0.0,0.0,0.0,1.2182588877602079,0.0,0.0,0.028857924431657925,1.1894009633285498,0.07105970550572302,0.0,0.0,0.0,0.012282905673684725,0.0,0,0.0,0,1.1894009633285498,,,,,,,,,,,
4254,11/22/1978,1.158,0.177,11.000,5.054,0.177,0.0,4.877000000000001,0.0,0.0,0.0,1.1894009633285498,0.0,0.0,0.027727640903792594,1.1616733224247573,0.06840934241071181,0.0,0.0,0.0,0.011770832110279668,0.0,0,0.0,0,1.1616733224247573,,,,,,,,,,,
4255,11/23/1978,1.182,0.313,11.000,5.054,0.313,0.0,4.7410000000000005,0.0,0.0,0.0,1.1616733224247573,0.0,0.0,0.026658710454827005,1.1350146119699303,0.0658974359318867,0.0,0.0,0.0,0.011287815952803051,0.0,0,0.0,0,1.1350146119699303,,,,,,,,,,,
4256,11/24/1978,1.205,0.662,11.000,5.054,0.662,0.0,4.392,0.0,0.0,0.0,1.1350146119699303,0.0,0.0,0.02564689922924248,1.1093677127406878,0.06351473072927864,0.0,0.0,0.0,0.010831782198387025,0.0,0,0.0,0,1.1093677127406878,,,,,,,,,,,
4257,11/25/1978,1.152,0.189,11.000,5.054,0.189,0.0,4.865,0.0,0.0,0.0,1.1093677127406878,0.0,0.0,0.024688326237177982,1.0846793865035098,0.06125272200942652,0.0,0.0,0.0,0.010400833641231398,0.0,0,0.0,0,1.0846793865035098,,,,,,,,,,,
4258,11/26/1978,1.286,1.544,11.000,5.054,1.544,0.0,3.5100000000000002,0.0,0.0,0.0,1.0846793865035098,0.0,0.0,0.023779429023350673,1.0608999574801592,0.05910358424189511,0.0,0.0,0.0,0.009993233168739905,0.0,0,0.0,0,1.0608999574801592,,,,,,,,,,,
4259,11/27/1978,1.358,3.022,11.000,5.054,3.022,0.0,2.0320000000000005,0.0,0.0,0.0,1.0608999574801592,0.0,0.0,0.022916933141950105,1.037983024338209,0.057060107609669994,0.0,0.0,0.0,0.009607388059666043,0.0,0,0.0,0,1.037983024338209,,,,,,,,,,,
4260,11/28/1978,1.491,5.149,11.000,5.054,5.054,0.09499999999999975,0.0,0,0.02465570207541573,0.0,1.0626387264136248,0.0,0.0,0.02297956709794001,1.0396591593156848,0.057208639781294306,0.07034429792458402,0.07034429792458402,0.0,0.00963537617082287,0.07034429792458402,0,0.0,0,1.0396591593156848,,,,,,,,,,,
4261,11/29/1978,1.343,3.871,11.000,5.054,3.871,0.0,1.1830000000000003,0.0,0.0,0.07034429792458402,1.0396591593156848,0.07034429792458402,0.0,0.02215732958429541,1.0175018297313894,0.05525702524680965,0.0,0.0,0.0,0.009268362152507998,0.0,0,0.0,0,1.0175018297313894,,,,,,,,,,,
4262,11/30/1978,1.257,2.690,11.000,5.054,2.69,0.0,2.3640000000000003,0.0,0.0,0.0,1.0175018297313894,0.0,0.0,0.02137590164439971,0.9961259280869896,0.053398718815650593,0.0,0.0,0.0,0.008920393143173765,0.0,0,0.0,0,0.9961259280869896,,,,,,,,,,,
4263,12/1/1978,1.421,4.225,12.000,5.337,4.225,0.0,1.112,0.0,0.0,0.0,0.9961259280869896,0.0,0.0,0.020632705776485603,0.9754932223105041,0.051628007520442235,0.0,0.0,0.0,0.008590224218224822,0.0,0,0.0,0,0.9754932223105041,,,,,,,,,,,
4264,12/2/1978,1.309,3.380,12.000,5.337,3.38,0.0,1.9569999999999999,0.0,0.0,0.0,0.9754932223105041,0.0,0.0,0.019925361290379345,0.9555678610201247,0.049939603109854354,0.0,0.0,0.0,0.008276708197595175,0.0,0,0.0,0,0.9555678610201247,,,,,,,,,,,
4265,12/3/1978,1.464,4.949,12.000,5.337,4.949,0.0,0.3879999999999999,0.0,0.0,0.0,0.9555678610201247,0.0,0.0,0.019251666746162882,0.9363161942739618,0.04832860503409725,0.0,0.0,0.0,0.007978786718221801,0.0,0,0.0,0,0.9363161942739618,,,,,,,,,,,
4266,12/4/1978,1.761,8.436,12.000,5.337,5.337,3.099,0.0,0,3.00955855428157,0.0,3.945874748555532,0.0,0.0,0.20461522109064573,3.7412595274648863,0.4524826140139573,0.08944144571843,0.08944144571843,0.0,0.09907147078149112,0.08944144571843,0,0.0,0,3.7412595274648863,,,,,,,,,,,
4267,12/5/1978,3.746,13.554,12.000,5.337,5.337,8.217,0.0,0,8.217,0.08944144571843,11.95865767672429,0.0,0.08944144571843,1.2986830380950807,10.659974638629208,2.5233234556695154,0.0,0.0,0.00039814925940304455,0.7101056817368062,0.08904329645902696,0,0.0,0,10.659974638629208,,,,,,,,,,,
4268,12/6/1978,5.923,6.809,12.000,5.337,5.337,1.4720000000000004,0.0,0,1.4716018507405975,0.08904329645902696,12.131972866264826,0.0,0.08904329645902696,1.3302037319884128,10.801769134276414,2.5796433319442222,0.00039814925940303615,0.00039814925940303615,0.0003963768950199571,0.7284894930740347,0.08904506882341005,0,0.0,0,10.801769134276414,,,,,,,,,,,
4269,12/7/1978,1.223,1.999,12.000,5.337,1.999,0.0,3.3379999999999996,0.0,0.0,0.08904506882341005,10.801769134276414,0.08904506882341005,0.0,1.0961178820406285,9.705651252235786,2.1582535358866086,0.0,0.0,0.0,0.5926948438055288,0.0,0,0.0,0,9.705651252235786,,,,,,,,,,,
4270,12/8/1978,1.202,1.381,12.000,5.337,1.381,0.0,3.9559999999999995,0.0,0.0,0.0,9.705651252235786,0.0,0.0,0.9170793504709348,8.78857190176485,1.8305282708537978,0.0,0.0,0.0,0.49009980966833,0.0,0,0.0,0,8.78857190176485,,,,,,,,,,,
4271,12/9/1978,1.128,0.221,12.000,5.337,0.221,0.0,5.116,0.0,0.0,0.0,8.78857190176485,0.0,0.0,0.7772539926573182,8.011317909107532,1.570710019114527,0.0,0.0,0.0,0.4108783111810848,0.0,0,0.0,0,8.011317909107532,,,,,,,,,,,
4272,12/10/1978,1.170,0.192,12.000,5.337,0.192,0.0,5.145,0.0,0.0,0.0,8.011317909107532,0.0,0.0,0.666099418673954,7.345218490433578,1.3613359304659902,0.0,0.0,0.0,0.3485612523842075,0.0,0,0.0,0,7.345218490433578,,,,,,,,,,,
4273,12/11/1978,1.166,0.128,12.000,5.337,0.128,0.0,5.209,0.0,0.0,0.0,7.345218490433578,0.0,0.0,0.5763774430376246,6.768841047395954,1.190218431086015,0.0,0.0,0.0,0.2987532581224861,0.0,0,0.0,0,6.768841047395954,,,,,,,,,,,
4274,12/12/1978,1.167,0.113,12.000,5.337,0.113,0.0,5.223999999999999,0.0,0.0,0.0,6.768841047395954,0.0,0.0,0.5029864713399071,6.2658545760560465,1.048638398847638,0.0,0.0,0.0,0.258386511242539,0.0,0,0.0,0,6.2658545760560465,,,,,,,,,,,
4275,12/13/1978,1.160,0.027,12.000,5.337,0.027,0.0,5.31,0.0,0.0,0.0,6.2658545760560465,0.0,0.0,0.4422484266721836,5.8236061493838625,0.9302230331259441,0.0,0.0,0.0,0.2252694212931158,0.0,0,0.0,0,5.8236061493838625,,,,,,,,,,,
4276,12/14/1978,1.161,0.002,12.000,5.337,0.002,0.0,5.335,0.0,0.0,0.0,5.8236061493838625,0.0,0.0,0.3914585392986747,5.432147610085188,0.830226399274483,0.0,0.0,0.0,0.1978042306661851,0.0,0,0.0,0,5.432147610085188,,,,,,,,,,,
4277,12/15/1978,1.165,0.039,12.000,5.337,0.039,0.0,5.298,0.0,0.0,0.0,5.432147610085188,0.0,0.0,0.3485927757006971,5.083554834384491,0.7450552141789103,0.0,0.0,0.0,0.17480505644612476,0.0,0,0.0,0,5.083554834384491,,,,,,,,,,,
4278,12/16/1978,1.170,0.107,12.000,5.337,0.107,0.0,5.2299999999999995,0.0,0.0,0.0,5.083554834384491,0.0,0.0,0.31211283758751035,4.77144199679698,0.6719486019508413,0.0,0.0,0.0,0.15537758794828885,0.0,0,0.0,0,4.77144199679698,,,,,,,,,,,
4279,12/17/1978,1.178,0.233,12.000,5.337,0.233,0.0,5.104,0.0,0.0,0.0,4.77144199679698,0.0,0.0,0.28083324996279946,4.490608746834181,0.6087571342703036,0.0,0.0,0.0,0.13883771469045514,0.0,0,0.0,0,4.490608746834181,,,,,,,,,,,
4280,12/18/1978,1.155,0.030,12.000,5.337,0.03,0.0,5.3069999999999995,0.0,0.0,0.0,4.490608746834181,0.0,0.0,0.2538289429439006,4.236779803890281,0.5537874266001018,0.0,0.0,0.0,0.12465535689396783,0.0,0,0.0,0,4.236779803890281,,,,,,,,,,,
4281,12/19/1978,1.161,0.009,12.000,5.337,0.009,0.0,5.327999999999999,0.0,0.0,0.0,4.236779803890281,0.0,0.0,0.2303698290035709,4.00640997488671,0.5056909449174829,0.0,0.0,0.0,0.11241497909120511,0.0,0,0.0,0,4.00640997488671,,,,,,,,,,,
4282,12/20/1978,1.190,0.333,12.000,5.337,0.333,0.0,5.004,0.0,0.0,0.0,4.00640997488671,0.0,0.0,0.20987373527455447,3.796536239612155,0.463383200072432,0.0,0.0,0.0,0.1017873707354891,0.0,0,0.0,0,3.796536239612155,,,,,,,,,,,
4283,12/21/1978,1.163,0.163,12.000,5.337,0.163,0.0,5.1739999999999995,0.0,0.0,0.0,3.796536239612155,0.0,0.0,0.1918720405100866,3.6046641991020687,0.42598419097965307,0.0,0.0,0.0,0.09250917507407475,0.0,0,0.0,0,3.6046641991020687,,,,,,,,,,,
4284,12/22/1978,1.166,0.114,12.000,5.337,0.114,0.0,5.223,0.0,0.0,0.0,3.6046641991020687,0.0,0.0,0.17598424930789291,3.4286799497941756,0.39277394031940144,0.0,0.0,0.0,0.0843678348842108,0.0,0,0.0,0,3.4286799497941756,,,,,,,,,,,
4285,12/23/1978,1.360,2.368,12.000,5.337,2.368,0.0,2.969,0.0,0.0,0.0,3.4286799497941756,0.0,0.0,0.16189894704074526,3.2667810027534303,0.36315890419122104,0.0,0.0,0.0,0.07719038251383918,0.0,0,0.0,0,3.2667810027534303,,,,,,,,,,,
4286,12/24/1978,1.163,1.054,12.000,5.337,1.054,0.0,4.2829999999999995,0.0,0.0,0.0,3.2667810027534303,0.0,0.0,0.1493593724437671,3.1174216303096633,0.33664631956052943,0.0,0.0,0.0,0.07083499605060826,0.0,0,0.0,0,3.1174216303096633,,,,,,,,,,,
4287,12/25/1978,1.160,0.459,12.000,5.337,0.459,0.0,4.878,0.0,0.0,0.0,3.1174216303096633,0.0,0.0,0.13815237392237362,2.9792692563872896,0.31282441642927317,0.0,0.0,0.0,0.06518457123636859,0.0,0,0.0,0,2.9792692563872896,,,,,,,,,,,
4288,12/26/1978,1.152,0.095,12.000,5.337,0.095,0.0,5.242,0.0,0.0,0.0,2.9792692563872896,0.0,0.0,0.12809987412566687,2.851169382261623,0.2913470116069584,0.0,0.0,0.0,0.06014177961772037,0.0,0,0.0,0,2.851169382261623,,,,,,,,,,,
4289,12/27/1978,1.182,0.276,12.000,5.337,0.276,0.0,5.061,0.0,0.0,0.0,2.851169382261623,0.0,0.0,0.11905221379899071,2.732117168462632,0.2719214099963833,0.0,0.0,0.0,0.055625234481977065,0.0,0,0.0,0,2.732117168462632,,,,,,,,,,,
4290,12/28/1978,1.154,0.028,12.000,5.337,0.028,0.0,5.309,0.0,0.0,0.0,2.732117168462632,0.0,0.0,0.1108829177041229,2.621234250758509,0.25429882668422765,0.0,0.0,0.0,0.05156649087088504,0.0,0,0.0,0,2.621234250758509,,,,,,,,,,,
4291,12/29/1978,1.189,0.331,12.000,5.337,0.331,0.0,5.005999999999999,0.0,0.0,0.0,2.621234250758509,0.0,0.0,0.10348454663195908,2.5177497041265497,0.23826674751656848,0.0,0.0,0.0,0.04790767952588418,0.0,0,0.0,0,2.5177497041265497,,,,,,,,,,,
4292,12/30/1978,1.178,0.344,12.000,5.337,0.344,0.0,4.992999999999999,0.0,0.0,0.0,2.5177497041265497,0.0,0.0,0.0967653861096491,2.4209843180169006,0.22364279287529307,0.0,0.0,0.0,0.04459962689896743,0.0,0,0.0,0,2.4209843180169006,,,,,,,,,,,
4293,12/31/1978,1.154,0.069,12.000,5.337,0.069,0.0,5.268,0.0,0.0,0.0,2.4209843180169006,0.0,0.0,0.09064678491117734,2.3303375331057232,0.21026975627972602,0.0,0.0,0.0,0.04160035093334136,0.0,0,0.0,0,2.3303375331057232,,,,,,,,,,,
4294,1/1/1979,1.221,0.725,1.000,5.134,0.725,0.0,4.409000000000001,0.0,0.0,0.0,2.3303375331057232,0.0,0.0,0.08506100207390806,2.245276531031815,0.19801156794804797,0.0,0.0,0.0,0.03887384959872295,0.0,0,0.0,0,2.245276531031815,,,,,,,,,,,
4295,1/2/1979,1.160,0.311,1.000,5.134,0.311,0.0,4.823,0.0,0.0,0.0,2.245276531031815,0.0,0.0,0.07994945470111048,2.1653270763307044,0.1867499916497818,0.0,0.0,0.0,0.03638911916894063,0.0,0,0.0,0,2.1653270763307044,,,,,,,,,,,
4296,1/3/1979,1.188,0.448,1.000,5.134,0.448,0.0,4.686,0.0,0.0,0.0,2.1653270763307044,0.0,0.0,0.07526128378285254,2.090065792547852,0.17638190670003218,0.0,0.0,0.0,0.034119354030770245,0.0,0,0.0,0,2.090065792547852,,,,,,,,,,,
4297,1/4/1979,1.153,0.100,1.000,5.134,0.1,0.0,5.034000000000001,0.0,0.0,0.0,2.090065792547852,0.0,0.0,0.07095217396863744,2.0191136185792145,0.16681705976004366,0.0,0.0,0.0,0.032041290859925825,0.0,0,0.0,0,2.0191136185792145,,,,,,,,,,,
4298,1/5/1979,1.180,0.254,1.000,5.134,0.254,0.0,4.880000000000001,0.0,0.0,0.0,2.0191136185792145,0.0,0.0,0.06698337735366407,1.9521302412255503,0.15797619604417684,0.0,0.0,0.0,0.03013466831229888,0.0,0,0.0,0,1.9521302412255503,,,,,,,,,,,
4299,1/6/1979,1.156,0.051,1.000,5.134,0.051,0.0,5.083,0.0,0.0,0.0,1.9521302412255503,0.0,0.0,0.06332090209571603,1.8888093391298344,0.14978949862226554,0.0,0.0,0.0,0.02838177968109394,0.0,0,0.0,0,1.8888093391298344,,,,,,,,,,,
4300,1/7/1979,1.174,0.161,1.000,5.134,0.161,0.0,4.973000000000001,0.0,0.0,0.0,1.8888093391298344,0.0,0.0,0.059934834925721846,1.8288745042041126,0.14219527922166453,0.0,0.0,0.0,0.02676710078412022,0.0,0,0.0,0,1.8288745042041126,,,,,,,,,,,
4301,1/8/1979,1.174,0.213,1.000,5.134,0.213,0.0,4.921,0.0,0.0,0.0,1.8288745042041126,0.0,0.0,0.05679877298040247,1.77207573122371,0.13513887535241734,0.0,0.0,0.0,0.025276979047308846,0.0,0,0.0,0,1.77207573122371,,,,,,,,,,,
4302,1/9/1979,1.174,0.234,1.000,5.134,0.234,0.0,4.9,0.0,0.0,0.0,1.77207573122371,0.0,0.0,0.053889345330819655,1.7181863858928905,0.12857171749601104,0.0,0.0,0.0,0.023899372615979443,0.0,0,0.0,0,1.7181863858928905,,,,,,,,,,,
4303,1/10/1979,1.162,0.108,1.000,5.134,0.108,0.0,5.026000000000001,0.0,0.0,0.0,1.7181863858928905,0.0,0.0,0.05118580844643403,1.6670005774464565,0.12245053710306793,0.0,0.0,0.0,0.022623630557253468,0.0,0,0.0,0,1.6670005774464565,,,,,,,,,,,
4304,1/11/1979,1.232,0.873,1.000,5.134,0.873,0.0,4.261,0.0,0.0,0.0,1.6670005774464565,0.0,0.0,0.048669702873825625,1.6183308745726308,0.1167366916794307,0.0,0.0,0.0,0.021440306965697868,0.0,0,0.0,0,1.6183308745726308,,,,,,,,,,,
4305,1/12/1979,1.265,1.635,1.000,5.134,1.635,0.0,3.4990000000000006,0.0,0.0,0.0,1.6183308745726308,0.0,0.0,0.04632456081243479,1.572006313760196,0.11139558763598131,0.0,0.0,0.0,0.02034100316212714,0.0,0,0.0,0,1.572006313760196,,,,,,,,,,,
4306,1/13/1979,1.154,0.647,1.000,5.134,0.647,0.0,4.487,0.0,0.0,0.0,1.572006313760196,0.0,0.0,0.04413565617986542,1.5278706575803307,0.10639618508738026,0.0,0.0,0.0,0.019318233266987103,0.0,0,0.0,0,1.5278706575803307,,,,,,,,,,,
4307,1/14/1979,1.163,0.311,1.000,5.134,0.311,0.0,4.823,0.0,0.0,0.0,1.5278706575803307,0.0,0.0,0.042089790285305975,1.4857808672950248,0.10171057160118038,0.0,0.0,0.0,0.018365309298849233,0.0,0,0.0,0,1.4857808672950248,,,,,,,,,,,
4308,1/15/1979,1.303,1.798,1.000,5.134,1.798,0.0,3.3360000000000003,0.0,0.0,0.0,1.4857808672950248,0.0,0.0,0.04017510745464468,1.4456057598403802,0.09731359416920254,0.0,0.0,0.0,0.017476242643976167,0.0,0,0.0,0,1.4456057598403802,,,,,,,,,,,
4309,1/16/1979,1.118,0.267,1.000,5.134,0.267,0.0,4.867,0.0,0.0,0.0,1.4456057598403802,0.0,0.0,0.03838093593882009,1.4072248239015601,0.09318254051174157,0.0,0.0,0.0,0.016645659302002014,0.0,0,0.0,0,1.4072248239015601,,,,,,,,,,,
4310,1/17/1979,1.174,0.264,1.000,5.134,0.264,0.0,4.87,0.0,0.0,0.0,1.4072248239015601,0.0,0.0,0.03669765023727307,1.370527173664287,0.08929686232066257,0.0,0.0,0.0,0.01586872676426588,0.0,0,0.0,0,1.370527173664287,,,,,,,,,,,
4311,1/18/1979,1.164,0.141,1.000,5.134,0.141,0.0,4.993,0.0,0.0,0.0,1.370527173664287,0.0,0.0,0.0351165516194555,1.3354106220448314,0.08563793426886453,0.0,0.0,0.0,0.015141090747524562,0.0,0,0.0,0,1.3354106220448314,,,,,,,,,,,
4312,1/19/1979,1.211,0.637,1.000,5.134,0.637,0.0,4.497,0.0,0.0,0.0,1.3354106220448314,0.0,0.0,0.033629764159200555,1.301780857885631,0.0821888436151474,0.0,0.0,0.0,0.014458820304001514,0.0,0,0.0,0,1.301780857885631,,,,,,,,,,,
4313,1/20/1979,1.152,0.174,1.000,5.134,0.174,0.0,4.96,0.0,0.0,0.0,1.301780857885631,0.0,0.0,0.03223014403291487,1.269550713852716,0.07893420605794212,0.0,0.0,0.0,0.013818360072583911,0.0,0,0.0,0,1.269550713852716,,,,,,,,,,,
4314,1/21/1979,1.157,0.030,1.000,5.134,0.03,0.0,5.104,0.0,0.0,0.0,1.269550713852716,0.0,0.0,0.030911200191584588,1.2386395136611315,0.07586000417248394,0.0,0.0,0.0,0.01321648863613662,0.0,0,0.0,0,1.2386395136611315,,,,,,,,,,,
4315,1/22/1979,1.181,0.227,1.000,5.134,0.227,0.0,4.907,0.0,0.0,0.0,1.2386395136611315,0.0,0.0,0.029667024813207706,1.2089724888479239,0.07295344533073468,0.0,0.0,0.0,0.012650282114797391,0.0,0,0.0,0,1.2089724888479239,,,,,,,,,,,
4316,1/23/1979,1.406,2.942,1.000,5.134,2.942,0.0,2.192,0.0,0.0,0.0,1.2089724888479239,0.0,0.0,0.028492232188180817,1.180480256659743,0.07020283647317711,0.0,0.0,0.0,0.012117082261446033,0.0,0,0.0,0,1.180480256659743,,,,,,,,,,,
4317,1/24/1979,2.373,14.881,1.000,5.134,5.134,9.747,0.0,0,9.65755855428157,0.0,10.838038810941313,0.0,0.0,1.1022589009899033,9.73577990995141,2.1694056701280897,0.08944144571843,0.08944144571843,0.0,0.5962345736989534,0.08944144571843,0,0.0,0,9.73577990995141,,,,,,,,,,,
4318,1/25/1979,11.360,22.311,1.000,5.134,5.134,17.177,0.0,0,17.177,0.08944144571843,26.913178059210814,0.0,0.08944144571843,5.019272248577139,21.893905810633676,8.657729671960778,0.0,0.0,0.00039814925940304455,2.9998150795257748,0.08904329645902696,0,0.0,0,21.893905810633676,,,,,,,,,,,
4319,1/26/1979,8.142,14.114,1.000,5.134,5.134,8.98,0.0,0,8.979601850740597,0.08904329645902696,30.87390403826929,0.0,0.08904329645902696,6.3098402120511325,24.56406382621816,10.638554901753729,0.0003981492594030382,0.0003981492594030382,0.0003963768950199571,3.8283460122180903,0.08904506882341005,0,0.0,0,24.56406382621816,,,,,,,,,,,
4320,1/27/1979,4.467,2.453,1.000,5.134,2.453,0.0,2.6810000000000005,0.0,0.0,0.08904506882341005,24.56406382621816,0.08904506882341005,0.0,4.310551188614766,20.253512637603393,7.545331584467643,0.0,0.0,0.0,2.5505662343060767,0.0,0,0.0,0,20.253512637603393,,,,,,,,,,,
4321,1/28/1979,1.485,4.860,1.000,5.134,4.86,0.0,0.274,0.0,0.0,0.0,20.253512637603393,0.0,0.0,3.1251176400908536,17.12839499751254,5.636302190454291,0.0,0.0,0.0,1.8104229918719514,0.0,0,0.0,0,17.12839499751254,,,,,,,,,,,
4322,1/29/1979,1.133,1.394,1.000,5.134,1.394,0.0,3.74,0.0,0.0,0.0,17.12839499751254,0.0,0.0,2.363525147915458,14.764869849597082,4.369634924979528,0.0,0.0,0.0,1.3442867436527588,0.0,0,0.0,0,14.764869849597082,,,,,,,,,,,
4323,1/30/1979,1.129,0.233,1.000,5.134,0.233,0.0,4.901000000000001,0.0,0.0,0.0,14.764869849597082,0.0,0.0,1.8453630336096258,12.919506815987456,3.484348256399635,0.0,0.0,0.0,1.0326220111396716,0.0,0,0.0,0,12.919506815987456,,,,,,,,,,,
4324,1/31/1979,1.162,0.109,1.000,5.134,0.109,0.0,5.025,0.0,0.0,0.0,12.919506815987456,0.0,0.0,1.4772103337678364,11.44229648221962,2.8407259218672913,0.0,0.0,0.0,0.8145973225526559,0.0,0,0.0,0,11.44229648221962,,,,,,,,,,,
4325,2/1/1979,1.158,0.002,2.000,4.866,0.002,0.0,4.864,0.0,0.0,0.0,11.44229648221962,0.0,0.0,1.2065753237140138,10.235721158505605,2.358017544029586,0.0,0.0,0.0,0.6565563678829553,0.0,0,0.0,0,10.235721158505605,,,,,,,,,,,
4326,2/2/1979,1.179,0.200,2.000,4.866,0.2,0.0,4.6659999999999995,0.0,0.0,0.0,10.235721158505605,0.0,0.0,1.002066450212565,9.23365470829304,1.9867384322689037,0.0,0.0,0.0,0.5386501364566458,0.0,0,0.0,0,9.23365470829304,,,,,,,,,,,
4327,2/3/1979,1.288,1.584,2.000,4.866,1.584,0.0,3.2819999999999996,0.0,0.0,0.0,9.23365470829304,0.0,0.0,0.8439599315403824,8.389694776752657,1.6951216517876764,0.0,0.0,0.0,0.448564637182395,0.0,0,0.0,0,8.389694776752657,,,,,,,,,,,
4328,2/4/1979,1.188,1.030,2.000,4.866,1.03,0.0,3.8359999999999994,0.0,0.0,0.0,8.389694776752657,0.0,0.0,0.719354083547373,7.670340693205285,1.4619865398538503,0.0,0.0,0.0,0.3783386775655643,0.0,0,0.0,0,7.670340693205285,,,,,,,,,,,
4329,2/5/1979,1.828,8.054,2.000,4.866,4.866,3.1880000000000006,0.0,0,3.0985585542815706,0.0,10.768899247486855,0.0,0.0,1.09056436081088,9.678334886675975,2.1481634861937224,0.08944144571843,0.08944144571843,0.0,0.5894948752923054,0.08944144571843,0,0.0,0,9.678334886675975,,,,,,,,,,,
4330,2/6/1979,1.682,4.211,2.000,4.866,4.211,0.0,0.6549999999999994,0.0,0.0,0.08944144571843,9.678483570718534,0.05604061573392235,0.033400829984507656,0.9128049222911325,8.765678648427402,1.8226391301962293,0.0,0.0,0.00014868404255946054,0.4876655615660114,0.0332521459419482,0,0.0,0,8.765678648427402,,,,,,,,,,,
4331,2/7/1979,1.717,7.954,2.000,4.866,4.866,3.088,0.0,0,3.0318107002235184,0.0332521459419482,11.797637370825361,0.0,0.0332521459419482,1.2696699752072007,10.52796739561816,2.471373007937349,0.05618929977648181,0.05618929977648181,0.0001480221744405522,0.6932103111404657,0.08929342354398945,0,0.0,0,10.52796739561816,,,,,,,,,,,
4332,2/8/1979,1.280,1.254,2.000,4.866,1.254,0.0,3.6119999999999997,0.0,0.0,0.08929342354398945,10.52796739561816,0.08929342354398945,0.0,1.0502031829581029,9.477764212660057,2.074692821588344,0.0,0.0,0.0,0.5662710840263167,0.0,0,0.0,0,9.477764212660057,,,,,,,,,,,
4333,2/9/1979,1.165,0.620,2.000,4.866,0.62,0.0,4.2459999999999996,0.0,0.0,0.0,9.477764212660057,0.0,0.0,0.8814728595183059,8.596291353141751,1.764711718218945,0.0,0.0,0.0,0.46984534679890155,0.0,0,0.0,0,8.596291353141751,,,,,,,,,,,
4334,2/10/1979,1.140,0.027,2.000,4.866,0.027,0.0,4.8389999999999995,0.0,0.0,0.0,8.596291353141751,0.0,0.0,0.7491193047791259,7.8471720483626255,1.5179678755789068,0.0,0.0,0.0,0.3950459824559038,0.0,0,0.0,0,7.8471720483626255,,,,,,,,,,,
4335,2/11/1979,1.180,0.224,2.000,4.866,0.224,0.0,4.6419999999999995,0.0,0.0,0.0,7.8471720483626255,0.0,0.0,0.6435086696565623,7.2036633787060635,1.3184401234355922,0.0,0.0,0.0,0.3359761570788198,0.0,0,0.0,0,7.2036633787060635,,,,,,,,,,,
4336,2/12/1979,1.198,0.529,2.000,4.866,0.529,0.0,4.337,0.0,0.0,0.0,7.2036633787060635,0.0,0.0,0.5579836352793709,6.645679743426693,1.1548785734429967,0.0,0.0,0.0,0.2886026424682294,0.0,0,0.0,0,6.645679743426693,,,,,,,,,,,
4337,2/13/1979,1.389,2.903,2.000,4.866,2.903,0.0,1.9629999999999996,0.0,0.0,0.0,6.645679743426693,0.0,0.0,0.48782583041806177,6.157853913008632,1.0191924979707876,0.0,0.0,0.0,0.2500942686050055,0.0,0,0.0,0,6.157853913008632,,,,,,,,,,,
4338,2/14/1979,1.582,6.129,2.000,4.866,4.866,1.263,0.0,0,1.173558554281667,0.0,7.331412467290299,0.0,0.0,0.5745729826077683,6.756839484682531,1.1867556292027515,0.0894414457183329,0.0894414457183329,0.0,0.2977565129197302,0.0894414457183329,0,0.0,0,6.756839484682531,,,,,,,,,,,
4339,2/15/1979,1.143,1.451,2.000,4.866,1.451,0.0,3.4149999999999996,0.0,0.0,0.0894414457183329,6.756839484682531,0.0894414457183329,0.0,0.5015009744949487,6.255338510187582,1.0457563298391592,0.0,0.0,0.0,0.2575732708829872,0.0,0,0.0,0,6.255338510187582,,,,,,,,,,,
4340,2/16/1979,1.145,0.458,2.000,4.866,0.458,0.0,4.4079999999999995,0.0,0.0,0.0,6.255338510187582,0.0,0.0,0.4410120666355108,5.814326443552071,0.9277998706503079,0.0,0.0,0.0,0.22459827558151577,0.0,0,0.0,0,5.814326443552071,,,,,,,,,,,
4341,2/17/1979,1.201,0.675,2.000,4.866,0.675,0.0,4.191,0.0,0.0,0.0,5.814326443552071,0.0,0.0,0.39041946655093457,5.4239069770011366,0.8281705812845472,0.0,0.0,0.0,0.19724468737193282,0.0,0,0.0,0,5.4239069770011366,,,,,,,,,,,
4342,2/18/1979,1.150,0.169,2.000,4.866,0.169,0.0,4.697,0.0,0.0,0.0,5.4239069770011366,0.0,0.0,0.3477118557528486,5.076195121248288,0.7432968510999859,0.0,0.0,0.0,0.17433428316028504,0.0,0,0.0,0,5.076195121248288,,,,,,,,,,,
4343,2/19/1979,1.226,0.839,2.000,4.866,0.839,0.0,4.026999999999999,0.0,0.0,0.0,5.076195121248288,0.0,0.0,0.31136009915780855,4.764835022090479,0.6704336040289388,0.0,0.0,0.0,0.1549782300849025,0.0,0,0.0,0,4.764835022090479,,,,,,,,,,,
4344,2/20/1979,1.673,6.142,2.000,4.866,4.866,1.2760000000000007,0.0,0,1.1865585542816433,0.0,5.951393576372123,0.0,0.0,0.4058792954187974,5.545514280953325,0.8587152305663145,0.0894414457183574,0.0894414457183574,0.0,0.20557982959498217,0.0894414457183574,0,0.0,0,5.545514280953325,,,,,,,,,,,
4345,2/21/1979,1.444,4.743,2.000,4.866,4.743,0.0,0.12299999999999933,0.0,0.0,0.0894414457183574,5.5458655840727715,0.010523657611094764,0.07891778810726263,0.36084000222143187,5.18502558185134,0.7694669071466717,0.0,0.0,0.00035130311944587113,0.18135813793804376,0.07856648498781676,0,0.0,0,5.18502558185134,,,,,,,,,,,
4346,2/22/1979,0.000,0.457,2.000,4.866,0.457,0.0,4.409,0.0,0.0,0.07856648498781676,5.18502558185134,0.07856648498781676,0.0,0.3225650307010037,4.8624605511503365,0.6929573790026309,0.0,0.0,0.0,0.16092938256959527,0.0,0,0.0,0,4.8624605511503365,,,,,,,,,,,
4347,2/23/1979,1.401,2.907,2.000,4.866,2.907,0.0,1.9589999999999996,0.0,0.0,0.0,4.8624605511503365,0.0,0.0,0.28981838332162374,4.572642167828713,0.6269598010358166,0.0,0.0,0.0,0.1435769883044876,0.0,0,0.0,0,4.572642167828713,,,,,,,,,,,
4348,2/24/1979,4.290,42.779,2.000,4.866,4.866,37.913000000000004,0.0,0,37.823558554281576,0.0,42.39620072211029,0.0,0.0,10.704770091643162,31.691430630467124,17.063029907627776,0.08944144571843,0.08944144571843,0.0,6.72473613605619,0.08944144571843,0,0.0,0,31.691430630467124,,,,,,,,,,,
4349,2/25/1979,6.988,13.555,2.000,4.866,4.866,8.689,0.0,0,8.689,0.08944144571843,40.38082877972653,0.0,0.08944144571843,9.870166796935372,30.510661982791156,15.874303981161608,0.0,0.0,0.00039814925940304455,6.167408892368327,0.08904329645902696,0,0.0,0,30.510661982791156,,,,,,,,,,,
4350,2/26/1979,5.478,5.530,2.000,4.866,4.866,0.6640000000000006,0.0,0,0.6636018508827447,0.08904329645902696,31.17466021056892,0.0,0.08904329645902696,6.412617351586373,24.762042858982547,10.79409703494677,0.00039814911725585887,0.00039814911725585887,0.0003963768950199571,3.8948421996021545,0.08904506868126287,0,0.0,0,24.762042858982547,,,,,,,,,,,
4351,2/27/1979,2.780,17.906,2.000,4.866,4.866,13.04,0.0,0,13.039603622962831,0.08904506868126287,37.80204286672946,0.0,0.08904506868126287,8.842150351109922,28.959892515619536,14.391739420790755,0.00039637703716713656,0.00039637703716713656,0.0003963847840803928,5.485207774979244,0.0890450609343496,0,0.0,0,28.959892515619536,,,,,,,,,,,
4352,2/28/1979,5.168,4.601,2.000,4.866,4.601,0.0,0.2649999999999997,0.0,0.0,0.0890450609343496,28.960188399366878,0.022576847062671847,0.06646821387167776,5.671545443559762,23.288642955807116,9.665536563506857,0.0,0.0,0.0002958837473419611,3.4170124602630723,0.0661723301243358,0,0.0,0,23.288642955807116,,,,,,,,,,,
4353,3/1/1979,1.078,0.676,3.000,4.631,0.676,0.0,3.955,0.0,0.0,0.0661723301243358,23.288642955807116,0.0661723301243358,0.0,3.944022791294163,19.344620164512953,6.962079336383969,0.0,0.0,0.0,2.320084234642418,0.0,0,0.0,0,19.344620164512953,,,,,,,,,,,
4354,3/2/1979,1.159,0.285,3.000,4.631,0.285,0.0,4.346,0.0,0.0,0.0,19.344620164512953,0.0,0.0,2.894894820826306,16.449725343686648,5.2571955181100005,0.0,0.0,0.0,1.6686286309110105,0.0,0,0.0,0,16.449725343686648,,,,,,,,,,,
4355,3/3/1979,1.196,0.542,3.000,4.631,0.542,0.0,4.089,0.0,0.0,0.0,16.449725343686648,0.0,0.0,2.209514536846466,14.240210806840182,4.108737791193608,0.0,0.0,0.0,1.251131646346834,0.0,0,0.0,0,14.240210806840182,,,,,,,,,,,
4356,3/4/1979,1.702,6.280,3.000,4.631,4.631,1.649,0.0,0,1.55955855428157,0.0,15.79976936112175,0.0,0.0,2.0659367619177864,13.733832599203964,3.863869290910327,0.08944144571842999,0.08944144571842999,0.0,1.1646706291720306,0.08944144571842999,0,0.0,0,13.733832599203964,,,,,,,,,,,
4357,3/5/1979,2.700,16.182,3.000,4.631,4.631,11.550999999999998,0.0,0,11.550999999999998,0.08944144571842999,25.285230748463366,0.0,0.08944144571842999,4.523528320502519,20.76170242796085,7.881662247421017,9.929995239236212e-18,9.929995239236212e-18,0.0003981492594030445,2.685092618225493,0.08904329645902696,0,0.0,0,20.76170242796085,,,,,,,,,,,
4358,3/6/1979,6.189,7.333,3.000,4.631,4.631,2.702,0.0,0,2.7016018507405968,0.08904329645902696,23.463700655596465,0.0,0.08904329645902696,3.993557671117166,19.4701429844793,7.041244603736352,0.0003981492594030382,0.0003981492594030382,0.0003963768950199571,2.351153434344638,0.08904506882341005,0,0.0,0,19.4701429844793,,,,,,,,,,,
4359,3/7/1979,1.135,0.648,3.000,4.631,0.648,0.0,3.983,0.0,0.0,0.08904506882341005,19.4701429844793,0.08904506882341005,0.0,2.9262696721795853,16.543873312299713,5.309041999256393,0.0,0.0,0.0,1.687910040679915,0.0,0,0.0,0,16.543873312299713,,,,,,,,,,,
4360,3/8/1979,1.241,1.245,3.000,4.631,1.245,0.0,3.386,0.0,0.0,0.0,16.543873312299713,0.0,0.0,2.2306311928453777,14.313242119454335,4.144615373381606,0.0,0.0,0.0,1.2638796834002468,0.0,0,0.0,0,14.313242119454335,,,,,,,,,,,
4361,3/9/1979,1.616,5.818,3.000,4.631,4.631,1.1869999999999994,0.0,0,1.0975585542821007,0.0,15.410800673736436,0.0,0.0,1.9818667438360473,13.428933929900388,3.7197113977803666,0.08944144571789875,0.08944144571789875,0.0,1.1142261343841722,0.08944144571789875,0,0.0,0,13.428933929900388,,,,,,,,,,,
4362,3/10/1979,1.723,7.822,3.000,4.631,4.631,3.191,0.0,0,3.1909999999994687,0.08944144571789875,16.620332079159258,0.0,0.08944144571789875,2.247839367238492,14.372492711920767,4.173827177175597,5.31254745300715e-13,5.31254745300715e-13,0.0003981492594006797,1.2742740637817795,0.08904329645902932,0,0.0,0,14.372492711920767,,,,,,,,,,,
4363,3/11/1979,1.804,5.689,3.000,4.631,4.631,1.0579999999999998,0.0,0,1.0576018507406204,0.08904329645902932,15.430490939556408,0.0,0.08904329645902932,1.9860889017765273,13.44440203777988,3.726965465816497,0.0003981492593794761,0.0003981492593794761,0.00039637689501996763,1.1167562459966416,0.08904506882338883,0,0.0,0,13.44440203777988,,,,,,,,,,,
4364,3/12/1979,1.346,3.841,3.000,4.631,3.841,0.0,0.79,0.0,0.0,0.08904506882338883,13.44449881577778,0.06730456864292277,0.02174050018046607,1.5786049979458994,11.865893817831882,3.0193733334627706,0.0,0.0,9.677799789992328e-05,0.8743216170439215,0.021643722182566147,0,0.0,0,11.865893817831882,,,,,,,,,,,
4365,3/13/1979,1.162,1.528,3.000,4.631,1.528,0.0,3.103,0.0,0.0,0.021643722182566147,11.865893817831882,0.021643722182566147,0.0,1.281936581974449,10.583957235857433,2.493350595626009,0.0,0.0,0.0,0.7003505396656146,0.0,0,0.0,0,10.583957235857433,,,,,,,,,,,
4366,3/14/1979,1.132,0.335,3.000,4.631,0.335,0.0,4.296,0.0,0.0,0.0,10.583957235857433,0.0,0.0,1.059528326601351,9.524428909256082,2.091689675818478,0.0,0.0,0.0,0.5716316295096651,0.0,0,0.0,0,9.524428909256082,,,,,,,,,,,
4367,3/15/1979,1.281,1.544,3.000,4.631,1.544,0.0,3.087,0.0,0.0,0.0,9.524428909256082,0.0,0.0,0.8887180871012779,8.635710822154804,1.778122507134937,0.0,0.0,0.0,0.4739624432383539,0.0,0,0.0,0,8.635710822154804,,,,,,,,,,,
4368,3/16/1979,1.181,0.931,3.000,4.631,0.931,0.0,3.7,0.0,0.0,0.0,8.635710822154804,0.0,0.0,0.7548533666794888,7.880857455475315,1.5287305278609655,0.0,0.0,0.0,0.39826960384443116,0.0,0,0.0,0,7.880857455475315,,,,,,,,,,,
4369,3/17/1979,1.147,0.251,3.000,4.631,0.251,0.0,4.38,0.0,0.0,0.0,7.880857455475315,0.0,0.0,0.6481192168035115,7.2327382386718035,1.3272047110554062,0.0,0.0,0.0,0.3385423219254143,0.0,0,0.0,0,7.2327382386718035,,,,,,,,,,,
4370,3/18/1979,1.353,2.355,3.000,4.631,2.355,0.0,2.2760000000000002,0.0,0.0,0.0,7.2327382386718035,0.0,0.0,0.5617421656804041,6.670996072991399,1.1621073760628697,0.0,0.0,0.0,0.2906750198213524,0.0,0,0.0,0,6.670996072991399,,,,,,,,,,,
4371,3/19/1979,1.414,4.013,3.000,4.631,4.013,0.0,0.6180000000000003,0.0,0.0,0.0,6.670996072991399,0.0,0.0,0.4909270017789513,6.180069071212448,1.0252216185277923,0.0,0.0,0.0,0.25178911854061997,0.0,0,0.0,0,6.180069071212448,,,,,,,,,,,
4372,3/20/1979,2.378,15.136,3.000,4.631,4.631,10.504999999999999,0.0,0,10.415558554281569,0.0,16.595627625494018,0.0,0.0,2.242273481167367,14.353354144326651,4.164381249954999,0.08944144571843,0.08944144571843,0.0,1.270911485756383,0.08944144571843,0,0.0,0,14.353354144326651,,,,,,,,,,,
4373,3/21/1979,6.362,7.723,3.000,4.631,4.631,3.0919999999999996,0.0,0,3.0919999999999996,0.08944144571843,17.445752293586054,0.0,0.08944144571843,2.4369611988839575,15.008791094702097,4.493426154105021,0.0,0.0,0.00039814925940304455,1.3888478938568247,0.08904329645902696,0,0.0,0,15.008791094702097,,,,,,,,,,,
4374,3/22/1979,1.178,0.649,3.000,4.631,0.649,0.0,3.982,0.0,0.0,0.08904329645902696,15.008791094702097,0.08904329645902696,0.0,1.8964524848975832,13.112338609804514,3.5726308401851967,0.0,0.0,0.0,1.0631191243109142,0.0,0,0.0,0,13.112338609804514,,,,,,,,,,,
4375,3/23/1979,1.173,0.433,3.000,4.631,0.433,0.0,4.198,0.0,0.0,0.0,13.112338609804514,0.0,0.0,1.5141400179723854,11.598198591832128,2.905922227296185,0.0,0.0,0.0,0.8363196543238709,0.0,0,0.0,0,11.598198591832128,,,,,,,,,,,
4376,3/24/1979,1.246,1.205,3.000,4.631,1.205,0.0,3.426,0.0,0.0,0.0,11.598198591832128,0.0,0.0,1.234099034807099,10.364099557025028,2.4075313410594372,0.0,0.0,0.0,0.672530747203449,0.0,0,0.0,0,10.364099557025028,,,,,,,,,,,
4377,3/25/1979,1.116,0.000,3.000,4.631,0.0,0.0,4.631,0.0,0.0,0.0,10.364099557025028,0.0,0.0,1.0231007545555066,9.340998802469521,2.02521686404011,0.0,0.0,0.0,0.5507091611548701,0.0,0,0.0,0,9.340998802469521,,,,,,,,,,,
4378,3/26/1979,1.245,0.979,3.000,4.631,0.979,0.0,3.652,0.0,0.0,0.0,9.340998802469521,0.0,0.0,0.8603753753860791,8.480623427083442,1.7256060194990497,0.0,0.0,0.0,0.45786945535007967,0.0,0,0.0,0,8.480623427083442,,,,,,,,,,,
4379,3/27/1979,1.224,1.196,3.000,4.631,1.196,0.0,3.4350000000000005,0.0,0.0,0.0,8.480623427083442,0.0,0.0,0.7323950664136668,7.748228360669775,1.486537079002644,0.0,0.0,0.0,0.3856531288621933,0.0,0,0.0,0,7.748228360669775,,,,,,,,,,,
4380,3/28/1979,1.227,1.315,3.000,4.631,1.315,0.0,3.3160000000000003,0.0,0.0,0.0,7.748228360669775,0.0,0.0,0.6300424303176674,7.118185930352108,1.2928111661761728,0.0,0.0,0.0,0.32848799553097285,0.0,0,0.0,0,7.118185930352108,,,,,,,,,,,
4381,3/29/1979,1.117,0.052,3.000,4.631,0.052,0.0,4.579000000000001,0.0,0.0,0.0,7.118185930352108,0.0,0.0,0.5469924404349361,6.571193489917172,1.133716463745288,0.0,0.0,0.0,0.28254761169457826,0.0,0,0.0,0,6.571193489917172,,,,,,,,,,,
4382,3/30/1979,1.214,0.637,3.000,4.631,0.637,0.0,3.994,0.0,0.0,0.0,6.571193489917172,0.0,0.0,0.47874715198709594,6.092446337930076,1.0015247119898787,0.0,0.0,0.0,0.24513668639814148,0.0,0,0.0,0,6.092446337930076,,,,,,,,,,,
4383,3/31/1979,1.140,0.042,3.000,4.631,0.042,0.0,4.589,0.0,0.0,0.0,6.092446337930076,0.0,0.0,0.42203839784326486,5.670407940086811,0.8905456435545073,0.0,0.0,0.0,0.21431433479379916,0.0,0,0.0,0,5.670407940086811,,,,,,,,,,,
4384,4/1/1979,1.175,0.172,4.000,4.235,0.172,0.0,4.063000000000001,0.0,0.0,0.0,5.670407940086811,0.0,0.0,0.37444636414858834,5.295961575938223,0.7965141016281042,0.0,0.0,0.0,0.1886556114073922,0.0,0,0.0,0,5.295961575938223,,,,,,,,,,,
4385,4/2/1979,1.543,4.473,4.000,4.235,4.235,0.23799999999999955,0.0,0,0.14942786236048683,0.0,5.44538943829871,0.0,0.0,0.350010187913031,5.095379250385679,0.7478837402116542,0.0885721376395127,0.0885721376395127,0.0,0.1755627013301749,0.0885721376395127,0,0.0,0,5.095379250385679,,,,,,,,,,,
4386,4/3/1979,1.705,7.862,4.000,4.235,4.235,3.627,0.0,0,3.6261306919210825,0.0885721376395127,8.7219042218348,0.0,0.0885721376395127,0.7674521376070456,7.954452084227754,1.552353820075098,0.0008693080789173085,0.0008693080789173085,0.000394279528038196,0.40535812801839294,0.08904716619039181,0,0.0,0,7.954452084227754,,,,,,,,,,,
4387,4/4/1979,1.566,3.781,4.000,4.235,3.781,0.0,0.4540000000000002,0.0,0.0,0.08904716619039181,7.95467629538115,0.03867969913556128,0.05036746705483053,0.6582688387912068,7.296407456589943,1.3464809021631405,0.0,0.0,0.00022421115339547567,0.3441956794419989,0.05014325590143505,0,0.0,0,7.296407456589943,,,,,,,,,,,
4388,4/5/1979,0.000,0.205,4.000,4.235,0.205,0.0,4.03,0.0,0.0,0.05014325590143505,7.296407456589943,0.05014325590143505,0.0,0.5700079446803977,6.726399511909546,1.1779912659981342,0.0,0.0,0.0,0.29523580494678814,0.0,0,0.0,0,6.726399511909546,,,,,,,,,,,
4389,4/6/1979,1.183,0.343,4.000,4.235,0.343,0.0,3.8920000000000003,0.0,0.0,0.0,6.726399511909546,0.0,0.0,0.4977411446000447,6.228658367309501,1.0384587000665821,0.0,0.0,0.0,0.25551564830105145,0.0,0,0.0,0,6.228658367309501,,,,,,,,,,,
4390,4/7/1979,1.162,0.156,4.000,4.235,0.156,0.0,4.079000000000001,0.0,0.0,0.0,6.228658367309501,0.0,0.0,0.43788153299040505,5.790776834319097,0.9216619095828094,0.0,0.0,0.0,0.22289945093527863,0.0,0,0.0,0,5.790776834319097,,,,,,,,,,,
4391,4/8/1979,1.175,0.222,4.000,4.235,0.222,0.0,4.013,0.0,0.0,0.0,5.790776834319097,0.0,0.0,0.38778751731030237,5.402989317008794,0.8229613559663641,0.0,0.0,0.0,0.19582781504090646,0.0,0,0.0,0,5.402989317008794,,,,,,,,,,,
4392,4/9/1979,1.173,0.229,4.000,4.235,0.229,0.0,4.006,0.0,0.0,0.0,5.402989317008794,0.0,0.0,0.345479773362309,5.057509543646485,0.7388399878945171,0.0,0.0,0.0,0.17314178559080015,0.0,0,0.0,0,5.057509543646485,,,,,,,,,,,
4393,4/10/1979,1.178,0.295,4.000,4.235,0.295,0.0,3.9400000000000004,0.0,0.0,0.0,5.057509543646485,0.0,0.0,0.30945223917670844,4.748057304469777,0.6665925310841072,0.0,0.0,0.0,0.15396631887896584,0.0,0,0.0,0,4.748057304469777,,,,,,,,,,,
4394,4/11/1979,1.176,0.300,4.000,4.235,0.3,0.0,3.9350000000000005,0.0,0.0,0.0,4.748057304469777,0.0,0.0,0.278543074109722,4.469514230360055,0.6041107635320891,0.0,0.0,0.0,0.1376313272037142,0.0,0,0.0,0,4.469514230360055,,,,,,,,,,,
4395,4/12/1979,1.185,0.414,4.000,4.235,0.414,0.0,3.821,0.0,0.0,0.0,4.469514230360055,0.0,0.0,0.2518447982956135,4.217669432064441,0.5497322802705489,0.0,0.0,0.0,0.12361709466948637,0.0,0,0.0,0,4.217669432064441,,,,,,,,,,,
4396,4/13/1979,1.448,3.521,4.000,4.235,3.521,0.0,0.7140000000000004,0.0,0.0,0.0,4.217669432064441,0.0,0.0,0.22864059487095498,3.989028837193486,0.5021321429483893,0.0,0.0,0.0,0.11151585266835008,0.0,0,0.0,0,3.989028837193486,,,,,,,,,,,
4397,4/14/1979,1.934,10.225,4.000,4.235,4.235,5.989999999999999,0.0,0,5.900558554281569,0.0,9.889587391475056,0.0,0.0,0.9462285892538891,8.943358802221166,1.8842432129863116,0.08944144571843,0.08944144571843,0.0,0.5067197793374663,0.08944144571843,0,0.0,0,8.943358802221166,,,,,,,,,,,
4398,4/15/1979,5.267,11.392,4.000,4.235,4.235,7.156999999999999,0.0,0,7.156999999999999,0.08944144571843,16.10075695148057,0.0,0.08944144571843,2.1319463345668903,13.968810616913679,3.976650706453999,0.0,0.0,0.00039814925940304455,1.2043733931328184,0.08904329645902696,0,0.0,0,13.968810616913679,,,,,,,,,,,
4399,4/16/1979,3.944,3.818,4.000,4.235,3.818,0.0,0.41700000000000026,0.0,0.0,0.08904329645902696,13.969048849944864,0.03552591265420382,0.05351738380482314,1.6825856146726434,12.28646323527222,3.2014504570775277,0.0,0.0,0.0002382330311850962,0.9358318672270083,0.05327915077363805,0,0.0,0,12.28646323527222,,,,,,,,,,,
4400,4/17/1979,1.137,1.219,4.000,4.235,1.219,0.0,3.016,0.0,0.0,0.05327915077363805,12.28646323527222,0.05327915077363805,0.0,1.358555089674583,10.927908145597637,2.630195224922722,0.0,0.0,0.0,0.7450493781048306,0.0,0,0.0,0,10.927908145597637,,,,,,,,,,,
4401,4/18/1979,1.185,0.841,4.000,4.235,0.841,0.0,3.394,0.0,0.0,0.0,10.927908145597637,0.0,0.0,1.117534238935323,9.810373906662313,2.1971217205504345,0.0,0.0,0.0,0.6050450093150171,0.0,0,0.0,0,9.810373906662313,,,,,,,,,,,
4402,4/19/1979,1.182,0.636,4.000,4.235,0.636,0.0,3.599,0.0,0.0,0.0,9.810373906662313,0.0,0.0,0.933630530231621,8.876743376430692,1.8610460487668847,0.0,0.0,0.0,0.49953257066044504,0.0,0,0.0,0,8.876743376430692,,,,,,,,,,,
4403,4/20/1979,1.147,0.117,4.000,4.235,0.117,0.0,4.118,0.0,0.0,0.0,8.876743376430692,0.0,0.0,0.7902937596043943,8.086449616826298,1.5950995289268557,0.0,0.0,0.0,0.4182291074272541,0.0,0,0.0,0,8.086449616826298,,,,,,,,,,,
4404,4/21/1979,1.220,0.735,4.000,4.235,0.735,0.0,3.5000000000000004,0.0,0.0,0.0,8.086449616826298,0.0,0.0,0.6765432826806292,7.409906334145669,1.3811259853803324,0.0,0.0,0.0,0.354388990710484,0.0,0,0.0,0,7.409906334145669,,,,,,,,,,,
4405,4/22/1979,1.200,0.803,4.000,4.235,0.803,0.0,3.4320000000000004,0.0,0.0,0.0,7.409906334145669,0.0,0.0,0.5848623188083085,6.82504401533736,1.206489346414379,0.0,0.0,0.0,0.3034428644805307,0.0,0,0.0,0,6.82504401533736,,,,,,,,,,,
4406,4/23/1979,1.133,0.028,4.000,4.235,0.028,0.0,4.207000000000001,0.0,0.0,0.0,6.82504401533736,0.0,0.0,0.5099663718915779,6.3150776434457825,1.0621713285074632,0.0,0.0,0.0,0.26220979073357403,0.0,0,0.0,0,6.3150776434457825,,,,,,,,,,,
4407,4/24/1979,1.229,0.803,4.000,4.235,0.803,0.0,3.4320000000000004,0.0,0.0,0.0,6.3150776434457825,0.0,0.0,0.44805390720562777,5.867023736240155,0.9415942345735371,0.0,0.0,0.0,0.22842251428916205,0.0,0,0.0,0,5.867023736240155,,,,,,,,,,,
4408,4/25/1979,1.241,1.318,4.000,4.235,1.318,0.0,2.9170000000000003,0.0,0.0,0.0,5.867023736240155,0.0,0.0,0.39633478145480067,5.470688954785354,0.8398685230875489,0.0,0.0,0.0,0.20043140097588477,0.0,0,0.0,0,5.470688954785354,,,,,,,,,,,
4409,4/26/1979,1.235,1.472,4.000,4.235,1.472,0.0,2.7630000000000003,0.0,0.0,0.0,5.470688954785354,0.0,0.0,0.3527246540567893,5.1179643007285645,0.7532981970314534,0.0,0.0,0.0,0.17701421932753003,0.0,0,0.0,0,5.1179643007285645,,,,,,,,,,,
4410,4/27/1979,1.244,1.649,4.000,4.235,1.649,0.0,2.5860000000000003,0.0,0.0,0.0,5.1179643007285645,0.0,0.0,0.3156418147708649,4.802322485957699,0.6790475797371457,0.0,0.0,0.0,0.15725069435181085,0.0,0,0.0,0,4.802322485957699,,,,,,,,,,,
4411,4/28/1979,1.453,4.152,4.000,4.235,4.152,0.0,0.08300000000000018,0.0,0.0,0.0,4.802322485957699,0.0,0.0,0.2838690071181742,4.518453478839525,0.6149118852518253,0.0,0.0,0.0,0.14043784651860194,0.0,0,0.0,0,4.518453478839525,,,,,,,,,,,
4412,4/29/1979,1.672,7.464,4.000,4.235,4.235,3.229,0.0,0,3.13955855428157,0.0,7.6580120331210955,0.0,0.0,0.6178634694032895,7.040148563717806,1.269593326097467,0.08944144571843,0.08944144571843,0.0,0.32172470770565914,0.08944144571843,0,0.0,0,7.040148563717806,,,,,,,,,,,
4413,4/30/1979,2.164,9.055,4.000,4.235,4.235,4.819999999999999,0.0,0,4.819999999999999,0.08944144571843,11.860546712977209,0.0,0.08944144571843,1.2809739322514393,10.57957278072577,2.491626554100372,0.0,0.0,0.00039814925940304455,0.6997900309369078,0.08904329645902696,0,0.0,0,10.57957278072577,,,,,,,,,,,
4414,5/1/1979,4.625,14.216,5.000,3.714,3.714,10.501999999999999,0.0,0,10.501601850740595,0.08904329645902696,21.081571008361383,0.0,0.08904329645902696,3.340955805451468,17.740615202909915,5.989032848030897,0.0003981492594030382,0.0003981492594030382,0.0003963768950199571,1.9439850314840064,0.08904506882341005,0,0.0,0,17.740615202909915,,,,,,,,,,,
4415,5/2/1979,5.163,4.491,5.000,3.714,3.714,0.7769999999999997,0.0,0,0.7766036231162887,0.08904506882341005,18.517615210810916,0.0,0.08904506882341005,2.6915815154345313,15.826033695376385,4.919767669045998,0.00039637688371095157,0.00039637688371095157,0.000396384784713162,1.544021997435403,0.08904506092240785,0,0.0,0,15.826033695376385,,,,,,,,,,,
4416,5/3/1979,2.252,13.708,5.000,3.714,3.714,9.994,0.0,0,9.993603615203977,0.08904506092240785,25.820033695329904,0.0,0.08904506092240785,4.684110366678853,21.135923328651053,8.134063363454505,0.0003963847960221519,0.0003963847960221519,0.0003963847495417921,2.7868008877232633,0.08904506096888821,0,0.0,0,21.135923328651053,,,,,,,,,,,
4417,5/4/1979,7.217,10.335,5.000,3.714,3.714,6.621,0.0,0,6.620603615250459,0.08904506096888821,27.75692332865126,0.0,0.08904506096888821,5.28426579851997,22.472657530131293,9.068902203692105,0.0003963847495417925,0.0003963847495417925,0.00039638474974869976,3.1689006549321617,0.08904506096868131,0,0.0,0,22.472657530131293,,,,,,,,,,,
4418,5/5/1979,3.556,5.729,5.000,3.714,3.714,2.015,0.0,0,2.0146036152502513,0.08904506096868131,24.487657530131294,0.0,0.08904506096868131,4.288227816062614,20.19942971406868,7.509971876178656,0.00039638474974869233,0.00039638474974869233,0.00039638474974777873,2.5364906841167576,0.08904506096868223,0,0.0,0,20.19942971406868,,,,,,,,,,,
4419,5/6/1979,1.335,3.711,5.000,3.714,3.711,0.0,0.0030000000000001137,0.0,0.0,0.08904506096868223,20.19982496107123,0.0002555869479735369,0.08878947402070869,3.11132315955118,17.08850180152005,5.613672190044194,0.0,0.0,0.00039524700255204646,1.8019070679857399,0.08839422701815665,0,0.0,0,17.08850180152005,,,,,,,,,,,
4420,5/7/1979,1.643,7.051,5.000,3.714,3.714,3.337,0.0,0,3.335952781299727,0.08839422701815665,20.424848070377365,0.0,0.08839422701815665,3.1693035422569733,17.255544528120392,5.708718481153186,0.0010472187002733612,0.0010472187002733612,0.0003934875575868703,1.8377174452461766,0.08904795816084314,0,0.0,0,17.255544528120392,,,,,,,,,,,
4421,5/8/1979,1.370,3.271,5.000,3.714,3.271,0.0,0.44300000000000006,0.0,0.0,0.08904795816084314,17.255772913204552,0.03774284676030585,0.05130511140053729,2.3928922297968507,14.862880683407703,4.419185240005482,0.0,0.0,0.0002283850841590934,1.362095975762982,0.0510767263163782,0,0.0,0,14.862880683407703,,,,,,,,,,,
4422,5/9/1979,1.122,0.873,5.000,3.714,0.873,0.0,2.841,0.0,0.0,0.0510767263163782,14.862880683407703,0.0510767263163782,0.0,1.8658243808061494,12.997056302601553,3.519733697037443,0.0,0.0,0.0,1.0448295337789912,0.0,0,0.0,0,12.997056302601553,,,,,,,,,,,
4423,5/10/1979,1.529,4.655,5.000,3.714,3.714,0.9410000000000003,0.0,0,0.8515585544116696,0.0,13.848614857013223,0.0,0.0,1.6584778422549802,12.190137014758243,3.1593341365542416,0.08944144558833071,0.08944144558833071,0.0,0.9215479295370876,0.08944144558833071,0,0.0,0,12.190137014758243,,,,,,,,,,,
4424,5/11/1979,2.554,16.804,5.000,3.714,3.714,13.089999999999998,0.0,0,13.0899999998699,0.08944144558833071,25.280535163886967,0.0,0.08944144558833071,4.522128340202129,20.758406823684837,7.879457348388825,1.30099292430773e-10,1.30099292430773e-10,0.0003981492588239066,2.6842069412501437,0.0890432964596061,0,0.0,0,20.758406823684837,,,,,,,,,,,
4425,5/12/1979,8.005,12.388,5.000,3.714,3.714,8.674,0.0,0,8.673601850741175,0.0890432964596061,29.432405051321034,0.0,0.0890432964596061,5.826512703053916,23.60589234826712,9.902915883170994,0.00039814925882390977,0.00039814925882390977,0.00039637689502253513,3.516609849474395,0.08904506882340747,0,0.0,0,23.60589234826712,,,,,,,,,,,
4426,5/13/1979,4.174,2.746,5.000,3.714,2.746,0.0,0.968,0.0,0.0,0.08904506882340747,23.605921619925713,0.08246939550172443,0.006575673321683045,4.033982837100154,19.57193878282556,7.105770326209941,0.0,0.0,2.9271658592667244e-05,2.3765276646002693,0.006546401663090378,0,0.0,0,19.57193878282556,,,,,,,,,,,
4427,5/14/1979,1.281,2.610,5.000,3.714,2.61,0.0,1.104,0.0,0.0,0.006546401663090378,19.57193878282556,0.006546401663090378,0.0,2.951813123991802,16.620125658833757,5.351209068886449,0.0,0.0,0.0,1.7036178202906667,0.0,0,0.0,0,16.620125658833757,,,,,,,,,,,
4428,5/15/1979,2.445,15.665,5.000,3.714,3.714,11.950999999999999,0.0,0,11.861558554281569,0.0,28.481684213115326,0.0,0.0,5.516223953151377,22.965460259963947,9.426844894106889,0.08944144571843,0.08944144571843,0.0,3.317366952037834,0.08944144571843,0,0.0,0,22.965460259963947,,,,,,,,,,,
4429,5/16/1979,9.914,17.644,5.000,3.714,3.714,13.929999999999998,0.0,0,13.929999999999998,0.08944144571843,36.89585840922335,0.0,0.08944144571843,8.491709785491077,28.404148623732276,13.881367128615034,0.0,0.0,0.00039814925940304455,5.253814006080955,0.08904329645902696,0,0.0,0,28.404148623732276,,,,,,,,,,,
4430,5/17/1979,6.754,9.110,5.000,3.714,3.714,5.395999999999999,0.0,0,5.395601850740596,0.08904329645902696,33.80014685136789,0.0,0.08904329645902696,7.337758657486872,26.46238819388102,12.181163859818188,0.0003981492594030382,0.0003981492594030382,0.0003963768950199571,4.4964434840913,0.08904506882341005,0,0.0,0,26.46238819388102,,,,,,,,,,,
4431,5/18/1979,3.487,10.220,5.000,3.714,3.714,6.506,0.0,0,6.50560362310498,0.08904506882341005,32.968388201770715,0.0,0.08904506882341005,7.0392864308071506,25.929101770963563,11.736142436376785,0.00039637689501995115,0.00039637689501995115,0.000396384784713162,4.301774649062943,0.08904506093371685,0,0.0,0,25.929101770963563,,,,,,,,,,,
4432,5/19/1979,4.145,8.224,5.000,3.714,3.714,4.51,0.0,0,4.509603615215287,0.08904506093371685,30.439101770928442,0.0,0.08904506093371685,6.1624323682321505,24.276669402696292,10.414934704843493,0.0003963847847131611,0.0003963847847131611,0.0003963847495921342,3.733098656992046,0.08904506096883787,0,0.0,0,24.276669402696292,,,,,,,,,,,
4433,5/20/1979,2.735,10.211,5.000,3.714,3.714,6.497,0.0,0,6.496603615250407,0.08904506096883787,30.77366940269645,0.0,0.08904506096883787,6.275734826631282,24.497934576065166,10.58687281791716,0.0003963847495921373,0.0003963847495921373,0.00039638474974847566,3.8062957219178393,0.08904506096868153,0,0.0,0,24.497934576065166,,,,,,,,,,,
4434,5/21/1979,2.947,3.959,5.000,3.714,3.714,0.2450000000000001,0.0,0,0.24460527414217584,0.08904506096868153,24.742936234957092,0.0,0.08904506096868153,4.362992884509107,20.379943350447984,7.628317290533033,0.00039472585782425484,0.00039472585782425484,0.0003963847497477797,2.5836511143384846,0.08904340207675801,0,0.0,0,20.379943350447984,,,,,,,,,,,
4435,5/22/1979,1.226,2.342,5.000,3.714,2.342,0.0,1.3719999999999999,0.0,0.0,0.08904340207675801,20.379943350447984,0.08904340207675801,0.0,3.1576990196709245,17.22224433077706,5.689710281399989,0.0,0.0,0.0,1.8305466768562968,0.0,0,0.0,0,17.22224433077706,,,,,,,,,,,
4436,5/23/1979,1.207,1.576,5.000,3.714,1.576,0.0,2.138,0.0,0.0,0.0,17.22224433077706,0.0,0.0,2.385148124860168,14.837096205916891,4.406124829992513,0.0,0.0,0.0,1.3573982744021535,0.0,0,0.0,0,14.837096205916891,,,,,,,,,,,
4437,5/24/1979,1.135,0.383,5.000,3.714,0.383,0.0,3.331,0.0,0.0,0.0,14.837096205916891,0.0,0.0,1.860432707187775,12.976663498729117,3.5104131273259274,0.0,0.0,0.0,1.041611927963233,0.0,0,0.0,0,12.976663498729117,,,,,,,,,,,
4438,5/25/1979,1.180,0.393,5.000,3.714,0.393,0.0,3.3209999999999997,0.0,0.0,0.0,12.976663498729117,0.0,0.0,1.4881185020534222,11.488544996675694,2.859999161822298,0.0,0.0,0.0,0.8210099147377269,0.0,0,0.0,0,11.488544996675694,,,,,,,,,,,
4439,5/26/1979,1.208,0.727,5.000,3.714,0.727,0.0,2.987,0.0,0.0,0.0,11.488544996675694,0.0,0.0,1.2147143461810028,10.273830650494691,2.3726698426211383,0.0,0.0,0.0,0.6612776710915548,0.0,0,0.0,0,10.273830650494691,,,,,,,,,,,
4440,5/27/1979,1.197,0.754,5.000,3.714,0.754,0.0,2.96,0.0,0.0,0.0,10.273830650494691,0.0,0.0,1.0082922967953332,9.265538353699359,1.9981348579895577,0.0,0.0,0.0,0.5422177118187647,0.0,0,0.0,0,9.265538353699359,,,,,,,,,,,
4441,5/28/1979,1.461,3.848,5.000,3.714,3.714,0.1339999999999999,0.0,0,0.05307158468366324,0.0,9.318609938383021,0.0,0.0,0.8569411542549782,8.461668784128044,1.7192326603273727,0.08092841531633665,0.08092841531633665,0.0,0.4559218509600704,0.08092841531633665,0,0.0,0,8.461668784128044,,,,,,,,,,,
4442,5/29/1979,1.323,3.449,5.000,3.714,3.449,0.0,0.2650000000000001,0.0,0.0,0.08092841531633665,8.46193733127632,0.020601177180939366,0.06032723813539729,0.729707459290558,7.732229871985763,1.4814805031396787,0.0,0.0,0.0002685471482768107,0.3841449924276171,0.06005869098712048,0,0.0,0,7.732229871985763,,,,,,,,,,,
4443,5/30/1979,1.112,0.802,5.000,3.714,0.802,0.0,2.912,0.0,0.0,0.06005869098712048,7.732229871985763,0.06005869098712048,0.0,0.6278757441378289,7.104354127847934,1.2886833369588249,0.0,0.0,0.0,0.32728414540878925,0.0,0,0.0,0,7.104354127847934,,,,,,,,,,,
4444,5/31/1979,1.184,0.627,5.000,3.714,0.627,0.0,3.0869999999999997,0.0,0.0,0.0,7.104354127847934,0.0,0.0,0.5452220947703516,6.559132033077582,1.1303047038687317,0.0,0.0,0.0,0.2815730754630494,0.0,0,0.0,0,6.559132033077582,,,,,,,,,,,
4445,6/1/1979,1.706,6.468,6.000,3.269,3.269,3.199,0.0,0,3.10955855428157,0.0,9.668690587359151,0.0,0.0,0.9112661020020348,8.757424485357117,1.8197982049618158,0.08944144571843,0.08944144571843,0.0,0.4867894007787408,0.08944144571843,0,0.0,0,8.757424485357117,,,,,,,,,,,
4446,6/2/1979,1.881,8.646,6.000,3.269,3.269,5.377000000000001,0.0,0,5.377000000000001,0.08944144571843,14.13482263461652,0.0,0.08944144571843,1.7159964441317366,12.418826190484785,3.259723898865071,0.0,0.0,0.00039814925940304455,0.9556501355595655,0.08904329645902696,0,0.0,0,12.418826190484785,,,,,,,,,,,
4447,6/3/1979,4.457,15.769,6.000,3.269,3.269,12.5,0.0,0,12.499601850740596,0.08904329645902696,24.9188244181204,0.0,0.08904329645902696,4.41480671900541,20.50401769911499,7.710199219553004,0.0003981492594030382,0.0003981492594030382,0.0003963768950199571,2.6163655942879873,0.08904506882341005,0,0.0,0,20.50401769911499,,,,,,,,,,,
4448,6/4/1979,9.636,16.896,6.000,3.269,3.269,13.627,0.0,0,13.62660362310498,0.08904506882341005,34.13101770700468,0.0,0.08904506882341005,7.457864841902155,26.673152865102526,12.359605868852162,0.00039637689501995115,0.00039637689501995115,0.000396384784713162,4.574927209957126,0.08904506093371685,0,0.0,0,26.673152865102526,,,,,,,,,,,
4449,6/5/1979,8.356,13.432,6.000,3.269,3.269,10.163,0.0,0,10.162603615215287,0.08904506093371685,36.836152865067405,0.0,0.08904506093371685,8.468819744607776,28.367333120459627,13.847938187451666,0.0003963847847131611,0.0003963847847131611,0.0003963847495921342,5.2387214268237425,0.08904506096883787,0,0.0,0,28.367333120459627,,,,,,,,,,,
4450,6/6/1979,6.643,8.762,6.000,3.269,3.269,5.493,0.0,0,5.492603615250408,0.08904506096883787,33.860333120459785,0.0,0.08904506096883787,7.359548227332839,26.500784893126948,12.213563403005123,0.0003963847495921373,0.0003963847495921373,0.00039638474974847566,4.5106757043500245,0.08904506096868153,0,0.0,0,26.500784893126948,,,,,,,,,,,
4451,6/7/1979,2.183,5.541,6.000,3.269,3.269,2.2720000000000002,0.0,0,2.271603615250252,0.08904506096868153,28.77278489312695,0.0,0.08904506096868153,5.610509168271732,23.162275724855217,9.571831538355593,0.0003963847497484729,0.0003963847497484729,0.0003963847497477797,3.3778333336719704,0.08904506096868223,0,0.0,0,23.162275724855217,,,,,,,,,,,
4452,6/8/1979,1.319,3.576,6.000,3.269,3.269,0.30699999999999994,0.0,0,0.3066040299398215,0.08904506096868223,23.46927613954479,0.0,0.08904506096868223,3.9951393895202845,19.474136750024506,7.04377066353197,0.0003959700601784423,0.0003959700601784423,0.0003963847497477828,2.3521459371269184,0.08904464627911289,0,0.0,0,19.474136750024506,,,,,,,,,,,
4453,6/9/1979,1.315,3.284,6.000,3.269,3.269,0.01499999999999968,0.0,0,0.014887108005924604,0.08904464627911289,19.489420240934187,0.0,0.08904464627911289,2.93110006523638,16.55832017569781,5.317018955881922,0.00011289199407507559,0.00011289199407507559,0.0003963829037540873,1.6908797701614993,0.08876115536943388,0,0.0,0,16.55832017569781,,,,,,,,,,,
4454,6/10/1979,1.712,7.709,6.000,3.269,3.269,4.4399999999999995,0.0,0,4.439319709651003,0.08876115536943388,20.998035006290678,0.0,0.08876115536943388,3.3189206595418175,17.67911434674886,5.953136571214861,0.0006802903489961207,0.0006802903489961207,0.0003951209418657305,1.9303228651319377,0.08904632477656427,0,0.0,0,17.67911434674886,,,,,,,,,,,
4455,6/11/1979,1.820,6.080,6.000,3.269,3.269,2.811,0.0,0,2.8106048790581344,0.08904632477656427,20.490115616182592,0.0,0.08904632477656427,3.186200682908806,17.303914933273788,5.73638274657109,0.0003951209418657331,0.0003951209418657331,0.00039639037559794906,1.8481617626704998,0.08904505534283205,0,0.0,0,17.303914933273788,,,,,,,,,,,
4456,6/12/1979,1.527,5.588,6.000,3.269,3.269,2.319,0.0,0,2.318603609624402,0.08904505534283205,19.622914927622897,0.0,0.08904505534283205,2.9646378330997987,16.6582770945231,5.372365585761646,0.00039639037559795204,0.00039639037559795204,0.000396384724704269,1.7115076698806833,0.08904506099372574,0,0.0,0,16.6582770945231,,,,,,,,,,,
4457,6/13/1979,1.433,4.809,6.000,3.269,3.269,1.54,0.0,0,1.5396036152752957,0.08904506099372574,18.198277094548256,0.0,0.08904506099372574,2.614666086805647,15.58361100774261,4.791434476950745,0.0003963847247042719,0.0003963847247042719,0.00039638474985926415,1.4970409043221378,0.08904506096857075,0,0.0,0,15.58361100774261,,,,,,,,,,,
4458,6/14/1979,1.287,3.207,6.000,3.269,3.207,0.0,0.06200000000000028,0.0,0.0,0.08904506096857075,15.583983879050312,0.00528213025811326,0.08376293071045748,2.019125259563471,13.564858619486841,3.783672911574853,0.0,0.0,0.00037287130770209773,1.1365653187776574,0.08339005940275539,0,0.0,0,13.564858619486841,,,,,,,,,,,
4459,6/15/1979,1.334,3.391,6.000,3.269,3.269,0.12199999999999989,0.0,0,0.11635696574252681,0.08339005940275539,13.681586796697678,0.0,0.08339005940275539,1.6252739009095425,12.056312895788135,3.101230778289479,0.005643034257473071,0.005643034257473071,0.0003712114683086067,0.901896876516836,0.08866188219191985,0,0.0,0,12.056312895788135,,,,,,,,,,,
4460,6/16/1979,1.362,3.782,6.000,3.269,3.269,0.5129999999999999,0.0,0,0.5122204446369233,0.08866188219191985,12.568928019451638,0.0,0.08866188219191985,1.4110081099038825,11.157919909547756,2.7234657641702418,0.0007795553630766247,0.0007795553630766247,0.0003946790265792734,0.7757465955681109,0.0890467585284172,0,0.0,0,11.157919909547756,,,,,,,,,,,
4461,6/17/1979,1.509,5.571,6.000,3.269,3.269,2.3019999999999996,0.0,0,2.3016053128099867,0.0890467585284172,13.45992161466419,0.0,0.0890467585284172,1.5816243017544105,11.87829731290978,3.0246760885312827,0.00039468719001280146,0.00039468719001280146,0.00039639230644754146,0.8761040276778269,0.08904505341198246,0,0.0,0,11.87829731290978,,,,,,,,,,,
4462,6/18/1979,1.196,2.164,6.000,3.269,2.164,0.0,1.105,0.0,0.0,0.08904505341198246,11.87829731290978,0.08904505341198246,0.0,1.2841707209817366,10.594126591928044,2.497351332336219,0.0,0.0,0.0,0.7016514875550174,0.0,0,0.0,0,10.594126591928044,,,,,,,,,,,
4463,6/19/1979,1.293,2.527,6.000,3.269,2.527,0.0,0.742,0.0,0.0,0.0,10.594126591928044,0.0,0.0,1.0612255763628065,9.532901015565237,2.094781802201563,0.0,0.0,0.0,0.5726076258907848,0.0,0,0.0,0,9.532901015565237,,,,,,,,,,,
4464,6/20/1979,1.151,0.967,6.000,3.269,0.967,0.0,2.302,0.0,0.0,0.0,9.532901015565237,0.0,0.0,0.8900360220032931,8.642864993561943,1.7805609612571887,0.0,0.0,0.0,0.4747115969650303,0.0,0,0.0,0,8.642864993561943,,,,,,,,,,,
4465,6/21/1979,1.219,1.127,6.000,3.269,1.127,0.0,2.1420000000000003,0.0,0.0,0.0,8.642864993561943,0.0,0.0,0.7558959061293348,7.886969087432608,1.5306865975570902,0.0,0.0,0.0,0.3988558806110247,0.0,0,0.0,0,7.886969087432608,,,,,,,,,,,
4466,6/22/1979,1.217,1.178,6.000,3.269,1.178,0.0,2.091,0.0,0.0,0.0,7.886969087432608,0.0,0.0,0.6489571311194425,7.238011956313166,1.3287970206821769,0.0,0.0,0.0,0.3390088223472911,0.0,0,0.0,0,7.238011956313166,,,,,,,,,,,
4467,6/23/1979,1.205,1.061,6.000,3.269,1.061,0.0,2.208,0.0,0.0,0.0,7.238011956313166,0.0,0.0,0.5624249844223522,6.675586971890813,1.1634202245135274,0.0,0.0,0.0,0.29105161033534543,0.0,0,0.0,0,6.675586971890813,,,,,,,,,,,
4468,6/24/1979,1.231,1.320,6.000,3.269,1.32,0.0,1.949,0.0,0.0,0.0,6.675586971890813,0.0,0.0,0.49149021432377465,6.184096757567039,1.026316259593369,0.0,0.0,0.0,0.2520970007816367,0.0,0,0.0,0,6.184096757567039,,,,,,,,,,,
4469,6/25/1979,1.608,5.757,6.000,3.269,3.269,2.4879999999999995,0.0,0,2.3985585542815695,0.0,8.582655311848608,0.0,0.0,0.7471398427177451,7.835515469130863,1.5142508747881325,0.08944144571843,0.08944144571843,0.0,0.39393352874182785,0.08944144571843,0,0.0,0,7.835515469130863,,,,,,,,,,,
4470,6/26/1979,1.703,7.572,6.000,3.269,3.269,4.303,0.0,0,4.303,0.08944144571843,12.138913618390266,0.0,0.08944144571843,1.3314723323284905,10.807441286061776,2.581907421813234,0.0,0.0,0.00039814925940304455,0.7292299835411327,0.08904329645902696,0,0.0,0,10.807441286061776,,,,,,,,,,,
4471,6/27/1979,1.454,3.376,6.000,3.269,3.269,0.10699999999999976,0.0,0,0.10663831106076466,0.08904329645902696,10.914475974017561,0.0,0.08904329645902696,1.1152457923383088,9.799230181679253,2.19297166670358,0.00036168893923510005,0.00036168893923510005,0.0003963768950199571,0.6037245827775944,0.08900860850324212,0,0.0,0,9.799230181679253,,,,,,,,,,,
4472,6/28/1979,1.169,1.485,6.000,3.269,1.485,0.0,1.784,0.0,0.0,0.08900860850324212,9.799230181679253,0.08900860850324212,0.0,0.9318636621390419,8.86736651954021,1.8577904855859313,0.0,0.0,0.0,0.498525078368934,0.0,0,0.0,0,8.86736651954021,,,,,,,,,,,
4473,6/29/1979,1.432,3.849,6.000,3.269,3.269,0.5800000000000001,0.0,0,0.4905589711875251,0.0,9.357925490727736,0.0,0.0,0.8629754008146259,8.49495008991311,1.7304297870275243,0.08944102881247498,0.08944102881247498,0.0,0.4593443137560566,0.08944102881247498,0,0.0,0,8.49495008991311,,,,,,,,,,,
4474,6/30/1979,1.595,6.552,6.000,3.269,3.269,3.2829999999999995,0.0,0,3.2829995830940444,0.08944102881247498,11.778347820410696,0.0,0.08944102881247498,1.2662119364311413,10.512135883979555,2.4651738709147955,4.1690595501836736e-07,4.1690595501836736e-07,0.0003981474035430917,0.6911982509496087,0.08904329831488692,0,0.0,0,10.512135883979555,,,,,,,,,,,
4475,7/1/1979,3.305,19.583,7.000,3.463,3.463,16.119999999999997,0.0,0,16.119601852596453,0.08904329831488692,26.63213411347929,0.0,0.08904329831488692,4.932219472521301,21.69991464095799,8.522113081646841,0.0003981474035430909,0.0003981474035430909,0.0003963769032813315,2.944395526719994,0.08904506881514868,0,0.0,0,21.69991464095799,,,,,,,,,,,
4476,7/2/1979,11.669,23.928,7.000,3.463,3.463,20.465,0.0,0,20.464603623096718,0.08904506881514868,42.164914648839385,0.0,0.08904506881514868,10.607616760699315,31.55729788814007,16.925304237464694,0.0003963769032813298,0.0003963769032813298,0.0003963847846763864,6.659707981401227,0.08904506093375361,0,0.0,0,31.55729788814007,,,,,,,,,,,
4477,7/3/1979,8.208,14.572,7.000,3.463,3.463,11.108999999999998,0.0,0,11.108603615215323,0.08904506093375361,42.666297888104985,0.0,0.08904506093375361,10.81867431302367,31.847623575081315,17.224289848582323,0.00039638478467639613,0.00039638478467639613,0.0003963847495922978,6.801025699070066,0.0890450609688377,0,0.0,0,31.847623575081315,,,,,,,,,,,
4478,7/4/1979,5.777,6.135,7.000,3.463,3.463,2.6719999999999997,0.0,0,2.6716036152504072,0.0890450609688377,34.51962357508147,0.0,0.0890450609688377,7.5999230837255265,26.91970049135594,12.570201985324005,0.0003963847495923069,0.0003963847495923069,0.0003963847497484749,4.667862892715066,0.08904506096868153,0,0.0,0,26.91970049135594,,,,,,,,,,,
4479,7/5/1979,1.328,3.502,7.000,3.463,3.463,0.0389999999999997,0.0,0,0.038769550342653766,0.08904506096868153,26.958866426448342,0.0,0.08904506096868153,5.033481650398269,21.925384776050073,8.679840147365566,0.0002304496573459323,0.0002304496573459323,0.0003963847497477797,3.0088671064046095,0.08887912587627969,0,0.0,0,21.925384776050073,,,,,,,,,,,
4480,7/6/1979,1.155,1.354,7.000,3.463,1.354,0.0,2.109,0.0,0.0,0.08887912587627969,21.925384776050073,0.08887912587627969,0.0,3.5667922772459493,18.358592498804125,6.35549230899964,0.0,0.0,0.0,2.084343067977282,0.0,0,0.0,0,18.358592498804125,,,,,,,,,,,
4481,7/7/1979,1.777,7.616,7.000,3.463,3.463,4.153,0.0,0,4.0635585542815695,0.0,22.422151053085695,0.0,0.0,3.702495745511935,18.71965530757376,6.574476630413077,0.08944144571843,0.08944144571843,0.0,2.1689673879510276,0.08944144571843,0,0.0,0,18.71965530757376,,,,,,,,,,,
4482,7/8/1979,1.797,6.073,7.000,3.463,3.463,2.6100000000000003,0.0,0,2.6100000000000003,0.08944144571843,21.330053456833163,0.0,0.08944144571843,3.40684481328941,17.923208643543752,6.096218041327912,0.0,0.0,0.00039814925940304455,1.9848725764418085,0.08904329645902696,0,0.0,0,17.923208643543752,,,,,,,,,,,
4483,7/9/1979,1.323,3.479,7.000,3.463,3.463,0.016000000000000014,0.0,0,0.015880435025781302,0.08904329645902696,17.939485455464553,0.0,0.08904329645902696,2.5529898140512444,15.386495641413308,4.68824687195377,0.00011956497421871137,0.00011956497421871137,0.0003963768950199571,1.4594336377118353,0.08876648453822572,0,0.0,0,15.386495641413308,,,,,,,,,,,
4484,7/10/1979,1.257,2.571,7.000,3.463,2.571,0.0,0.8919999999999999,0.0,0.0,0.08876648453822572,15.386553507968966,0.07576716763746441,0.01299931690076131,1.976672395056739,13.409881112912228,3.7107849274184814,0.0,0.0,5.786655565784437e-05,1.1111139278349471,0.012941450345103465,0,0.0,0,13.409881112912228,,,,,,,,,,,
4485,7/11/1979,1.232,1.959,7.000,3.463,1.959,0.0,1.504,0.0,0.0,0.012941450345103465,13.409881112912228,0.012941450345103465,0.0,1.571836335819388,11.83804477709284,3.007482143328344,0.0,0.0,0.0,0.8703266323219258,0.0,0,0.0,0,11.83804477709284,,,,,,,,,,,
4486,7/12/1979,1.148,0.708,7.000,3.463,0.708,0.0,2.755,0.0,0.0,0.0,11.83804477709284,0.0,0.0,1.276926035540021,10.56111874155282,2.4843757394631645,0.0,0.0,0.0,0.6974334216825226,0.0,0,0.0,0,10.56111874155282,,,,,,,,,,,
4487,7/13/1979,1.241,1.274,7.000,3.463,1.274,0.0,2.189,0.0,0.0,0.0,10.56111874155282,0.0,0.0,1.0557205790553486,9.505398162497471,2.0847509435381677,0.0,0.0,0.0,0.5694423747069717,0.0,0,0.0,0,9.505398162497471,,,,,,,,,,,
4488,7/14/1979,1.216,1.241,7.000,3.463,1.241,0.0,2.222,0.0,0.0,0.0,9.505398162497471,0.0,0.0,0.8857604816418602,8.619637680855611,1.7726491794948944,0.0,0.0,0.0,0.4722815178278696,0.0,0,0.0,0,8.619637680855611,,,,,,,,,,,
4489,7/15/1979,1.209,1.134,7.000,3.463,1.134,0.0,2.329,0.0,0.0,0.0,8.619637680855611,0.0,0.0,0.7525132126915755,7.867124468164036,1.524338970382138,0.0,0.0,0.0,0.3969538018021141,0.0,0,0.0,0,7.867124468164036,,,,,,,,,,,
4490,7/16/1979,2.034,10.367,7.000,3.463,3.463,6.904000000000001,0.0,0,6.814558554281571,0.0,14.681683022445608,0.0,0.0,1.8280673152902362,12.853615707155372,3.4544076372209838,0.08944144571843,0.08944144571843,0.0,1.0223100865326202,0.08944144571843,0,0.0,0,12.853615707155372,,,,,,,,,,,
4491,7/17/1979,3.803,6.401,7.000,3.463,3.463,2.9379999999999997,0.0,0,2.9379999999999997,0.08944144571843,15.792013856414776,0.0,0.08944144571843,2.0642468890908368,13.727766967323939,3.860977391019866,0.0,0.0,0.00039814925940304455,1.1636553059310866,0.08904329645902696,0,0.0,0,13.727766967323939,,,,,,,,,,,
4492,7/18/1979,1.319,3.291,7.000,3.463,3.291,0.0,0.17200000000000015,0.0,0.0,0.08904329645902696,13.728098114615651,0.014653374044419807,0.07438992241460715,1.634493014344977,12.093605100270674,3.117374502291859,0.0,0.0,0.0003311472917115732,0.9073503885293734,0.07405877512289558,0,0.0,0,12.093605100270674,,,,,,,,,,,
4493,7/19/1979,1.220,2.068,7.000,3.463,2.068,0.0,1.395,0.0,0.0,0.07405877512289558,12.093605100270674,0.07405877512289558,0.0,1.3231997702049638,10.77040533006571,2.5671396664566504,0.0,0.0,0.0,0.7244020715228449,0.0,0,0.0,0,10.77040533006571,,,,,,,,,,,
4494,7/20/1979,1.199,1.370,7.000,3.463,1.37,0.0,2.093,0.0,0.0,0.0,10.77040533006571,0.0,0.0,1.0908185738175382,9.679586756248172,2.1486254594702623,0.0,0.0,0.0,0.5896413308058832,0.0,0,0.0,0,9.679586756248172,,,,,,,,,,,
4495,7/21/1979,1.220,1.327,7.000,3.463,1.327,0.0,2.136,0.0,0.0,0.0,9.679586756248172,0.0,0.0,0.9129783364136634,8.766608419834508,1.8229592561652082,0.0,0.0,0.0,0.48776430476353666,0.0,0,0.0,0,8.766608419834508,,,,,,,,,,,
4496,7/22/1979,1.187,0.914,7.000,3.463,0.914,0.0,2.549,0.0,0.0,0.0,8.766608419834508,0.0,0.0,0.7740193034481087,7.9925891163864,1.5646545124814157,0.0,0.0,0.0,0.40905609807656107,0.0,0,0.0,0,7.9925891163864,,,,,,,,,,,
4497,7/23/1979,1.135,0.100,7.000,3.463,0.1,0.0,3.363,0.0,0.0,0.0,7.9925891163864,0.0,0.0,0.6635061054683801,7.32908301091802,1.3564178886612395,0.0,0.0,0.0,0.34711509613046865,0.0,0,0.0,0,7.32908301091802,,,,,,,,,,,
4498,7/24/1979,1.222,0.758,7.000,3.463,0.758,0.0,2.705,0.0,0.0,0.0,7.32908301091802,0.0,0.0,0.5742687436134406,6.75481426730458,1.1861717005231833,0.0,0.0,0.0,0.297588478103963,0.0,0,0.0,0,6.75481426730458,,,,,,,,,,,
4499,7/25/1979,1.202,0.836,7.000,3.463,0.836,0.0,2.6270000000000002,0.0,0.0,0.0,6.75481426730458,0.0,0.0,0.5012504759655699,6.25356379133901,1.0452702612019042,0.0,0.0,0.0,0.25743615020569527,0.0,0,0.0,0,6.25356379133901,,,,,,,,,,,
4500,7/26/1979,1.354,2.658,7.000,3.463,2.658,0.0,0.8050000000000002,0.0,0.0,0.0,6.25356379133901,0.0,0.0,0.44080355183234876,5.8127602395066615,0.9273911467764817,0.0,0.0,0.0,0.2244850975916333,0.0,0,0.0,0,5.8127602395066615,,,,,,,,,,,
4501,7/27/1979,1.229,1.962,7.000,3.463,1.962,0.0,1.5010000000000001,0.0,0.0,0.0,5.8127602395066615,0.0,0.0,0.3902442035897267,5.422516035916935,0.8278237800245722,0.0,0.0,0.0,0.19715031747590817,0.0,0,0.0,0,5.422516035916935,,,,,,,,,,,
4502,7/28/1979,1.210,1.454,7.000,3.463,1.454,0.0,2.0090000000000003,0.0,0.0,0.0,5.422516035916935,0.0,0.0,0.3475632527367763,5.074952783180159,0.7430001984334448,0.0,0.0,0.0,0.17425487580830298,0.0,0,0.0,0,5.074952783180159,,,,,,,,,,,
4503,7/29/1979,1.526,4.906,7.000,3.463,3.463,1.4429999999999996,0.0,0,1.3535585542815713,0.0,6.42851133746173,0.0,0.0,0.461547569448664,5.966963768013066,0.9679799758249278,0.08944144571842827,0.08944144571842827,0.0,0.23576157522795269,0.08944144571842827,0,0.0,0,5.966963768013066,,,,,,,,,,,
4504,7/30/1979,1.588,6.581,7.000,3.463,3.463,3.1180000000000003,0.0,0,3.1179999999999986,0.08944144571842827,9.085361917272468,0.0,0.08944144571842827,0.8214910414292582,8.26387087584321,1.6533128003023219,1.737749166866354e-15,1.737749166866354e-15,0.00039814925940303685,0.4358478631641704,0.08904329645902696,0,0.0,0,8.26387087584321,,,,,,,,,,,
4505,7/31/1979,1.184,1.731,7.000,3.463,1.731,0.0,1.732,0.0,0.0,0.08904329645902696,8.26387087584321,0.08904329645902696,0.0,0.7014633459134069,7.5624075299298035,1.4282450509672495,0.0,0.0,0.0,0.3683183048203509,0.0,0,0.0,0,7.5624075299298035,,,,,,,,,,,
4506,8/1/1979,1.263,1.991,8.000,3.792,1.991,0.0,1.8009999999999997,0.0,0.0,0.0,7.5624075299298035,0.0,0.0,0.6050611106061429,6.9573464193236605,1.245146513691916,0.0,0.0,0.0,0.3146246857154393,0.0,0,0.0,0,6.9573464193236605,,,,,,,,,,,
4507,8/2/1979,1.221,1.600,8.000,3.792,1.6,0.0,2.1919999999999997,0.0,0.0,0.0,6.9573464193236605,0.0,0.0,0.5265486355583116,6.430797783765349,1.0942628505425864,0.0,0.0,0.0,0.271306552231132,0.0,0,0.0,0,6.430797783765349,,,,,,,,,,,
4508,8/3/1979,1.174,0.878,8.000,3.792,0.878,0.0,2.9139999999999997,0.0,0.0,0.0,6.430797783765349,0.0,0.0,0.4618212017066456,5.968976582058703,0.9685144086604347,0.0,0.0,0.0,0.23591054845152992,0.0,0,0.0,0,5.968976582058703,,,,,,,,,,,
4509,8/4/1979,1.330,2.396,8.000,3.792,2.396,0.0,1.396,0.0,0.0,0.0,5.968976582058703,0.0,0.0,0.40787983634242436,5.561096745716279,0.8626611635342327,0.0,0.0,0.0,0.2066599626377225,0.0,0,0.0,0,5.561096745716279,,,,,,,,,,,
4510,8/5/1979,1.490,4.887,8.000,3.792,3.792,1.0949999999999998,0.0,0,1.0055585542857264,0.0,6.566655300002005,0.0,0.0,0.4781962258613687,6.088459074140637,1.0004517203232093,0.08944144571427337,0.08944144571427337,0.0,0.2448360407495935,0.08944144571427337,0,0.0,0,6.088459074140637,,,,,,,,,,,
4511,8/6/1979,1.277,3.105,8.000,3.792,3.105,0.0,0.6869999999999998,0.0,0.0,0.08944144571427337,6.0885955705695425,0.05877847787403704,0.03066296784023633,0.42159390500365973,5.667001665565882,0.8896713549258513,0.0,0.0,0.0001364964289052613,0.2140737739901731,0.03052647141133107,0,0.0,0,5.667001665565882,,,,,,,,,,,
4512,8/7/1979,1.329,3.306,8.000,3.792,3.306,0.0,0.48599999999999977,0.0,0.0,0.03052647141133107,5.667072510251121,0.014611708493857536,0.015914762917473534,0.3740793433246244,5.292993166926496,0.7957855194904093,0.0,0.0,7.084468523814856e-05,0.1884585358782064,0.015843918232235386,0,0.0,0,5.292993166926496,,,,,,,,,,,
4513,8/8/1979,1.105,0.666,8.000,3.792,0.666,0.0,3.126,0.0,0.0,0.015843918232235386,5.292993166926496,0.015843918232235386,0.0,0.33383715210781045,4.959156014818685,0.7155572997049069,0.0,0.0,0.0,0.1669299635597483,0.0,0,0.0,0,4.959156014818685,,,,,,,,,,,
4514,8/9/1979,1.204,0.821,8.000,3.792,0.821,0.0,2.971,0.0,0.0,0.0,4.959156014818685,0.0,0.0,0.2994875205046433,4.659668494314042,0.6465018447132028,0.0,0.0,0.0,0.1486878496233365,0.0,0,0.0,0,4.659668494314042,,,,,,,,,,,
4515,8/10/1979,1.211,0.967,8.000,3.792,0.967,0.0,2.8249999999999997,0.0,0.0,0.0,4.659668494314042,0.0,0.0,0.26995464967467886,4.389713844639363,0.586661242169474,0.0,0.0,0.0,0.13311308771870167,0.0,0,0.0,0,4.389713844639363,,,,,,,,,,,
4516,8/11/1979,1.218,1.115,8.000,3.792,1.115,0.0,2.6769999999999996,0.0,0.0,0.0,4.389713844639363,0.0,0.0,0.2443952694819905,4.145318575157373,0.5344863835476354,0.0,0.0,0.0,0.11972374473904293,0.0,0,0.0,0,4.145318575157373,,,,,,,,,,,
4517,8/12/1979,1.335,2.565,8.000,3.792,2.565,0.0,1.2269999999999999,0.0,0.0,0.0,4.145318575157373,0.0,0.0,0.22214112419813978,3.923177450959233,0.48873882511292605,0.0,0.0,0.0,0.10814043792532509,0.0,0,0.0,0,3.923177450959233,,,,,,,,,,,
4518,8/13/1979,1.302,2.787,8.000,3.792,2.787,0.0,1.005,0.0,0.0,0.0,3.923177450959233,0.0,0.0,0.20265735267923246,3.7205200982800006,0.4484190685478591,0.0,0.0,0.0,0.0980614439329595,0.0,0,0.0,0,3.7205200982800006,,,,,,,,,,,
4519,8/14/1979,1.106,0.509,8.000,3.792,0.509,0.0,3.283,0.0,0.0,0.0,3.7205200982800006,0.0,0.0,0.1855119410163323,3.5350081572636682,0.41271343069445876,0.0,0.0,0.0,0.08924454437088482,0.0,0,0.0,0,3.5350081572636682,,,,,,,,,,,
4520,8/15/1979,1.154,0.137,8.000,3.792,0.137,0.0,3.655,0.0,0.0,0.0,3.5350081572636682,0.0,0.0,0.17035301004959696,3.364655147214071,0.3809541915710232,0.0,0.0,0.0,0.08149360898284638,0.0,0,0.0,0,3.364655147214071,,,,,,,,,,,
4521,8/16/1979,1.199,0.502,8.000,3.792,0.502,0.0,3.29,0.0,0.0,0.0,3.364655147214071,0.0,0.0,0.1568917266374317,3.207763420576639,0.3525893589115543,0.0,0.0,0.0,0.07464855948343782,0.0,0,0.0,0,3.207763420576639,,,,,,,,,,,
4522,8/17/1979,1.265,1.458,8.000,3.792,1.458,0.0,2.3339999999999996,0.0,0.0,0.0,3.207763420576639,0.0,0.0,0.14488930491446061,3.0628741156621784,0.32715948613068796,0.0,0.0,0.0,0.06857777813747033,0.0,0,0.0,0,3.0628741156621784,,,,,,,,,,,
4523,8/18/1979,1.411,3.597,8.000,3.792,3.597,0.0,0.19499999999999984,0.0,0.0,0.0,3.0628741156621784,0.0,0.0,0.13414701828223294,2.9287270973799453,0.30427972458472025,0.0,0.0,0.0,0.06317230614728794,0.0,0,0.0,0,2.9287270973799453,,,,,,,,,,,
4524,8/19/1979,1.237,2.364,8.000,3.792,2.364,0.0,1.428,0.0,0.0,0.0,2.9287270973799453,0.0,0.0,0.1244984526052257,2.8042286447747196,0.283625802395805,0.0,0.0,0.0,0.05834136735559643,0.0,0,0.0,0,2.8042286447747196,,,,,,,,,,,
4525,8/20/1979,1.121,0.533,8.000,3.792,0.533,0.0,3.259,0.0,0.0,0.0,2.8042286447747196,0.0,0.0,0.1158034451799885,2.688425199594731,0.2649229785358096,0.0,0.0,0.0,0.054008883727780906,0.0,0,0.0,0,2.688425199594731,,,,,,,,,,,
4526,8/21/1979,1.164,0.273,8.000,3.792,0.273,0.0,3.5189999999999997,0.0,0.0,0.0,2.688425199594731,0.0,0.0,0.1079433040014479,2.5804818955932833,0.24793727249451677,0.0,0.0,0.0,0.05011074034036783,0.0,0,0.0,0,2.5804818955932833,,,,,,,,,,,
4527,8/22/1979,1.315,1.928,8.000,3.792,1.928,0.0,1.8639999999999999,0.0,0.0,0.0,2.5804818955932833,0.0,0.0,0.10081700817809357,2.47966488741519,0.23246844962844243,0.0,0.0,0.0,0.04659262199740423,0.0,0,0.0,0,2.47966488741519,,,,,,,,,,,
4528,8/23/1979,1.129,0.467,8.000,3.792,0.467,0.0,3.3249999999999997,0.0,0.0,0.0,2.47966488741519,0.0,0.0,0.09433816660644938,2.3853267208087403,0.21834437215564348,0.0,0.0,0.0,0.04340828956261334,0.0,0,0.0,0,2.3853267208087403,,,,,,,,,,,
4529,8/24/1979,1.174,0.362,8.000,3.792,0.362,0.0,3.4299999999999997,0.0,0.0,0.0,2.3853267208087403,0.0,0.0,0.08843256729492799,2.2968941535138123,0.20541642055930834,0.0,0.0,0.0,0.04051819726292676,0.0,0,0.0,0,2.2968941535138123,,,,,,,,,,,
4530,8/25/1979,1.220,0.857,8.000,3.792,0.857,0.0,2.9349999999999996,0.0,0.0,0.0,2.2968941535138123,0.0,0.0,0.08303619020153623,2.213857963312276,0.19355576003548217,0.0,0.0,0.0,0.03788837639525055,0.0,0,0.0,0,2.213857963312276,,,,,,,,,,,
4531,8/26/1979,1.254,1.495,8.000,3.792,1.495,0.0,2.2969999999999997,0.0,0.0,0.0,2.213857963312276,0.0,0.0,0.07809358636325639,2.1357643769490195,0.1826502785931772,0.0,0.0,0.0,0.03548952865875156,0.0,0,0.0,0,2.1357643769490195,,,,,,,,,,,
4532,8/27/1979,1.553,5.216,8.000,3.792,3.792,1.4240000000000004,0.0,0,1.334558554281573,0.0,3.4703229312305925,0.0,0.0,0.16518943251015514,3.3051334987204375,0.37009253219172217,0.08944144571842735,0.08944144571842735,0.0,0.07886356583780381,0.08944144571842735,0,0.0,0,3.3051334987204375,,,,,,,,,,,
4533,8/28/1979,1.519,5.813,8.000,3.792,3.792,2.021,0.0,0,2.0209999999999972,0.08944144571842735,5.326531647979837,0.0,0.08944144571842735,0.3373701318657621,4.989161516114075,0.7226288457672341,2.651308728876108e-15,2.651308728876108e-15,0.00039814925940303273,0.16881347111968323,0.08904329645902698,0,0.0,0,4.989161516114075,,,,,,,,,,,
4534,8/29/1979,1.381,4.176,8.000,3.792,3.792,0.38400000000000034,0.0,0,0.38360192519499126,0.08904329645902698,5.373159818204087,0.0,0.08904329645902698,0.3423066806682242,5.030853137535863,0.732500438913222,0.0003980748050091088,0.0003980748050091088,0.0003963768950199572,0.1714474232479633,0.08904499436901614,0,0.0,0,5.030853137535863,,,,,,,,,,,
4535,8/30/1979,1.116,1.060,8.000,3.792,1.06,0.0,2.7319999999999998,0.0,0.0,0.08904499436901614,5.030853137535863,0.08904499436901614,0.0,0.30673865599365097,4.7241144815422125,0.6611262711132244,0.0,0.0,0.0,0.15252776717694996,0.0,0,0.0,0,4.7241144815422125,,,,,,,,,,,
4536,8/31/1979,1.172,0.611,8.000,3.792,0.611,0.0,3.181,0.0,0.0,0.0,4.7241144815422125,0.0,0.0,0.2762060161028069,4.447908465439405,0.5993663930142338,0.0,0.0,0.0,0.1364009164840144,0.0,0,0.0,0,4.447908465439405,,,,,,,,,,,
4537,9/1/1979,1.241,1.208,9.000,4.609,1.208,0.0,3.401,0.0,0.0,0.0,4.447908465439405,0.0,0.0,0.2498190274432221,4.198089437996183,0.5455896791487597,0.0,0.0,0.0,0.12255760549264909,0.0,0,0.0,0,4.198089437996183,,,,,,,,,,,
4538,9/2/1979,2.142,11.472,9.000,4.609,4.609,6.8629999999999995,0.0,0,6.7735585542815695,0.0,10.971647992277752,0.0,0.0,1.1249992180662978,9.846648774211454,2.210654021425198,0.08944144571843,0.08944144571843,0.0,0.609353514052502,0.08944144571843,0,0.0,0,9.846648774211454,,,,,,,,,,,
4539,9/3/1979,6.927,11.869,9.000,4.609,4.609,7.26,0.0,0,7.26,0.08944144571843,17.107046923470858,0.0,0.08944144571843,2.3586175325557917,14.748429390915065,4.361348367463106,0.0,0.0,0.00039814925940304455,1.3413120077681226,0.08904329645902696,0,0.0,0,14.748429390915065,,,,,,,,,,,
4540,9/4/1979,6.189,9.200,9.000,4.609,4.609,4.590999999999999,0.0,0,4.590601850740597,0.08904329645902696,19.33942761855068,0.0,0.08904329645902696,2.8935998415435287,16.44582777700715,5.255054321604082,0.0003981492594030382,0.0003981492594030382,0.0003963768950199571,1.6678330960320278,0.08904506882341005,0,0.0,0,16.44582777700715,,,,,,,,,,,
4541,9/5/1979,7.006,20.162,9.000,4.609,4.609,15.552999999999999,0.0,0,15.552603623104979,0.08904506882341005,31.998827784896843,0.0,0.08904506882341005,6.69765171490367,25.301176069993172,11.223905513565784,0.00039637689501995115,0.00039637689501995115,0.000396384784713162,4.079621663961668,0.08904506093371685,0,0.0,0,25.301176069993172,,,,,,,,,,,
4542,9/6/1979,7.394,11.229,9.000,4.609,4.609,6.619999999999999,0.0,0,6.619603615215286,0.08904506093371685,31.92117606995805,0.0,0.08904506093371685,6.670584924891373,25.25059114506668,11.183187885228923,0.0003963847847131611,0.0003963847847131611,0.0003963847495921342,4.0620524569840954,0.08904506096883787,0,0.0,0,25.25059114506668,,,,,,,,,,,
4543,9/7/1979,4.911,7.676,9.000,4.609,4.609,3.067,0.0,0,3.066603615250408,0.08904506096883787,28.317591145066835,0.0,0.08904506096883787,5.463357542108027,22.854233602958807,9.345422617491357,0.0003963847495921373,0.0003963847495921373,0.00039638474974847566,3.2834926794028076,0.08904506096868153,0,0.0,0,22.854233602958807,,,,,,,,,,,
4544,9/8/1979,2.511,10.824,9.000,4.609,4.609,6.215,0.0,0,6.214603615250251,0.08904506096868153,29.069233602958807,0.0,0.08904506096868153,5.707182339717327,23.36205126324148,9.720192479188826,0.0003963847497484729,0.0003963847497484729,0.0003963847497477797,3.4399006006916966,0.08904506096868223,0,0.0,0,23.36205126324148,,,,,,,,,,,
4545,9/9/1979,3.814,4.859,9.000,4.609,4.609,0.25,0.0,0,0.24960509866375713,0.08904506096868223,23.612052746654985,0.0,0.08904506096868223,4.035729221024085,19.5763235256309,7.108556242429741,0.00039490133624287487,0.00039490133624287487,0.0003963847497477828,2.37762422014013,0.08904357755517732,0,0.0,0,19.5763235256309,,,,,,,,,,,
4546,9/10/1979,1.088,0.839,9.000,4.609,0.839,0.0,3.77,0.0,0.0,0.08904357755517732,19.5763235256309,0.08904357755517732,0.0,2.9529153745169996,16.6234081511139,5.353027795933512,0.0,0.0,0.0,1.7042958439673828,0.0,0,0.0,0,16.6234081511139,,,,,,,,,,,
4547,9/11/1979,1.158,0.339,9.000,4.609,0.339,0.0,4.27,0.0,0.0,0.0,16.6234081511139,0.0,0.0,2.248532789224351,14.374875361889549,4.175003826686073,0.0,0.0,0.0,1.2746930265988468,0.0,0,0.0,0,14.374875361889549,,,,,,,,,,,
4548,9/12/1979,1.164,0.177,9.000,4.609,0.177,0.0,4.432,0.0,0.0,0.0,14.374875361889549,0.0,0.0,1.7648423812403806,12.610032980649168,3.344722963610964,0.0,0.0,0.0,0.9846696311913321,0.0,0,0.0,0,12.610032980649168,,,,,,,,,,,
4549,9/13/1979,1.203,0.569,9.000,4.609,0.569,0.0,4.04,0.0,0.0,0.0,12.610032980649168,0.0,0.0,1.4187073394358651,11.191325641213302,2.737128925374161,0.0,0.0,0.0,0.78025882690419,0.0,0,0.0,0,11.191325641213302,,,,,,,,,,,
4550,9/14/1979,1.153,0.158,9.000,4.609,0.158,0.0,4.451,0.0,0.0,0.0,11.191325641213302,0.0,0.0,1.1627910120827878,10.028534629130514,2.279039136328293,0.0,0.0,0.0,0.6311941504583871,0.0,0,0.0,0,10.028534629130514,,,,,,,,,,,
4551,9/15/1979,1.235,0.934,9.000,4.609,0.934,0.0,3.675,0.0,0.0,0.0,10.028534629130514,0.0,0.0,0.9684894826971708,9.060045146433342,1.9251670145762025,0.0,0.0,0.0,0.5194349988411707,0.0,0,0.0,0,9.060045146433342,,,,,,,,,,,
4552,9/16/1979,1.364,2.819,9.000,4.609,2.819,0.0,1.79,0.0,0.0,0.0,9.060045146433342,0.0,0.0,0.8176793831954672,8.242365763237876,1.6462106224174184,0.0,0.0,0.0,0.4336928221486319,0.0,0,0.0,0,8.242365763237876,,,,,,,,,,,
4553,9/17/1979,1.119,0.678,9.000,4.609,0.678,0.0,3.931,0.0,0.0,0.0,8.242365763237876,0.0,0.0,0.698423616431886,7.54394214680599,1.4225050836072366,0.0,0.0,0.0,0.3666174503874285,0.0,0,0.0,0,7.54394214680599,,,,,,,,,,,
4554,9/18/1979,1.146,0.125,9.000,4.609,0.125,0.0,4.484,0.0,0.0,0.0,7.54394214680599,0.0,0.0,0.602600785386374,6.9413413614196156,1.2404435607764948,0.0,0.0,0.0,0.31326134692751945,0.0,0,0.0,0,6.9413413614196156,,,,,,,,,,,
4555,9/19/1979,1.161,0.056,9.000,4.609,0.056,0.0,4.553,0.0,0.0,0.0,6.9413413614196156,0.0,0.0,0.524531348859307,6.416810012560308,1.0903631822442457,0.0,0.0,0.0,0.27019888195587777,0.0,0,0.0,0,6.416810012560308,,,,,,,,,,,
4556,9/20/1979,1.160,0.000,9.000,4.609,0.0,0.0,4.609,0.0,0.0,0.0,6.416810012560308,0.0,0.0,0.46014821992461685,5.956661792635692,0.9652465079256682,0.0,0.0,0.0,0.2349998202644529,0.0,0,0.0,0,5.956661792635692,,,,,,,,,,,
4557,9/21/1979,1.169,0.073,9.000,4.609,0.073,0.0,4.536,0.0,0.0,0.0,5.956661792635692,0.0,0.0,0.4064782841963688,5.550183508439323,0.859896852986276,0.0,0.0,0.0,0.2059031992486588,0.0,0,0.0,0,5.550183508439323,,,,,,,,,,,
4558,9/22/1979,1.180,0.237,9.000,4.609,0.237,0.0,4.372,0.0,0.0,0.0,5.550183508439323,0.0,0.0,0.3613083643869882,5.188875144052335,0.7703992066430709,0.0,0.0,0.0,0.1816090367531557,0.0,0,0.0,0,5.188875144052335,,,,,,,,,,,
4559,9/23/1979,1.162,0.103,9.000,4.609,0.103,0.0,4.506,0.0,0.0,0.0,5.188875144052335,0.0,0.0,0.32296427059177507,4.865910873460559,0.6937588289265304,0.0,0.0,0.0,0.1611416804032941,0.0,0,0.0,0,4.865910873460559,,,,,,,,,,,
4560,9/24/1979,1.173,0.167,9.000,4.609,0.167,0.0,4.442,0.0,0.0,0.0,4.865910873460559,0.0,0.0,0.29016121500973296,4.575749658450826,0.6276535022300737,0.0,0.0,0.0,0.14375801084597273,0.0,0,0.0,0,4.575749658450826,,,,,,,,,,,
4561,9/25/1979,1.160,0.046,9.000,4.609,0.046,0.0,4.563,0.0,0.0,0.0,4.575749658450826,0.0,0.0,0.26190042582734624,4.31384923262348,0.5702602927302542,0.0,0.0,0.0,0.1288844643670219,0.0,0,0.0,0,4.31384923262348,,,,,,,,,,,
4562,9/26/1979,1.267,1.258,9.000,4.609,1.258,0.0,3.351,0.0,0.0,0.0,4.31384923262348,0.0,0.0,0.23739635634402856,4.076452876279451,0.5201322404012976,0.0,0.0,0.0,0.11607300466501269,0.0,0,0.0,0,4.076452876279451,,,,,,,,,,,
4563,9/27/1979,1.257,1.711,9.000,4.609,1.711,0.0,2.8979999999999997,0.0,0.0,0.0,4.076452876279451,0.0,0.0,0.21602457282130166,3.86042830345815,0.47610916967032985,0.0,0.0,0.0,0.10496981454492246,0.0,0,0.0,0,3.86042830345815,,,,,,,,,,,
4564,9/28/1979,1.594,5.772,9.000,4.609,4.609,1.1630000000000003,0.0,0,1.0735585542824788,0.0,4.933986857740629,0.0,0.0,0.2969584984407587,4.63702835929987,0.6413950615844524,0.0894414457175214,0.0894414457175214,0.0,0.14735000933468637,0.0894414457175214,0,0.0,0,4.63702835929987,,,,,,,,,,,
4565,9/29/1979,1.443,4.874,9.000,4.609,4.609,0.2649999999999997,0.0,0,0.2649999999990935,0.0894414457175214,4.902426508558363,0.0,0.0894414457175214,0.2937994180430415,4.608627090515321,0.6350115026540929,9.06178490541862e-13,9.06178490541862e-13,0.0003981492593989999,0.14567992482092776,0.08904329645902857,0,0.0,0,4.608627090515321,,,,,,,,,,,
4566,9/30/1979,1.230,2.556,9.000,4.609,2.556,0.0,2.053,0.0,0.0,0.08904329645902857,4.608627090515321,0.08904329645902857,0.0,0.2650442530756463,4.3435828374396745,0.57666642372717,0.0,0.0,0.0,0.13053403068806038,0.0,0,0.0,0,4.3435828374396745,,,,,,,,,,,
4567,10/1/1979,1.125,0.656,10.000,5.054,0.656,0.0,4.398000000000001,0.0,0.0,0.0,4.3435828374396745,0.0,0.0,0.24012974445341204,4.103453092986262,0.5257417388484471,0.0,0.0,0.0,0.11749795022847488,0.0,0,0.0,0,4.103453092986262,,,,,,,,,,,
4568,10/2/1979,1.544,4.725,10.000,5.054,4.725,0.0,0.3290000000000006,0.0,0.0,0.0,4.103453092986262,0.0,0.0,0.21841455032303222,3.88503854266323,0.4810470487069489,0.0,0.0,0.0,0.10620800796488572,0.0,0,0.0,0,3.88503854266323,,,,,,,,,,,
4569,10/3/1979,1.462,5.182,10.000,5.054,5.054,0.1280000000000001,0.0,0,0.0482278368442854,0.0,3.9332663795075153,0.0,0.0,0.2035266938016329,3.7297396857058827,0.45022371961425395,0.07977216315571471,0.07977216315571471,0.0,0.09850984149720403,0.07977216315571471,0,0.0,0,3.7297396857058827,,,,,,,,,,,
4570,10/4/1979,0.000,0.184,10.000,5.054,0.184,0.0,4.87,0.0,0.0,0.07977216315571471,3.7297396857058827,0.07977216315571471,0.0,0.1862787495494702,3.5434609361564124,0.41431507878235,0.0,0.0,0.0,0.08963776076890853,0.0,0,0.0,0,3.5434609361564124,,,,,,,,,,,
4571,10/5/1979,1.170,0.175,10.000,5.054,0.175,0.0,4.8790000000000004,0.0,0.0,0.0,3.5434609361564124,0.0,0.0,0.17103245390674174,3.3724284822496706,0.3823817215762189,0.0,0.0,0.0,0.08184007458677024,0.0,0,0.0,0,3.3724284822496706,,,,,,,,,,,
4572,10/6/1979,1.277,1.444,10.000,5.054,1.444,0.0,3.6100000000000003,0.0,0.0,0.0,3.3724284822496706,0.0,0.0,0.1574963011779697,3.214932181071701,0.3538667317728206,0.0,0.0,0.0,0.07495518064820916,0.0,0,0.0,0,3.214932181071701,,,,,,,,,,,
4573,10/7/1979,1.171,0.775,10.000,5.054,0.775,0.0,4.279,0.0,0.0,0.0,3.214932181071701,0.0,0.0,0.14542937502331882,3.069502806048382,0.3283067092775532,0.0,0.0,0.0,0.06885025291865945,0.0,0,0.0,0,3.069502806048382,,,,,,,,,,,
4574,10/8/1979,1.137,0.062,10.000,5.054,0.062,0.0,4.992,0.0,0.0,0.0,3.069502806048382,0.0,0.0,0.13463123688826656,2.9348715691601157,0.3053136067263378,0.0,0.0,0.0,0.06341536676133602,0.0,0,0.0,0,2.9348715691601157,,,,,,,,,,,
4575,10/9/1979,1.183,0.277,10.000,5.054,0.277,0.0,4.777,0.0,0.0,0.0,2.9348715691601157,0.0,0.0,0.12493408672946273,2.809937482430653,0.284560545697859,0.0,0.0,0.0,0.05855896809994299,0.0,0,0.0,0,2.809937482430653,,,,,,,,,,,
4576,10/10/1979,1.153,0.026,10.000,5.054,0.026,0.0,5.0280000000000005,0.0,0.0,0.0,2.809937482430653,0.0,0.0,0.11619663208610513,2.6937408503445477,0.26577064699312963,0.0,0.0,0.0,0.054204347881169686,0.0,0,0.0,0,2.6937408503445477,,,,,,,,,,,
4577,10/11/1979,1.176,0.173,10.000,5.054,0.173,0.0,4.881,0.0,0.0,0.0,2.6937408503445477,0.0,0.0,0.10829925401636734,2.5854415963281805,0.2487081651924698,0.0,0.0,0.0,0.05028687591842717,0.0,0,0.0,0,2.5854415963281805,,,,,,,,,,,
4578,10/12/1979,1.157,0.029,10.000,5.054,0.029,0.0,5.025,0.0,0.0,0.0,2.5854415963281805,0.0,0.0,0.10114016646791088,2.4843014298602695,0.2331714003184981,0.0,0.0,0.0,0.04675181365112756,0.0,0,0.0,0,2.4843014298602695,,,,,,,,,,,
4579,10/13/1979,1.189,0.323,10.000,5.054,0.323,0.0,4.731,0.0,0.0,0.0,2.4843014298602695,0.0,0.0,0.09463234310441528,2.389669086755854,0.21898699129219262,0.0,0.0,0.0,0.04355257205008863,0.0,0,0.0,0,2.389669086755854,,,,,,,,,,,
4580,10/14/1979,1.171,0.257,10.000,5.054,0.257,0.0,4.797000000000001,0.0,0.0,0.0,2.389669086755854,0.0,0.0,0.08870104172789316,2.300968045027961,0.20600529207268745,0.0,0.0,0.0,0.04064931457752464,0.0,0,0.0,0,2.300968045027961,,,,,,,,,,,
4581,10/15/1979,1.154,0.024,10.000,5.054,0.024,0.0,5.03,0.0,0.0,0.0,2.300968045027961,0.0,0.0,0.0832817975056955,2.2176862475222654,0.19409660224877628,0.0,0.0,0.0,0.03800782964674869,0.0,0,0.0,0,2.2176862475222654,,,,,,,,,,,
4582,10/16/1979,1.184,0.268,10.000,5.054,0.268,0.0,4.7860000000000005,0.0,0.0,0.0,2.2176862475222654,0.0,0.0,0.07831878655093331,2.1393674609713322,0.18314807654818638,0.0,0.0,0.0,0.035598615074449884,0.0,0,0.0,0,2.1393674609713322,,,,,,,,,,,
4583,10/17/1979,1.156,0.053,10.000,5.054,0.053,0.0,5.001,0.0,0.0,0.0,2.1393674609713322,0.0,0.0,0.07376348401756186,2.06560397695377,0.17306117725075135,0.0,0.0,0.0,0.033396130412682294,0.0,0,0.0,0,2.06560397695377,,,,,,,,,,,
4584,10/18/1979,1.186,0.298,10.000,5.054,0.298,0.0,4.756,0.0,0.0,0.0,2.06560397695377,0.0,0.0,0.0695735578655758,1.9960304190881943,0.163749563370151,0.0,0.0,0.0,0.03137818307259159,0.0,0,0.0,0,1.9960304190881943,,,,,,,,,,,
4585,10/19/1979,1.216,0.771,10.000,5.054,0.771,0.0,4.283,0.0,0.0,0.0,1.9960304190881943,0.0,0.0,0.06571195232433134,1.930318466763863,0.15513733323155338,0.0,0.0,0.0,0.029525421714971575,0.0,0,0.0,0,1.930318466763863,,,,,,,,,,,
4586,10/20/1979,1.312,2.138,10.000,5.054,2.138,0.0,2.9160000000000004,0.0,0.0,0.0,1.930318466763863,0.0,0.0,0.06214612490526396,1.8681723418585992,0.1471575545398503,0.0,0.0,0.0,0.02782091613164979,0.0,0,0.0,0,1.8681723418585992,,,,,,,,,,,
4587,10/21/1979,1.177,1.127,10.000,5.054,1.127,0.0,3.9270000000000005,0.0,0.0,0.0,1.8681723418585992,0.0,0.0,0.05884740836445702,1.8093249334941421,0.13975102952921004,0.0,0.0,0.0,0.02624980724287389,0.0,0,0.0,0,1.8093249334941421,,,,,,,,,,,
4588,10/22/1979,1.217,1.187,10.000,5.054,1.187,0.0,3.867,0.0,0.0,0.0,1.8093249334941421,0.0,0.0,0.05579047485590027,1.753534458638242,0.1328652532802338,0.0,0.0,0.0,0.02479901422811353,0.0,0,0.0,0,1.753534458638242,,,,,,,,,,,
4589,10/23/1979,1.183,0.798,10.000,5.054,0.798,0.0,4.256,0.0,0.0,0.0,1.753534458638242,0.0,0.0,0.05295288406336651,1.7005815745748754,0.12645353150368385,0.0,0.0,0.0,0.023456988439133884,0.0,0,0.0,0,1.7005815745748754,,,,,,,,,,,
4590,10/24/1979,1.174,0.516,10.000,5.054,0.516,0.0,4.538,0.0,0.0,0.0,1.7005815745748754,0.0,0.0,0.05031470066040379,1.6502668739144715,0.12047423055392588,0.0,0.0,0.0,0.022213505797966795,0.0,0,0.0,0,1.6502668739144715,,,,,,,,,,,
4591,10/25/1979,1.152,0.124,10.000,5.054,0.124,0.0,4.930000000000001,0.0,0.0,0.0,1.6502668739144715,0.0,0.0,0.047858169253631976,1.6024087046608395,0.11489013755166448,0.0,0.0,0.0,0.021059490994662967,0.0,0,0.0,0,1.6024087046608395,,,,,,,,,,,
4592,10/26/1979,1.191,0.403,10.000,5.054,0.403,0.0,4.651,0.0,0.0,0.0,1.6024087046608395,0.0,0.0,0.0455674371868844,1.5568412674739551,0.10966791256688369,0.0,0.0,0.0,0.01998686807240272,0.0,0,0.0,0,1.5568412674739551,,,,,,,,,,,
4593,10/27/1979,1.183,0.442,10.000,5.054,0.442,0.0,4.612,0.0,0.0,0.0,1.5568412674739551,0.0,0.0,0.04342831735324217,1.513412950120713,0.10477761806913263,0.0,0.0,0.0,0.01898843299751887,0.0,0,0.0,0,1.513412950120713,,,,,,,,,,,
4594,10/28/1979,1.153,0.090,10.000,5.054,0.09,0.0,4.964,0.0,0.0,0.0,1.513412950120713,0.0,0.0,0.04142808457798691,1.4719848655427261,0.10019231346929325,0.0,0.0,0.0,0.018057744617536082,0.0,0,0.0,0,1.4719848655427261,,,,,,,,,,,
4595,10/29/1979,1.166,0.083,10.000,5.054,0.083,0.0,4.971,0.0,0.0,0.0,1.4719848655427261,0.0,0.0,0.039555300273996286,1.4324295652687298,0.09588770469002843,0.0,0.0,0.0,0.017189031055948184,0.0,0,0.0,0,1.4324295652687298,,,,,,,,,,,
4596,10/30/1979,1.163,0.044,10.000,5.054,0.044,0.0,5.010000000000001,0.0,0.0,0.0,1.4324295652687298,0.0,0.0,0.03779966099069004,1.3946299042780397,0.09184184041588457,0.0,0.0,0.0,0.016377109112291583,0.0,0,0.0,0,1.3946299042780397,,,,,,,,,,,
4597,10/31/1979,1.164,0.028,10.000,5.054,0.028,0.0,5.026000000000001,0.0,0.0,0.0,1.3946299042780397,0.0,0.0,0.03615186722365395,1.3584780370543856,0.088034848069908,0.0,0.0,0.0,0.015617314656495808,0.0,0,0.0,0,1.3584780370543856,,,,,,,,,,,
4598,11/1/1979,1.190,0.336,11.000,5.054,0.336,0.0,4.718,0.0,0.0,0.0,1.3584780370543856,0.0,0.0,0.03460350945982951,1.323874527594556,0.08444870370526064,0.0,0.0,0.0,0.014905442347962806,0.0,0,0.0,0,1.323874527594556,,,,,,,,,,,
4599,11/2/1979,1.158,0.119,11.000,5.054,0.119,0.0,4.9350000000000005,0.0,0.0,0.0,1.323874527594556,0.0,0.0,0.03314696893028124,1.2907275586642748,0.08106703093767674,0.0,0.0,0.0,0.014237693288307639,0.0,0,0.0,0,1.2907275586642748,,,,,,,,,,,
4600,11/3/1979,1.164,0.071,11.000,5.054,0.071,0.0,4.9830000000000005,0.0,0.0,0.0,1.2907275586642748,0.0,0.0,0.03177533095075891,1.258952227713516,0.07787492481715565,0.0,0.0,0.0,0.01361062944469721,0.0,0,0.0,0,1.258952227713516,,,,,,,,,,,
4601,11/4/1979,1.165,0.074,11.000,5.054,0.074,0.0,4.98,0.0,0.0,0.0,1.258952227713516,0.0,0.0,0.030482309066714026,1.2284699186468018,0.0748587971763241,0.0,0.0,0.0,0.013021133868106534,0.0,0,0.0,0,1.2284699186468018,,,,,,,,,,,
4602,11/5/1979,1.159,0.000,11.000,5.054,0.0,0.0,5.054,0.0,0.0,0.0,1.2284699186468018,0.0,0.0,0.029262178497720386,1.1992077401490815,0.07200624052335733,0.0,0.0,0.0,0.012466375885371327,0.0,0,0.0,0,1.1992077401490815,,,,,,,,,,,
4603,11/6/1979,1.173,0.122,11.000,5.054,0.122,0.0,4.932,0.0,0.0,0.0,1.1992077401490815,0.0,0.0,0.028109717607233704,1.1710980225418477,0.06930590798915204,0.0,0.0,0.0,0.011943780571848132,0.0,0,0.0,0,1.1710980225418477,,,,,,,,,,,
4604,11/7/1979,1.244,1.025,11.000,5.054,1.025,0.0,4.029,0.0,0.0,0.0,1.1710980225418477,0.0,0.0,0.027020156315986636,1.144077866225861,0.06674740720761362,0.0,0.0,0.0,0.011451001917743757,0.0,0,0.0,0,1.144077866225861,,,,,,,,,,,
4605,11/8/1979,1.954,9.377,11.000,5.054,5.054,4.323,0.0,0,4.23355855428157,0.0,5.377636420507431,0.0,0.0,0.34278212914686335,5.034854291360568,0.7334506226743902,0.08944144571843,0.08944144571843,0.0,0.17170123678521346,0.08944144571843,0,0.0,0,5.034854291360568,,,,,,,,,,,
4606,11/9/1979,4.147,10.758,11.000,5.054,5.054,5.703999999999999,0.0,0,5.703999999999999,0.08944144571843,10.739252440619971,0.0,0.08944144571843,1.085565076705244,9.653687363914727,2.1390764853179403,0.0,0.0,0.00039814925940304455,0.5866151779327429,0.08904329645902696,0,0.0,0,9.653687363914727,,,,,,,,,,,
4607,11/10/1979,2.699,1.414,11.000,5.054,1.414,0.0,3.6400000000000006,0.0,0.0,0.08904329645902696,9.653687363914727,0.08904329645902696,0.0,0.9089105855236005,8.744776778391127,1.815448710386345,0.0,0.0,0.0,0.48544842487098644,0.0,0,0.0,0,8.744776778391127,,,,,,,,,,,
4608,11/11/1979,1.126,0.208,11.000,5.054,0.208,0.0,4.846,0.0,0.0,0.0,8.744776778391127,0.0,0.0,0.7708093808284564,7.973967397562671,1.5586432468928937,0.0,0.0,0.0,0.4072483321247392,0.0,0,0.0,0,7.973967397562671,,,,,,,,,,,
4609,11/12/1979,1.219,0.773,11.000,5.054,0.773,0.0,4.281000000000001,0.0,0.0,0.0,7.973967397562671,0.0,0.0,0.6609316318337966,7.313035765728874,1.3515339978692738,0.0,0.0,0.0,0.3456798135594085,0.0,0,0.0,0,7.313035765728874,,,,,,,,,,,
4610,11/13/1979,1.380,2.923,11.000,5.054,2.923,0.0,2.1310000000000002,0.0,0.0,0.0,7.313035765728874,0.0,0.0,0.5721746426498373,6.740861123079037,1.182151791462101,0.0,0.0,0.0,0.2964320403014802,0.0,0,0.0,0,6.740861123079037,,,,,,,,,,,
4611,11/14/1979,1.663,7.040,11.000,5.054,5.054,1.9859999999999998,0.0,0,1.8965585542815697,0.0,8.637419677360608,0.0,0.0,0.7551023367633987,7.88231734059721,1.5291976799366813,0.08944144571843,0.08944144571843,0.0,0.3984096084553953,0.08944144571843,0,0.0,0,7.88231734059721,,,,,,,,,,,
4612,11/15/1979,1.740,6.603,11.000,5.054,5.054,1.5489999999999995,0.0,0,1.5489999999999995,0.08944144571843,9.431715489856613,0.0,0.08944144571843,0.8743465434999846,8.557368946356629,1.7515117228185555,0.0,0.0,0.00039814925940304455,0.46579799332073596,0.08904329645902696,0,0.0,0,8.557368946356629,,,,,,,,,,,
4613,11/16/1979,1.226,2.171,11.000,5.054,2.171,0.0,2.8830000000000005,0.0,0.0,0.08904329645902696,8.557368946356629,0.08904329645902696,0.0,0.7434747199360139,7.813894226420615,1.507366372165237,0.0,0.0,0.0,0.3918742493744718,0.0,0,0.0,0,7.813894226420615,,,,,,,,,,,
4614,11/17/1979,1.181,1.197,11.000,5.054,1.197,0.0,3.857,0.0,0.0,0.0,7.813894226420615,0.0,0.0,0.6389668463289825,7.174927380091632,1.3098011089993502,0.0,0.0,0.0,0.333449425501368,0.0,0,0.0,0,7.174927380091632,,,,,,,,,,,
4615,11/18/1979,1.155,0.461,11.000,5.054,0.461,0.0,4.593,0.0,0.0,0.0,7.174927380091632,0.0,0.0,0.5542788335067803,6.620648546584852,1.1477492544836734,0.0,0.0,0.0,0.2865607887002973,0.0,0,0.0,0,6.620648546584852,,,,,,,,,,,
4616,11/19/1979,1.432,3.371,11.000,5.054,3.371,0.0,1.6830000000000003,0.0,0.0,0.0,6.620648546584852,0.0,0.0,0.4847673203420534,6.135881226242799,1.0132433407484005,0.0,0.0,0.0,0.24842342812111576,0.0,0,0.0,0,6.135881226242799,,,,,,,,,,,
4617,11/20/1979,1.113,0.789,11.000,5.054,0.789,0.0,4.265000000000001,0.0,0.0,0.0,6.135881226242799,0.0,0.0,0.42706503741610036,5.708816188826699,0.9004277603089692,0.0,0.0,0.0,0.21703592301006105,0.0,0,0.0,0,5.708816188826699,,,,,,,,,,,
4618,11/21/1979,1.131,0.000,11.000,5.054,0.0,0.0,5.054,0.0,0.0,0.0,5.708816188826699,0.0,0.0,0.3786830599970656,5.330133128829633,0.8049205390167741,0.0,0.0,0.0,0.1909314652229158,0.0,0,0.0,0,5.330133128829633,,,,,,,,,,,
4619,11/22/1979,1.173,0.128,11.000,5.054,0.128,0.0,4.926,0.0,0.0,0.0,5.330133128829633,0.0,0.0,0.3377503999191935,4.99238272891044,0.723389650413453,0.0,0.0,0.0,0.16901627782293752,0.0,0,0.0,0,4.99238272891044,,,,,,,,,,,
4620,11/23/1979,1.163,0.077,11.000,5.054,0.077,0.0,4.977,0.0,0.0,0.0,4.99238272891044,0.0,0.0,0.30283929844091045,4.689543430469529,0.6532650875892885,0.0,0.0,0.0,0.15046206856554312,0.0,0,0.0,0,4.689543430469529,,,,,,,,,,,
4621,11/24/1979,1.176,0.195,11.000,5.054,0.195,0.0,4.859,0.0,0.0,0.0,4.689543430469529,0.0,0.0,0.2728454495125816,4.416697980956947,0.592539085144814,0.0,0.0,0.0,0.13463285235628494,0.0,0,0.0,0,4.416697980956947,,,,,,,,,,,
4622,11/25/1979,1.156,0.029,11.000,5.054,0.029,0.0,5.025,0.0,0.0,0.0,4.416697980956947,0.0,0.0,0.24690427853897953,4.169793702417968,0.5396249059771212,0.0,0.0,0.0,0.12103416867594398,0.0,0,0.0,0,4.169793702417968,,,,,,,,,,,
4623,11/26/1979,1.162,0.016,11.000,5.054,0.016,0.0,5.038,0.0,0.0,0.0,4.169793702417968,0.0,0.0,0.22433139641869776,3.94546230599927,0.49325534347371286,0.0,0.0,0.0,0.10927721047236215,0.0,0,0.0,0,3.94546230599927,,,,,,,,,,,
4624,11/27/1979,1.181,0.220,11.000,5.054,0.22,0.0,4.8340000000000005,0.0,0.0,0.0,3.94546230599927,0.0,0.0,0.20457957665612517,3.7408827293431446,0.4524086586273349,0.0,0.0,0.0,0.09905307679730377,0.0,0,0.0,0,3.7408827293431446,,,,,,,,,,,
4625,11/28/1979,1.163,0.110,11.000,5.054,0.11,0.0,4.944,0.0,0.0,0.0,3.7408827293431446,0.0,0.0,0.1872072230584093,3.553675506284735,0.4162537886014522,0.0,0.0,0.0,0.09011402086957088,0.0,0,0.0,0,3.553675506284735,,,,,,,,,,,
4626,11/29/1979,1.163,0.068,11.000,5.054,0.068,0.0,4.986000000000001,0.0,0.0,0.0,3.553675506284735,0.0,0.0,0.1718549553992441,3.3818205508854913,0.38410930012437705,0.0,0.0,0.0,0.08225961005742094,0.0,0,0.0,0,3.3818205508854913,,,,,,,,,,,
4627,11/30/1979,1.162,0.036,11.000,5.054,0.036,0.0,5.018000000000001,0.0,0.0,0.0,3.3818205508854913,0.0,0.0,0.15822801367068748,3.2235925372148038,0.35541228348421045,0.0,0.0,0.0,0.07532638575596963,0.0,0,0.0,0,3.2235925372148038,,,,,,,,,,,
4628,12/1/1979,1.160,0.000,12.000,5.337,0.0,0.0,5.337,0.0,0.0,0.0,3.2235925372148038,0.0,0.0,0.14608288842526776,3.077509648789536,0.3296945283394049,0.0,0.0,0.0,0.06918005083629625,0.0,0,0.0,0,3.077509648789536,,,,,,,,,,,
4629,12/2/1979,1.163,0.000,12.000,5.337,0.0,0.0,5.337,0.0,0.0,0.0,3.077509648789536,0.0,0.0,0.13521705824105598,2.94229259054848,0.30656409693891806,0.0,0.0,0.0,0.06370950524571684,0.0,0,0.0,0,2.94229259054848,,,,,,,,,,,
4630,12/3/1979,1.162,0.000,12.000,5.337,0.0,0.0,5.337,0.0,0.0,0.0,2.94229259054848,0.0,0.0,0.12546103753059337,2.8168315530178867,0.28569094184255095,0.0,0.0,0.0,0.05882224855275364,0.0,0,0.0,0,2.8168315530178867,,,,,,,,,,,
4631,12/4/1979,1.172,0.119,12.000,5.337,0.119,0.0,5.218,0.0,0.0,0.0,2.8168315530178867,0.0,0.0,0.11667216030201284,2.700159392715874,0.2667955851529809,0.0,0.0,0.0,0.0544408043319414,0.0,0,0.0,0,2.700159392715874,,,,,,,,,,,
4632,12/5/1979,1.158,0.011,12.000,5.337,0.011,0.0,5.326,0.0,0.0,0.0,2.700159392715874,0.0,0.0,0.10872968103703014,2.5914297116788436,0.2496401370851538,0.0,0.0,0.0,0.05049991600379093,0.0,0,0.0,0,2.5914297116788436,,,,,,,,,,,
4633,12/6/1979,1.217,0.648,12.000,5.337,0.648,0.0,4.689,0.0,0.0,0.0,2.5914297116788436,0.0,0.0,0.10153088401212858,2.489898827666715,0.23402111780818888,0.0,0.0,0.0,0.046944330495942294,0.0,0,0.0,0,2.489898827666715,,,,,,,,,,,
4634,12/7/1979,1.146,0.106,12.000,5.337,0.106,0.0,5.231,0.0,0.0,0.0,2.489898827666715,0.0,0.0,0.0949879713061904,2.3949108563605246,0.21976368079128442,0.0,0.0,0.0,0.04372703368320227,0.0,0,0.0,0,2.3949108563605246,,,,,,,,,,,
4635,12/8/1979,1.181,0.283,12.000,5.337,0.283,0.0,5.053999999999999,0.0,0.0,0.0,2.3949108563605246,0.0,0.0,0.089025556882548,2.3058852994779766,0.20671693381095374,0.0,0.0,0.0,0.040807835867206724,0.0,0,0.0,0,2.3058852994779766,,,,,,,,,,,
4636,12/9/1979,1.153,0.028,12.000,5.337,0.028,0.0,5.309,0.0,0.0,0.0,2.3058852994779766,0.0,0.0,0.08357863593086573,2.2223066635471107,0.19475012588411098,0.0,0.0,0.0,0.038152230534535946,0.0,0,0.0,0,2.2223066635471107,,,,,,,,,,,
4637,12/10/1979,1.193,0.378,12.000,5.337,0.378,0.0,4.959,0.0,0.0,0.0,2.2223066635471107,0.0,0.0,0.07859092951601898,2.1437157340310917,0.1837495219768607,0.0,0.0,0.0,0.035730467994829825,0.0,0,0.0,0,2.1437157340310917,,,,,,,,,,,
4638,12/11/1979,1.177,0.352,12.000,5.337,0.352,0.0,4.984999999999999,0.0,0.0,0.0,2.1437157340310917,0.0,0.0,0.0740135275713729,2.069702206459719,0.17361582750509363,0.0,0.0,0.0,0.03351679912171442,0.0,0,0.0,0,2.069702206459719,,,,,,,,,,,
4639,12/12/1979,1.165,0.202,12.000,5.337,0.202,0.0,5.135,0.0,0.0,0.0,2.069702206459719,0.0,0.0,0.06980377054394495,1.999898435915774,0.1642620549964039,0.0,0.0,0.0,0.03148885460935325,0.0,0,0.0,0,1.999898435915774,,,,,,,,,,,
4640,12/13/1979,1.176,0.255,12.000,5.337,0.255,0.0,5.082,0.0,0.0,0.0,1.999898435915774,0.0,0.0,0.06592432307475349,1.9339741128410206,0.15561174839743966,0.0,0.0,0.0,0.029627132841663673,0.0,0,0.0,0,1.9339741128410206,,,,,,,,,,,
4641,12/14/1979,1.168,0.182,12.000,5.337,0.182,0.0,5.154999999999999,0.0,0.0,0.0,1.9339741128410206,0.0,0.0,0.062342403071889235,1.8716317097691313,0.14759749824108873,0.0,0.0,0.0,0.02791457530979795,0.0,0,0.0,0,1.8716317097691313,,,,,,,,,,,
4642,12/15/1979,1.203,0.567,12.000,5.337,0.567,0.0,4.77,0.0,0.0,0.0,1.8716317097691313,0.0,0.0,0.05902913719605895,1.8126025725730723,0.14015969458185154,0.0,0.0,0.0,0.026336212981521053,0.0,0,0.0,0,1.8126025725730723,,,,,,,,,,,
4643,12/16/1979,1.205,0.786,12.000,5.337,0.786,0.0,4.551,0.0,0.0,0.0,1.8126025725730723,0.0,0.0,0.05595901970397335,1.756643552869099,0.13324547525338223,0.0,0.0,0.0,0.024878870468595615,0.0,0,0.0,0,1.756643552869099,,,,,,,,,,,
4644,12/17/1979,1.140,0.105,12.000,5.337,0.105,0.0,5.231999999999999,0.0,0.0,0.0,1.756643552869099,0.0,0.0,0.05310945620677513,1.7035340966623238,0.12680783532942033,0.0,0.0,0.0,0.02353091750773929,0.0,0,0.0,0,1.7035340966623238,,,,,,,,,,,
4645,12/18/1979,1.172,0.164,12.000,5.337,0.164,0.0,5.173,0.0,0.0,0.0,1.7035340966623238,0.0,0.0,0.050460377511761266,1.6530737191505624,0.1208048702215282,0.0,0.0,0.0,0.02228205935344744,0.0,0,0.0,0,1.6530737191505624,,,,,,,,,,,
4646,12/19/1979,1.176,0.236,12.000,5.337,0.236,0.0,5.101,0.0,0.0,0.0,1.6530737191505624,0.0,0.0,0.047993911559420815,1.6050798075911417,0.11519913003153942,0.0,0.0,0.0,0.02112315931543385,0.0,0,0.0,0,1.6050798075911417,,,,,,,,,,,
4647,12/20/1979,1.157,0.058,12.000,5.337,0.058,0.0,5.279,0.0,0.0,0.0,1.6050798075911417,0.0,0.0,0.045694103719633124,1.5593857038715084,0.10995706690087932,0.0,0.0,0.0,0.020046087963263227,0.0,0,0.0,0,1.5593857038715084,,,,,,,,,,,
4648,12/21/1979,1.172,0.141,12.000,5.337,0.141,0.0,5.196,0.0,0.0,0.0,1.5593857038715084,0.0,0.0,0.04354667750331997,1.5158390263681885,0.105048560396534,0.0,0.0,0.0,0.019043594544013304,0.0,0,0.0,0,1.5158390263681885,,,,,,,,,,,
4649,12/22/1979,1.158,0.018,12.000,5.337,0.018,0.0,5.319,0.0,0.0,0.0,1.5158390263681885,0.0,0.0,0.041538829179783625,1.4743001971884049,0.10044650862298776,0.0,0.0,0.0,0.018109196974724025,0.0,0,0.0,0,1.4743001971884049,,,,,,,,,,,
4650,12/23/1979,1.185,0.272,12.000,5.337,0.272,0.0,5.0649999999999995,0.0,0.0,0.0,1.4743001971884049,0.0,0.0,0.03965905094259285,1.434641146245812,0.09612647488822845,0.0,0.0,0.0,0.017237087425140546,0.0,0,0.0,0,1.434641146245812,,,,,,,,,,,
4651,12/24/1979,1.160,0.095,12.000,5.337,0.095,0.0,5.242,0.0,0.0,0.0,1.434641146245812,0.0,0.0,0.037896978197639423,1.3967441680481725,0.09206638148612493,0.0,0.0,0.0,0.01642205103250593,0.0,0,0.0,0,1.3967441680481725,,,,,,,,,,,
4652,12/25/1979,1.169,0.124,12.000,5.337,0.124,0.0,5.213,0.0,0.0,0.0,1.3967441680481725,0.0,0.0,0.03624325730188957,1.3605009107462829,0.08824624356966689,0.0,0.0,0.0,0.015659395715661936,0.0,0,0.0,0,1.3605009107462829,,,,,,,,,,,
4653,12/26/1979,1.209,0.616,12.000,5.337,0.616,0.0,4.721,0.0,0.0,0.0,1.3605009107462829,0.0,0.0,0.0346894306962066,1.3258114800500762,0.08464793724424921,0.0,0.0,0.0,0.01494489140123062,0.0,0,0.0,0,1.3258114800500762,,,,,,,,,,,
4654,12/27/1979,1.163,0.294,12.000,5.337,0.294,0.0,5.043,0.0,0.0,0.0,1.3258114800500762,0.0,0.0,0.03322783687843194,1.2925836431716442,0.08125499695806164,0.0,0.0,0.0,0.01427471725636346,0.0,0,0.0,0,1.2925836431716442,,,,,,,,,,,
4655,12/28/1979,1.174,0.275,12.000,5.337,0.275,0.0,5.061999999999999,0.0,0.0,0.0,1.2925836431716442,0.0,0.0,0.03185152307569755,1.2607321200959467,0.07805243804769893,0.0,0.0,0.0,0.013645415753145294,0.0,0,0.0,0,1.2607321200959467,,,,,,,,,,,
4656,12/29/1979,1.161,0.128,12.000,5.337,0.128,0.0,5.209,0.0,0.0,0.0,1.2607321200959467,0.0,0.0,0.03055416881508822,1.2301779512808584,0.07502660094305222,0.0,0.0,0.0,0.0130538525792166,0.0,0,0.0,0,1.2301779512808584,,,,,,,,,,,
4657,12/30/1979,1.164,0.078,12.000,5.337,0.078,0.0,5.2589999999999995,0.0,0.0,0.0,1.2301779512808584,0.0,0.0,0.02933001887306993,1.2008479324077885,0.07216501407161977,0.0,0.0,0.0,0.012497181565432018,0.0,0,0.0,0,1.2008479324077885,,,,,,,,,,,
4658,12/31/1979,1.161,0.023,12.000,5.337,0.023,0.0,5.314,0.0,0.0,0.0,1.2008479324077885,0.0,0.0,0.028173824317536546,1.172674108090252,0.06945627294878184,0.0,0.0,0.0,0.011972813930683097,0.0,0,0.0,0,1.172674108090252,,,,,,,,,,,
4659,1/1/1980,1.163,0.019,1.000,5.134,0.019,0.0,5.115,0.0,0.0,0.0,1.172674108090252,0.0,0.0,0.02708079055069251,1.1455933175395596,0.06688993331352876,0.0,0.0,0.0,0.011478391251387467,0.0,0,0.0,0,1.1455933175395596,,,,,,,,,,,
4660,1/2/1980,1.182,0.237,1.000,5.134,0.237,0.0,4.897,0.0,0.0,0.0,1.1455933175395596,0.0,0.0,0.02604653142334447,1.1195467861162152,0.06445641648168171,0.0,0.0,0.0,0.01101176165259777,0.0,0,0.0,0,1.1195467861162152,,,,,,,,,,,
4661,1/3/1980,1.242,1.054,1.000,5.134,1.054,0.0,4.08,0.0,0.0,0.0,1.1195467861162152,0.0,0.0,0.025067028627212582,1.0944797574890026,0.06214692535138045,0.0,0.0,0.0,0.010570958792437798,0.0,0,0.0,0,1.0944797574890026,,,,,,,,,,,
4662,1/4/1980,1.279,1.882,1.000,5.134,1.882,0.0,3.2520000000000007,0.0,0.0,0.0,1.0944797574890026,0.0,0.0,0.024138595686201213,1.0703411618028014,0.059953369717112605,0.0,0.0,0.0,0.010154183274235746,0.0,0,0.0,0,1.0703411618028014,,,,,,,,,,,
4663,1/5/1980,1.145,0.638,1.000,5.134,0.638,0.0,4.496,0.0,0.0,0.0,1.0703411618028014,0.0,0.0,0.02325784596393152,1.04708331583887,0.057868299735832476,0.0,0.0,0.0,0.00975978617340524,0.0,0,0.0,0,1.04708331583887,,,,,,,,,,,
4664,1/6/1980,1.247,1.306,1.000,5.134,1.306,0.0,3.8280000000000003,0.0,0.0,0.0,1.04708331583887,0.0,0.0,0.02242166418628606,1.024661651652584,0.05588484654747943,0.0,0.0,0.0,0.009386254410540177,0.0,0,0.0,0,1.024661651652584,,,,,,,,,,,
4665,1/7/1980,1.671,6.465,1.000,5.134,5.134,1.3309999999999995,0.0,0,1.2415585542815908,0.0,2.2662202059341747,0.0,0.0,0.08119624716944772,2.185023958764727,0.18950090461143082,0.08944144571840877,0.08944144571840877,0.0,0.03699424793185748,0.08944144571840877,0,0.0,0,2.185023958764727,,,,,,,,,,,
4666,1/8/1980,1.089,0.713,1.000,5.134,0.713,0.0,4.421,0.0,0.0,0.08944144571840877,2.185023958764727,0.08944144571840877,0.0,0.07640576295832234,2.1086181958064047,0.17891655659097036,0.0,0.0,0.0,0.03467261390427134,0.0,0,0.0,0,2.1086181958064047,,,,,,,,,,,
4667,1/9/1980,1.151,0.199,1.000,5.134,0.199,0.0,4.9350000000000005,0.0,0.0,0.0,2.1086181958064047,0.0,0.0,0.0720049512828435,2.0366132445235614,0.1691570942241091,0.0,0.0,0.0,0.03254824385836596,0.0,0,0.0,0,2.0366132445235614,,,,,,,,,,,
4668,1/10/1980,1.210,0.660,1.000,5.134,0.66,0.0,4.474,0.0,0.0,0.0,2.0366132445235614,0.0,0.0,0.06795374311170052,1.9686595014118609,0.1601406482449236,0.0,0.0,0.0,0.030600165163649194,0.0,0,0.0,0,1.9686595014118609,,,,,,,,,,,
4669,1/11/1980,1.202,0.783,1.000,5.134,0.783,0.0,4.351,0.0,0.0,0.0,1.9686595014118609,0.0,0.0,0.06421701630270796,1.9044424851091528,0.1517951549664937,0.0,0.0,0.0,0.02881006488019682,0.0,0,0.0,0,1.9044424851091528,,,,,,,,,,,
4670,1/12/1980,1.275,1.664,1.000,5.134,1.664,0.0,3.4700000000000006,0.0,0.0,0.0,1.9044424851091528,0.0,0.0,0.060763886899068635,1.8436785982100843,0.14405698834146008,0.0,0.0,0.0,0.027161900133382946,0.0,0,0.0,0,1.8436785982100843,,,,,,,,,,,
4671,1/13/1980,1.480,4.472,1.000,5.134,4.472,0.0,0.6619999999999999,0.0,0.0,0.0,1.8436785982100843,0.0,0.0,0.057567115426615266,1.786111482783469,0.1368698088068246,0.0,0.0,0.0,0.025641572923619488,0.0,0,0.0,0,1.786111482783469,,,,,,,,,,,
4672,1/14/1980,1.448,5.012,1.000,5.134,5.012,0.0,0.12200000000000077,0.0,0.0,0.0,1.786111482783469,0.0,0.0,0.054602607432598246,1.7315088753508707,0.13018359060609389,0.0,0.0,0.0,0.02423665754694153,0.0,0,0.0,0,1.7315088753508707,,,,,,,,,,,
4673,1/15/1980,0.000,0.630,1.000,5.134,0.63,0.0,4.5040000000000004,0.0,0.0,0.0,1.7315088753508707,0.0,0.0,0.05184899161770323,1.6796598837331675,0.1239537967221188,0.0,0.0,0.0,0.022936171177916194,0.0,0,0.0,0,1.6796598837331675,,,,,,,,,,,
4674,1/16/1980,1.219,0.977,1.000,5.134,0.977,0.0,4.157,0.0,0.0,0.0,1.6796598837331675,0.0,0.0,0.04928726214075231,1.6303726215924152,0.11814067642379406,0.0,0.0,0.0,0.021730380024961384,0.0,0,0.0,0,1.6303726215924152,,,,,,,,,,,
4675,1/17/1980,1.246,1.457,1.000,5.134,1.457,0.0,3.6770000000000005,0.0,0.0,0.0,1.6303726215924152,0.0,0.0,0.04690047422405928,1.583472147368356,0.11270866508607312,0.0,0.0,0.0,0.020610634930574964,0.0,0,0.0,0,1.583472147368356,,,,,,,,,,,
4676,1/18/1980,1.345,2.837,1.000,5.134,2.837,0.0,2.297,0.0,0.0,0.0,1.583472147368356,0.0,0.0,0.044673484210436445,1.5387986631579196,0.10762586965576595,0.0,0.0,0.0,0.019569231445923832,0.0,0,0.0,0,1.5387986631579196,,,,,,,,,,,
4677,1/19/1980,1.345,3.402,1.000,5.134,3.402,0.0,1.7320000000000002,0.0,0.0,0.0,1.5387986631579196,0.0,0.0,0.04259272683698489,1.4962059363209348,0.10286362611122953,0.0,0.0,0.0,0.018599290329294093,0.0,0,0.0,0,1.4962059363209348,,,,,,,,,,,
4678,1/20/1980,1.081,0.401,1.000,5.134,0.401,0.0,4.7330000000000005,0.0,0.0,0.0,1.4962059363209348,0.0,0.0,0.040646023785007694,1.455559912535927,0.09839611766017507,0.0,0.0,0.0,0.017694655153205684,0.0,0,0.0,0,1.455559912535927,,,,,,,,,,,
4679,1/21/1980,1.171,0.288,1.000,5.134,0.288,0.0,4.846,0.0,0.0,0.0,1.455559912535927,0.0,0.0,0.038822418607948675,1.4167374939279784,0.09420004435810472,0.0,0.0,0.0,0.016849804295442923,0.0,0,0.0,0,1.4167374939279784,,,,,,,,,,,
4680,1/22/1980,1.156,0.058,1.000,5.134,0.058,0.0,5.0760000000000005,0.0,0.0,0.0,1.4167374939279784,0.0,0.0,0.03711203398288399,1.3796254599450943,0.09025433640470416,0.0,0.0,0.0,0.016059775065544228,0.0,0,0.0,0,1.3796254599450943,,,,,,,,,,,
4681,1/23/1980,1.322,1.905,1.000,5.134,1.905,0.0,3.229,0.0,0.0,0.0,1.3796254599450943,0.0,0.0,0.035505947916683975,1.3441195120284104,0.08653990466039636,0.0,0.0,0.0,0.015320098104180066,0.0,0,0.0,0,1.3441195120284104,,,,,,,,,,,
4682,1/24/1980,1.177,1.035,1.000,5.134,1.035,0.0,4.099,0.0,0.0,0.0,1.3441195120284104,0.0,0.0,0.0339960860974266,1.3101234259309837,0.08303942297781651,0.0,0.0,0.0,0.014626740506798897,0.0,0,0.0,0,1.3101234259309837,,,,,,,,,,,
4683,1/25/1980,1.137,0.178,1.000,5.134,0.178,0.0,4.956,0.0,0.0,0.0,1.3101234259309837,0.0,0.0,0.03257512803999838,1.2775482978909853,0.07973713780854343,0.0,0.0,0.0,0.013976056379375492,0.0,0,0.0,0,1.2775482978909853,,,,,,,,,,,
4684,1/26/1980,1.158,0.042,1.000,5.134,0.042,0.0,5.0920000000000005,0.0,0.0,0.0,1.2775482978909853,0.0,0.0,0.031236425051770496,1.2463118728392149,0.07661870125989084,0.0,0.0,0.0,0.013364743744395032,0.0,0,0.0,0,1.2463118728392149,,,,,,,,,,,
4685,1/27/1980,1.162,0.016,1.000,5.134,0.016,0.0,5.118,0.0,0.0,0.0,1.2463118728392149,0.0,0.0,0.02997392835538217,1.2163379444838327,0.0736710243684117,0.0,0.0,0.0,0.012789806888298692,0.0,0,0.0,0,1.2163379444838327,,,,,,,,,,,
4686,1/28/1980,1.166,0.061,1.000,5.134,0.061,0.0,5.073,0.0,0.0,0.0,1.2163379444838327,0.0,0.0,0.028782125963396774,1.187555818520436,0.07088214784873795,0.0,0.0,0.0,0.012248523384595781,0.0,0,0.0,0,1.187555818520436,,,,,,,,,,,
4687,1/29/1980,1.185,0.294,1.000,5.134,0.294,0.0,4.840000000000001,0.0,0.0,0.0,1.187555818520436,0.0,0.0,0.027655987113814208,1.1598998314066218,0.06824112798668062,0.0,0.0,0.0,0.01173841514536037,0.0,0,0.0,0,1.1598998314066218,,,,,,,,,,,
4688,1/30/1980,1.157,0.074,1.000,5.134,0.074,0.0,5.0600000000000005,0.0,0.0,0.0,1.1598998314066218,0.0,0.0,0.026590913254057175,1.1333089181525646,0.06573793568880669,0.0,0.0,0.0,0.011257222952390336,0.0,0,0.0,0,1.1333089181525646,,,,,,,,,,,
4689,1/31/1980,1.159,0.000,1.000,5.134,0.0,0.0,5.134,0.0,0.0,0.0,1.1333089181525646,0.0,0.0,0.025582694710482058,1.1077262234420826,0.06336336698881737,0.0,0.0,0.0,0.01080288400153671,0.0,0,0.0,0,1.1077262234420826,,,,,,,,,,,
4690,2/1/1980,1.176,0.160,2.000,4.866,0.16,0.0,4.7059999999999995,0.0,0.0,0.0,1.1077262234420826,0.0,0.0,0.02462747230585245,1.0830987511362302,0.0611089635535768,0.0,0.0,0.0,0.01037351206252917,0.0,0,0.0,0,1.0830987511362302,,,,,,,,,,,
4691,2/2/1980,1.169,0.151,2.000,4.866,0.151,0.0,4.715,0.0,0.0,0.0,1.0830987511362302,0.0,0.0,0.02372170329273519,1.059377047843495,0.05896694193637363,0.0,0.0,0.0,0.009967379914389733,0.0,0,0.0,0,1.059377047843495,,,,,,,,,,,
4692,2/3/1980,1.169,0.150,2.000,4.866,0.15,0.0,4.715999999999999,0.0,0.0,0.0,1.059377047843495,0.0,0.0,0.022862131059835762,1.0365149167836591,0.05693013049831797,0.0,0.0,0.0,0.009582903765156286,0.0,0,0.0,0,1.0365149167836591,,,,,,,,,,,
4693,2/4/1980,1.183,0.310,2.000,4.866,0.31,0.0,4.556,0.0,0.0,0.0,1.0365149167836591,0.0,0.0,0.022045758143658365,1.0144691586400008,0.05499191306589329,0.0,0.0,0.0,0.009218629405690222,0.0,0,0.0,0,1.0144691586400008,,,,,,,,,,,
4694,2/5/1980,1.189,0.458,2.000,4.866,0.458,0.0,4.4079999999999995,0.0,0.0,0.0,1.0144691586400008,0.0,0.0,0.021269822141830805,0.9931993364981699,0.053146178517887575,0.0,0.0,0.0,0.008873219882092578,0.0,0,0.0,0,0.9931993364981699,,,,,,,,,,,
4695,2/6/1980,1.437,3.166,2.000,4.866,3.166,0.0,1.6999999999999997,0.0,0.0,0.0,0.9931993364981699,0.0,0.0,0.020531774178843415,0.9726675623193265,0.051387275601750416,0.0,0.0,0.0,0.008545444500745413,0.0,0,0.0,0,0.9726675623193265,,,,,,,,,,,
4696,2/7/1980,2.630,17.809,2.000,4.866,4.866,12.943000000000001,0.0,0,12.853558554281571,0.0,13.826226116600898,0.0,0.0,1.654011545210587,12.172214571390311,3.1515251035493463,0.08944144571843,0.08944144571843,0.0,0.9189031270741397,0.08944144571843,0,0.0,0,12.172214571390311,,,,,,,,,,,
4697,2/8/1980,7.944,12.430,2.000,4.866,4.866,7.564,0.0,0,7.564,0.08944144571843,19.736612720649717,0.0,0.08944144571843,2.9933222713927377,16.74329044925698,5.419650598431483,0.0,0.0,0.00039814925940304455,1.7291626510938933,0.08904329645902696,0,0.0,0,16.74329044925698,,,,,,,,,,,
4698,2/9/1980,5.037,5.155,2.000,4.866,4.866,0.2890000000000006,0.0,0,0.2886024736982428,0.08904329645902696,17.03228929985024,0.0,0.08904329645902696,2.341464009794793,14.690825290055448,4.33237073441446,0.00039752630175775706,0.00039752630175775706,0.0003963768950199571,1.3309176575638453,0.08904444586576477,0,0.0,0,14.690825290055448,,,,,,,,,,,
4699,2/10/1980,1.486,5.476,2.000,4.866,4.866,0.6100000000000003,0.0,0,0.6096030006214546,0.08904444586576477,15.300824672688515,0.0,0.08904444586576477,1.9583508883647058,13.34247378432381,3.6792810248894527,0.00039699937854573733,0.00039699937854573733,0.00039638201161258077,1.100140858230455,0.08904506323269791,0,0.0,0,13.34247378432381,,,,,,,,,,,
4700,2/11/1980,1.466,5.196,2.000,4.866,4.866,0.33000000000000007,0.0,0,0.32960386546311565,0.08904506323269791,13.67247403454675,0.0,0.08904506323269791,1.623470084073113,12.049003950473637,3.098071069206247,0.00039613453688441727,0.00039613453688441727,0.0003963847598260654,0.9008300770512441,0.08904481300975627,0,0.0,0,12.049003950473637,,,,,,,,,,,
4701,2/12/1980,1.082,0.798,2.000,4.866,0.798,0.0,4.068,0.0,0.0,0.08904481300975627,12.049003950473637,0.08904481300975627,0.0,1.315076516853836,10.733927433619801,2.5526301658163453,0.0,0.0,0.0,0.7196632291198107,0.0,0,0.0,0,10.733927433619801,,,,,,,,,,,
4702,2/13/1980,1.305,2.057,2.000,4.866,2.057,0.0,2.8089999999999997,0.0,0.0,0.0,10.733927433619801,0.0,0.0,1.0846681045651823,9.649259329054619,2.137445699252373,0.0,0.0,0.0,0.586098594501509,0.0,0,0.0,0,9.649259329054619,,,,,,,,,,,
4703,2/14/1980,1.509,4.975,2.000,4.866,4.866,0.10899999999999999,0.0,0,0.033935129621953664,0.0,9.683194458676573,0.0,0.0,0.9135455375135563,8.769648921163016,1.8240062838902487,0.07506487037804632,0.07506487037804632,0.0,0.48808728160075976,0.07506487037804632,0,0.0,0,8.769648921163016,,,,,,,,,,,
4704,2/15/1980,3.770,28.672,2.000,4.866,4.866,23.806,0.0,0,23.79162342465962,0.07506487037804632,32.56160649765022,0.0,0.07506487037804632,6.895125112793651,25.666481384856567,11.520370977552513,0.014376575340383684,0.014376575340383684,0.00033415182757993213,4.207943063659432,0.08910729389085008,0,0.0,0,25.666481384856567,,,,,,,,,,,
4705,2/16/1980,11.317,25.063,2.000,4.866,4.866,20.197,0.0,0,20.19666584817242,0.08910729389085008,45.86354389480905,0.0,0.08910729389085008,12.20333297130368,33.66021092350537,19.167119905082817,0.0003341518275799281,0.0003341518275799281,0.00039666178006267307,7.732509883844044,0.08904478393836733,0,0.0,0,33.66021092350537,,,,,,,,,,,
4706,2/17/1980,4.778,4.631,2.000,4.866,4.631,0.0,0.23499999999999943,0.0,0.0,0.08904478393836733,33.66051818375669,0.020020918035545055,0.06902386590282228,7.287307693616598,26.373210490140096,12.106101048114088,0.0,0.0,0.0003072602513253086,4.463501282791418,0.06871660565149697,0,0.0,0,26.373210490140096,,,,,,,,,,,
4707,2/18/1980,1.217,2.368,2.000,4.866,2.368,0.0,2.4979999999999998,0.0,0.0,0.06871660565149697,26.373210490140096,0.06871660565149697,0.0,4.852558501170848,21.52065198896925,8.39777039545167,0.0,0.0,0.0,2.893738086153042,0.0,0,0.0,0,21.52065198896925,,,,,,,,,,,
4708,2/19/1980,1.203,1.539,2.000,4.866,1.539,0.0,3.327,0.0,0.0,0.0,21.52065198896925,0.0,0.0,3.457733246716604,18.062918742252645,6.178848002524372,0.0,0.0,0.0,2.016487173212142,0.0,0,0.0,0,18.062918742252645,,,,,,,,,,,
4709,2/20/1980,1.337,2.772,2.000,4.866,2.772,0.0,2.094,0.0,0.0,0.0,18.062918742252645,0.0,0.0,2.5823334755537455,15.480585266698899,4.737371926931823,0.0,0.0,0.0,1.4773186433987404,0.0,0,0.0,0,15.480585266698899,,,,,,,,,,,
4710,2/21/1980,1.445,4.534,2.000,4.866,4.534,0.0,0.33199999999999985,0.0,0.0,0.0,15.480585266698899,0.0,0.0,1.996846759260754,13.483738507438146,3.745441634208836,0.0,0.0,0.0,1.1232044481635683,0.0,0,0.0,0,13.483738507438146,,,,,,,,,,,
4711,2/22/1980,1.179,1.906,2.000,4.866,1.906,0.0,2.96,0.0,0.0,0.0,13.483738507438146,0.0,0.0,1.586291440163438,11.897447067274708,3.0328710210811343,0.0,0.0,0.0,0.8788596585768328,0.0,0,0.0,0,11.897447067274708,,,,,,,,,,,
4712,2/23/1980,1.572,5.608,2.000,4.866,4.866,0.742,0.0,0,0.6525585654197766,0.0,12.550005632694484,0.0,0.0,1.4074694575197488,11.142536175174735,2.717183694613261,0.08944143458022333,0.08944143458022333,0.0,0.7736732661825008,0.08944143458022333,0,0.0,0,11.142536175174735,,,,,,,,,,,
4713,2/24/1980,1.568,6.236,2.000,4.866,4.866,1.37,0.0,0,1.3699999888617935,0.08944143458022333,12.512934313246351,0.0,0.08944143458022333,1.4005471022952776,11.112387210951074,2.704890378262803,1.1138206674564388e-08,1.1138206674564388e-08,0.00039814920982123486,0.7696183862403487,0.08904329650860877,0,0.0,0,11.112387210951074,,,,,,,,,,,
4714,2/25/1980,2.210,11.919,2.000,4.866,4.866,7.053000000000001,0.0,0,7.05260185079018,0.08904329650860877,18.165385438636495,0.0,0.08904329650860877,2.6067945656248654,15.55859087301163,4.77827907234397,0.00039814920982123166,0.00039814920982123166,0.0003963768952406709,1.4922379446640108,0.08904506882318933,0,0.0,0,15.55859087301163,,,,,,,,,,,
4715,2/26/1980,8.429,14.743,2.000,4.866,4.866,9.877,0.0,0,9.87660362310476,0.08904506882318933,25.4355908809011,0.0,0.08904506882318933,4.5684495128976135,20.867141368003487,7.952369956813869,0.0003963768952406752,0.0003963768952406752,0.00039638478471217946,2.71352089665227,0.08904506093371782,0,0.0,0,20.867141368003487,,,,,,,,,,,
4716,2/27/1980,4.064,1.090,2.000,4.866,1.09,0.0,3.776,0.0,0.0,0.08904506093371782,20.867141368003487,0.08904506093371782,0.0,3.284510908558424,17.582630459445063,5.897030260957192,0.0,0.0,0.0,1.909000181401963,0.0,0,0.0,0,17.582630459445063,,,,,,,,,,,
4717,2/28/1980,1.167,0.561,2.000,4.866,0.561,0.0,4.305,0.0,0.0,0.0,17.582630459445063,0.0,0.0,2.4689115170000333,15.11371894244503,4.547165824046372,0.0,0.0,0.0,1.4082631749785037,0.0,0,0.0,0,15.11371894244503,,,,,,,,,,,
4718,2/29/1980,1.355,2.525,2.000,4.866,2.525,0.0,2.3409999999999997,0.0,0.0,0.0,15.11371894244503,0.0,0.0,1.9186010641026057,13.195117878342423,3.6108311600362137,0.0,0.0,0.0,1.0763572948168718,0.0,0,0.0,0,13.195117878342423,,,,,,,,,,,
4719,3/1/1980,1.211,1.686,3.000,4.631,1.686,0.0,2.9450000000000003,0.0,0.0,0.0,13.195117878342423,0.0,0.0,1.5301050035223722,11.66501287482005,2.934060578099488,0.0,0.0,0.0,0.8457212339455061,0.0,0,0.0,0,11.66501287482005,,,,,,,,,,,
4720,3/2/1980,2.069,11.014,3.000,4.631,4.631,6.382999999999999,0.0,0,6.293558554281569,0.0,17.958571429101617,0.0,0.0,2.5575183324866173,15.401053096615,4.6958319601226135,0.08944144571843,0.08944144571843,0.0,1.4621928977780003,0.08944144571843,0,0.0,0,15.401053096615,,,,,,,,,,,
4721,3/3/1980,6.891,13.145,3.000,4.631,4.631,8.514,0.0,0,8.514,0.08944144571843,23.9154512458744,0.0,0.08944144571843,4.122526073144484,19.792925172729916,7.246851223974504,0.0,0.0,0.00039814925940304455,2.43216310134826,0.08904329645902696,0,0.0,0,19.792925172729916,,,,,,,,,,,
4722,3/4/1980,6.461,8.725,3.000,4.631,4.631,4.093999999999999,0.0,0,4.093601850740597,0.08904329645902696,23.886923400365532,0.0,0.08904329645902696,4.1143333210595205,19.772590079306013,7.233811519858448,0.0003981492594030382,0.0003981492594030382,0.0003963768950199571,2.427011923088911,0.08904506882341005,0,0.0,0,19.772590079306013,,,,,,,,,,,
4723,3/5/1980,5.999,22.161,3.000,4.631,4.631,17.53,0.0,0,17.529603623104983,0.08904506882341005,37.30259008719571,0.0,0.08904506882341005,8.64830023183841,28.654289855357298,14.109747708500292,0.00039637689501995115,0.00039637689501995115,0.000396384784713162,5.357133581565334,0.08904506093371685,0,0.0,0,28.654289855357298,,,,,,,,,,,
4724,3/6/1980,10.870,22.154,3.000,4.631,4.631,17.523,0.0,0,17.522603615215285,0.08904506093371685,46.17728985532217,0.0,0.08904506093371685,12.342785432322326,33.83450442299984,19.36107234809399,0.0003963847847131611,0.0003963847847131611,0.0003963847495921342,7.82672200284064,0.08904506096883787,0,0.0,0,33.83450442299984,,,,,,,,,,,
4725,3/7/1980,3.650,0.855,3.000,4.631,0.855,0.0,3.7760000000000002,0.0,0.0,0.08904506096883787,33.83450442299984,0.08904506096883787,0.0,7.350194154782444,26.4843102682174,12.199656019521134,0.0,0.0,0.0,4.504565596019308,0.0,0,0.0,0,26.4843102682174,,,,,,,,,,,
4726,3/8/1980,1.160,0.375,3.000,4.631,0.375,0.0,4.256,0.0,0.0,0.0,26.4843102682174,0.0,0.0,4.886676130291388,21.59763413792601,8.45105304743594,0.0,0.0,0.0,2.9154272799201215,0.0,0,0.0,0,21.59763413792601,,,,,,,,,,,
4727,3/9/1980,1.182,0.407,3.000,4.631,0.407,0.0,4.224,0.0,0.0,0.0,21.59763413792601,0.0,0.0,3.478372413940049,18.11926172398596,6.212323263408247,0.0,0.0,0.0,2.029318074511468,0.0,0,0.0,0,18.11926172398596,,,,,,,,,,,
4728,3/10/1980,1.199,0.629,3.000,4.631,0.629,0.0,4.002000000000001,0.0,0.0,0.0,18.11926172398596,0.0,0.0,2.5957723885388364,15.523489335447124,4.759851206800983,0.0,0.0,0.0,1.4855141560228906,0.0,0,0.0,0,15.523489335447124,,,,,,,,,,,
4729,3/11/1980,1.324,2.210,3.000,4.631,2.21,0.0,2.4210000000000003,0.0,0.0,0.0,15.523489335447124,0.0,0.0,2.006078965448403,13.517410369998721,3.761289743614325,0.0,0.0,0.0,1.1287400064576623,0.0,0,0.0,0,13.517410369998721,,,,,,,,,,,
4730,3/12/1980,2.427,14.024,3.000,4.631,4.631,9.392999999999999,0.0,0,9.303558554281569,0.0,22.82096892428029,0.0,0.0,3.812904350540981,19.008064573739308,6.751994897933025,0.08944144571843,0.08944144571843,0.0,2.237969001590431,0.08944144571843,0,0.0,0,19.008064573739308,,,,,,,,,,,
4731,3/13/1980,18.060,58.485,3.000,4.631,4.631,53.854,0.0,0,53.854,0.08944144571843,72.8624627229987,0.0,0.08944144571843,26.39604470597012,46.46641801702858,37.72473225587318,0.0,0.0,0.00039814925940304455,17.596569105409756,0.08904329645902696,0,0.0,0,46.46641801702858,,,,,,,,,,,
4732,3/14/1980,0.000,0.292,3.000,4.631,0.292,0.0,4.339,0.0,0.0,0.08904329645902696,46.46641801702858,0.08904329645902696,0.0,12.47185644617934,33.99456157084924,19.540318378069596,0.0,0.0,0.0,7.9139830163888485,0.0,0,0.0,0,33.99456157084924,,,,,,,,,,,
4733,3/15/1980,1.182,0.371,3.000,4.631,0.371,0.0,4.26,0.0,0.0,0.0,33.99456157084924,0.0,0.0,7.408236738909907,26.586324831939336,12.285916851295346,0.0,0.0,0.0,4.5424874254298695,0.0,0,0.0,0,26.586324831939336,,,,,,,,,,,
4734,3/16/1980,1.200,0.620,3.000,4.631,0.62,0.0,4.011,0.0,0.0,0.0,26.586324831939336,0.0,0.0,4.918087931322264,21.668236900617075,8.500072130848011,0.0,0.0,0.0,2.935405143513861,0.0,0,0.0,0,21.668236900617075,,,,,,,,,,,
4735,3/17/1980,1.255,1.399,3.000,4.631,1.399,0.0,3.232,0.0,0.0,0.0,21.668236900617075,0.0,0.0,3.4973444154664444,18.17089248515063,6.243075548805684,0.0,0.0,0.0,2.0411169572684362,0.0,0,0.0,0,18.17089248515063,,,,,,,,,,,
4736,3/18/1980,1.296,2.231,3.000,4.631,2.231,0.0,2.4000000000000004,0.0,0.0,0.0,18.17089248515063,0.0,0.0,2.6081118318829843,15.562780653267646,4.780480859169321,0.0,0.0,0.0,1.4930416335343326,0.0,0,0.0,0,15.562780653267646,,,,,,,,,,,
4737,3/19/1980,1.134,0.642,3.000,4.631,0.642,0.0,3.9890000000000003,0.0,0.0,0.0,15.562780653267646,0.0,0.0,2.014548707356092,13.548231945911555,3.775822675769216,0.0,0.0,0.0,1.13381987190356,0.0,0,0.0,0,13.548231945911555,,,,,,,,,,,
4738,3/20/1980,1.367,2.685,3.000,4.631,2.685,0.0,1.9460000000000002,0.0,0.0,0.0,13.548231945911555,0.0,0.0,1.5989571180983981,11.949274827813156,3.0550989166056213,0.0,0.0,0.0,0.8863405727607109,0.0,0,0.0,0,11.949274827813156,,,,,,,,,,,
4739,3/21/1980,1.114,0.566,3.000,4.631,0.566,0.0,4.065,0.0,0.0,0.0,11.949274827813156,0.0,0.0,1.2969852221862836,10.652289605626873,2.5202863237358297,0.0,0.0,0.0,0.7091162914879948,0.0,0,0.0,0,10.652289605626873,,,,,,,,,,,
4740,3/22/1980,1.268,1.510,3.000,4.631,1.51,0.0,3.1210000000000004,0.0,0.0,0.0,10.652289605626873,0.0,0.0,1.0709537601727017,9.581335845454172,2.112496571881381,0.0,0.0,0.0,0.5782037543023854,0.0,0,0.0,0,9.581335845454172,,,,,,,,,,,
4741,3/23/1980,2.352,14.181,3.000,4.631,4.631,9.549999999999999,0.0,0,9.460558554281569,0.0,19.04189439973574,0.0,0.0,2.819785234658687,16.22210916507705,5.132837487479575,0.08944144571843,0.08944144571843,0.0,1.622526154690363,0.08944144571843,0,0.0,0,16.22210916507705,,,,,,,,,,,
4742,3/24/1980,4.082,1.243,3.000,4.631,1.243,0.0,3.388,0.0,0.0,0.08944144571843,16.22210916507705,0.08944144571843,0.0,2.1587945391800383,14.063314625897013,4.02242262807599,0.0,0.0,0.0,1.2205450764449897,0.0,0,0.0,0,14.063314625897013,,,,,,,,,,,
4743,3/25/1980,1.173,0.704,3.000,4.631,0.704,0.0,3.9270000000000005,0.0,0.0,0.0,14.063314625897013,0.0,0.0,1.7015521588122766,12.361762467084736,3.2345444061216857,0.0,0.0,0.0,0.9470790882667427,0.0,0,0.0,0,12.361762467084736,,,,,,,,,,,
4744,3/26/1980,1.265,1.547,3.000,4.631,1.547,0.0,3.0840000000000005,0.0,0.0,0.0,12.361762467084736,0.0,0.0,1.37246022973312,10.989302237351616,2.6549530104529455,0.0,0.0,0.0,0.7531796453764789,0.0,0,0.0,0,10.989302237351616,,,,,,,,,,,
4745,3/27/1980,1.128,0.295,3.000,4.631,0.295,0.0,4.336,0.0,0.0,0.0,10.989302237351616,0.0,0.0,1.12801785644858,9.861284380903037,2.216123829498803,0.0,0.0,0.0,0.6110962933416839,0.0,0,0.0,0,9.861284380903037,,,,,,,,,,,
4746,3/28/1980,1.341,2.235,3.000,4.631,2.235,0.0,2.3960000000000004,0.0,0.0,0.0,9.861284380903037,0.0,0.0,0.9417195434791806,8.919564837423856,1.8759436995412198,0.0,0.0,0.0,0.5041466350705872,0.0,0,0.0,0,8.919564837423856,,,,,,,,,,,
4747,3/29/1980,1.349,3.212,3.000,4.631,3.212,0.0,1.419,0.0,0.0,0.0,8.919564837423856,0.0,0.0,0.7966579407195861,8.12290689670427,1.6069905946737366,0.0,0.0,0.0,0.4218196401519249,0.0,0,0.0,0,8.12290689670427,,,,,,,,,,,
4748,3/30/1980,1.101,0.597,3.000,4.631,0.597,0.0,4.034000000000001,0.0,0.0,0.0,8.12290689670427,0.0,0.0,0.6816345108526224,7.441272385851648,1.390764113535299,0.0,0.0,0.0,0.3572320790425582,0.0,0,0.0,0,7.441272385851648,,,,,,,,,,,
4749,3/31/1980,1.163,0.295,3.000,4.631,0.295,0.0,4.336,0.0,0.0,0.0,7.441272385851648,0.0,0.0,0.5889943310152762,6.852278054836372,1.214406079100825,0.0,0.0,0.0,0.3057282606363084,0.0,0,0.0,0,6.852278054836372,,,,,,,,,,,
4750,4/1/1980,1.160,0.116,4.000,4.235,0.116,0.0,4.119000000000001,0.0,0.0,0.0,6.852278054836372,0.0,0.0,0.5133624206135382,6.338915634222833,1.06875038032192,0.0,0.0,0.0,0.26407124391424663,0.0,0,0.0,0,6.338915634222833,,,,,,,,,,,
4751,4/2/1980,1.517,3.932,4.000,4.235,3.932,0.0,0.3030000000000004,0.0,0.0,0.0,6.338915634222833,0.0,0.0,0.4508762895964527,5.888039344626381,0.9471182642630394,0.0,0.0,0.0,0.22995639013367536,0.0,0,0.0,0,5.888039344626381,,,,,,,,,,,
4752,4/3/1980,2.281,14.075,4.000,4.235,4.235,9.84,0.0,0,9.75055855428157,0.0,15.63859789890795,0.0,0.0,2.030932393775803,13.607665505132147,3.8039177863194964,0.08944144571843,0.08944144571843,0.0,1.143650238392319,0.08944144571843,0,0.0,0,13.607665505132147,,,,,,,,,,,
4753,4/4/1980,6.896,9.284,4.000,4.235,4.235,5.049,0.0,0,5.049,0.08944144571843,18.65706365439155,0.0,0.08944144571843,2.725448208580229,15.931615445811321,4.976153342584775,0.0,0.0,0.00039814925940304455,1.564736460496065,0.08904329645902696,0,0.0,0,15.931615445811321,,,,,,,,,,,
4754,4/5/1980,1.692,1.200,4.000,4.235,1.2,0.0,3.035,0.0,0.0,0.08904329645902696,15.931615445811321,0.08904329645902696,0.0,2.094749697461752,13.836865748349569,3.9131413108901567,0.0,0.0,0.0,1.1819906286054866,0.0,0,0.0,0,13.836865748349569,,,,,,,,,,,
4755,4/6/1980,1.198,0.993,4.000,4.235,0.993,0.0,3.2420000000000004,0.0,0.0,0.0,13.836865748349569,0.0,0.0,1.6561334290460639,12.180732319303505,3.15523533177944,0.0,0.0,0.0,0.9201595822947285,0.0,0,0.0,0,12.180732319303505,,,,,,,,,,,
4756,4/7/1980,1.211,1.051,4.000,4.235,1.051,0.0,3.184,0.0,0.0,0.0,12.180732319303505,0.0,0.0,1.3391260044341795,10.841606314869326,2.5955628276910967,0.0,0.0,0.0,0.7336984664180951,0.0,0,0.0,0,10.841606314869326,,,,,,,,,,,
4757,4/8/1980,1.151,0.352,4.000,4.235,0.352,0.0,3.8830000000000005,0.0,0.0,0.0,10.841606314869326,0.0,0.0,1.1028636759054604,9.738742638963865,2.1705036442507577,0.0,0.0,0.0,0.5965832408590748,0.0,0,0.0,0,9.738742638963865,,,,,,,,,,,
4758,4/9/1980,1.186,0.454,4.000,4.235,0.454,0.0,3.781,0.0,0.0,0.0,9.738742638963865,0.0,0.0,0.9222965693590143,8.81644606960485,1.8401531458213365,0.0,0.0,0.0,0.49307198008632747,0.0,0,0.0,0,8.81644606960485,,,,,,,,,,,
4759,4/10/1980,1.173,0.345,4.000,4.235,0.345,0.0,3.8900000000000006,0.0,0.0,0.0,8.81644606960485,0.0,0.0,0.7813669485252421,8.035079121079608,1.5784065979184274,0.0,0.0,0.0,0.41319600295188136,0.0,0,0.0,0,8.035079121079608,,,,,,,,,,,
4760,4/11/1980,1.178,0.353,4.000,4.235,0.353,0.0,3.8820000000000006,0.0,0.0,0.0,8.035079121079608,0.0,0.0,0.6693953749346059,7.365683746145002,1.367584195310636,0.0,0.0,0.0,0.3503997707583986,0.0,0,0.0,0,7.365683746145002,,,,,,,,,,,
4761,4/12/1980,1.183,0.412,4.000,4.235,0.412,0.0,3.8230000000000004,0.0,0.0,0.0,7.365683746145002,0.0,0.0,0.5790564337902391,6.786627312354764,1.1953578541541194,0.0,0.0,0.0,0.3002334536767145,0.0,0,0.0,0,6.786627312354764,,,,,,,,,,,
4762,4/13/1980,1.163,0.197,4.000,4.235,0.197,0.0,4.038,0.0,0.0,0.0,6.786627312354764,0.0,0.0,0.5051912023585698,6.281436109996194,1.052914632887007,0.0,0.0,0.0,0.2595937900636224,0.0,0,0.0,0,6.281436109996194,,,,,,,,,,,
4763,4/14/1980,1.178,0.277,4.000,4.235,0.277,0.0,3.958,0.0,0.0,0.0,6.281436109996194,0.0,0.0,0.44408287164448507,5.837353238351708,0.933817417190533,0.0,0.0,0.0,0.22626545886040594,0.0,0,0.0,0,5.837353238351708,,,,,,,,,,,
4764,4/15/1980,1.183,0.371,4.000,4.235,0.371,0.0,3.8640000000000003,0.0,0.0,0.0,5.837353238351708,0.0,0.0,0.39299986625338945,5.444353372098319,0.8332751618167434,0.0,0.0,0.0,0.19863441906541426,0.0,0,0.0,0,5.444353372098319,,,,,,,,,,,
4765,4/16/1980,1.206,0.694,4.000,4.235,0.694,0.0,3.5410000000000004,0.0,0.0,0.0,5.444353372098319,0.0,0.0,0.34989920389301216,5.094454168205306,0.7476622966175223,0.0,0.0,0.0,0.1755033700956615,0.0,0,0.0,0,5.094454168205306,,,,,,,,,,,
4766,4/17/1980,1.237,1.219,4.000,4.235,1.219,0.0,3.016,0.0,0.0,0.0,5.094454168205306,0.0,0.0,0.31322893736123497,4.781225230844071,0.6741944186105155,0.0,0.0,0.0,0.15596984016317336,0.0,0,0.0,0,4.781225230844071,,,,,,,,,,,
4767,4/18/1980,2.131,11.492,4.000,4.235,4.235,7.257000000000001,0.0,0,7.1675585542815705,0.0,11.948783785125642,0.0,0.0,1.2968963930321395,10.651887392093503,2.520127411966715,0.08944144571843,0.08944144571843,0.0,0.7090645292698194,0.08944144571843,0,0.0,0,10.651887392093503,,,,,,,,,,,
4768,4/19/1980,4.754,6.057,4.000,4.235,4.235,1.822,0.0,0,1.822,0.08944144571843,12.474285541352906,0.0,0.08944144571843,1.39334473139402,11.080940809958886,2.692093785098006,0.0,0.0,0.00039814925940304455,0.765400882363731,0.08904329645902696,0,0.0,0,11.080940809958886,,,,,,,,,,,
4769,4/20/1980,1.111,1.099,4.000,4.235,1.099,0.0,3.136,0.0,0.0,0.08904329645902696,11.080940809958886,0.08904329645902696,0.0,1.143738753115229,9.937202056843656,2.2445890827603137,0.0,0.0,0.0,0.620177532506206,0.0,0,0.0,0,9.937202056843656,,,,,,,,,,,
4770,4/21/1980,1.199,0.959,4.000,4.235,0.959,0.0,3.2760000000000002,0.0,0.0,0.0,9.937202056843656,0.0,0.0,0.9538336631347285,8.983368393708927,1.8982335579784908,0.0,0.0,0.0,0.5110615378270363,0.0,0,0.0,0,8.983368393708927,,,,,,,,,,,
4771,4/22/1980,1.399,3.195,4.000,4.235,3.195,0.0,1.0400000000000005,0.0,0.0,0.0,8.983368393708927,0.0,0.0,0.8061783438930187,8.17719004981591,1.624763768260091,0.0,0.0,0.0,0.4271943649344048,0.0,0,0.0,0,8.17719004981591,,,,,,,,,,,
4772,4/23/1980,2.600,17.587,4.000,4.235,4.235,13.352,0.0,0,13.26255855428157,0.0,21.43974860409748,0.0,0.0,3.4360957649874444,18.003652839110035,6.143730350951102,0.08944144571843,0.08944144571843,0.0,2.003041052950362,0.08944144571843,0,0.0,0,18.003652839110035,,,,,,,,,,,
4773,4/24/1980,8.331,13.485,4.000,4.235,4.235,9.25,0.0,0,9.25,0.08944144571843,27.25405098836944,0.0,0.08944144571843,5.125672867144012,22.128378121225428,8.82311958701271,0.0,0.0,0.00039814925940304455,3.0676377033647557,0.08904329645902696,0,0.0,0,22.128378121225428,,,,,,,,,,,
4774,4/25/1980,4.301,2.170,4.000,4.235,2.17,0.0,2.0650000000000004,0.0,0.0,0.08904329645902696,22.128378121225428,0.08904329645902696,0.0,3.621999766476107,18.50637835474932,6.44468815162857,0.0,0.0,0.0,2.1187451970643605,0.0,0,0.0,0,18.50637835474932,,,,,,,,,,,
4775,4/26/1980,1.237,1.860,4.000,4.235,1.86,0.0,2.375,0.0,0.0,0.0,18.50637835474932,0.0,0.0,2.6888598910444235,15.817518463704896,4.915233175908193,0.0,0.0,0.0,1.5423580654221791,0.0,0,0.0,0,15.817518463704896,,,,,,,,,,,
4776,4/27/1980,1.778,7.923,4.000,4.235,4.235,3.6879999999999997,0.0,0,3.5985585542815697,0.0,19.416077017986467,0.0,0.0,2.912739116799457,16.50333790118701,5.286690144073725,0.08944144571843,0.08944144571843,0.0,1.6795931632385221,0.08944144571843,0,0.0,0,16.50333790118701,,,,,,,,,,,
4777,4/28/1980,1.162,0.226,4.000,4.235,0.226,0.0,4.009,0.0,0.0,0.08944144571843,16.50333790118701,0.08944144571843,0.0,2.221529567258923,14.281808333928087,4.129155739644643,0.0,0.0,0.0,1.2583840918855331,0.0,0,0.0,0,14.281808333928087,,,,,,,,,,,
4778,4/29/1980,1.254,1.186,4.000,4.235,1.186,0.0,3.0490000000000004,0.0,0.0,0.0,14.281808333928087,0.0,0.0,1.7458400233653688,12.535968310562717,3.311683364437416,0.0,0.0,0.0,0.973373919046978,0.0,0,0.0,0,12.535968310562717,,,,,,,,,,,
4779,4/30/1980,1.136,0.230,4.000,4.235,0.23,0.0,4.005,0.0,0.0,0.0,12.535968310562717,0.0,0.0,1.4048466519142067,11.13112165864851,2.71252655335028,0.0,0.0,0.0,0.772136761220102,0.0,0,0.0,0,11.13112165864851,,,,,,,,,,,
4780,5/1/1980,1.164,0.120,5.000,3.714,0.12,0.0,3.594,0.0,0.0,0.0,11.13112165864851,0.0,0.0,1.1523842848271626,9.978737373821348,2.2602281881586643,0.0,0.0,0.0,0.6251751675164751,0.0,0,0.0,0,9.978737373821348,,,,,,,,,,,
4781,5/2/1980,1.255,1.157,5.000,3.714,1.157,0.0,2.557,0.0,0.0,0.0,9.978737373821348,0.0,0.0,0.9604876078425644,9.018249765978783,1.9104661848017808,0.0,0.0,0.0,0.5148621633772381,0.0,0,0.0,0,9.018249765978783,,,,,,,,,,,
4782,5/3/1980,1.203,1.027,5.000,3.714,1.027,0.0,2.6870000000000003,0.0,0.0,0.0,9.018249765978783,0.0,0.0,0.8114022544138894,8.206847511564893,1.6345084070068692,0.0,0.0,0.0,0.430145291506524,0.0,0,0.0,0,8.206847511564893,,,,,,,,,,,
4783,5/4/1980,1.331,2.481,5.000,3.714,2.481,0.0,1.233,0.0,0.0,0.0,8.206847511564893,0.0,0.0,0.693414711485454,7.513432800079439,1.4130421333167664,0.0,0.0,0.0,0.3638158241998098,0.0,0,0.0,0,7.513432800079439,,,,,,,,,,,
4784,5/5/1980,1.208,1.647,5.000,3.714,1.647,0.0,2.067,0.0,0.0,0.0,7.513432800079439,0.0,0.0,0.5985445151286785,6.91488828495076,1.2326865013264159,0.0,0.0,0.0,0.3110144481691389,0.0,0,0.0,0,6.91488828495076,,,,,,,,,,,
4785,5/6/1980,1.148,0.570,5.000,3.714,0.57,0.0,3.144,0.0,0.0,0.0,6.91488828495076,0.0,0.0,0.5212039818393517,6.393684303111408,1.0839283367978894,0.0,0.0,0.0,0.2683724736468958,0.0,0,0.0,0,6.393684303111408,,,,,,,,,,,
4786,5/7/1980,1.198,0.701,5.000,3.714,0.701,0.0,3.013,0.0,0.0,0.0,6.393684303111408,0.0,0.0,0.45738764120965947,5.936296661901749,0.9598521179993682,0.0,0.0,0.0,0.23349750899628427,0.0,0,0.0,0,5.936296661901749,,,,,,,,,,,
4787,5/8/1980,1.180,0.536,5.000,3.714,0.536,0.0,3.178,0.0,0.0,0.0,5.936296661901749,0.0,0.0,0.4041647551649173,5.532131906736832,0.8553322200785459,0.0,0.0,0.0,0.2046543928406749,0.0,0,0.0,0,5.532131906736832,,,,,,,,,,,
4788,5/9/1980,1.266,1.484,5.000,3.714,1.484,0.0,2.23,0.0,0.0,0.0,5.532131906736832,0.0,0.0,0.35935193624429546,5.172779970492536,0.7665042235144973,0.0,0.0,0.0,0.1805611321957865,0.0,0,0.0,0,5.172779970492536,,,,,,,,,,,
4789,5/10/1980,1.119,0.158,5.000,3.714,0.158,0.0,3.556,0.0,0.0,0.0,5.172779970492536,0.0,0.0,0.3212963466431987,4.8514836238493375,0.690410080096295,0.0,0.0,0.0,0.16025486825755828,0.0,0,0.0,0,4.8514836238493375,,,,,,,,,,,
4790,5/11/1980,1.225,0.814,5.000,3.714,0.814,0.0,2.9,0.0,0.0,0.0,4.8514836238493375,0.0,0.0,0.2887287700940606,4.562754853755277,0.6247546267891003,0.0,0.0,0.0,0.14300174259707943,0.0,0,0.0,0,4.562754853755277,,,,,,,,,,,
4791,5/12/1980,1.354,2.640,5.000,3.714,2.64,0.0,1.0739999999999998,0.0,0.0,0.0,4.562754853755277,0.0,0.0,0.2606619686099659,4.302092885145311,0.5677351769021558,0.0,0.0,0.0,0.1282350025855066,0.0,0,0.0,0,4.302092885145311,,,,,,,,,,,
4792,5/13/1980,1.337,3.236,5.000,3.714,3.236,0.0,0.47799999999999976,0.0,0.0,0.0,4.302092885145311,0.0,0.0,0.2363190593957833,4.0657738257495275,0.5179201277707971,0.0,0.0,0.0,0.11551169364837731,0.0,0,0.0,0,4.0657738257495275,,,,,,,,,,,
4793,5/14/1980,1.512,5.445,5.000,3.714,3.714,1.7310000000000003,0.0,0,1.6415585542815703,0.0,5.707332380031097,0.0,0.0,0.3785190316609693,5.328813348370128,0.8045952087518901,0.08944144571843,0.08944144571843,0.0,0.19084332173892538,0.08944144571843,0,0.0,0,5.328813348370128,,,,,,,,,,,
4794,5/15/1980,2.979,20.369,5.000,3.714,3.714,16.655,0.0,0,16.655,0.08944144571843,21.98421149762953,0.0,0.08944144571843,3.5827562916267985,18.401455206002733,6.381299864044523,0.0,0.0,0.00039814925940304455,2.094287345772931,0.08904329645902696,0,0.0,0,18.401455206002733,,,,,,,,,,,
4795,5/16/1980,11.858,25.283,5.000,3.714,3.714,21.569000000000003,0.0,0,21.5686018507406,0.08904329645902696,39.97045343363835,0.0,0.08904329645902696,9.70355570362824,30.266897730010108,15.635444243481556,0.0003981492594030382,0.0003981492594030382,0.0003963768950199571,6.056512983980622,0.08904506882341005,0,0.0,0,30.266897730010108,,,,,,,,,,,
4796,5/17/1980,4.416,3.530,5.000,3.714,3.53,0.0,0.18400000000000016,0.0,0.0,0.08904506882341005,30.26722433296093,0.01567600079784889,0.07336906802556116,6.104546941364134,24.162677391596795,10.326946702871112,0.0,0.0,0.00032660295082248965,3.6957368556131804,0.07304246507473867,0,0.0,0,24.162677391596795,,,,,,,,,,,
4797,5/18/1980,1.171,1.550,5.000,3.714,1.55,0.0,2.1639999999999997,0.0,0.0,0.07304246507473867,24.162677391596795,0.07304246507473867,0.0,4.193798280114044,19.96887911148275,7.36016784284309,0.0,0.0,0.0,2.4770036608747326,0.0,0,0.0,0,19.96887911148275,,,,,,,,,,,
4798,5/19/1980,1.142,0.459,5.000,3.714,0.459,0.0,3.255,0.0,0.0,0.0,19.96887911148275,0.0,0.0,3.052262806154998,16.91661630532775,5.516662061476844,0.0,0.0,0.0,1.7654747945861424,0.0,0,0.0,0,16.91661630532775,,,,,,,,,,,
4799,5/20/1980,1.163,0.230,5.000,3.714,0.23,0.0,3.484,0.0,0.0,0.0,16.91661630532775,0.0,0.0,2.3150210432757623,14.601595262051987,4.28765821920961,0.0,0.0,0.0,1.3149041006935338,0.0,0,0.0,0,14.601595262051987,,,,,,,,,,,
4800,5/21/1980,1.265,1.322,5.000,3.714,1.322,0.0,2.392,0.0,0.0,0.0,14.601595262051987,0.0,0.0,1.8114775456387775,12.79011771641321,3.4256632364668884,0.0,0.0,0.0,1.0124250868811928,0.0,0,0.0,0,12.79011771641321,,,,,,,,,,,
4801,5/22/1980,1.134,0.267,5.000,3.714,0.267,0.0,3.447,0.0,0.0,0.0,12.79011771641321,0.0,0.0,1.452635591601202,11.337482124812007,2.797256640404422,0.0,0.0,0.0,0.8001619997730699,0.0,0,0.0,0,11.337482124812007,,,,,,,,,,,
4802,5/23/1980,1.261,1.301,5.000,3.714,1.301,0.0,2.4130000000000003,0.0,0.0,0.0,11.337482124812007,0.0,0.0,1.18821073109446,10.149271393717548,2.3249235469615277,0.0,0.0,0.0,0.6459111095651066,0.0,0,0.0,0,10.149271393717548,,,,,,,,,,,
4803,5/24/1980,1.581,5.430,5.000,3.714,3.714,1.7159999999999997,0.0,0,1.6265585542815697,0.0,11.775829947999117,0.0,0.0,1.2657608356815873,10.510069112317531,2.464365080022578,0.08944144571843,0.08944144571843,0.0,0.6909358045733649,0.08944144571843,0,0.0,0,10.510069112317531,,,,,,,,,,,
4804,5/25/1980,1.997,10.689,5.000,3.714,3.714,6.975,0.0,0,6.975,0.08944144571843,17.485467261576936,0.0,0.08944144571843,2.4462143834706227,15.039252878106314,4.508997133900331,0.0,0.0,0.00039814925940304455,1.3944690723670434,0.08904329645902696,0,0.0,0,15.039252878106314,,,,,,,,,,,
4805,5/26/1980,4.830,8.191,5.000,3.714,3.714,4.477,0.0,0,4.476601850740598,0.08904329645902696,19.51625110574193,0.0,0.08904329645902696,2.9378285049510224,16.57842260079091,5.328128064073475,0.0003981492594030382,0.0003981492594030382,0.0003963768950199571,1.695016956853787,0.08904506882341005,0,0.0,0,16.57842260079091,,,,,,,,,,,
4806,5/27/1980,1.936,5.583,5.000,3.714,3.714,1.8690000000000002,0.0,0,1.8686036231049803,0.08904506882341005,18.447422608680604,0.0,0.08904506882341005,2.6745985607069835,15.772824047973621,4.891464623348406,0.00039637689501995115,0.00039637689501995115,0.000396384784713162,1.5336408645139925,0.08904506093371685,0,0.0,0,15.772824047973621,,,,,,,,,,,
4807,5/28/1980,1.173,1.890,5.000,3.714,1.89,0.0,1.824,0.0,0.0,0.08904506093371685,15.772824047973621,0.08904506093371685,0.0,2.0600679355794727,13.71275611239415,3.8538248899003094,0.0,0.0,0.0,1.1611447077749741,0.0,0,0.0,0,13.71275611239415,,,,,,,,,,,
4808,5/29/1980,1.252,1.930,5.000,3.714,1.93,0.0,1.784,0.0,0.0,0.0,13.71275611239415,0.0,0.0,1.6314497361700482,12.081306376224102,3.1120463353405836,0.0,0.0,0.0,0.9055499309731692,0.0,0,0.0,0,12.081306376224102,,,,,,,,,,,
4809,5/30/1980,1.246,1.871,5.000,3.714,1.871,0.0,1.843,0.0,0.0,0.0,12.081306376224102,0.0,0.0,1.3209577930725345,10.760348583151568,2.563135939265791,0.0,0.0,0.0,0.7230939830523233,0.0,0,0.0,0,10.760348583151568,,,,,,,,,,,
4810,5/31/1980,1.438,4.073,5.000,3.714,3.714,0.35900000000000043,0.0,0,0.26961691027264795,0.0,11.029965493424216,0.0,0.0,1.1349830289260727,9.894982464498144,2.22873978844941,0.0893830897273525,0.0893830897273525,0.0,0.6151187325955033,0.0893830897273525,0,0.0,0,9.894982464498144,,,,,,,,,,,
4811,6/1/1980,1.110,0.961,6.000,3.269,0.961,0.0,2.3080000000000003,0.0,0.0,0.0893830897273525,9.894982464498144,0.0893830897273525,0.0,0.9470890735161904,8.947893390981953,1.8858266580073084,0.0,0.0,0.0,0.5072109174177302,0.0,0,0.0,0,8.947893390981953,,,,,,,,,,,
4812,6/2/1980,1.203,0.938,6.000,3.269,0.938,0.0,2.3310000000000004,0.0,0.0,0.0,8.947893390981953,0.0,0.0,0.8008793818837686,8.147014009098184,1.6148736191459736,0.0,0.0,0.0,0.4242023278683273,0.0,0,0.0,0,8.147014009098184,,,,,,,,,,,
4813,6/3/1980,1.211,1.025,6.000,3.269,1.025,0.0,2.244,0.0,0.0,0.0,8.147014009098184,0.0,0.0,0.6850094295557603,7.462004579542423,1.3971498167272853,0.0,0.0,0.0,0.3591175017023795,0.0,0,0.0,0,7.462004579542423,,,,,,,,,,,
4814,6/4/1980,1.342,2.563,6.000,3.269,2.563,0.0,0.706,0.0,0.0,0.0,7.462004579542423,0.0,0.0,0.5917318739470018,6.870272705595421,1.2196485837922957,0.0,0.0,0.0,0.3072429640842299,0.0,0,0.0,0,6.870272705595421,,,,,,,,,,,
4815,6/5/1980,3.013,22.511,6.000,3.269,3.269,19.241999999999997,0.0,0,19.15255855428157,0.0,26.02283125987699,0.0,0.0,4.745587887967528,21.277243371909464,8.230430646063294,0.08944144571843,0.08944144571843,0.0,2.8258002759331724,0.08944144571843,0,0.0,0,21.277243371909464,,,,,,,,,,,
4816,6/6/1980,7.920,13.022,6.000,3.269,3.269,9.753,0.0,0,9.753,0.08944144571843,31.030641521168867,0.0,0.08944144571843,6.3633190943794,24.667322426789468,10.719527249564088,0.0,0.0,0.00039814925940304455,3.862937704200125,0.08904329645902696,0,0.0,0,24.667322426789468,,,,,,,,,,,
4817,6/7/1980,4.339,2.688,6.000,3.269,2.688,0.0,0.581,0.0,0.0,0.08904329645902696,24.667498464152384,0.04949773441748779,0.039545562041539174,4.340845159484422,20.326653304667964,7.593283663018892,0.0,0.0,0.0001760373629143117,2.569675151764461,0.03936952467862486,0,0.0,0,20.326653304667964,,,,,,,,,,,
4818,6/8/1980,1.753,7.821,6.000,3.269,3.269,4.552,0.0,0,4.501928078960194,0.03936952467862486,24.828756637359444,0.0,0.03936952467862486,4.3882436295030764,20.440513007856367,7.668234910119546,0.05007192103980515,0.05007192103980515,0.00017525373128684173,2.5995908821941263,0.08926619198714318,0,0.0,0,20.440513007856367,,,,,,,,,,,
4819,6/9/1980,4.500,26.711,6.000,3.269,3.269,23.442,0.0,0,23.441824746268715,0.08926619198714318,43.8827351232412,0.0,0.08926619198714318,11.337620755085165,32.545114368156035,17.95615233843537,0.00017525373128681918,0.00017525373128681918,0.0003973691161175801,7.149261688403971,0.08904407660231242,0,0.0,0,32.545114368156035,,,,,,,,,,,
4820,6/10/1980,19.085,87.092,6.000,3.269,3.269,83.823,0.0,0,83.82260263088388,0.08904407660231242,116.36811337940775,0.0,0.08904407660231242,57.599993447860044,58.7681199315477,73.64775749463062,0.0003973691161175846,0.0003973691161175846,0.00039638036783358217,40.421299091213015,0.08904506535059642,0,0.0,0,58.7681199315477,,,,,,,,,,,
4821,6/11/1980,0.000,19.157,6.000,3.269,3.269,15.888,0.0,0,15.887603619632166,0.08904506535059642,74.65611993594914,0.0,0.08904506535059642,27.48789414494987,47.168225790999266,39.075385211863434,0.0003963803678335831,0.0003963803678335831,0.00039638476925390635,18.37337223337929,0.0890450609491761,0,0.0,0,47.168225790999266,,,,,,,,,,,
4822,6/12/1980,5.919,7.020,6.000,3.269,3.269,3.7509999999999994,0.0,0,3.7506036152307454,0.0890450609491761,50.919225790979674,0.0,0.0890450609491761,14.526760100559626,36.392465690420046,22.361249051088762,0.0003963847692539161,0.0003963847692539161,0.0003963847496609511,9.310890996744439,0.08904506096876905,0,0.0,0,36.392465690420046,,,,,,,,,,,
4823,6/13/1980,2.804,14.789,6.000,3.269,3.269,11.52,0.0,0,11.519603615250338,0.08904506096876905,47.912465690420134,0.0,0.08904506096876905,13.125423156695069,34.787042533725064,20.444090012232504,0.0003963847496609593,0.0003963847496609593,0.00039638474974816926,8.356740637807412,0.08904506096868184,0,0.0,0,34.787042533725064,,,,,,,,,,,
4824,6/14/1980,6.040,6.827,6.000,3.269,3.269,3.558,0.0,0,3.5576036152502515,0.08904506096868184,38.34504253372506,0.0,0.08904506096868184,9.054847727434952,29.29019480629011,14.700236570561154,0.0003963847497481637,0.0003963847497481637,0.00039638474974778106,5.625946704420283,0.08904506096868223,0,0.0,0,29.29019480629011,,,,,,,,,,,
4825,6/15/1980,1.110,0.769,6.000,3.269,0.769,0.0,2.5,0.0,0.0,0.08904506096868223,29.29019480629011,0.08904506096868223,0.0,5.779667818688692,23.510526987601416,9.831238482413294,0.0,0.0,0.0,3.486484064261446,0.0,0,0.0,0,23.510526987601416,,,,,,,,,,,
4826,6/16/1980,1.154,0.260,6.000,3.269,0.26,0.0,3.0090000000000003,0.0,0.0,0.0,23.510526987601416,0.0,0.0,4.006849694201853,19.503677293399562,7.062468985476369,0.0,0.0,0.0,2.359494768104574,0.0,0,0.0,0,19.503677293399562,,,,,,,,,,,
4827,6/17/1980,1.283,1.544,6.000,3.269,1.544,0.0,1.725,0.0,0.0,0.0,19.503677293399562,0.0,0.0,2.934674571812765,16.5690027215868,5.322921040734682,0.0,0.0,0.0,1.6930775870028305,0.0,0,0.0,0,16.5690027215868,,,,,,,,,,,
4828,6/18/1980,1.269,1.981,6.000,3.269,1.981,0.0,1.288,0.0,0.0,0.0,16.5690027215868,0.0,0.0,2.236281101201461,14.332721620385337,4.154208883109052,0.0,0.0,0.0,1.2672918593796538,0.0,0,0.0,0,14.332721620385337,,,,,,,,,,,
4829,6/19/1980,1.153,0.779,6.000,3.269,0.779,0.0,2.49,0.0,0.0,0.0,14.332721620385337,0.0,0.0,1.756225266989105,12.576496353396232,3.329744570486092,0.0,0.0,0.0,0.9795462993198477,0.0,0,0.0,0,12.576496353396232,,,,,,,,,,,
4830,6/20/1980,1.303,2.018,6.000,3.269,2.018,0.0,1.2510000000000003,0.0,0.0,0.0,12.576496353396232,0.0,0.0,1.4124244497132987,11.164071903682933,2.7259797409383824,0.0,0.0,0.0,0.7765765381810782,0.0,0,0.0,0,11.164071903682933,,,,,,,,,,,
4831,6/21/1980,2.112,11.688,6.000,3.269,3.269,8.419,0.0,0,8.32955855428157,0.0,19.493630457964503,0.0,0.0,2.932155463145233,16.56147499481927,5.318761666075309,0.08944144571843,0.08944144571843,0.0,1.691528672519329,0.08944144571843,0,0.0,0,16.56147499481927,,,,,,,,,,,
4832,6/22/1980,5.891,8.504,6.000,3.269,3.269,5.234999999999999,0.0,0,5.234999999999999,0.08944144571843,21.796873144078674,0.0,0.08944144571843,3.532016897185751,18.264856246892922,6.299230617370421,0.0,0.0,0.00039814925940304455,2.062690998624226,0.08904329645902696,0,0.0,0,18.264856246892922,,,,,,,,,,,
4833,6/23/1980,1.337,0.723,6.000,3.269,0.723,0.0,2.5460000000000003,0.0,0.0,0.08904329645902696,18.264856246892922,0.08904329645902696,0.0,2.630628629154615,15.634227617738308,4.818099616946696,0.0,0.0,0.0,1.5067836742632217,0.0,0,0.0,0,15.634227617738308,,,,,,,,,,,
4834,6/24/1980,1.169,0.425,6.000,3.269,0.425,0.0,2.8440000000000003,0.0,0.0,0.0,15.634227617738308,0.0,0.0,2.0299865588997146,13.604241058838593,3.802296457844745,0.0,0.0,0.0,1.1430825861964231,0.0,0,0.0,0,13.604241058838593,,,,,,,,,,,
4835,6/25/1980,1.151,0.065,6.000,3.269,0.065,0.0,3.204,0.0,0.0,0.0,13.604241058838593,0.0,0.0,1.609989249271548,11.994251809567045,3.074446355669709,0.0,0.0,0.0,0.8928598205335746,0.0,0,0.0,0,11.994251809567045,,,,,,,,,,,
4836,6/26/1980,1.358,2.317,6.000,3.269,2.317,0.0,0.952,0.0,0.0,0.0,11.994251809567045,0.0,0.0,1.3051318309609325,10.689119978606112,2.534856034381399,0.0,0.0,0.0,0.71386444504066,0.0,0,0.0,0,10.689119978606112,,,,,,,,,,,
4837,6/27/1980,1.227,1.806,6.000,3.269,1.806,0.0,1.463,0.0,0.0,0.0,10.689119978606112,0.0,0.0,1.077132254708792,9.61198772389732,2.123739993861443,0.0,0.0,0.0,0.5817596664776702,0.0,0,0.0,0,9.61198772389732,,,,,,,,,,,
4838,6/28/1980,1.147,0.637,6.000,3.269,0.637,0.0,2.632,0.0,0.0,0.0,9.61198772389732,0.0,0.0,0.9023765285708396,8.709611195326481,1.803378343123614,0.0,0.0,0.0,0.481729839251403,0.0,0,0.0,0,8.709611195326481,,,,,,,,,,,
4839,6/29/1980,1.206,0.829,6.000,3.269,0.829,0.0,2.4400000000000004,0.0,0.0,0.0,8.709611195326481,0.0,0.0,0.7656501846991018,7.943961010627379,1.5489770977710244,0.0,0.0,0.0,0.4043438118608714,0.0,0,0.0,0,7.943961010627379,,,,,,,,,,,
4840,6/30/1980,1.321,2.259,6.000,3.269,2.259,0.0,1.0100000000000002,0.0,0.0,0.0,7.943961010627379,0.0,0.0,0.6567916426154999,7.287169368011879,1.3436769451939707,0.0,0.0,0.0,0.3433725197420947,0.0,0,0.0,0,7.287169368011879,,,,,,,,,,,
4841,7/1/1980,1.249,2.048,7.000,3.463,2.048,0.0,1.415,0.0,0.0,0.0,7.287169368011879,0.0,0.0,0.5688056266810573,6.718363741330822,1.1756820041799578,0.0,0.0,0.0,0.29457213339526134,0.0,0,0.0,0,6.718363741330822,,,,,,,,,,,
4842,7/2/1980,1.661,6.662,7.000,3.463,3.463,3.199,0.0,0,3.10955855428157,0.0,9.827922295612392,0.0,0.0,0.9364155886356301,8.891506706976763,1.8661765984558334,0.08944144571843,0.08944144571843,0.0,0.5011209036245184,0.08944144571843,0,0.0,0,8.891506706976763,,,,,,,,,,,
4843,7/3/1980,1.468,4.575,7.000,3.463,3.463,1.112,0.0,0,1.112,0.08944144571843,10.003904856236167,0.0,0.08944144571843,0.9645284282996934,9.039376427936473,1.917891209366324,0.0,0.0,0.00039814925940304455,0.5171710610722358,0.08904329645902696,0,0.0,0,9.039376427936473,,,,,,,,,,,
4844,7/4/1980,0.000,0.387,7.000,3.463,0.387,0.0,3.076,0.0,0.0,0.08904329645902696,9.039376427936473,0.08904329645902696,0.0,0.8145727890187124,8.224803638917761,1.6404200794840267,0.0,0.0,0.0,0.43193690001669854,0.0,0,0.0,0,8.224803638917761,,,,,,,,,,,
4845,7/5/1980,1.274,1.514,7.000,3.463,1.514,0.0,1.949,0.0,0.0,0.0,8.224803638917761,0.0,0.0,0.6959451434158747,7.528858495501886,1.4178234004819568,0.0,0.0,0.0,0.3652310025222131,0.0,0,0.0,0,7.528858495501886,,,,,,,,,,,
4846,7/6/1980,1.132,0.322,7.000,3.463,0.322,0.0,3.141,0.0,0.0,0.0,7.528858495501886,0.0,0.0,0.6005940183037449,6.928264477198141,1.2366064295613513,0.0,0.0,0.0,0.31214960919260826,0.0,0,0.0,0,6.928264477198141,,,,,,,,,,,
4847,7/7/1980,1.165,0.189,7.000,3.463,0.189,0.0,3.274,0.0,0.0,0.0,6.928264477198141,0.0,0.0,0.5228854308106268,6.405379046387514,1.087180526205794,0.0,0.0,0.0,0.26929533376592524,0.0,0,0.0,0,6.405379046387514,,,,,,,,,,,
4848,7/8/1980,1.219,0.756,7.000,3.463,0.756,0.0,2.707,0.0,0.0,0.0,6.405379046387514,0.0,0.0,0.45878284399785535,5.946596202389659,0.9625787737182521,0.0,0.0,0.0,0.23425670619783448,0.0,0,0.0,0,5.946596202389659,,,,,,,,,,,
4849,7/9/1980,1.257,1.489,7.000,3.463,1.489,0.0,1.974,0.0,0.0,0.0,5.946596202389659,0.0,0.0,0.4053341481618984,5.541262054227761,0.8576397040627393,0.0,0.0,0.0,0.20528555407818655,0.0,0,0.0,0,5.541262054227761,,,,,,,,,,,
4850,7/10/1980,1.776,7.702,7.000,3.463,3.463,4.239,0.0,0,4.14955855428157,0.0,9.69082060850933,0.0,0.0,0.9147449805220211,8.776075627987309,1.8262202154898581,0.08944144571843,0.08944144571843,0.0,0.48877031439430413,0.08944144571843,0,0.0,0,8.776075627987309,,,,,,,,,,,
4851,7/11/1980,1.536,3.788,7.000,3.463,3.463,0.32499999999999973,0.0,0,0.32499999999999973,0.08944144571843,9.101473777246712,0.0,0.08944144571843,0.8239205119052481,8.277553265341464,1.6578381056138578,0.0,0.0,0.00039814925940304455,0.4372217843680313,0.08904329645902696,0,0.0,0,8.277553265341464,,,,,,,,,,,
4852,7/12/1980,1.096,0.713,7.000,3.463,0.713,0.0,2.75,0.0,0.0,0.08904329645902696,8.277553265341464,0.08904329645902696,0.0,0.7034000877498974,7.574153177591566,1.4319011449142856,0.0,0.0,0.0,0.36940224512435893,0.0,0,0.0,0,7.574153177591566,,,,,,,,,,,
4853,7/13/1980,1.267,1.558,7.000,3.463,1.558,0.0,1.905,0.0,0.0,0.0,7.574153177591566,0.0,0.0,0.6066281850494707,6.967524992542096,1.2481411870263268,0.0,0.0,0.0,0.3154932381716774,0.0,0,0.0,0,6.967524992542096,,,,,,,,,,,
4854,7/14/1980,1.373,3.209,7.000,3.463,3.209,0.0,0.254,0.0,0.0,0.0,6.967524992542096,0.0,0.0,0.527833159557183,6.439691832984913,1.0967453724205778,0.0,0.0,0.0,0.27201201603826836,0.0,0,0.0,0,6.439691832984913,,,,,,,,,,,
4855,7/15/1980,1.073,0.245,7.000,3.463,0.245,0.0,3.218,0.0,0.0,0.0,6.439691832984913,0.0,0.0,0.46288622088999026,5.976805612094923,0.9705942671975246,0.0,0.0,0.0,0.23649043060790761,0.0,0,0.0,0,5.976805612094923,,,,,,,,,,,
4856,7/16/1980,1.200,0.564,7.000,3.463,0.564,0.0,2.899,0.0,0.0,0.0,5.976805612094923,0.0,0.0,0.40877186514529196,5.568033746949631,0.8644201483519094,0.0,0.0,0.0,0.20714169975502109,0.0,0,0.0,0,5.568033746949631,,,,,,,,,,,
4857,7/17/1980,1.145,0.054,7.000,3.463,0.054,0.0,3.4090000000000003,0.0,0.0,0.0,5.568033746949631,0.0,0.0,0.36324714476912245,5.2047866021805085,0.7742574760691419,0.0,0.0,0.0,0.18264785719800467,0.0,0,0.0,0,5.2047866021805085,,,,,,,,,,,
4858,7/18/1980,1.195,0.412,7.000,3.463,0.412,0.0,3.051,0.0,0.0,0.0,5.2047866021805085,0.0,0.0,0.3246165501343682,4.88017005204614,0.6970748938513583,0.0,0.0,0.0,0.16202047182149223,0.0,0,0.0,0,4.88017005204614,,,,,,,,,,,
4859,7/19/1980,1.239,1.107,7.000,3.463,1.107,0.0,2.356,0.0,0.0,0.0,4.88017005204614,0.0,0.0,0.29157975749196363,4.5885902945541766,0.6305232048512664,0.0,0.0,0.0,0.14450718136222693,0.0,0,0.0,0,4.5885902945541766,,,,,,,,,,,
4860,7/20/1980,1.331,2.517,7.000,3.463,2.517,0.0,0.9460000000000002,0.0,0.0,0.0,4.5885902945541766,0.0,0.0,0.2631264955414875,4.325463799012689,0.5727592978741549,0.0,0.0,0.0,0.129527629088219,0.0,0,0.0,0,4.325463799012689,,,,,,,,,,,
4861,7/21/1980,1.670,6.952,7.000,3.463,3.463,3.489,0.0,0,3.39955855428157,0.0,7.725022353294259,0.0,0.0,0.6269006007052754,7.098121752588983,1.2868251751466913,0.08944144571843,0.08944144571843,0.0,0.32674242717371266,0.08944144571843,0,0.0,0,7.098121752588983,,,,,,,,,,,
4862,7/22/1980,1.526,4.821,7.000,3.463,3.463,1.3579999999999997,0.0,0,1.3579999999999997,0.08944144571843,8.456519901848386,0.0,0.08944144571843,0.7289290136393902,7.727590888208996,1.4800156107204432,0.0,0.0,0.00039814925940304455,0.38370823999280085,0.08904329645902696,0,0.0,0,7.727590888208996,,,,,,,,,,,
4863,7/23/1980,1.135,1.418,7.000,3.463,1.418,0.0,2.045,0.0,0.0,0.08904329645902696,7.727590888208996,0.08904329645902696,0.0,0.6272480418871569,7.10034284632184,1.2874872608226842,0.0,0.0,0.0,0.32693543368096567,0.0,0,0.0,0,7.10034284632184,,,,,,,,,,,
4864,7/24/1980,1.138,0.354,7.000,3.463,0.354,0.0,3.109,0.0,0.0,0.0,7.10034284632184,0.0,0.0,0.5447091164770201,6.5556337298448195,1.1293159400088177,0.0,0.0,0.0,0.28129073110506353,0.0,0,0.0,0,6.5556337298448195,,,,,,,,,,,
4865,7/25/1980,1.157,0.105,7.000,3.463,0.105,0.0,3.358,0.0,0.0,0.0,6.5556337298448195,0.0,0.0,0.47685928851587944,6.07877444132894,0.9978474754168688,0.0,0.0,0.0,0.24410655607880574,0.0,0,0.0,0,6.07877444132894,,,,,,,,,,,
4866,7/26/1980,1.560,4.629,7.000,3.463,3.463,1.1659999999999995,0.0,0,1.0765585542824192,0.0,7.155332995611359,0.0,0.0,0.5517582823650142,6.603574713246345,1.142896644249558,0.08944144571758035,0.08944144571758035,0.0,0.2851721322811897,0.08944144571758035,0,0.0,0,6.603574713246345,,,,,,,,,,,
4867,7/27/1980,1.331,3.695,7.000,3.463,3.463,0.23199999999999976,0.0,0,0.23199999999915485,0.08944144571758035,6.8359728625048986,0.0,0.08944144571758035,0.5113281015346458,6.324644760970253,1.064809780544016,8.449051997926523e-13,8.449051997926523e-13,0.0003981492593992623,0.26295608872396853,0.08904329645902599,0,0.0,0,6.324644760970253,,,,,,,,,,,
4868,7/28/1980,1.090,0.609,7.000,3.463,0.609,0.0,2.854,0.0,0.0,0.08904329645902599,6.324644760970253,0.08904329645902599,0.0,0.4491857879046278,5.8754589730656255,0.9438099030905776,0.0,0.0,0.0,0.22903757962888033,0.0,0,0.0,0,5.8754589730656255,,,,,,,,,,,
4869,7/29/1980,1.209,0.841,7.000,3.463,0.841,0.0,2.622,0.0,0.0,0.0,5.8754589730656255,0.0,0.0,0.39728494512731655,5.478174027938309,0.8417462808594702,0.0,0.0,0.0,0.20094356859886708,0.0,0,0.0,0,5.478174027938309,,,,,,,,,,,
4870,7/30/1980,1.198,0.823,7.000,3.463,0.823,0.0,2.64,0.0,0.0,0.0,5.478174027938309,0.0,0.0,0.3535293588461446,5.124644669092164,0.7549027086253434,0.0,0.0,0.0,0.17744466405519718,0.0,0,0.0,0,5.124644669092164,,,,,,,,,,,
4871,7/31/1980,1.160,0.358,7.000,3.463,0.358,0.0,3.105,0.0,0.0,0.0,5.124644669092164,0.0,0.0,0.31632878090796884,4.808315888184195,0.6804288086806012,0.0,0.0,0.0,0.15761548218147745,0.0,0,0.0,0,4.808315888184195,,,,,,,,,,,
4872,8/1/1980,1.168,0.232,8.000,3.792,0.232,0.0,3.5599999999999996,0.0,0.0,0.0,4.808315888184195,0.0,0.0,0.2844597104763499,4.523856177707845,0.616108925568264,0.0,0.0,0.0,0.14074933445422813,0.0,0,0.0,0,4.523856177707845,,,,,,,,,,,
4873,8/2/1980,1.197,0.526,8.000,3.792,0.526,0.0,3.266,0.0,0.0,0.0,4.523856177707845,0.0,0.0,0.2569688180402913,4.266887359667554,0.5601999536581966,0.0,0.0,0.0,0.12629947915100329,0.0,0,0.0,0,4.266887359667554,,,,,,,,,,,
4874,8/3/1980,1.439,3.449,8.000,3.792,3.449,0.0,0.34299999999999997,0.0,0.0,0.0,4.266887359667554,0.0,0.0,0.23310472404668936,4.033782635620865,0.511315536718412,0.0,0.0,0.0,0.11383791099089578,0.0,0,0.0,0,4.033782635620865,,,,,,,,,,,
4875,8/4/1980,2.126,12.315,8.000,3.792,3.792,8.523,0.0,0,8.43355855428157,0.0,12.467341189902434,0.0,0.0,1.3920521951245317,11.075288994777903,2.689796660745515,0.08944144571843,0.08944144571843,0.0,0.7646441614196929,0.08944144571843,0,0.0,0,11.075288994777903,,,,,,,,,,,
4876,8/5/1980,3.868,1.958,8.000,3.792,1.958,0.0,1.8339999999999999,0.0,0.0,0.08944144571843,11.075288994777903,0.08944144571843,0.0,1.1427666483875916,9.93252234639031,2.242829954742918,0.0,0.0,0.0,0.6196157528661621,0.0,0,0.0,0,9.93252234639031,,,,,,,,,,,
4877,8/6/1980,1.140,0.611,8.000,3.792,0.611,0.0,3.181,0.0,0.0,0.0,9.93252234639031,0.0,0.0,0.9530851350926767,8.979437211297634,1.8968569953478234,0.0,0.0,0.0,0.5106340996524763,0.0,0,0.0,0,8.979437211297634,,,,,,,,,,,
4878,8/7/1980,1.321,2.123,8.000,3.792,2.123,0.0,1.6689999999999996,0.0,0.0,0.0,8.979437211297634,0.0,0.0,0.8055904478922402,8.173846763405393,1.6236667749948863,0.0,0.0,0.0,0.4268623478993318,0.0,0,0.0,0,8.173846763405393,,,,,,,,,,,
4879,8/8/1980,2.050,11.034,8.000,3.792,3.792,7.242000000000001,0.0,0,7.152558554281571,0.0,15.326405317686964,0.0,0.0,1.9638107020580757,13.362594615628888,3.688672212746389,0.08944144571843,0.08944144571843,0.0,1.1034101320984688,0.08944144571843,0,0.0,0,13.362594615628888,,,,,,,,,,,
4880,8/9/1980,3.214,2.424,8.000,3.792,2.424,0.0,1.3679999999999999,0.0,0.0,0.08944144571843,13.362594615628888,0.08944144571843,0.0,1.5626094039329488,11.799985211695939,2.9912644436752878,0.0,0.0,0.0,0.8648825570354048,0.0,0,0.0,0,11.799985211695939,,,,,,,,,,,
4881,8/10/1980,1.320,2.944,8.000,3.792,2.944,0.0,0.8479999999999999,0.0,0.0,0.0,11.799985211695939,0.0,0.0,1.2700911302670868,10.529894081428852,2.472127896072574,0.0,0.0,0.0,0.6934553849048767,0.0,0,0.0,0,10.529894081428852,,,,,,,,,,,
4882,8/11/1980,1.242,2.215,8.000,3.792,2.215,0.0,1.577,0.0,0.0,0.0,10.529894081428852,0.0,0.0,1.0505235257373644,9.479370555691487,2.075276929458982,0.0,0.0,0.0,0.566455180829837,0.0,0,0.0,0,9.479370555691487,,,,,,,,,,,
4883,8/12/1980,1.115,0.398,8.000,3.792,0.398,0.0,3.3939999999999997,0.0,0.0,0.0,9.479370555691487,0.0,0.0,0.881721868276501,8.597648687414987,1.7651727870012153,0.0,0.0,0.0,0.4699868090416635,0.0,0,0.0,0,8.597648687414987,,,,,,,,,,,
4884,8/13/1980,1.177,0.367,8.000,3.792,0.367,0.0,3.425,0.0,0.0,0.0,8.597648687414987,0.0,0.0,0.749316455461451,7.848332231953536,1.5183380363911188,0.0,0.0,0.0,0.3951567913449128,0.0,0,0.0,0,7.848332231953536,,,,,,,,,,,
4885,8/14/1980,1.183,0.416,8.000,3.792,0.416,0.0,3.376,0.0,0.0,0.0,7.848332231953536,0.0,0.0,0.6436672458900943,7.204664986063442,1.3187416606137863,0.0,0.0,0.0,0.3360643983123793,0.0,0,0.0,0,7.204664986063442,,,,,,,,,,,
4886,8/15/1980,1.715,6.518,8.000,3.792,3.792,2.726,0.0,0,2.63655855428157,0.0,9.841223540345013,0.0,0.0,0.9385288042343228,8.90269473611069,1.8700686103351454,0.08944144571843,0.08944144571843,0.0,0.5023262886960969,0.08944144571843,0,0.0,0,8.90269473611069,,,,,,,,,,,
4887,8/16/1980,1.325,3.249,8.000,3.792,3.249,0.0,0.5429999999999997,0.0,0.0,0.08944144571843,8.902886076801014,0.04645809823438145,0.042983347484048556,0.7941766942260786,8.108709382574936,1.6023555101181042,0.0,0.0,0.00019134069032508092,0.4204195494682767,0.042792006793723476,0,0.0,0,8.108709382574936,,,,,,,,,,,
4888,8/17/1980,1.084,0.387,8.000,3.792,0.387,0.0,3.405,0.0,0.0,0.042792006793723476,8.108709382574936,0.042792006793723476,0.0,0.6796500250050734,7.429059357569863,1.3870080278717924,0.0,0.0,0.0,0.35612371827723555,0.0,0,0.0,0,7.429059357569863,,,,,,,,,,,
4889,8/18/1980,1.167,0.234,8.000,3.792,0.234,0.0,3.558,0.0,0.0,0.0,7.429059357569863,0.0,0.0,0.5873840624284606,6.841675295141402,1.2113214230903526,0.0,0.0,0.0,0.30483750292941564,0.0,0,0.0,0,6.841675295141402,,,,,,,,,,,
4890,8/19/1980,1.156,0.040,8.000,3.792,0.04,0.0,3.752,0.0,0.0,0.0,6.841675295141402,0.0,0.0,0.5120391987477863,6.3296360963936165,1.066187361117862,0.0,0.0,0.0,0.26334585862946513,0.0,0,0.0,0,6.3296360963936165,,,,,,,,,,,
4891,8/20/1980,1.178,0.207,8.000,3.792,0.207,0.0,3.585,0.0,0.0,0.0,6.3296360963936165,0.0,0.0,0.449776763568019,5.879859332825598,0.9449665704301953,0.0,0.0,0.0,0.22935875706112974,0.0,0,0.0,0,5.879859332825598,,,,,,,,,,,
4892,8/21/1980,1.201,0.562,8.000,3.792,0.562,0.0,3.2299999999999995,0.0,0.0,0.0,5.879859332825598,0.0,0.0,0.39778097249830463,5.482078360327293,0.8427264159472356,0.0,0.0,0.0,0.2012109747371968,0.0,0,0.0,0,5.482078360327293,,,,,,,,,,,
4893,8/22/1980,1.170,0.356,8.000,3.792,0.356,0.0,3.436,0.0,0.0,0.0,5.482078360327293,0.0,0.0,0.3539493966205912,5.128128963706701,0.7557401177025378,0.0,0.0,0.0,0.17766937212677192,0.0,0,0.0,0,5.128128963706701,,,,,,,,,,,
4894,8/23/1980,1.177,0.339,8.000,3.792,0.339,0.0,3.453,0.0,0.0,0.0,5.128128963706701,0.0,0.0,0.3166873203824445,4.811441643324256,0.6811496070959586,0.0,0.0,0.0,0.1578058919519213,0.0,0,0.0,0,4.811441643324256,,,,,,,,,,,
4895,8/24/1980,1.207,0.695,8.000,3.792,0.695,0.0,3.097,0.0,0.0,0.0,4.811441643324256,0.0,0.0,0.2847679764334058,4.526673666890851,0.6167335435867397,0.0,0.0,0.0,0.14091190524833452,0.0,0,0.0,0,4.526673666890851,,,,,,,,,,,
4896,8/25/1980,1.297,1.912,8.000,3.792,1.912,0.0,1.88,0.0,0.0,0.0,4.526673666890851,0.0,0.0,0.25723561003219897,4.269438056858652,0.5607445573130369,0.0,0.0,0.0,0.12643923971588217,0.0,0,0.0,0,4.269438056858652,,,,,,,,,,,
4897,8/26/1980,1.470,4.472,8.000,3.792,3.792,0.6800000000000006,0.0,0,0.5905585988382885,0.0,4.859996655696941,0.0,0.0,0.28957366442876065,4.57042299126818,0.6264645887794695,0.08944140116171208,0.08944140116171208,0.0,0.14344778005692924,0.08944140116171208,0,0.0,0,4.57042299126818,,,,,,,,,,,
4898,8/27/1980,1.123,1.204,8.000,3.792,1.204,0.0,2.588,0.0,0.0,0.08944140116171208,4.57042299126818,0.08944140116171208,0.0,0.2613924890207927,4.309030502247388,0.5692247549857775,0.0,0.0,0.0,0.12861807172979942,0.0,0,0.0,0,4.309030502247388,,,,,,,,,,,
4899,8/28/1980,1.152,0.435,8.000,3.792,0.435,0.0,3.3569999999999998,0.0,0.0,0.0,4.309030502247388,0.0,0.0,0.236954553298922,4.0720759489484655,0.5192251327910088,0.0,0.0,0.0,0.11584278884151131,0.0,0,0.0,0,4.0720759489484655,,,,,,,,,,,
4900,8/29/1980,1.288,1.700,8.000,3.792,1.7,0.0,2.0919999999999996,0.0,0.0,0.0,4.0720759489484655,0.0,0.0,0.21563813170064966,3.8564378172478158,0.47531039055760443,0.0,0.0,0.0,0.10476969250176557,0.0,0,0.0,0,3.8564378172478158,,,,,,,,,,,
4901,8/30/1980,1.167,0.830,8.000,3.792,0.83,0.0,2.9619999999999997,0.0,0.0,0.0,3.8564378172478158,0.0,0.0,0.19694411122336652,3.659493706024449,0.4365454429854028,0.0,0.0,0.0,0.0951177828605503,0.0,0,0.0,0,3.659493706024449,,,,,,,,,,,
4902,8/31/1980,1.329,2.364,8.000,3.792,2.364,0.0,1.428,0.0,0.0,0.0,3.659493706024449,0.0,0.0,0.18046824106099943,3.4790254649634496,0.4021670473847723,0.0,0.0,0.0,0.08666083914734476,0.0,0,0.0,0,3.4790254649634496,,,,,,,,,,,
4903,9/1/1980,1.129,0.635,9.000,4.609,0.635,0.0,3.974,0.0,0.0,0.0,3.4790254649634496,0.0,0.0,0.16588041908671405,3.3131450458767353,0.3715473604838846,0.0,0.0,0.0,0.07921520670415175,0.0,0,0.0,0,3.3131450458767353,,,,,,,,,,,
4904,9/2/1980,1.216,0.939,9.000,4.609,0.939,0.0,3.67,0.0,0.0,0.0,3.3131450458767353,0.0,0.0,0.1529090511176778,3.1602359947590575,0.34416619356559097,0.0,0.0,0.0,0.07263062787329114,0.0,0,0.0,0,3.1602359947590575,,,,,,,,,,,
4905,9/3/1980,1.183,0.690,9.000,4.609,0.69,0.0,3.919,0.0,0.0,0.0,3.1602359947590575,0.0,0.0,0.14132911414074342,3.018906880618314,0.319589672081536,0.0,0.0,0.0,0.0667832829709346,0.0,0,0.0,0,3.018906880618314,,,,,,,,,,,
4906,9/4/1980,1.173,0.459,9.000,4.609,0.459,0.0,4.15,0.0,0.0,0.0,3.018906880618314,0.0,0.0,0.13095295612706617,2.887953924491248,0.2974536648589219,0.0,0.0,0.0,0.06157045531910226,0.0,0,0.0,0,2.887953924491248,,,,,,,,,,,
4907,9/5/1980,1.149,0.052,9.000,4.609,0.052,0.0,4.557,0.0,0.0,0.0,2.887953924491248,0.0,0.0,0.12162313991518581,2.7663307845760623,0.2774508030450834,0.0,0.0,0.0,0.056906403022480706,0.0,0,0.0,0,2.7663307845760623,,,,,,,,,,,
4908,9/6/1980,1.160,0.000,9.000,4.609,0.0,0.0,4.609,0.0,0.0,0.0,2.7663307845760623,0.0,0.0,0.11320682945246051,2.653123955123602,0.259320227413867,0.0,0.0,0.0,0.05271913670005317,0.0,0,0.0,0,2.653123955123602,,,,,,,,,,,
4909,9/7/1980,1.179,0.195,9.000,4.609,0.195,0.0,4.414,0.0,0.0,0.0,2.653123955123602,0.0,0.0,0.10559135086922876,2.547532604254373,0.2428394283729244,0.0,0.0,0.0,0.048947883916884864,0.0,0,0.0,0,2.547532604254373,,,,,,,,,,,
4910,9/8/1980,1.188,0.402,9.000,4.609,0.402,0.0,4.207,0.0,0.0,0.0,2.547532604254373,0.0,0.0,0.09868065636085076,2.4488519478935222,0.22781770485617386,0.0,0.0,0.0,0.04554107881102028,0.0,0,0.0,0,2.4488519478935222,,,,,,,,,,,
4911,9/9/1980,1.198,0.617,9.000,4.609,0.617,0.0,3.992,0.0,0.0,0.0,2.4488519478935222,0.0,0.0,0.09239248758556348,2.356459460307959,0.21409088560158915,0.0,0.0,0.0,0.042454756778733165,0.0,0,0.0,0,2.356459460307959,,,,,,,,,,,
4912,9/10/1980,1.840,7.920,9.000,4.609,4.609,3.311,0.0,0,3.22155855428157,0.0,5.578018014589529,0.0,0.0,0.364333382212009,5.21368463237752,0.7764184583600511,0.08944144571843,0.08944144571843,0.0,0.18323003510739677,0.08944144571843,0,0.0,0,5.21368463237752,,,,,,,,,,,
4913,9/11/1980,1.832,5.572,9.000,4.609,4.609,0.9630000000000001,0.0,0,0.9630000000000001,0.08944144571843,6.177082781636923,0.0,0.08944144571843,0.4318551939077231,5.745227587729199,0.9098365496291771,0.0,0.0,0.00039814925940304455,0.21963143405019506,0.08904329645902696,0,0.0,0,5.745227587729199,,,,,,,,,,,
4914,9/12/1980,0.000,0.577,9.000,4.609,0.577,0.0,4.032,0.0,0.0,0.08904329645902696,5.745227587729199,0.08904329645902696,0.0,0.3827170760768917,5.3625105116523075,0.8129181406091079,0.0,0.0,0.0,0.1931000021895326,0.0,0,0.0,0,5.3625105116523075,,,,,,,,,,,
4915,9/13/1980,1.196,0.676,9.000,4.609,0.676,0.0,3.933,0.0,0.0,0.0,5.3625105116523075,0.0,0.0,0.34117670622419083,5.0213338054281165,0.7302417857772472,0.0,0.0,0.0,0.17084429053272834,0.0,0,0.0,0,5.0213338054281165,,,,,,,,,,,
4916,9/14/1980,1.266,1.557,9.000,4.609,1.557,0.0,3.052,0.0,0.0,0.0,5.0213338054281165,0.0,0.0,0.3057719196796241,4.715561885748492,0.6591780055361869,0.0,0.0,0.0,0.15201547319778907,0.0,0,0.0,0,4.715561885748492,,,,,,,,,,,
4917,9/15/1980,1.260,1.878,9.000,4.609,1.878,0.0,2.731,0.0,0.0,0.0,4.715561885748492,0.0,0.0,0.27537310778098323,4.440188777967509,0.5976748297841646,0.0,0.0,0.0,0.13596257343753426,0.0,0,0.0,0,4.440188777967509,,,,,,,,,,,
4918,9/16/1980,1.298,2.465,9.000,4.609,2.465,0.0,2.144,0.0,0.0,0.0,4.440188777967509,0.0,0.0,0.2490968120036902,4.191091965963819,0.5441121993825333,0.0,0.0,0.0,0.12218001932881487,0.0,0,0.0,0,4.191091965963819,,,,,,,,,,,
4919,9/17/1980,1.080,0.061,9.000,4.609,0.061,0.0,4.548,0.0,0.0,0.0,4.191091965963819,0.0,0.0,0.22624436048702584,3.9648476054767934,0.49719746670857234,0.0,0.0,0.0,0.11027065529839931,0.0,0,0.0,0,3.9648476054767934,,,,,,,,,,,
4920,9/18/1980,1.251,1.072,9.000,4.609,1.072,0.0,3.537,0.0,0.0,0.0,3.9648476054767934,0.0,0.0,0.20625759207724523,3.758590013399548,0.45588924183086815,0.0,0.0,0.0,0.09991922941267939,0.0,0,0.0,0,3.758590013399548,,,,,,,,,,,
4921,9/19/1980,1.258,1.644,9.000,4.609,1.644,0.0,2.965,0.0,0.0,0.0,3.758590013399548,0.0,0.0,0.18868644571136872,3.569903567688179,0.41934112111490585,0.0,0.0,0.0,0.09087310833538863,0.0,0,0.0,0,3.569903567688179,,,,,,,,,,,
4922,9/20/1980,1.424,3.814,9.000,4.609,3.814,0.0,0.7949999999999999,0.0,0.0,0.0,3.569903567688179,0.0,0.0,0.17316492109329554,3.3967386465948834,0.38685957775003094,0.0,0.0,0.0,0.08292806024123463,0.0,0,0.0,0,3.3967386465948834,,,,,,,,,,,
4923,9/21/1980,2.558,17.154,9.000,4.609,4.609,12.545,0.0,0,12.45555855428157,0.0,15.852297200876453,0.0,0.0,2.077396782751092,13.77490041812536,3.8834747909276364,0.08944144571843,0.08944144571843,0.0,1.171557572644072,0.08944144571843,0,0.0,0,13.77490041812536,,,,,,,,,,,
4924,9/22/1980,3.711,0.132,9.000,4.609,0.132,0.0,4.477,0.0,0.0,0.08944144571843,13.77490041812536,0.08944144571843,0.0,1.6437908473818532,12.131109570743508,3.13364728311801,0.0,0.0,0.0,0.9128525170172614,0.0,0,0.0,0,12.131109570743508,,,,,,,,,,,
4925,9/23/1980,1.175,0.208,9.000,4.609,0.208,0.0,4.401,0.0,0.0,0.0,12.131109570743508,0.0,0.0,1.3300459764309338,10.801063594312573,2.5793617693347692,0.0,0.0,0.0,0.7283974133521085,0.0,0,0.0,0,10.801063594312573,,,,,,,,,,,
4926,9/24/1980,1.154,0.000,9.000,4.609,0.0,0.0,4.609,0.0,0.0,0.0,10.801063594312573,0.0,0.0,1.0959985592822425,9.70506503503033,2.158036789603802,0.0,0.0,0.0,0.5926260781621446,0.0,0,0.0,0,9.70506503503033,,,,,,,,,,,
4927,9/25/1980,1.178,0.184,9.000,4.609,0.184,0.0,4.425,0.0,0.0,0.0,9.70506503503033,0.0,0.0,0.9169870336587467,8.788078001371584,1.8303579192877102,0.0,0.0,0.0,0.49004722817988483,0.0,0,0.0,0,8.788078001371584,,,,,,,,,,,
4928,9/26/1980,1.158,0.047,9.000,4.609,0.047,0.0,4.562,0.0,0.0,0.0,8.788078001371584,0.0,0.0,0.7771811937874238,8.01089680758416,1.5705737594050067,0.0,0.0,0.0,0.41083729554509457,0.0,0,0.0,0,8.01089680758416,,,,,,,,,,,
4929,9/27/1980,1.164,0.047,9.000,4.609,0.047,0.0,4.562,0.0,0.0,0.0,8.01089680758416,0.0,0.0,0.6660410656937206,7.34485574189044,1.3612252855058764,0.0,0.0,0.0,0.3485287078741375,0.0,0,0.0,0,7.34485574189044,,,,,,,,,,,
4930,9/28/1980,1.163,0.037,9.000,4.609,0.037,0.0,4.572,0.0,0.0,0.0,7.34485574189044,0.0,0.0,0.576330002507389,6.768525739383051,1.1901274028757798,0.0,0.0,0.0,0.29872705036096825,0.0,0,0.0,0,6.768525739383051,,,,,,,,,,,
4931,9/29/1980,1.162,0.015,9.000,4.609,0.015,0.0,4.594,0.0,0.0,0.0,6.768525739383051,0.0,0.0,0.5029474215229786,6.265578317860072,1.0485626454907546,0.0,0.0,0.0,0.2583651312611717,0.0,0,0.0,0,6.265578317860072,,,,,,,,,,,
4932,9/30/1980,1.886,8.152,9.000,4.609,4.609,3.5429999999999993,0.0,0,3.453558554281569,0.0,9.719136872141641,0.0,0.0,0.9192040766293201,8.799932795512321,1.8344486007575305,0.08944144571843,0.08944144571843,0.0,0.49131009998393543,0.08944144571843,0,0.0,0,8.799932795512321,,,,,,,,,,,
4933,10/1/1980,1.910,5.610,10.000,5.054,5.054,0.556,0.0,0,0.556,0.08944144571843,9.356330944771724,0.0,0.08944144571843,0.8627303365679284,8.493600608203796,1.7299751785196125,0.0,0.0,0.00039814925940304455,0.45920528913466496,0.08904329645902696,0,0.0,0,8.493600608203796,,,,,,,,,,,
4934,10/2/1980,1.099,1.018,10.000,5.054,1.018,0.0,4.0360000000000005,0.0,0.0,0.08904329645902696,8.493600608203796,0.08904329645902696,0.0,0.7342638894286443,7.759336718775152,1.4900522397272895,0.0,0.0,0.0,0.3867020236979919,0.0,0,0.0,0,7.759336718775152,,,,,,,,,,,
4935,10/3/1980,1.224,1.197,10.000,5.054,1.197,0.0,3.857,0.0,0.0,0.0,7.759336718775152,0.0,0.0,0.6315485985007879,7.127788120274364,1.2956799311751985,0.0,0.0,0.0,0.3293250104530059,0.0,0,0.0,0,7.127788120274364,,,,,,,,,,,
4936,10/4/1980,2.207,12.309,10.000,5.054,5.054,7.254999999999999,0.0,0,7.165558554281569,0.0,14.293346674555933,0.0,0.0,1.7481914437591182,12.545155230796814,3.3157736763257377,0.08944144571843,0.08944144571843,0.0,0.9747712544808701,0.08944144571843,0,0.0,0,12.545155230796814,,,,,,,,,,,
4937,10/5/1980,5.261,5.876,10.000,5.054,5.054,0.8220000000000001,0.0,0,0.8220000000000001,0.08944144571843,13.367553380056219,0.0,0.08944144571843,1.5635759789876724,11.803977401068547,2.9929637668023847,0.0,0.0,0.00039814925940304455,0.865452756781407,0.08904329645902696,0,0.0,0,11.803977401068547,,,,,,,,,,,
4938,10/6/1980,1.117,1.198,10.000,5.054,1.198,0.0,3.8560000000000003,0.0,0.0,0.08904329645902696,11.803977401068547,0.08904329645902696,0.0,1.2708073763773686,10.533170024691179,2.4734116596346203,0.0,0.0,0.0,0.6938721869776371,0.0,0,0.0,0,10.533170024691179,,,,,,,,,,,
4939,10/7/1980,1.623,5.882,10.000,5.054,5.054,0.8279999999999994,0.0,0,0.738558555909542,0.0,11.27172858060072,0.0,0.0,1.1767475849573839,10.094980995643336,2.3042428590932746,0.08944144409045737,0.08944144409045737,0.0,0.63927183353704,0.08944144409045737,0,0.0,0,10.094980995643336,,,,,,,,,,,
4940,10/8/1980,1.082,0.785,10.000,5.054,0.785,0.0,4.269,0.0,0.0,0.08944144409045737,10.094980995643336,0.08944144409045737,0.0,0.9792080028666786,9.115772992776657,1.9448421020013618,0.0,0.0,0.0,0.5255642100511795,0.0,0,0.0,0,9.115772992776657,,,,,,,,,,,
4941,10/9/1980,1.155,0.276,10.000,5.054,0.276,0.0,4.7780000000000005,0.0,0.0,0.0,9.115772992776657,0.0,0.0,0.8260790608161699,8.289693931960487,1.6618578140838631,0.0,0.0,0.0,0.43844271690666803,0.0,0,0.0,0,8.289693931960487,,,,,,,,,,,
4942,10/10/1980,1.153,0.025,10.000,5.054,0.025,0.0,5.029,0.0,0.0,0.0,8.289693931960487,0.0,0.0,0.705120386830152,7.584573545130335,1.4351479418028121,0.0,0.0,0.0,0.3703652131835003,0.0,0,0.0,0,7.584573545130335,,,,,,,,,,,
4943,10/11/1980,1.178,0.192,10.000,5.054,0.192,0.0,4.862,0.0,0.0,0.0,7.584573545130335,0.0,0.0,0.608019800930088,6.976553744200247,1.2508000290131065,0.0,0.0,0.0,0.31626466634546824,0.0,0,0.0,0,6.976553744200247,,,,,,,,,,,
4944,10/12/1980,1.177,0.262,10.000,5.054,0.262,0.0,4.792,0.0,0.0,0.0,6.976553744200247,0.0,0.0,0.5289736249618348,6.447580119238412,1.0989490750166466,0.0,0.0,0.0,0.27263845719237073,0.0,0,0.0,0,6.447580119238412,,,,,,,,,,,
4945,10/13/1980,1.181,0.351,10.000,5.054,0.351,0.0,4.703,0.0,0.0,0.0,6.447580119238412,0.0,0.0,0.4638316257897961,5.9837484934486165,0.9724402175659858,0.0,0.0,0.0,0.2370052586883222,0.0,0,0.0,0,5.9837484934486165,,,,,,,,,,,
4946,10/14/1980,1.173,0.293,10.000,5.054,0.293,0.0,4.761,0.0,0.0,0.0,5.9837484934486165,0.0,0.0,0.40956357940807575,5.574184914040541,0.8659810752469539,0.0,0.0,0.0,0.20756932029716452,0.0,0,0.0,0,5.574184914040541,,,,,,,,,,,
4947,10/15/1980,1.204,0.638,10.000,5.054,0.638,0.0,4.416,0.0,0.0,0.0,5.574184914040541,0.0,0.0,0.36391620698018307,5.210268707060358,0.7755885796826557,0.0,0.0,0.0,0.1830064330763993,0.0,0,0.0,0,5.210268707060358,,,,,,,,,,,
4948,10/16/1980,1.174,0.429,10.000,5.054,0.429,0.0,4.625,0.0,0.0,0.0,5.210268707060358,0.0,0.0,0.32518660446995473,4.885082102590403,0.698218679038631,0.0,0.0,0.0,0.1623237327500528,0.0,0,0.0,0,4.885082102590403,,,,,,,,,,,
4949,10/17/1980,1.528,4.427,10.000,5.054,4.427,0.0,0.6270000000000007,0.0,0.0,0.0,4.885082102590403,0.0,0.0,0.2920690625007192,4.5930130400896845,0.631512827074658,0.0,0.0,0.0,0.1447656522182192,0.0,0,0.0,0,4.5930130400896845,,,,,,,,,,,
4950,10/18/1980,0.000,0.243,10.000,5.054,0.243,0.0,4.811,0.0,0.0,0.0,4.5930130400896845,0.0,0.0,0.2635493252533147,4.32946371483637,0.573620923419363,0.0,0.0,0.0,0.1297494804893069,0.0,0,0.0,0,4.32946371483637,,,,,,,,,,,
4951,10/19/1980,1.289,1.610,10.000,5.054,1.61,0.0,3.444,0.0,0.0,0.0,4.32946371483637,0.0,0.0,0.23883022341261811,4.090633491423752,0.5230754168434857,0.0,0.0,0.0,0.11682036164479583,0.0,0,0.0,0,4.090633491423752,,,,,,,,,,,
4952,10/20/1980,1.340,2.848,10.000,5.054,2.848,0.0,2.2060000000000004,0.0,0.0,0.0,4.090633491423752,0.0,0.0,0.21727848653315548,3.8733550048905965,0.478700331913148,0.0,0.0,0.0,0.10561932717638897,0.0,0,0.0,0,3.8733550048905965,,,,,,,,,,,
4953,10/21/1980,1.180,1.444,10.000,5.054,1.444,0.0,3.6100000000000003,0.0,0.0,0.0,3.8733550048905965,0.0,0.0,0.19838611984120094,3.6749688850493953,0.4395445632525701,0.0,0.0,0.0,0.09586023222279913,0.0,0,0.0,0,3.6749688850493953,,,,,,,,,,,
4954,10/22/1980,1.146,0.464,10.000,5.054,0.464,0.0,4.59,0.0,0.0,0.0,3.6749688850493953,0.0,0.0,0.1817419660599717,3.4932269189894236,0.40483230819327687,0.0,0.0,0.0,0.08731287921838984,0.0,0,0.0,0,3.4932269189894236,,,,,,,,,,,
4955,10/23/1980,1.265,1.429,10.000,5.054,1.429,0.0,3.625,0.0,0.0,0.0,3.4932269189894236,0.0,0.0,0.16701049948580007,3.3262164195036235,0.3739257829929857,0.0,0.0,0.0,0.0797905085909688,0.0,0,0.0,0,3.3262164195036235,,,,,,,,,,,
4956,10/24/1980,1.379,3.223,10.000,5.054,3.223,0.0,1.8310000000000004,0.0,0.0,0.0,3.3262164195036235,0.0,0.0,0.153915828009992,3.1723005914936313,0.3462968628782554,0.0,0.0,0.0,0.07314041588036987,0.0,0,0.0,0,3.1723005914936313,,,,,,,,,,,
4957,10/25/1980,1.122,0.853,10.000,5.054,0.853,0.0,4.2010000000000005,0.0,0.0,0.0,3.1723005914936313,0.0,0.0,0.14222949396303458,3.030071097530597,0.32150528619982943,0.0,0.0,0.0,0.06723683656846474,0.0,0,0.0,0,3.030071097530597,,,,,,,,,,,
4958,10/26/1980,1.201,0.862,10.000,5.054,0.862,0.0,4.192,0.0,0.0,0.0,3.030071097530597,0.0,0.0,0.1317610790212595,2.8983100185093376,0.299181742668044,0.0,0.0,0.0,0.06197549573641805,0.0,0,0.0,0,2.8983100185093376,,,,,,,,,,,
4959,10/27/1980,1.291,1.934,10.000,5.054,1.934,0.0,3.12,0.0,0.0,0.0,2.8983100185093376,0.0,0.0,0.12235090177297067,2.775959116736367,0.279014634425869,0.0,0.0,0.0,0.05726939367432888,0.0,0,0.0,0,2.775959116736367,,,,,,,,,,,
4960,10/28/1980,1.107,0.189,10.000,5.054,0.189,0.0,4.865,0.0,0.0,0.0,2.775959116736367,0.0,0.0,0.11386429304019563,2.6620948236961715,0.2607396264770834,0.0,0.0,0.0,0.05304551861596845,0.0,0,0.0,0,2.6620948236961715,,,,,,,,,,,
4961,10/29/1980,1.159,0.041,10.000,5.054,0.041,0.0,5.013,0.0,0.0,0.0,2.6620948236961715,0.0,0.0,0.10618707209644807,2.5559077515997233,0.24413133504988133,0.0,0.0,0.0,0.049242261685786756,0.0,0,0.0,0,2.5559077515997233,,,,,,,,,,,
4962,10/30/1980,1.176,0.174,10.000,5.054,0.174,0.0,4.88,0.0,0.0,0.0,2.5559077515997233,0.0,0.0,0.09922194507546203,2.4566858065242614,0.22899666871934604,0.0,0.0,0.0,0.045807368522919986,0.0,0,0.0,0,2.4566858065242614,,,,,,,,,,,
4963,10/31/1980,1.155,0.000,10.000,5.054,0.0,0.0,5.054,0.0,0.0,0.0,2.4566858065242614,0.0,0.0,0.09288561744602639,2.363800189078235,0.21516945751227914,0.0,0.0,0.0,0.0426963045432068,0.0,0,0.0,0,2.363800189078235,,,,,,,,,,,
4964,11/1/1980,1.162,0.000,11.000,5.054,0.0,0.0,5.054,0.0,0.0,0.0,2.363800189078235,0.0,0.0,0.08710646371600721,2.276693725362228,0.20250609331154648,0.0,0.0,0.0,0.039870941539906654,0.0,0,0.0,0,2.276693725362228,,,,,,,,,,,
4965,11/2/1980,1.163,0.010,11.000,5.054,0.01,0.0,5.0440000000000005,0.0,0.0,0.0,2.276693725362228,0.0,0.0,0.08182263516610874,2.194871090196119,0.1908819699527366,0.0,0.0,0.0,0.037298495782071,0.0,0,0.0,0,2.194871090196119,,,,,,,,,,,
4966,11/3/1980,1.169,0.095,11.000,5.054,0.095,0.0,4.9590000000000005,0.0,0.0,0.0,2.194871090196119,0.0,0.0,0.07698051429027591,2.117890575905843,0.18018855991176735,0.0,0.0,0.0,0.03495066433164944,0.0,0,0.0,0,2.117890575905843,,,,,,,,,,,
4967,11/4/1980,1.168,0.107,11.000,5.054,0.107,0.0,4.947,0.0,0.0,0.0,2.117890575905843,0.0,0.0,0.07253344544654004,2.045357130459303,0.17033100094414172,0.0,0.0,0.0,0.03280291862235948,0.0,0,0.0,0,2.045357130459303,,,,,,,,,,,
4968,11/5/1980,1.159,0.010,11.000,5.054,0.01,0.0,5.0440000000000005,0.0,0.0,0.0,2.045357130459303,0.0,0.0,0.06844068691016972,1.9769164435491333,0.16122609366454868,0.0,0.0,0.0,0.030833923587045415,0.0,0,0.0,0,1.9769164435491333,,,,,,,,,,,
4969,11/6/1980,1.165,0.045,11.000,5.054,0.045,0.0,5.009,0.0,0.0,0.0,1.9769164435491333,0.0,0.0,0.06466654142988744,1.9122499021192458,0.15280063214791456,0.0,0.0,0.0,0.029025057609244957,0.0,0,0.0,0,1.9122499021192458,,,,,,,,,,,
4970,11/7/1980,1.195,0.402,11.000,5.054,0.402,0.0,4.652,0.0,0.0,0.0,1.9122499021192458,0.0,0.0,0.061179631494370355,1.8510702706248754,0.14499000585091482,0.0,0.0,0.0,0.02736001389823485,0.0,0,0.0,0,1.8510702706248754,,,,,,,,,,,
4971,11/8/1980,1.293,1.735,11.000,5.054,1.735,0.0,3.319,0.0,0.0,0.0,1.8510702706248754,0.0,0.0,0.05795229252815093,1.7931179780967246,0.13773702370726604,0.0,0.0,0.0,0.025824467970371613,0.0,0,0.0,0,1.7931179780967246,,,,,,,,,,,
4972,11/9/1980,1.156,0.714,11.000,5.054,0.714,0.0,4.34,0.0,0.0,0.0,1.7931179780967246,0.0,0.0,0.05496006267073156,1.738157915425993,0.13099092103082763,0.0,0.0,0.0,0.02440579907284356,0.0,0,0.0,0,1.738157915425993,,,,,,,,,,,
4973,11/10/1980,1.325,2.253,11.000,5.054,2.253,0.0,2.801,0.0,0.0,0.0,1.738157915425993,0.0,0.0,0.05218125203136781,1.6859766633946252,0.12470651752690536,0.0,0.0,0.0,0.023092855836375183,0.0,0,0.0,0,1.6859766633946252,,,,,,,,,,,
4974,11/11/1980,1.168,1.067,11.000,5.054,1.067,0.0,3.987,0.0,0.0,0.0,1.6859766633946252,0.0,0.0,0.04959657763747375,1.6363800857571513,0.11884350075609777,0.0,0.0,0.0,0.02187575835914342,0.0,0,0.0,0,1.6363800857571513,,,,,,,,,,,
4975,11/12/1980,1.143,0.269,11.000,5.054,0.269,0.0,4.785,0.0,0.0,0.0,1.6363800857571513,0.0,0.0,0.04718885291848214,1.5891912328386693,0.11336581418625419,0.0,0.0,0.0,0.020745730430467707,0.0,0,0.0,0,1.5891912328386693,,,,,,,,,,,
4976,11/13/1980,1.186,0.414,11.000,5.054,0.414,0.0,4.640000000000001,0.0,0.0,0.0,1.5891912328386693,0.0,0.0,0.04494272264847865,1.5442485101901906,0.10824113278628679,0.0,0.0,0.0,0.019694956793714757,0.0,0,0.0,0,1.5442485101901906,,,,,,,,,,,
4977,11/14/1980,1.326,2.127,11.000,5.054,2.127,0.0,2.9270000000000005,0.0,0.0,0.0,1.5442485101901906,0.0,0.0,0.04284443593066941,1.5014040742595212,0.10344041217363359,0.0,0.0,0.0,0.018716461294293083,0.0,0,0.0,0,1.5014040742595212,,,,,,,,,,,
4978,11/15/1980,1.244,1.939,11.000,5.054,1.939,0.0,3.115,0.0,0.0,0.0,1.5014040742595212,0.0,0.0,0.04088165113671934,1.4605224231228018,0.09893749978821122,0.0,0.0,0.0,0.017804002514540677,0.0,0,0.0,0,1.4605224231228018,,,,,,,,,,,
4979,11/16/1980,1.137,0.559,11.000,5.054,0.559,0.0,4.495,0.0,0.0,0.0,1.4605224231228018,0.0,0.0,0.039043267784763955,1.421479155338038,0.09470879855539328,0.0,0.0,0.0,0.016951984103967952,0.0,0,0.0,0,1.421479155338038,,,,,,,,,,,
4980,11/17/1980,1.175,0.419,11.000,5.054,0.419,0.0,4.635000000000001,0.0,0.0,0.0,1.421479155338038,0.0,0.0,0.037319281205867354,1.3841598741321706,0.09073297511626917,0.0,0.0,0.0,0.016155377502413984,0.0,0,0.0,0,1.3841598741321706,,,,,,,,,,,
4981,11/18/1980,1.154,0.096,11.000,5.054,0.096,0.0,4.958,0.0,0.0,0.0,1.3841598741321706,0.0,0.0,0.03570065655207868,1.3484592175800918,0.0869907060210138,0.0,0.0,0.0,0.015409655149722597,0.0,0,0.0,0,1.3484592175800918,,,,,,,,,,,
4982,11/19/1980,1.185,0.315,11.000,5.054,0.315,0.0,4.739,0.0,0.0,0.0,1.3484592175800918,0.0,0.0,0.03417921927292969,1.314279998307162,0.08346445636000609,0.0,0.0,0.0,0.014710732597598367,0.0,0,0.0,0,1.314279998307162,,,,,,,,,,,
4983,11/20/1980,1.168,0.220,11.000,5.054,0.22,0.0,4.8340000000000005,0.0,0.0,0.0,1.314279998307162,0.0,0.0,0.0327475596569983,1.2815324386501636,0.08013828619407942,0.0,0.0,0.0,0.014054918202247087,0.0,0,0.0,0,1.2815324386501636,,,,,,,,,,,
4984,11/21/1980,1.194,0.474,11.000,5.054,0.474,0.0,4.58,0.0,0.0,0.0,1.2815324386501636,0.0,0.0,0.031398949421332506,1.2501334892288312,0.0769976808768954,0.0,0.0,0.0,0.013438869291923727,0.0,0,0.0,0,1.2501334892288312,,,,,,,,,,,
4985,11/22/1980,1.422,3.251,11.000,5.054,3.251,0.0,1.8030000000000004,0.0,0.0,0.0,1.2501334892288312,0.0,0.0,0.03012726865013879,1.2200062205786923,0.07402940196821532,0.0,0.0,0.0,0.012859553880818731,0.0,0,0.0,0,1.2200062205786923,,,,,,,,,,,
4986,11/23/1980,1.129,0.947,11.000,5.054,0.947,0.0,4.107,0.0,0.0,0.0,1.2200062205786923,0.0,0.0,0.028926941647942447,1.1910792789307498,0.07122135594018243,0.0,0.0,0.0,0.012314217147110751,0.0,0,0.0,0,1.1910792789307498,,,,,,,,,,,
4987,11/24/1980,1.343,2.584,11.000,5.054,2.584,0.0,2.47,0.0,0.0,0.0,1.1910792789307498,0.0,0.0,0.027792880491598733,1.163286398439151,0.06856247829834203,0.0,0.0,0.0,0.011800352014308265,0.0,0,0.0,0,1.163286398439151,,,,,,,,,,,
4988,11/25/1980,1.239,2.051,11.000,5.054,2.051,0.0,3.003,0.0,0.0,0.0,1.163286398439151,0.0,0.0,0.026720435248225278,1.1365659631909257,0.06604263109006976,0.0,0.0,0.0,0.011315673275835051,0.0,0,0.0,0,1.1365659631909257,,,,,,,,,,,
4989,11/26/1980,1.108,0.257,11.000,5.054,0.257,0.0,4.797000000000001,0.0,0.0,0.0,1.1365659631909257,0.0,0.0,0.025705349978894038,1.1108606132120318,0.06365251206749957,0.0,0.0,0.0,0.01085809478690693,0.0,0,0.0,0,1.1108606132120318,,,,,,,,,,,
4990,11/27/1980,1.222,0.829,11.000,5.054,0.829,0.0,4.2250000000000005,0.0,0.0,0.0,1.1108606132120318,0.0,0.0,0.024743723776058612,1.0861168894359732,0.061383574019786974,0.0,0.0,0.0,0.010425709318097437,0.0,0,0.0,0,1.0861168894359732,,,,,,,,,,,
4991,11/28/1980,1.709,6.649,11.000,5.054,5.054,1.5949999999999998,0.0,0,1.5055585542815697,0.0,2.591675443717543,0.0,0.0,0.10154693061091745,2.4901285131066255,0.2340560108605545,0.08944144571842995,0.08944144571842995,0.0,0.04695223812211135,0.08944144571842995,0,0.0,0,2.4901285131066255,,,,,,,,,,,
4992,11/29/1980,0.000,0.365,11.000,5.054,0.365,0.0,4.689,0.0,0.0,0.08944144571842995,2.4901285131066255,0.08944144571842995,0.0,0.09500257566453607,2.3951259374420895,0.21979557266384306,0.0,0.0,0.0,0.0437341991085813,0.0,0,0.0,0,2.3951259374420895,,,,,,,,,,,
4993,11/30/1980,1.153,0.060,11.000,5.054,0.06,0.0,4.994000000000001,0.0,0.0,0.0,2.3951259374420895,0.0,0.0,0.08903888256035039,2.306087054881739,0.20674615271282218,0.0,0.0,0.0,0.04081434609533746,0.0,0,0.0,0,2.306087054881739,,,,,,,,,,,
4994,12/1/1980,1.160,0.000,12.000,5.337,0.0,0.0,5.337,0.0,0.0,0.0,2.306087054881739,0.0,0.0,0.08359082425989094,2.222496230621848,0.19477695678422816,0.0,0.0,0.0,0.03815816042680617,0.0,0,0.0,0,2.222496230621848,,,,,,,,,,,
4995,12/2/1980,1.228,0.771,12.000,5.337,0.771,0.0,4.566,0.0,0.0,0.0,2.222496230621848,0.0,0.0,0.07860210309860714,2.143894127523241,0.1837742132276104,0.0,0.0,0.0,0.035735882224189296,0.0,0,0.0,0,2.143894127523241,,,,,,,,,,,
4996,12/3/1980,1.247,1.378,12.000,5.337,1.378,0.0,3.9589999999999996,0.0,0.0,0.0,2.143894127523241,0.0,0.0,0.07402379315656837,2.0698703343666724,0.17363859631540388,0.0,0.0,0.0,0.033521753772178274,0.0,0,0.0,0,2.0698703343666724,,,,,,,,,,,
4997,12/4/1980,1.114,0.041,12.000,5.337,0.041,0.0,5.295999999999999,0.0,0.0,0.0,2.0698703343666724,0.0,0.0,0.06981322140406057,2.0000571129626117,0.16428309197676255,0.0,0.0,0.0,0.03149339849241945,0.0,0,0.0,0,2.0000571129626117,,,,,,,,,,,
4998,12/5/1980,1.227,0.774,12.000,5.337,0.774,0.0,4.563,0.0,0.0,0.0,2.0000571129626117,0.0,0.0,0.0659330409787655,1.9341240719838462,0.155631221352079,0.0,0.0,0.0,0.029631308585162584,0.0,0,0.0,0,1.9341240719838462,,,,,,,,,,,
4999,12/6/1980,1.382,2.951,12.000,5.337,2.951,0.0,2.3859999999999997,0.0,0.0,0.0,1.9341240719838462,0.0,0.0,0.06235045993168015,1.871773612052166,0.14761555534626294,0.0,0.0,0.0,0.027918420262786722,0.0,0,0.0,0,1.871773612052166,,,,,,,,,,,
5000,12/7/1980,1.133,0.899,12.000,5.337,0.899,0.0,4.438,0.0,0.0,0.0,1.871773612052166,0.0,0.0,0.05903659644581539,1.8127370156063505,0.14017646706097578,0.0,0.0,0.0,0.02633975996969234,0.0,0,0.0,0,1.8127370156063505,,,,,,,,,,,
5001,12/8/1980,1.143,0.193,12.000,5.337,0.193,0.0,5.144,0.0,0.0,0.0,1.8127370156063505,0.0,0.0,0.05596593746085539,1.756771078145495,0.13326107963784392,0.0,0.0,0.0,0.024882148427601794,0.0,0,0.0,0,1.756771078145495,,,,,,,,,,,
5002,12/9/1980,1.172,0.203,12.000,5.337,0.203,0.0,5.1339999999999995,0.0,0.0,0.0,1.756771078145495,0.0,0.0,0.05311588225145528,1.7036551958940398,0.12682237537664226,0.0,0.0,0.0,0.023533952016333973,0.0,0,0.0,0,1.7036551958940398,,,,,,,,,,,
5003,12/10/1980,1.167,0.146,12.000,5.337,0.146,0.0,5.191,0.0,0.0,0.0,1.7036551958940398,0.0,0.0,0.050466356119956195,1.6531888397740837,0.12081843854826611,0.0,0.0,0.0,0.022284873084042683,0.0,0,0.0,0,1.6531888397740837,,,,,,,,,,,
5004,12/11/1980,1.163,0.081,12.000,5.337,0.081,0.0,5.255999999999999,0.0,0.0,0.0,1.6531888397740837,0.0,0.0,0.04799948220963483,1.605189357564449,0.1152118095096066,0.0,0.0,0.0,0.021125772416284144,0.0,0,0.0,0,1.605189357564449,,,,,,,,,,,
5005,12/12/1980,1.165,0.071,12.000,5.337,0.071,0.0,5.266,0.0,0.0,0.0,1.605189357564449,0.0,0.0,0.0456993016976447,1.5594900558668041,0.10996893185388558,0.0,0.0,0.0,0.02004851838380687,0.0,0,0.0,0,1.5594900558668041,,,,,,,,,,,
5006,12/13/1980,1.217,0.684,12.000,5.337,0.684,0.0,4.653,0.0,0.0,0.0,1.5594900558668041,0.0,0.0,0.043551534420201175,1.515938521446603,0.10505967762932716,0.0,0.0,0.0,0.019045858312769677,0.0,0,0.0,0,1.515938521446603,,,,,,,,,,,
5007,12/14/1980,1.137,0.030,12.000,5.337,0.03,0.0,5.3069999999999995,0.0,0.0,0.0,1.515938521446603,0.0,0.0,0.04154337341724183,1.4743951480293611,0.10045693830992976,0.0,0.0,0.0,0.018111308437440583,0.0,0,0.0,0,1.4743951480293611,,,,,,,,,,,
5008,12/15/1980,1.184,0.268,12.000,5.337,0.268,0.0,5.069,0.0,0.0,0.0,1.4743951480293611,0.0,0.0,0.03966330803700628,1.4347318399923548,0.09613627134194169,0.0,0.0,0.0,0.01723905944951459,0.0,0,0.0,0,1.4347318399923548,,,,,,,,,,,
5009,12/16/1980,1.189,0.443,12.000,5.337,0.443,0.0,4.894,0.0,0.0,0.0,1.4347318399923548,0.0,0.0,0.03790097117220151,1.3968308688201532,0.09207559382469195,0.0,0.0,0.0,0.01642389518470144,0.0,0,0.0,0,1.3968308688201532,,,,,,,,,,,
5010,12/17/1980,1.406,3.046,12.000,5.337,3.046,0.0,2.291,0.0,0.0,0.0,1.3968308688201532,0.0,0.0,0.036247006954686224,1.3605838618654669,0.08825491629728359,0.0,0.0,0.0,0.015661122412946645,0.0,0,0.0,0,1.3605838618654669,,,,,,,,,,,
5011,12/18/1980,1.665,7.099,12.000,5.337,5.337,1.7620000000000005,0.0,0,1.6725585542815704,0.0,3.0331424161470375,0.0,0.0,0.13198374539676824,2.9011586707502692,0.299657765743606,0.08944144571843,0.08944144571843,0.0,0.06208712743551608,0.08944144571843,0,0.0,0,2.9011586707502692,,,,,,,,,,,
5012,12/19/1980,1.419,3.668,12.000,5.337,3.668,0.0,1.6689999999999996,0.0,0.0,0.08944144571843,2.9011586707502692,0.08944144571843,0.0,0.12255139179632749,2.7786072789539418,0.27944534481350936,0.0,0.0,0.0,0.05736941842410224,0.0,0,0.0,0,2.7786072789539418,,,,,,,,,,,
5013,12/20/1980,1.151,1.345,12.000,5.337,1.345,0.0,3.992,0.0,0.0,0.0,2.7786072789539418,0.0,0.0,0.11404538780129167,2.6645618911526503,0.26113049868702576,0.0,0.0,0.0,0.05313544055041601,0.0,0,0.0,0,2.6645618911526503,,,,,,,,,,,
5014,12/21/1980,1.200,1.071,12.000,5.337,1.071,0.0,4.266,0.0,0.0,0.0,2.6645618911526503,0.0,0.0,0.1063511356160334,2.5582107555366167,0.244487048315943,0.0,0.0,0.0,0.04932335337182069,0.0,0,0.0,0,2.5582107555366167,,,,,,,,,,,
5015,12/22/1980,1.217,1.162,12.000,5.337,1.162,0.0,4.175,0.0,0.0,0.0,2.5582107555366167,0.0,0.0,0.09937099659202699,2.4588397589445896,0.22932124106181995,0.0,0.0,0.0,0.045880711976433786,0.0,0,0.0,0,2.4588397589445896,,,,,,,,,,,
5016,12/23/1980,1.250,1.589,12.000,5.337,1.589,0.0,3.7479999999999998,0.0,0.0,0.0,2.4588397589445896,0.0,0.0,0.09302138956808365,2.365818369376506,0.2154663542247298,0.0,0.0,0.0,0.042762824076289375,0.0,0,0.0,0,2.365818369376506,,,,,,,,,,,
5017,12/24/1980,1.387,3.382,12.000,5.337,3.382,0.0,1.9549999999999996,0.0,0.0,0.0,2.365818369376506,0.0,0.0,0.08723044950234365,2.278587919874162,0.2027783152918944,0.0,0.0,0.0,0.03993143023744309,0.0,0,0.0,0,2.278587919874162,,,,,,,,,,,
5018,12/25/1980,1.123,0.918,12.000,5.337,0.918,0.0,4.419,0.0,0.0,0.0,2.278587919874162,0.0,0.0,0.08193612647137107,2.196651793402791,0.19113212604096722,0.0,0.0,0.0,0.037353636974208945,0.0,0,0.0,0,2.196651793402791,,,,,,,,,,,
5019,12/26/1980,1.207,0.964,12.000,5.337,0.964,0.0,4.372999999999999,0.0,0.0,0.0,2.196651793402791,0.0,0.0,0.07708463317367989,2.1195671602291113,0.18041892645473712,0.0,0.0,0.0,0.03500104910873031,0.0,0,0.0,0,2.1195671602291113,,,,,,,,,,,
5020,12/27/1980,1.197,0.873,12.000,5.337,0.873,0.0,4.4639999999999995,0.0,0.0,0.0,2.1195671602291113,0.0,0.0,0.07262917003664017,2.046937990192471,0.1705435710969972,0.0,0.0,0.0,0.03284906019989447,0.0,0,0.0,0,2.046937990192471,,,,,,,,,,,
5021,12/28/1980,1.159,0.364,12.000,5.337,0.364,0.0,4.973,0.0,0.0,0.0,2.046937990192471,0.0,0.0,0.06852887281243504,1.9784091173800358,0.1614226183974566,0.0,0.0,0.0,0.030876269148273974,0.0,0,0.0,0,1.9784091173800358,,,,,,,,,,,
5022,12/29/1980,1.261,1.348,12.000,5.337,1.348,0.0,3.989,0.0,0.0,0.0,1.9784091173800358,0.0,0.0,0.06474793953051121,1.9136611778495245,0.15298265451238177,0.0,0.0,0.0,0.029063998116160127,0.0,0,0.0,0,1.9136611778495245,,,,,,,,,,,
5023,12/30/1980,1.111,0.000,12.000,5.337,0.0,0.0,5.337,0.0,0.0,0.0,1.9136611778495245,0.0,0.0,0.06125490283468517,1.8524062750148393,0.14515888974021685,0.0,0.0,0.0,0.027395892257489878,0.0,0,0.0,0,1.8524062750148393,,,,,,,,,,,
5024,12/31/1980,1.171,0.101,12.000,5.337,0.101,0.0,5.236,0.0,0.0,0.0,1.8524062750148393,0.0,0.0,0.0580220207856783,1.794384254229161,0.13789397809715043,0.0,0.0,0.0,0.025857585860068654,0.0,0,0.0,0,1.794384254229161,,,,,,,,,,,
5025,1/1/1981,1.158,0.006,1.000,5.134,0.006,0.0,5.128,0.0,0.0,0.0,1.794384254229161,0.0,0.0,0.055024764675322704,1.7393594895538382,0.13113702049256573,0.0,0.0,0.0,0.02443642267390623,0.0,0,0.0,0,1.7393594895538382,,,,,,,,,,,
5026,1/2/1981,1.169,0.080,1.000,5.134,0.08,0.0,5.054,0.0,0.0,0.0,1.7393594895538382,0.0,0.0,0.05224138666073599,1.6871181028931022,0.12484271965217551,0.0,0.0,0.0,0.023121220663642975,0.0,0,0.0,0,1.6871181028931022,,,,,,,,,,,
5027,1/3/1981,1.163,0.053,1.000,5.134,0.053,0.0,5.081,0.0,0.0,0.0,1.6871181028931022,0.0,0.0,0.04965255337019902,1.6374655495229031,0.1189706610125399,0.0,0.0,0.0,0.021902073349246733,0.0,0,0.0,0,1.6374655495229031,,,,,,,,,,,
5028,1/4/1981,1.207,0.558,1.000,5.134,0.558,0.0,4.5760000000000005,0.0,0.0,0.0,1.6374655495229031,0.0,0.0,0.04724103427017551,1.5902245152527277,0.113484698626642,0.0,0.0,0.0,0.020770181413516352,0.0,0,0.0,0,1.5902245152527277,,,,,,,,,,,
5029,1/5/1981,1.153,0.145,1.000,5.134,0.145,0.0,4.989000000000001,0.0,0.0,0.0,1.5902245152527277,0.0,0.0,0.04499143567511833,1.5452330795776092,0.10835242895764367,0.0,0.0,0.0,0.019717709452030337,0.0,0,0.0,0,1.5452330795776092,,,,,,,,,,,
5030,1/6/1981,1.352,2.269,1.000,5.134,2.269,0.0,2.865,0.0,0.0,0.0,1.5452330795776092,0.0,0.0,0.04288997294980794,1.5023431066278012,0.1035447385111033,0.0,0.0,0.0,0.0187376636924505,0.0,0,0.0,0,1.5023431066278012,,,,,,,,,,,
5031,1/7/1981,1.280,2.416,1.000,5.134,2.416,0.0,2.7180000000000004,0.0,0.0,0.0,1.5023431066278012,0.0,0.0,0.04092427479049975,1.4614188318373016,0.09903541372886915,0.0,0.0,0.0,0.017823787269798753,0.0,0,0.0,0,1.4614188318373016,,,,,,,,,,,
5032,1/8/1981,1.440,4.310,1.000,5.134,4.31,0.0,0.8240000000000007,0.0,0.0,0.0,1.4614188318373016,0.0,0.0,0.03908321454708885,1.4223356172902126,0.09480080356697362,0.0,0.0,0.0,0.01697047025395399,0.0,0,0.0,0,1.4223356172902126,,,,,,,,,,,
5033,1/9/1981,1.253,2.735,1.000,5.134,2.735,0.0,2.3990000000000005,0.0,0.0,0.0,1.4223356172902126,0.0,0.0,0.037356764418561644,1.384978852871651,0.09081952680306066,0.0,0.0,0.0,0.016172672117056915,0.0,0,0.0,0,1.384978852871651,,,,,,,,,,,
5034,1/10/1981,1.081,0.182,1.000,5.134,0.182,0.0,4.952,0.0,0.0,0.0,1.384978852871651,0.0,0.0,0.03573586906063944,1.3492429838110114,0.08707221744243529,0.0,0.0,0.0,0.015425854726419441,0.0,0,0.0,0,1.3492429838110114,,,,,,,,,,,
5035,1/11/1981,1.171,0.186,1.000,5.134,0.186,0.0,4.948,0.0,0.0,0.0,1.3492429838110114,0.0,0.0,0.03421233572081266,1.3150306480901988,0.08354130267543546,0.0,0.0,0.0,0.014725924272072023,0.0,0,0.0,0,1.3150306480901988,,,,,,,,,,,
5036,1/12/1981,1.215,0.710,1.000,5.134,0.71,0.0,4.424,0.0,0.0,0.0,1.3150306480901988,0.0,0.0,0.03277873848783691,1.282251909602362,0.08021080872944189,0.0,0.0,0.0,0.014069180802214015,0.0,0,0.0,0,1.282251909602362,,,,,,,,,,,
5037,1/13/1981,1.278,1.713,1.000,5.134,1.713,0.0,3.4210000000000003,0.0,0.0,0.0,1.282251909602362,0.0,0.0,0.03142833463061712,1.2508235749717447,0.07706619069358439,0.0,0.0,0.0,0.01345227425630522,0.0,0,0.0,0,1.2508235749717447,,,,,,,,,,,
5038,1/14/1981,1.252,1.846,1.000,5.134,1.846,0.0,3.2880000000000003,0.0,0.0,0.0,1.2508235749717447,0.0,0.0,0.030154991321380553,1.2206685836503641,0.07409418300253112,0.0,0.0,0.0,0.012872166063615556,0.0,0,0.0,0,1.2206685836503641,,,,,,,,,,,
5039,1/15/1981,1.211,1.427,1.000,5.134,1.427,0.0,3.7070000000000003,0.0,0.0,0.0,1.2206685836503641,0.0,0.0,0.028953121302952016,1.1917154623474122,0.07128266777116472,0.0,0.0,0.0,0.012326095522071595,0.0,0,0.0,0,1.1917154623474122,,,,,,,,,,,
5040,1/16/1981,1.134,0.314,1.000,5.134,0.314,0.0,4.82,0.0,0.0,0.0,1.1917154623474122,0.0,0.0,0.02781762628002106,1.163897836067391,0.06862055859326284,0.0,0.0,0.0,0.011811550294041528,0.0,0,0.0,0,1.163897836067391,,,,,,,,,,,
5041,1/17/1981,1.172,0.262,1.000,5.134,0.262,0.0,4.872,0.0,0.0,0.0,1.163897836067391,0.0,0.0,0.026743846997723936,1.1371539890696671,0.06609769776964212,0.0,0.0,0.0,0.011326240456947795,0.0,0,0.0,0,1.1371539890696671,,,,,,,,,,,
5042,1/18/1981,1.380,2.668,1.000,5.134,2.668,0.0,2.466,0.0,0.0,0.0,1.1371539890696671,0.0,0.0,0.025727519124239488,1.1114264699454277,0.06370476522679798,0.0,0.0,0.0,0.010868075631029197,0.0,0,0.0,0,1.1114264699454277,,,,,,,,,,,
5043,1/19/1981,1.589,6.125,1.000,5.134,5.134,0.9909999999999997,0.0,0,0.9015585543241013,0.0,2.012985024269529,0.0,0.0,0.06664486374510352,1.9463401605244255,0.1572206774655474,0.08944144567589837,0.08944144567589837,0.0,0.029972383053175726,0.08944144567589837,0,0.0,0,1.9463401605244255,,,,,,,,,,,
5044,1/20/1981,1.097,0.910,1.000,5.134,0.91,0.0,4.224,0.0,0.0,0.08944144567589837,1.9463401605244255,0.08944144567589837,0.0,0.0630081919734623,1.883331968550963,0.1490891989610964,0.0,0.0,0.0,0.028232417829670654,0.0,0,0.0,0,1.883331968550963,,,,,,,,,,,
5045,1/21/1981,1.182,0.660,1.000,5.134,0.66,0.0,4.474,0.0,0.0,0.0,1.883331968550963,0.0,0.0,0.05964543932592674,1.8236865292250364,0.14154505438702167,0.0,0.0,0.0,0.026629373260549233,0.0,0,0.0,0,1.8236865292250364,,,,,,,,,,,
5046,1/22/1981,1.153,0.198,1.000,5.134,0.198,0.0,4.936,0.0,0.0,0.0,1.8236865292250364,0.0,0.0,0.05653049150138889,1.7671560377236475,0.13453416011086117,0.0,0.0,0.0,0.025149750312613472,0.0,0,0.0,0,1.7671560377236475,,,,,,,,,,,
5047,1/23/1981,1.187,0.384,1.000,5.134,0.384,0.0,4.75,0.0,0.0,0.0,1.7671560377236475,0.0,0.0,0.05364022726966144,1.713515810453986,0.12800844952466414,0.0,0.0,0.0,0.0237816395236217,0.0,0,0.0,0,1.713515810453986,,,,,,,,,,,
5048,1/24/1981,1.197,0.598,1.000,5.134,0.598,0.0,4.5360000000000005,0.0,0.0,0.0,1.713515810453986,0.0,0.0,0.05095411987048523,1.6625616905835008,0.12192509237338288,0.0,0.0,0.0,0.022514504496710906,0.0,0,0.0,0,1.6625616905835008,,,,,,,,,,,
5049,1/25/1981,1.323,2.173,1.000,5.134,2.173,0.0,2.9610000000000003,0.0,0.0,0.0,1.6625616905835008,0.0,0.0,0.04845389861786572,1.614107791965635,0.1162458292848294,0.0,0.0,0.0,0.02133899872882778,0.0,0,0.0,0,1.614107791965635,,,,,,,,,,,
5050,1/26/1981,1.677,6.821,1.000,5.134,5.134,1.6869999999999994,0.0,0,1.5975585542815693,0.0,3.2116663462472044,0.0,0.0,0.14518323842805225,3.066483107819152,0.32778389855160345,0.08944144571842999,0.08944144571842999,0.0,0.06872606444473416,0.08944144571842999,0,0.0,0,3.066483107819152,,,,,,,,,,,
5051,1/27/1981,2.146,10.502,1.000,5.134,5.134,5.368,0.0,0,5.368,0.08944144571842999,8.434881257078557,0.0,0.08944144571842999,0.725823012010858,7.709058245067698,1.474169372310993,9.929995239236212e-18,9.929995239236212e-18,0.0003981492594030445,0.3819659016472865,0.08904329645902696,0,0.0,0,7.709058245067698,,,,,,,,,,,
5052,1/28/1981,2.838,2.784,1.000,5.134,2.784,0.0,2.3500000000000005,0.0,0.0,0.08904329645902696,7.709058245067698,0.08904329645902696,0.0,0.6247428909785299,7.084315354089169,1.2827127563703251,0.0,0.0,0.0,0.3255439589449975,0.0,0,0.0,0,7.084315354089169,,,,,,,,,,,
5053,1/29/1981,1.629,6.485,1.000,5.134,5.134,1.351,0.0,0,1.2615585542815835,0.0,8.345873908370752,0.0,0.0,0.713102802138905,7.632771106231847,1.4502048596093398,0.08944144571841643,0.08944144571841643,0.0,0.3748355298520421,0.08944144571841643,0,0.0,0,7.632771106231847,,,,,,,,,,,
5054,1/30/1981,1.815,8.028,1.000,5.134,5.134,2.894,0.0,0,2.8939999999999864,0.08944144571841643,10.527169255491238,0.0,0.08944144571841643,1.0500704906589016,9.477098764832336,2.07445086794494,1.3574303492036931e-14,1.3574303492036931e-14,0.0003981492594029841,0.5661948285804549,0.08904329645902702,0,0.0,0,9.477098764832336,,,,,,,,,,,
5055,1/31/1981,1.309,1.383,1.000,5.134,1.383,0.0,3.7510000000000003,0.0,0.0,0.08904329645902702,9.477098764832336,0.08904329645902702,0.0,0.8813697127461471,8.595729052086188,1.764520726628317,0.0,0.0,0.0,0.4697867497356776,0.0,0,0.0,0,8.595729052086188,,,,,,,,,,,
5056,2/1/1981,1.184,0.896,2.000,4.866,0.896,0.0,3.9699999999999998,0.0,0.0,0.0,8.595729052086188,0.0,0.0,0.7490376375085137,7.846691414577674,1.517814538558153,0.0,0.0,0.0,0.3950000817843395,0.0,0,0.0,0,7.846691414577674,,,,,,,,,,,
5057,2/2/1981,1.243,1.380,2.000,4.866,1.38,0.0,3.4859999999999998,0.0,0.0,0.0,7.846691414577674,0.0,0.0,0.6434429802398273,7.203248434337847,1.3183152113612118,0.0,0.0,0.0,0.33593960400540646,0.0,0,0.0,0,7.203248434337847,,,,,,,,,,,
5058,2/3/1981,1.418,3.645,2.000,4.866,3.645,0.0,1.2209999999999996,0.0,0.0,0.0,7.203248434337847,0.0,0.0,0.5579300681544925,6.645318366183354,1.1547755190943083,0.0,0.0,0.0,0.28857311326681906,0.0,0,0.0,0,6.645318366183354,,,,,,,,,,,
5059,2/4/1981,1.259,2.647,2.000,4.866,2.647,0.0,2.219,0.0,0.0,0.0,6.645318366183354,0.0,0.0,0.4877816197515727,6.157536746431782,1.0191065241868358,0.0,0.0,0.0,0.2500701117379454,0.0,0,0.0,0,6.157536746431782,,,,,,,,,,,
5060,2/5/1981,1.217,1.806,2.000,4.866,1.806,0.0,3.0599999999999996,0.0,0.0,0.0,6.157536746431782,0.0,0.0,0.4295800772403118,5.72795666919147,0.9053688007944647,0.0,0.0,0.0,0.2183984413293192,0.0,0,0.0,0,5.72795666919147,,,,,,,,,,,
5061,2/6/1981,1.443,4.116,2.000,4.866,4.116,0.0,0.75,0.0,0.0,0.0,5.72795666919147,0.0,0.0,0.3808015007170146,5.347155168474456,0.8091212424000795,0.0,0.0,0.0,0.19207007163480727,0.0,0,0.0,0,5.347155168474456,,,,,,,,,,,
5062,2/7/1981,0.000,0.445,2.000,4.866,0.445,0.0,4.420999999999999,0.0,0.0,0.0,5.347155168474456,0.0,0.0,0.33955001683545144,5.007605151639004,0.7269892824828946,0.0,0.0,0.0,0.16997626321176126,0.0,0,0.0,0,5.007605151639004,,,,,,,,,,,
5063,2/8/1981,1.210,0.776,2.000,4.866,0.776,0.0,4.09,0.0,0.0,0.0,5.007605151639004,0.0,0.0,0.30437985596906025,4.703225295669944,0.6563717739013049,0.0,0.0,0.0,0.15127797653976727,0.0,0,0.0,0,4.703225295669944,,,,,,,,,,,
5064,2/9/1981,1.144,0.139,2.000,4.866,0.139,0.0,4.726999999999999,0.0,0.0,0.0,4.703225295669944,0.0,0.0,0.2741734621964915,4.429051833473453,0.5952377980667518,0.0,0.0,0.0,0.13533137724559796,0.0,0,0.0,0,4.429051833473453,,,,,,,,,,,
5065,2/10/1981,1.163,0.083,2.000,4.866,0.083,0.0,4.7829999999999995,0.0,0.0,0.0,4.429051833473453,0.0,0.0,0.24805636926172325,4.18099546421173,0.5419831597090232,0.0,0.0,0.0,0.12163618535089718,0.0,0,0.0,0,4.18099546421173,,,,,,,,,,,
5066,2/11/1981,1.247,1.036,2.000,4.866,1.036,0.0,3.8299999999999996,0.0,0.0,0.0,4.18099546421173,0.0,0.0,0.22533670451642523,3.9556587596953046,0.49532731961623927,0.0,0.0,0.0,0.10979922014964118,0.0,0,0.0,0,3.9556587596953046,,,,,,,,,,,
5067,2/12/1981,1.238,1.390,2.000,4.866,1.39,0.0,3.476,0.0,0.0,0.0,3.9556587596953046,0.0,0.0,0.20546151075152524,3.7501972489437794,0.4542382380769808,0.0,0.0,0.0,0.09950825266902051,0.0,0,0.0,0,3.7501972489437794,,,,,,,,,,,
5068,2/13/1981,1.151,0.505,2.000,4.866,0.505,0.0,4.361,0.0,0.0,0.0,3.7501972489437794,0.0,0.0,0.18798475443290524,3.562212494510874,0.41787680909459235,0.0,0.0,0.0,0.09051297489243106,0.0,0,0.0,0,3.562212494510874,,,,,,,,,,,
5069,2/14/1981,1.157,0.179,2.000,4.866,0.179,0.0,4.686999999999999,0.0,0.0,0.0,3.562212494510874,0.0,0.0,0.1725435843216571,3.3896689101892172,0.38555525749683606,0.0,0.0,0.0,0.08261096245439423,0.0,0,0.0,0,3.3896689101892172,,,,,,,,,,,
5070,2/15/1981,1.175,0.237,2.000,4.866,0.237,0.0,4.629,0.0,0.0,0.0,3.3896689101892172,0.0,0.0,0.15884049970513803,3.2308284104840794,0.35670562794642663,0.0,0.0,0.0,0.0756371929617621,0.0,0,0.0,0,3.2308284104840794,,,,,,,,,,,
5071,2/16/1981,1.287,1.581,2.000,4.866,1.581,0.0,3.2849999999999997,0.0,0.0,0.0,3.2308284104840794,0.0,0.0,0.14662980823353214,3.0841986022505474,0.3308556622817074,0.0,0.0,0.0,0.06945613055681732,0.0,0,0.0,0,3.0841986022505474,,,,,,,,,,,
5072,2/17/1981,2.638,17.299,2.000,4.866,4.866,12.433,0.0,0,12.34355855428157,0.0,15.427757156532117,0.0,0.0,1.9855024854083885,13.442254671123727,3.7259580376531263,0.08944144571843,0.08944144571843,0.0,1.116404817102576,0.08944144571843,0,0.0,0,13.442254671123727,,,,,,,,,,,
5073,2/18/1981,9.297,15.943,2.000,4.866,4.866,11.077,0.0,0,11.077,0.08944144571843,24.51965282038313,0.0,0.08944144571843,4.297570130711,20.222082689672128,7.524772396476783,0.0,0.0,0.00039814925940304455,2.5423807060793897,0.08904329645902696,0,0.0,0,20.222082689672128,,,,,,,,,,,
5074,2/19/1981,3.815,0.319,2.000,4.866,0.319,0.0,4.547,0.0,0.0,0.08904329645902696,20.222082689672128,0.08904329645902696,0.0,3.1170390852149557,17.105043604457173,5.6230505199707155,0.0,0.0,0.0,1.8054354529983934,0.0,0,0.0,0,17.105043604457173,,,,,,,,,,,
5075,2/20/1981,1.165,0.181,2.000,4.866,0.181,0.0,4.685,0.0,0.0,0.0,17.105043604457173,0.0,0.0,2.3581572077428676,14.746886396714306,4.360571014911169,0.0,0.0,0.0,1.3410330041841314,0.0,0,0.0,0,14.746886396714306,,,,,,,,,,,
5076,2/21/1981,1.200,0.539,2.000,4.866,0.539,0.0,4.327,0.0,0.0,0.0,14.746886396714306,0.0,0.0,1.8416185007770636,12.905267895937243,3.4778684167183034,0.0,0.0,0.0,1.0303889321402255,0.0,0,0.0,0,12.905267895937243,,,,,,,,,,,
5077,2/22/1981,1.259,1.397,2.000,4.866,1.397,0.0,3.4689999999999994,0.0,0.0,0.0,12.905267895937243,0.0,0.0,1.4744978783737503,11.430770017563493,2.8359313148093297,0.0,0.0,0.0,0.8130032323608634,0.0,0,0.0,0,11.430770017563493,,,,,,,,,,,
5078,2/23/1981,1.759,7.490,2.000,4.866,4.866,2.6240000000000006,0.0,0,2.5345585542815705,0.0,13.965328571845063,0.0,0.0,1.6818388290747128,12.28348974277035,3.2001466922604367,0.08944144571843,0.08944144571843,0.0,0.9353891910557278,0.08944144571843,0,0.0,0,12.28348974277035,,,,,,,,,,,
5079,2/24/1981,1.121,0.345,2.000,4.866,0.345,0.0,4.521,0.0,0.0,0.08944144571843,12.28348974277035,0.08944144571843,0.0,1.358007152295128,10.925482590475221,2.629219155768168,0.0,0.0,0.0,0.744729113559518,0.0,0,0.0,0,10.925482590475221,,,,,,,,,,,
5080,2/25/1981,1.167,0.218,2.000,4.866,0.218,0.0,4.648,0.0,0.0,0.0,10.925482590475221,0.0,0.0,1.1171208569311613,9.80836173354406,2.196372116738611,0.0,0.0,0.0,0.604806476012431,0.0,0,0.0,0,9.80836173354406,,,,,,,,,,,
5081,2/26/1981,1.182,0.340,2.000,4.866,0.34,0.0,4.526,0.0,0.0,0.0,9.80836173354406,0.0,0.0,0.9333113956381383,8.875050337905922,1.8604580634722732,0.0,0.0,0.0,0.4993505864705312,0.0,0,0.0,0,8.875050337905922,,,,,,,,,,,
5082,2/27/1981,1.183,0.407,2.000,4.866,0.407,0.0,4.459,0.0,0.0,0.0,8.875050337905922,0.0,0.0,0.7900425577355842,8.085007780170338,1.5946300074021873,0.0,0.0,0.0,0.4180874237167767,0.0,0,0.0,0,8.085007780170338,,,,,,,,,,,
5083,2/28/1981,1.219,0.871,2.000,4.866,0.871,0.0,3.9949999999999997,0.0,0.0,0.0,8.085007780170338,0.0,0.0,0.676342245354086,7.408665534816252,1.3807452810548513,0.0,0.0,0.0,0.354276754502538,0.0,0,0.0,0,7.408665534816252,,,,,,,,,,,
5084,3/1/1981,1.130,0.027,3.000,4.631,0.027,0.0,4.604,0.0,0.0,0.0,7.408665534816252,0.0,0.0,0.5846991012107373,6.823966433605515,1.206176536210782,0.0,0.0,0.0,0.30335261137043396,0.0,0,0.0,0,6.823966433605515,,,,,,,,,,,
5085,3/2/1981,1.161,0.000,3.000,4.631,0.0,0.0,4.631,0.0,0.0,0.0,6.823966433605515,0.0,0.0,0.5098321843504565,6.3141342492550585,1.061911299806117,0.0,0.0,0.0,0.26213625614016406,0.0,0,0.0,0,6.3141342492550585,,,,,,,,,,,
5086,3/3/1981,1.174,0.131,3.000,4.631,0.131,0.0,4.5,0.0,0.0,0.0,6.3141342492550585,0.0,0.0,0.44794235660970916,5.866191892645349,0.9413758493858445,0.0,0.0,0.0,0.22836190309070797,0.0,0,0.0,0,5.866191892645349,,,,,,,,,,,
5087,3/4/1981,1.170,0.152,3.000,4.631,0.152,0.0,4.479,0.0,0.0,0.0,5.866191892645349,0.0,0.0,0.3962411300616939,5.469950762583656,0.839683426097588,0.0,0.0,0.0,0.2003809243477002,0.0,0,0.0,0,5.469950762583656,,,,,,,,,,,
5088,3/5/1981,1.164,0.085,3.000,4.631,0.085,0.0,4.546,0.0,0.0,0.0,5.469950762583656,0.0,0.0,0.3526453322749781,5.117305430308678,0.7531400212859755,0.0,0.0,0.0,0.17697179280062722,0.0,0,0.0,0,5.117305430308678,,,,,,,,,,,
5089,3/6/1981,1.177,0.216,3.000,4.631,0.216,0.0,4.415,0.0,0.0,0.0,5.117305430308678,0.0,0.0,0.31557409314093954,4.801731337167738,0.6789114050469532,0.0,0.0,0.0,0.15721473612462178,0.0,0,0.0,0,4.801731337167738,,,,,,,,,,,
5090,3/7/1981,1.156,0.030,3.000,4.631,0.03,0.0,4.601,0.0,0.0,0.0,4.801731337167738,0.0,0.0,0.28381077073534783,4.517920566432391,0.6147938613021314,0.0,0.0,0.0,0.14040713979081906,0.0,0,0.0,0,4.517920566432391,,,,,,,,,,,
5091,3/8/1981,1.176,0.178,3.000,4.631,0.178,0.0,4.453,0.0,0.0,0.0,4.517920566432391,0.0,0.0,0.2564071291581547,4.261513437274236,0.5590532418471489,0.0,0.0,0.0,0.12600526632499215,0.0,0,0.0,0,4.261513437274236,,,,,,,,,,,
5092,3/9/1981,1.155,0.000,3.000,4.631,0.0,0.0,4.631,0.0,0.0,0.0,4.261513437274236,0.0,0.0,0.2326156240620334,4.028897813212203,0.510309999935094,0.0,0.0,0.0,0.1135833573068009,0.0,0,0.0,0,4.028897813212203,,,,,,,,,,,
5093,3/10/1981,1.162,0.000,3.000,4.631,0.0,0.0,4.631,0.0,0.0,0.0,4.028897813212203,0.0,0.0,0.21184076290029574,3.8170570503119072,0.46745576901699415,0.0,0.0,0.0,0.10280445202851132,0.0,0,0.0,0,3.8170570503119072,,,,,,,,,,,
5094,3/11/1981,1.165,0.040,3.000,4.631,0.04,0.0,4.591,0.0,0.0,0.0,3.8170570503119072,0.0,0.0,0.19360364502751654,3.6234534052843905,0.42959196278341955,0.0,0.0,0.0,0.09339924943181241,0.0,0,0.0,0,3.6234534052843905,,,,,,,,,,,
5095,3/12/1981,1.444,3.120,3.000,4.631,3.12,0.0,1.5110000000000001,0.0,0.0,0.0,3.6234534052843905,0.0,0.0,0.17751575868658023,3.44593764659781,0.3959839925085911,0.0,0.0,0.0,0.08515058411998412,0.0,0,0.0,0,3.44593764659781,,,,,,,,,,,
5096,3/13/1981,3.598,30.611,3.000,4.631,4.631,25.98,0.0,0,25.890558554281572,0.0,29.33649620087938,0.0,0.0,5.7949031597620095,23.541593041117373,9.854557622746924,0.08944144571843,0.08944144571843,0.0,3.4962801034730555,0.08944144571843,0,0.0,0,23.541593041117373,,,,,,,,,,,
5097,3/14/1981,6.262,9.423,3.000,4.631,4.631,4.792,0.0,0,4.792,0.08944144571843,28.33399119037678,0.0,0.08944144571843,5.468632037781973,22.865359152594806,9.353550276872129,0.0,0.0,0.00039814925940304455,3.2868713593576198,0.08904329645902696,0,0.0,0,22.865359152594806,,,,,,,,,,,
5098,3/15/1981,3.729,9.485,3.000,4.631,4.631,4.853999999999999,0.0,0,4.8536018507405965,0.08904329645902696,27.71935738023042,0.0,0.08904329645902696,5.272351720513042,22.447005659717377,9.050468236706282,0.0003981492594030382,0.0003981492594030382,0.0003963768950199571,3.161286388561088,0.08904506882341005,0,0.0,0,22.447005659717377,,,,,,,,,,,
5099,3/16/1981,7.627,20.589,3.000,4.631,4.631,15.957999999999998,0.0,0,15.957603623104978,0.08904506882341005,38.40500566760707,0.0,0.08904506882341005,9.078459646258185,29.326546021348886,14.734425460283513,0.00039637689501995115,0.00039637689501995115,0.000396384784713162,5.641583899953723,0.08904506093371685,0,0.0,0,29.326546021348886,,,,,,,,,,,
5100,3/17/1981,11.016,21.936,3.000,4.631,4.631,17.305,0.0,0,17.304603615215285,0.08904506093371685,46.63154602131377,0.0,0.08904506093371685,12.545812773293468,34.0857332480203,19.642909456190168,0.0003963847847131611,0.0003963847847131611,0.0003963847495921342,7.964009480127562,0.08904506096883787,0,0.0,0,34.0857332480203,,,,,,,,,,,
5101,3/18/1981,12.300,26.722,3.000,4.631,4.631,22.091,0.0,0,22.09060361525041,0.08904506096883787,56.176733248020454,0.0,0.08904506096883787,17.111703493227225,39.06502975479323,25.830851897807957,0.0003963847495921373,0.0003963847495921373,0.00039638474974847566,11.086532804810673,0.08904506096868153,0,0.0,0,39.06502975479323,,,,,,,,,,,
5102,3/19/1981,4.330,3.591,3.000,4.631,3.591,0.0,1.04,0.0,0.0,0.08904506096868153,39.06503172051512,0.08860347529748874,0.00044158567119279013,9.339982884761877,29.725048835753245,15.11233701075013,0.0,0.0,1.9657218925317244e-06,5.81495744809127,0.0004396199493002584,0,0.0,0,29.725048835753245,,,,,,,,,,,
5103,3/20/1981,2.145,12.549,3.000,4.631,4.631,7.917999999999999,0.0,0,7.828998174230869,0.0004396199493002584,37.554048966955584,0.0,0.0004396199493002584,8.745682871375527,28.808366095580055,14.251509306492336,0.08900182576912975,0.08900182576912975,1.9569714669385634e-06,5.421449645197641,0.08943948874696307,0,0.0,0,28.808366095580055,,,,,,,,,,,
5104,3/21/1981,8.589,14.840,3.000,4.631,4.631,10.209,0.0,0,10.208998043028533,0.08943948874696307,39.017762279156514,0.0,0.08943948874696307,9.321154550863087,29.69660772829343,15.085175538381828,1.9569714669349775e-06,1.9569714669349775e-06,0.0003981405479300359,5.802464658518124,0.08904330517049996,0,0.0,0,29.69660772829343,,,,,,,,,,,
5105,3/22/1981,15.184,37.030,3.000,4.631,4.631,32.399,0.0,0,32.39860185945207,0.08904330517049996,62.0956059646793,0.0,0.08904330517049996,20.22090369858808,41.87470226609122,29.90390231529656,0.0003981405479300354,0.0003981405479300354,0.00039637693379914385,13.245674371572093,0.08904506878463087,0,0.0,0,41.87470226609122,,,,,,,,,,,
5106,3/23/1981,5.985,9.573,3.000,4.631,4.631,4.942,0.0,0,4.941603623066201,0.08904506878463087,46.816702273941964,0.0,0.08904506878463087,12.628947082703888,34.187755191238075,19.758132775562586,0.00039637693379914347,0.00039637693379914347,0.00039638478454053617,8.020267395013663,0.08904506093388947,0,0.0,0,34.187755191238075,,,,,,,,,,,
5107,3/24/1981,2.720,5.745,3.000,4.631,4.631,1.1139999999999999,0.0,0,1.1136036152154654,0.08904506093388947,35.301755191203135,0.0,0.08904506093388947,7.889078479733687,27.412676711469448,12.99735826472162,0.0003963847845344918,0.0003963847845344918,0.0003963847495929026,4.857382028015231,0.08904506096883107,0,0.0,0,27.412676711469448,,,,,,,,,,,
5108,3/25/1981,2.324,13.639,3.000,4.631,4.631,9.008,0.0,0,9.0076036152504,0.08904506096883107,36.420676711469596,0.0,0.08904506096883107,8.31021888799906,28.110457823470536,13.615997578893756,0.00039638474959893973,0.00039638474959893973,0.00039638474974844535,5.134221834922259,0.08904506096868156,0,0.0,0,28.110457823470536,,,,,,,,,,,
5109,3/26/1981,4.532,2.787,3.000,4.631,2.787,0.0,1.8440000000000003,0.0,0.0,0.08904506096868156,28.110457823470536,0.08904506096868156,0.0,5.396915805784871,22.713542017685665,9.242961090126125,0.0,0.0,0.0,3.240950588117056,0.0,0,0.0,0,22.713542017685665,,,,,,,,,,,
5110,3/27/1981,1.349,3.422,3.000,4.631,3.422,0.0,1.209,0.0,0.0,0.0,22.713542017685665,0.0,0.0,3.7830366838787346,18.93050533380693,6.70402908260993,0.0,0.0,0.0,2.219289592507689,0.0,0,0.0,0,18.93050533380693,,,,,,,,,,,
5111,3/28/1981,1.176,1.580,3.000,4.631,1.58,0.0,3.051,0.0,0.0,0.0,18.93050533380693,0.0,0.0,2.7923474537586386,16.138157880048293,5.087323220724576,0.0,0.0,0.0,1.6057047958518829,0.0,0,0.0,0,16.138157880048293,,,,,,,,,,,
5112,3/29/1981,1.121,0.214,3.000,4.631,0.214,0.0,4.417,0.0,0.0,0.0,16.138157880048293,0.0,0.0,2.140206660243749,13.997951219804545,3.9907393338512223,0.0,0.0,0.0,1.2093474785737919,0.0,0,0.0,0,13.997951219804545,,,,,,,,,,,
5113,3/30/1981,1.382,2.651,3.000,4.631,2.651,0.0,1.9800000000000004,0.0,0.0,0.0,13.997951219804545,0.0,0.0,1.688391813319057,12.309559406485487,3.2115852359520303,0.0,0.0,0.0,0.9392740798597271,0.0,0,0.0,0,12.309559406485487,,,,,,,,,,,
5114,3/31/1981,1.423,4.220,3.000,4.631,4.22,0.0,0.4110000000000005,0.0,0.0,0.0,12.309559406485487,0.0,0.0,1.362814123568619,10.946745282916869,2.637780820641069,0.0,0.0,0.0,0.747539035241291,0.0,0,0.0,0,10.946745282916869,,,,,,,,,,,
5115,4/1/1981,1.349,3.851,4.000,4.235,3.851,0.0,0.38400000000000034,0.0,0.0,0.0,10.946745282916869,0.0,0.0,1.1207466926308722,9.825998590285996,2.2029461568052495,0.0,0.0,0.0,0.6068988851851853,0.0,0,0.0,0,9.825998590285996,,,,,,,,,,,
5116,4/2/1981,1.698,7.698,4.000,4.235,4.235,3.463,0.0,0,3.37355855428157,0.0,13.199557144567567,0.0,0.0,1.5309630614347332,11.668594083132835,2.9355721222944244,0.08944144571843,0.08944144571843,0.0,0.8462267168900105,0.08944144571843,0,0.0,0,11.668594083132835,,,,,,,,,,,
5117,4/3/1981,1.530,3.819,4.000,4.235,3.819,0.0,0.41600000000000037,0.0,0.0,0.08944144571843,11.668833793414823,0.03559220785543778,0.05384923786299223,1.2466509376093555,10.422182855805467,2.4300780740162304,0.0,0.0,0.00023971028198788247,0.6798235158870062,0.053609527581004346,0,0.0,0,10.422182855805467,,,,,,,,,,,
5118,4/4/1981,1.105,0.830,4.000,4.235,0.83,0.0,3.4050000000000002,0.0,0.0,0.053609527581004346,10.422182855805467,0.053609527581004346,0.0,1.03267483108034,9.389508024725126,2.042707635180289,0.0,0.0,0.0,0.5562034310202665,0.0,0,0.0,0,9.389508024725126,,,,,,,,,,,
5119,4/5/1981,1.548,4.742,4.000,4.235,4.235,0.5069999999999997,0.0,0,0.417560687109275,0.0,9.8070687118344,0.0,0.0,0.9331063428986456,8.873962368935755,1.8600802575122986,0.08943931289072465,0.08943931289072465,0.0,0.49923365879191356,0.08943931289072465,0,0.0,0,8.873962368935755,,,,,,,,,,,
5120,4/6/1981,1.515,5.789,4.000,4.235,4.235,1.5539999999999994,0.0,0,1.553997867172294,0.08943931289072465,10.428358375873154,0.0,0.08943931289072465,1.0336948611040808,9.394663514769073,2.044570266912449,2.1328277053512796e-06,2.1328277053512796e-06,0.00039813976510468544,0.556788993216143,0.08904330595332532,0,0.0,0,9.394663514769073,,,,,,,,,,,
5121,4/7/1981,1.146,1.553,4.000,4.235,1.553,0.0,2.6820000000000004,0.0,0.0,0.08904330595332532,9.394663514769073,0.08904330595332532,0.0,0.8686293393972958,8.526034175371777,1.7409150871931705,0.0,0.0,0.0,0.4625525055446511,0.0,0,0.0,0,8.526034175371777,,,,,,,,,,,
5122,4/8/1981,1.363,3.081,4.000,4.235,3.081,0.0,1.1540000000000004,0.0,0.0,0.0,8.526034175371777,0.0,0.0,0.7389429214057996,7.787091253965977,1.4988499605491845,0.0,0.0,0.0,0.38932894489573266,0.0,0,0.0,0,7.787091253965977,,,,,,,,,,,
5123,4/9/1981,1.107,0.622,4.000,4.235,0.622,0.0,3.6130000000000004,0.0,0.0,0.0,7.787091253965977,0.0,0.0,0.6353180849284726,7.151773169037504,1.3028571223896945,0.0,0.0,0.0,0.33142038244180866,0.0,0,0.0,0,7.151773169037504,,,,,,,,,,,
5124,4/10/1981,1.154,0.192,4.000,4.235,0.192,0.0,4.043,0.0,0.0,0.0,7.151773169037504,0.0,0.0,0.5513008524426433,6.600472316594861,1.1420158003646341,0.0,0.0,0.0,0.2849201634399132,0.0,0,0.0,0,6.600472316594861,,,,,,,,,,,
5125,4/11/1981,1.174,0.223,4.000,4.235,0.223,0.0,4.0120000000000005,0.0,0.0,0.0,6.600472316594861,0.0,0.0,0.48230763229944174,6.11816468429542,1.0084568057434633,0.0,0.0,0.0,0.24708022243552907,0.0,0,0.0,0,6.11816468429542,,,,,,,,,,,
5126,4/12/1981,1.157,0.055,4.000,4.235,0.055,0.0,4.180000000000001,0.0,0.0,0.0,6.11816468429542,0.0,0.0,0.42501186010744474,5.693152824187975,0.8963924163591604,0.0,0.0,0.0,0.2159240091247047,0.0,0,0.0,0,5.693152824187975,,,,,,,,,,,
5127,4/13/1981,1.172,0.142,4.000,4.235,0.142,0.0,4.093,0.0,0.0,0.0,5.693152824187975,0.0,0.0,0.37695298022097096,5.316199843967004,0.8014885929449054,0.0,0.0,0.0,0.19000190340721426,0.0,0,0.0,0,5.316199843967004,,,,,,,,,,,
5128,4/14/1981,1.179,0.265,4.000,4.235,0.265,0.0,3.97,0.0,0.0,0.0,5.316199843967004,0.0,0.0,0.33628018311416114,4.979919660852842,0.7204478210310629,0.0,0.0,0.0,0.16823225689852203,0.0,0,0.0,0,4.979919660852842,,,,,,,,,,,
5129,4/15/1981,1.200,0.579,4.000,4.235,0.579,0.0,3.6560000000000006,0.0,0.0,0.0,4.979919660852842,0.0,0.0,0.3015803253970424,4.6783393354558,0.6507253751744738,0.0,0.0,0.0,0.1497954956817351,0.0,0,0.0,0,4.6783393354558,,,,,,,,,,,
5130,4/16/1981,1.140,0.018,4.000,4.235,0.018,0.0,4.2170000000000005,0.0,0.0,0.0,4.6783393354558,0.0,0.0,0.2717598601260326,4.406579475329767,0.5903322991021551,0.0,0.0,0.0,0.13406200644906205,0.0,0,0.0,0,4.406579475329767,,,,,,,,,,,
5131,4/17/1981,1.172,0.120,4.000,4.235,0.12,0.0,4.115,0.0,0.0,0.0,4.406579475329767,0.0,0.0,0.2459622497447002,4.160617225585067,0.5376960465239919,0.0,0.0,0.0,0.12054205564460765,0.0,0,0.0,0,4.160617225585067,,,,,,,,,,,
5132,4/18/1981,1.165,0.091,4.000,4.235,0.091,0.0,4.144,0.0,0.0,0.0,4.160617225585067,0.0,0.0,0.22350918891948937,3.937108036665578,0.49156025387615054,0.0,0.0,0.0,0.10885039079070921,0.0,0,0.0,0,3.937108036665578,,,,,,,,,,,
5133,4/19/1981,1.172,0.154,4.000,4.235,0.154,0.0,4.081,0.0,0.0,0.0,3.937108036665578,0.0,0.0,0.20385811228589265,3.7332499243796855,0.45091156345633465,0.0,0.0,0.0,0.0986808170904624,0.0,0,0.0,0,3.7332499243796855,,,,,,,,,,,
5134,4/20/1981,1.201,0.532,4.000,4.235,0.532,0.0,3.7030000000000003,0.0,0.0,0.0,3.7332499243796855,0.0,0.0,0.18657103446217835,3.5466788899175072,0.4149254597290464,0.0,0.0,0.0,0.0897876713842705,0.0,0,0.0,0,3.5466788899175072,,,,,,,,,,,
5135,4/21/1981,1.163,0.262,4.000,4.235,0.262,0.0,3.9730000000000003,0.0,0.0,0.0,3.5466788899175072,0.0,0.0,0.17129140089247058,3.375387489025037,0.382925673951478,0.0,0.0,0.0,0.08197214205957123,0.0,0,0.0,0,3.375387489025037,,,,,,,,,,,
5136,4/22/1981,1.196,0.526,4.000,4.235,0.526,0.0,3.7090000000000005,0.0,0.0,0.0,3.375387489025037,0.0,0.0,0.15772668358256958,3.2176608054424674,0.35435340685413486,0.0,0.0,0.0,0.0750720437447228,0.0,0,0.0,0,3.2176608054424674,,,,,,,,,,,
5137,4/23/1981,1.182,0.484,4.000,4.235,0.484,0.0,3.7510000000000003,0.0,0.0,0.0,3.2176608054424674,0.0,0.0,0.14563515146981923,3.072025653972648,0.32874374681313623,0.0,0.0,0.0,0.06895408825382716,0.0,0,0.0,0,3.072025653972648,,,,,,,,,,,
5138,4/24/1981,1.167,0.286,4.000,4.235,0.286,0.0,3.9490000000000003,0.0,0.0,0.0,3.072025653972648,0.0,0.0,0.13481571148906546,2.9372099424835825,0.30570742380621135,0.0,0.0,0.0,0.06350798163038317,0.0,0,0.0,0,2.9372099424835825,,,,,,,,,,,
5139,4/25/1981,1.238,1.032,4.000,4.235,1.032,0.0,3.2030000000000003,0.0,0.0,0.0,2.9372099424835825,0.0,0.0,0.12510003386466748,2.812109908618915,0.28491656332827403,0.0,0.0,0.0,0.058641872407144136,0.0,0,0.0,0,2.812109908618915,,,,,,,,,,,
5140,4/26/1981,1.287,1.956,4.000,4.235,1.956,0.0,2.2790000000000004,0.0,0.0,0.0,2.812109908618915,0.0,0.0,0.11634639440604301,2.695763514212872,0.2660934692560295,0.0,0.0,0.0,0.05427881035255098,0.0,0,0.0,0,2.695763514212872,,,,,,,,,,,
5141,4/27/1981,1.699,7.070,4.000,4.235,4.235,2.835,0.0,0,2.74555855428157,0.0,5.441322068494442,0.0,0.0,0.34957456973114703,5.0917474987632945,0.7470145318451558,0.08944144571843,0.08944144571843,0.0,0.17532983018863907,0.08944144571843,0,0.0,0,5.0917474987632945,,,,,,,,,,,
5142,4/28/1981,1.367,3.231,4.000,4.235,3.231,0.0,1.0040000000000004,0.0,0.0,0.08944144571843,5.0917632616445125,0.08590042472802767,0.0035410209904023354,0.3129532384135633,4.77881002323095,0.67363971246411,0.0,0.0,1.5762881218374753e-05,0.15582352909737368,0.0035252581091839608,0,0.0,0,4.77881002323095,,,,,,,,,,,
5143,4/29/1981,1.137,1.038,4.000,4.235,1.038,0.0,3.197,0.0,0.0,0.0035252581091839608,4.77881002323095,0.0035252581091839608,0.0,0.28155638974000075,4.497253633490949,0.6102236821483918,0.0,0.0,0.0,0.13921877510754957,0.0,0,0.0,0,4.497253633490949,,,,,,,,,,,
5144,4/30/1981,1.140,0.218,4.000,4.235,0.218,0.0,4.017,0.0,0.0,0.0,4.497253633490949,0.0,0.0,0.2544552486597651,4.242798384831184,0.5550669785901801,0.0,0.0,0.0,0.1249832009417687,0.0,0,0.0,0,4.242798384831184,,,,,,,,,,,
5145,5/1/1981,1.169,0.185,5.000,3.714,0.185,0.0,3.529,0.0,0.0,0.0,4.242798384831184,0.0,0.0,0.23091550911766032,4.011882875713524,0.5068135706937558,0.0,0.0,0.0,0.11269880133285502,0.0,0,0.0,0,4.011882875713524,,,,,,,,,,,
5146,5/2/1981,1.190,0.420,5.000,3.714,0.42,0.0,3.294,0.0,0.0,0.0,4.011882875713524,0.0,0.0,0.2103517779966587,3.801531097716865,0.4643731945990243,0.0,0.0,0.0,0.10203449246331425,0.0,0,0.0,0,3.801531097716865,,,,,,,,,,,
5147,5/3/1981,1.270,1.476,5.000,3.714,1.476,0.0,2.238,0.0,0.0,0.0,3.801531097716865,0.0,0.0,0.19229294779022085,3.6092381499266444,0.426861352600924,0.0,0.0,0.0,0.09272548017885704,0.0,0,0.0,0,3.6092381499266444,,,,,,,,,,,
5148,5/4/1981,1.141,0.420,5.000,3.714,0.42,0.0,3.294,0.0,0.0,0.0,3.6092381499266444,0.0,0.0,0.17635658344386973,3.4328815664827745,0.39355453089805864,0.0,0.0,0.0,0.08455809250591755,0.0,0,0.0,0,3.4328815664827745,,,,,,,,,,,
5149,5/5/1981,1.220,0.883,5.000,3.714,0.883,0.0,2.831,0.0,0.0,0.0,3.4328815664827745,0.0,0.0,0.16222974254209022,3.2706518239406845,0.36385637857619424,0.0,0.0,0.0,0.07735848875364189,0.0,0,0.0,0,3.2706518239406845,,,,,,,,,,,
5150,5/6/1981,1.153,0.302,5.000,3.714,0.302,0.0,3.412,0.0,0.0,0.0,3.2706518239406845,0.0,0.0,0.14965444973905054,3.120997374201634,0.3372718855972994,0.0,0.0,0.0,0.07098415705310636,0.0,0,0.0,0,3.120997374201634,,,,,,,,,,,
5151,5/7/1981,1.181,0.365,5.000,3.714,0.365,0.0,3.349,0.0,0.0,0.0,3.120997374201634,0.0,0.0,0.13841658070220977,2.9825807934994244,0.3133874690345212,0.0,0.0,0.0,0.06531744328258471,0.0,0,0.0,0,2.9825807934994244,,,,,,,,,,,
5152,5/8/1981,1.455,3.574,5.000,3.714,3.574,0.0,0.14000000000000012,0.0,0.0,0.0,2.9825807934994244,0.0,0.0,0.12833727274259135,2.854243520756833,0.29185547224517105,0.0,0.0,0.0,0.06026057734042377,0.0,0,0.0,0,2.854243520756833,,,,,,,,,,,
5153,5/9/1981,1.169,1.538,5.000,3.714,1.538,0.0,2.176,0.0,0.0,0.0,2.854243520756833,0.0,0.0,0.11926622804088632,2.734977292715947,0.27238199438879324,0.0,0.0,0.0,0.05573181519470882,0.0,0,0.0,0,2.734977292715947,,,,,,,,,,,
5154,5/10/1981,1.260,1.882,5.000,3.714,1.882,0.0,1.832,0.0,0.0,0.0,2.734977292715947,0.0,0.0,0.11107644867647325,2.6239008440394738,0.2547172575647361,0.0,0.0,0.0,0.05166242082386746,0.0,0,0.0,0,2.6239008440394738,,,,,,,,,,,
5155,5/11/1981,1.228,1.647,5.000,3.714,1.647,0.0,2.067,0.0,0.0,0.0,2.6239008440394738,0.0,0.0,0.10366006494080846,2.5202407790986654,0.23864792494492565,0.0,0.0,0.0,0.04799428636261062,0.0,0,0.0,0,2.5202407790986654,,,,,,,,,,,
5156,5/12/1981,1.202,1.236,5.000,3.714,1.236,0.0,2.4779999999999998,0.0,0.0,0.0,2.5202407790986654,0.0,0.0,0.09692500571036088,2.4233157733883046,0.2239909315039161,0.0,0.0,0.0,0.04467804148681383,0.0,0,0.0,0,2.4233157733883046,,,,,,,,,,,
5157,5/13/1981,1.190,0.903,5.000,3.714,0.903,0.0,2.811,0.0,0.0,0.0,2.4233157733883046,0.0,0.0,0.09079232266206438,2.3325234507262405,0.210588496694591,0.0,0.0,0.0,0.04167154094639707,0.0,0,0.0,0,2.3325234507262405,,,,,,,,,,,
5158,5/14/1981,1.290,1.949,5.000,3.714,1.949,0.0,1.765,0.0,0.0,0.0,2.3325234507262405,0.0,0.0,0.08519402606171314,2.2473294246645272,0.1983040675245131,0.0,0.0,0.0,0.038938646650712505,0.0,0,0.0,0,2.2473294246645272,,,,,,,,,,,
5159,5/15/1981,1.122,0.382,5.000,3.714,0.382,0.0,3.332,0.0,0.0,0.0,2.2473294246645272,0.0,0.0,0.08007132368602711,2.1672581009785,0.18701899911347472,0.0,0.0,0.0,0.03644824086655833,0.0,0,0.0,0,2.1672581009785,,,,,,,,,,,
5160,5/16/1981,1.180,0.386,5.000,3.714,0.386,0.0,3.328,0.0,0.0,0.0,2.1672581009785,0.0,0.0,0.07537317957388036,2.0918849214046196,0.17662982364360225,0.0,0.0,0.0,0.03417342199995658,0.0,0,0.0,0,2.0918849214046196,,,,,,,,,,,
5161,5/17/1981,1.248,1.202,5.000,3.714,1.202,0.0,2.512,0.0,0.0,0.0,2.0918849214046196,0.0,0.0,0.0710551281359966,2.0208297932686228,0.16704599165544046,0.0,0.0,0.0,0.03209084555942207,0.0,0,0.0,0,2.0208297932686228,,,,,,,,,,,
5162,5/18/1981,1.211,1.142,5.000,3.714,1.142,0.0,2.572,0.0,0.0,0.0,2.0208297932686228,0.0,0.0,0.06707829337851823,1.9537514998901044,0.158187994747644,0.0,0.0,0.0,0.030180181268875485,0.0,0,0.0,0,1.9537514998901044,,,,,,,,,,,
5163,5/19/1981,1.337,2.583,5.000,3.714,2.583,0.0,1.1309999999999998,0.0,0.0,0.0,1.9537514998901044,0.0,0.0,0.06340857382328394,1.8903429260668205,0.14998579795245534,0.0,0.0,0.0,0.028423663643895328,0.0,0,0.0,0,1.8903429260668205,,,,,,,,,,,
5164,5/20/1981,2.370,14.791,5.000,3.714,3.714,11.077,0.0,0,10.98755855428157,0.0,12.87790148034839,0.0,0.0,1.469290290206158,11.408611190142231,2.826723926085838,0.08944144571843,0.08944144571843,0.0,0.8099433119849921,0.08944144571843,0,0.0,0,11.408611190142231,,,,,,,,,,,
5165,5/21/1981,8.501,13.640,5.000,3.714,3.714,9.926,0.0,0,9.926,0.08944144571843,21.335009339401637,0.0,0.08944144571843,3.4081641747595466,17.92684516464209,6.098362024417298,0.0,0.0,0.00039814925940304455,1.985691843524128,0.08904329645902696,0,0.0,0,17.92684516464209,,,,,,,,,,,
5166,5/22/1981,7.411,10.734,5.000,3.714,3.714,7.02,0.0,0,7.019601850740597,0.08904329645902696,24.946843392277703,0.0,0.08904329645902696,4.423083240540666,20.523760151737036,7.723268623356226,0.0003981492594030382,0.0003981492594030382,0.0003963768950199571,2.621593614402469,0.08904506882341005,0,0.0,0,20.523760151737036,,,,,,,,,,,
5167,5/23/1981,3.237,3.358,5.000,3.714,3.358,0.0,0.35599999999999987,0.0,0.0,0.08904506882341005,20.524021523843135,0.03032965371757716,0.05871541510583289,3.194992776062189,17.329028747780946,5.750771114039797,0.0,0.0,0.00026137210609860045,1.8535976997718258,0.05845404299973429,0,0.0,0,17.329028747780946,,,,,,,,,,,
5168,5/24/1981,1.266,2.638,5.000,3.714,2.638,0.0,1.076,0.0,0.0,0.05845404299973429,17.329028747780946,0.05845404299973429,0.0,2.4098470636623137,14.919181684118632,4.447764559548117,0.0,0.0,0.0,1.3723845456165413,0.0,0,0.0,0,14.919181684118632,,,,,,,,,,,
5169,5/25/1981,1.226,1.911,5.000,3.714,1.911,0.0,1.803,0.0,0.0,0.0,14.919181684118632,0.0,0.0,1.8776189052086147,13.041562778910016,3.540113719552844,0.0,0.0,0.0,1.051870319714957,0.0,0,0.0,0,13.041562778910016,,,,,,,,,,,
5170,5/26/1981,1.225,1.613,5.000,3.714,1.613,0.0,2.101,0.0,0.0,0.0,13.041562778910016,0.0,0.0,1.5005432074935603,11.541019571416456,2.8819357628696873,0.0,0.0,0.0,0.8283178022673634,0.0,0,0.0,0,11.541019571416456,,,,,,,,,,,
5171,5/27/1981,1.126,0.295,5.000,3.714,0.295,0.0,3.419,0.0,0.0,0.0,11.541019571416456,0.0,0.0,1.2239755446776193,10.317044026738836,2.3893314880807712,0.0,0.0,0.0,0.6666524604894188,0.0,0,0.0,0,10.317044026738836,,,,,,,,,,,
5172,5/28/1981,1.192,0.500,5.000,3.714,0.5,0.0,3.214,0.0,0.0,0.0,10.317044026738836,0.0,0.0,1.0153706004382694,9.301673426300567,2.0110841599041325,0.0,0.0,0.0,0.546275528385246,0.0,0,0.0,0,9.301673426300567,,,,,,,,,,,
5173,5/29/1981,1.203,0.724,5.000,3.714,0.724,0.0,2.99,0.0,0.0,0.0,9.301673426300567,0.0,0.0,0.854346919036809,8.447326507263758,1.7144167199957672,0.0,0.0,0.0,0.45445095703308086,0.0,0,0.0,0,8.447326507263758,,,,,,,,,,,
5174,5/30/1981,1.290,1.847,5.000,3.714,1.847,0.0,1.867,0.0,0.0,0.0,8.447326507263758,0.0,0.0,0.7276087496280118,7.719717757635746,1.4775308143124823,0.0,0.0,0.0,0.3829675667182343,0.0,0,0.0,0,7.719717757635746,,,,,,,,,,,
5175,5/31/1981,1.393,3.563,5.000,3.714,3.563,0.0,0.1509999999999998,0.0,0.0,0.0,7.719717757635746,0.0,0.0,0.6261833011678537,7.093534456467893,1.2854581900429327,0.0,0.0,0.0,0.3263439834994755,0.0,0,0.0,0,7.093534456467893,,,,,,,,,,,
5176,6/1/1981,1.097,0.647,6.000,3.269,0.647,0.0,2.622,0.0,0.0,0.0,7.093534456467893,0.0,0.0,0.5438388752765979,6.549695581191295,1.1276383815602995,0.0,0.0,0.0,0.2808117884971967,0.0,0,0.0,0,6.549695581191295,,,,,,,,,,,
5177,6/2/1981,1.224,1.039,6.000,3.269,1.039,0.0,2.2300000000000004,0.0,0.0,0.0,6.549695581191295,0.0,0.0,0.4761396005873457,6.073555980603949,0.9964453432675663,0.0,0.0,0.0,0.2437139222312093,0.0,0,0.0,0,6.073555980603949,,,,,,,,,,,
5178,6/3/1981,1.301,2.100,6.000,3.269,2.1,0.0,1.169,0.0,0.0,0.0,6.073555980603949,0.0,0.0,0.4198596853283368,5.653696295275612,0.8862595723799983,0.0,0.0,0.0,0.21313536903562866,0.0,0,0.0,0,5.653696295275612,,,,,,,,,,,
5179,6/4/1981,1.529,5.199,6.000,3.269,3.269,1.9299999999999997,0.0,0,1.8405585542815697,0.0,7.494254849557182,0.0,0.0,0.5960003855939223,6.8982544639632595,1.2278190134225873,0.08944144571843,0.08944144571843,0.0,0.3096056836451999,0.08944144571843,0,0.0,0,6.8982544639632595,,,,,,,,,,,
5180,6/5/1981,1.390,4.391,6.000,3.269,3.269,1.1219999999999999,0.0,0,1.1219999999999999,0.08944144571843,8.020652613222662,0.0,0.08944144571843,0.6673934745192166,7.353259138703446,1.3637894247548235,0.0,0.0,0.00039814925940304455,0.349283018862795,0.08904329645902696,0,0.0,0,7.353259138703446,,,,,,,,,,,
5181,6/6/1981,1.176,1.840,6.000,3.269,1.84,0.0,1.429,0.0,0.0,0.08904329645902696,7.353259138703446,0.08904329645902696,0.0,0.5774294061089135,6.7758297325945325,1.1922367665006746,0.0,0.0,0.0,0.29933443473160526,0.0,0,0.0,0,6.7758297325945325,,,,,,,,,,,
5182,6/7/1981,1.427,3.948,6.000,3.269,3.269,0.6789999999999998,0.0,0,0.5895585998458431,0.0,7.365388332440376,0.0,0.0,0.5790177275127435,6.786370604927632,1.195283613125495,0.08944140015415665,0.08944140015415665,0.0,0.3002120644769257,0.08944140015415665,0,0.0,0,6.786370604927632,,,,,,,,,,,
5183,6/8/1981,1.358,3.880,6.000,3.269,3.269,0.6109999999999998,0.0,0,0.6109999544357795,0.08944140015415665,7.397768708419985,0.0,0.08944140015415665,0.5832664904509283,6.814502217969057,1.2034306002426312,4.556422025316874e-08,4.556422025316874e-08,0.00039814905657334354,0.30256050340832685,0.08904329666180356,0,0.0,0,6.814502217969057,,,,,,,,,,,
5184,6/9/1981,1.140,1.277,6.000,3.269,1.277,0.0,1.9920000000000002,0.0,0.0,0.08904329666180356,6.814502217969057,0.08904329666180356,0.0,0.5086542451100183,6.305847972859039,1.0596284539344063,0.0,0.0,0.0,0.26149080170072353,0.0,0,0.0,0,6.305847972859039,,,,,,,,,,,
5185,6/10/1981,1.703,6.796,6.000,3.269,3.269,3.527,0.0,0,3.43755855428157,0.0,9.743406527140609,0.0,0.0,0.9230328339280351,8.820373693212574,1.8415110452650363,0.08944144571843,0.08944144571843,0.0,0.4934915080661578,0.08944144571843,0,0.0,0,8.820373693212574,,,,,,,,,,,
5186,6/11/1981,1.433,4.158,6.000,3.269,3.269,0.8890000000000002,0.0,0,0.8890000000000002,0.08944144571843,9.709771842471977,0.0,0.08944144571843,0.9177283611830851,8.792043481288891,1.8317258436292212,0.0,0.0,0.00039814925940304455,0.4904694807593066,0.08904329645902696,0,0.0,0,8.792043481288891,,,,,,,,,,,
5187,6/12/1981,2.398,15.339,6.000,3.269,3.269,12.07,0.0,0,12.069601850740597,0.08904329645902696,20.862041708924508,0.0,0.08904329645902696,3.283173197667994,17.578868511256513,5.894847808144347,0.0003981492594030382,0.0003981492594030382,0.0003963768950199571,1.908171538147739,0.08904506882341005,0,0.0,0,17.578868511256513,,,,,,,,,,,
5188,6/13/1981,8.501,13.591,6.000,3.269,3.269,10.322,0.0,0,10.321603623104979,0.08904506882341005,27.900868519146208,0.0,0.08904506882341005,5.330017673502848,22.57085084564336,9.139646524897096,0.00039637689501995115,0.00039637689501995115,0.000396384784713162,3.198151076065103,0.08904506093371685,0,0.0,0,22.57085084564336,,,,,,,,,,,
5189,6/14/1981,4.337,2.229,6.000,3.269,2.229,0.0,1.04,0.0,0.0,0.08904506093371685,22.570852811365246,0.08860347526422345,0.0004415856694933995,3.743510531653772,18.827342279711473,6.6404882823006615,0.0,0.0,1.9657218849668744e-06,2.194584638168748,0.0004396199476084326,0,0.0,0,18.827342279711473,,,,,,,,,,,
5190,6/15/1981,1.361,3.352,6.000,3.269,3.269,0.08299999999999974,0.0,0,0.017973710018736294,0.0004396199476084326,18.84531794670167,0.0,0.0004396199476084326,2.7714362497686857,16.073881696932983,5.05260407584415,0.06502628998126345,0.06502628998126345,1.9569714594073885e-06,1.5928919997227324,0.06546395295741247,0,0.0,0,16.073881696932983,,,,,,,,,,,
5191,6/16/1981,1.612,6.609,6.000,3.269,3.269,3.34,0.0,0,3.316022507238982,0.06546395295741247,19.390195617444395,0.0,0.06546395295741247,2.906270914646953,16.48392470279744,5.276001124762711,0.023977492761017533,0.023977492761017533,0.00029141327242901194,1.6756182263525077,0.08915003244600099,0,0.0,0,16.48392470279744,,,,,,,,,,,
5192,6/17/1981,1.126,1.070,6.000,3.269,1.07,0.0,2.199,0.0,0.0,0.08915003244600099,16.48392470279744,0.08915003244600099,0.0,2.217175894293066,14.266748808504376,4.121758532140184,0.0,0.0,0.0,1.255755853218488,0.0,0,0.0,0,14.266748808504376,,,,,,,,,,,
5193,6/18/1981,1.158,0.447,6.000,3.269,0.447,0.0,2.822,0.0,0.0,0.0,14.266748808504376,0.0,0.0,1.7427729187605892,12.523975889743786,3.3063473170014532,0.0,0.0,0.0,0.9715514732219536,0.0,0,0.0,0,12.523975889743786,,,,,,,,,,,
5194,6/19/1981,1.193,0.577,6.000,3.269,0.577,0.0,2.692,0.0,0.0,0.0,12.523975889743786,0.0,0.0,1.4026074764857386,11.121368413258047,2.70854995840366,0.0,0.0,0.0,0.7708251457268179,0.0,0,0.0,0,11.121368413258047,,,,,,,,,,,
5195,6/20/1981,1.203,0.758,6.000,3.269,0.758,0.0,2.511,0.0,0.0,0.0,11.121368413258047,0.0,0.0,1.1507018841956966,9.97066652906235,2.2571856855174914,0.0,0.0,0.0,0.6242024452883985,0.0,0,0.0,0,9.97066652906235,,,,,,,,,,,
5196,6/21/1981,1.158,0.300,6.000,3.269,0.3,0.0,2.9690000000000003,0.0,0.0,0.0,9.97066652906235,0.0,0.0,0.9591932129100219,9.01147331615233,1.908087149801417,0.0,0.0,0.0,0.5141226898235034,0.0,0,0.0,0,9.01147331615233,,,,,,,,,,,
5197,6/22/1981,1.195,0.530,6.000,3.269,0.53,0.0,2.739,0.0,0.0,0.0,9.01147331615233,0.0,0.0,0.8103863423292447,8.201086973823084,1.6326137540313959,0.0,0.0,0.0,0.42957131635906215,0.0,0,0.0,0,8.201086973823084,,,,,,,,,,,
5198,6/23/1981,1.201,0.707,6.000,3.269,0.707,0.0,2.5620000000000003,0.0,0.0,0.0,8.201086973823084,0.0,0.0,0.6926037003252131,7.5084832734978715,1.4115094145803726,0.0,0.0,0.0,0.36336232707126415,0.0,0,0.0,0,7.5084832734978715,,,,,,,,,,,
5199,6/24/1981,1.270,1.611,6.000,3.269,1.611,0.0,1.6580000000000001,0.0,0.0,0.0,7.5084832734978715,0.0,0.0,0.5978875004425666,6.910595773055305,1.2314296476005657,0.0,0.0,0.0,0.3106506006715727,0.0,0,0.0,0,6.910595773055305,,,,,,,,,,,
5200,6/25/1981,1.187,1.028,6.000,3.269,1.028,0.0,2.241,0.0,0.0,0.0,6.910595773055305,0.0,0.0,0.5206648525411488,6.389930920514156,1.0828853974183454,0.0,0.0,0.0,0.2680766149850732,0.0,0,0.0,0,6.389930920514156,,,,,,,,,,,
5201,6/26/1981,1.442,3.755,6.000,3.269,3.269,0.48599999999999977,0.0,0,0.39656196533946153,0.0,6.786492885853618,0.0,0.0,0.5051745247968873,6.281318361056731,1.052882291146651,0.08943803466053823,0.08943803466053823,0.0,0.2595846563687381,0.08943803466053823,0,0.0,0,6.281318361056731,,,,,,,,,,,
5202,6/27/1981,1.197,1.940,6.000,3.269,1.94,0.0,1.3290000000000002,0.0,0.0,0.08943803466053823,6.281318361056731,0.08943803466053823,0.0,0.4440689974392006,5.837249363617531,0.9337902366423171,0.0,0.0,0.0,0.2262579246489805,0.0,0,0.0,0,5.837249363617531,,,,,,,,,,,
5203,6/28/1981,1.235,1.743,6.000,3.269,1.743,0.0,1.526,0.0,0.0,0.0,5.837249363617531,0.0,0.0,0.39298821070996226,5.444261152907568,0.8332521104683203,0.0,0.0,0.0,0.19862814036009516,0.0,0,0.0,0,5.444261152907568,,,,,,,,,,,
5204,6/29/1981,1.198,1.219,6.000,3.269,1.219,0.0,2.05,0.0,0.0,0.0,5.444261152907568,0.0,0.0,0.34988932600147915,5.094371826906089,0.7476425872543728,0.0,0.0,0.0,0.17549808950806586,0.0,0,0.0,0,5.094371826906089,,,,,,,,,,,
5205,6/30/1981,1.583,5.424,6.000,3.269,3.269,2.1550000000000002,0.0,0,2.06555855428157,0.0,7.159930381187659,0.0,0.0,0.5523492608717924,6.607581120315867,1.14403456695969,0.08944144571843,0.08944144571843,0.0,0.2854976848319872,0.08944144571843,0,0.0,0,6.607581120315867,,,,,,,,,,,
5206,7/1/1981,1.081,0.796,7.000,3.463,0.796,0.0,2.667,0.0,0.0,0.08944144571843,6.607581120315867,0.08944144571843,0.0,0.4831736968462437,6.1244074234696235,1.010142380946581,0.0,0.0,0.0,0.24755311844313127,0.0,0,0.0,0,6.1244074234696235,,,,,,,,,,,
5207,7/2/1981,1.149,0.218,7.000,3.463,0.218,0.0,3.245,0.0,0.0,0.0,6.1244074234696235,0.0,0.0,0.42573488208228805,5.698672541387335,0.8978136265254262,0.0,0.0,0.0,0.21631552697921388,0.0,0,0.0,0,5.698672541387335,,,,,,,,,,,
5208,7/3/1981,1.160,0.081,7.000,3.463,0.081,0.0,3.382,0.0,0.0,0.0,5.698672541387335,0.0,0.0,0.37756229292520327,5.321110248462132,0.8026974189222331,0.0,0.0,0.0,0.19032925162669764,0.0,0,0.0,0,5.321110248462132,,,,,,,,,,,
5209,7/4/1981,1.184,0.297,7.000,3.463,0.297,0.0,3.166,0.0,0.0,0.0,5.321110248462132,0.0,0.0,0.3367980279809425,4.984312220481189,0.7214841124811312,0.0,0.0,0.0,0.16850838179051084,0.0,0,0.0,0,4.984312220481189,,,,,,,,,,,
5210,7/5/1981,1.201,0.593,7.000,3.463,0.593,0.0,2.87,0.0,0.0,0.0,4.984312220481189,0.0,0.0,0.3020238061166073,4.6822884143645815,0.6516200933172757,0.0,0.0,0.0,0.15003027908269312,0.0,0,0.0,0,4.6822884143645815,,,,,,,,,,,
5211,7/6/1981,1.308,1.998,7.000,3.463,1.998,0.0,1.465,0.0,0.0,0.0,4.6822884143645815,0.0,0.0,0.27214229749568986,4.410146116868892,0.5911097910239216,0.0,0.0,0.0,0.13426309008110196,0.0,0,0.0,0,4.410146116868892,,,,,,,,,,,
5212,7/7/1981,1.905,9.181,7.000,3.463,3.463,5.717999999999999,0.0,0,5.628558554281569,0.0,10.03870467115046,0.0,0.0,0.9701269615257565,9.068577709624703,1.9281740300009593,0.08944144571843,0.08944144571843,0.0,0.5203710768306149,0.08944144571843,0,0.0,0,9.068577709624703,,,,,,,,,,,
5213,7/8/1981,7.849,24.629,7.000,3.463,3.463,21.166,0.0,0,21.166,0.08944144571843,30.234975858884106,0.0,0.08944144571843,6.093710555159369,24.141265303724737,10.310463916872282,0.0,0.0,0.00039814925940304455,3.6887451586759816,0.08904329645902696,0,0.0,0,24.141265303724737,,,,,,,,,,,
5214,7/9/1981,7.993,13.415,7.000,3.463,3.463,9.951999999999998,0.0,0,9.951601850740595,0.08904329645902696,34.09326353136035,0.0,0.08904329645902696,7.444120662020576,26.649142869339773,12.339204290019163,0.0003981492594030382,0.0003981492594030382,0.0003963768950199571,4.56594179665701,0.08904506882341005,0,0.0,0,26.649142869339773,,,,,,,,,,,
5215,7/10/1981,5.475,5.573,7.000,3.463,3.463,2.1100000000000003,0.0,0,2.1096036231049804,0.08904506882341005,28.75914287722947,0.0,0.08904506882341005,5.606076359135927,23.153066518093542,9.565021467734532,0.00039637689501995115,0.00039637689501995115,0.000396384784713162,3.374989006327412,0.08904506093371685,0,0.0,0,23.153066518093542,,,,,,,,,,,
5216,7/11/1981,1.111,1.157,7.000,3.463,1.157,0.0,2.306,0.0,0.0,0.08904506093371685,23.153066518093542,0.08904506093371685,0.0,3.9058297645339755,19.247236753559566,6.900965242886628,0.0,0.0,0.0,2.2961463647096587,0.0,0,0.0,0,19.247236753559566,,,,,,,,,,,
5217,7/12/1981,1.188,0.848,7.000,3.463,0.848,0.0,2.615,0.0,0.0,0.0,19.247236753559566,0.0,0.0,2.8706467870839516,16.376589966475613,5.217085657894828,0.0,0.0,0.0,1.6537364153600589,0.0,0,0.0,0,16.376589966475613,,,,,,,,,,,
5218,7/13/1981,1.227,1.172,7.000,3.463,1.172,0.0,2.2910000000000004,0.0,0.0,0.0,16.376589966475613,0.0,0.0,2.1931663328706574,14.183423633604956,4.080938314720186,0.0,0.0,0.0,1.2412678042288396,0.0,0,0.0,0,14.183423633604956,,,,,,,,,,,
5219,7/14/1981,1.419,3.551,7.000,3.463,3.463,0.08800000000000008,0.0,0,0.020494756735416314,0.0,14.203918390340373,0.0,0.0,1.729999823071166,12.473918567269207,3.284115360070338,0.06750524326458376,0.06750524326458376,0.0,0.963964088626281,0.06750524326458376,0,0.0,0,12.473918567269207,,,,,,,,,,,
5220,7/15/1981,1.510,5.519,7.000,3.463,3.463,2.056,0.0,0,2.0340637975461537,0.06750524326458376,14.508282864906741,0.0,0.06750524326458376,1.7922247425107272,12.716058122396014,3.392272687530018,0.021936202453846237,0.021936202453846237,0.0003005000913807699,1.0009607902073816,0.08914094562704923,0,0.0,0,12.716058122396014,,,,,,,,,,,
5221,7/16/1981,1.154,1.666,7.000,3.463,1.666,0.0,1.7970000000000002,0.0,0.0,0.08914094562704923,12.716058122396014,0.08914094562704923,0.0,1.4386438227562959,11.277414299639718,2.772476466855588,0.0,0.0,0.0,0.7919503258282852,0.0,0,0.0,0,11.277414299639718,,,,,,,,,,,
5222,7/17/1981,1.160,0.734,7.000,3.463,0.734,0.0,2.729,0.0,0.0,0.0,11.277414299639718,0.0,0.0,1.1777370488495644,10.099677250790153,2.3060286700008232,0.0,0.0,0.0,0.6398447484289095,0.0,0,0.0,0,10.099677250790153,,,,,,,,,,,
5223,7/18/1981,1.261,1.524,7.000,3.463,1.524,0.0,1.939,0.0,0.0,0.0,10.099677250790153,0.0,0.0,0.9799673445123217,9.119709906277832,1.9462352412555894,0.0,0.0,0.0,0.5259985952519998,0.0,0,0.0,0,9.119709906277832,,,,,,,,,,,
5224,7/19/1981,1.169,0.780,7.000,3.463,0.78,0.0,2.683,0.0,0.0,0.0,9.119709906277832,0.0,0.0,0.8266737571325663,8.293036149145266,1.6629651154954903,0.0,0.0,0.0,0.43877912983252926,0.0,0,0.0,0,8.293036149145266,,,,,,,,,,,
5225,7/20/1981,1.199,0.808,7.000,3.463,0.808,0.0,2.6550000000000002,0.0,0.0,0.0,8.293036149145266,0.0,0.0,0.705594264836166,7.5874418843091,1.4360421963185477,0.0,0.0,0.0,0.370630502014155,0.0,0,0.0,0,7.5874418843091,,,,,,,,,,,
5226,7/21/1981,1.188,0.694,7.000,3.463,0.694,0.0,2.769,0.0,0.0,0.0,7.5874418843091,0.0,0.0,0.60840308480824,6.979038799500859,1.2515322493536318,0.0,0.0,0.0,0.31647715630049883,0.0,0,0.0,0,6.979038799500859,,,,,,,,,,,
5227,7/22/1981,1.175,0.475,7.000,3.463,0.475,0.0,2.988,0.0,0.0,0.0,6.979038799500859,0.0,0.0,0.5292876971221239,6.449751102378736,1.0995558845540447,0.0,0.0,0.0,0.27281098810374377,0.0,0,0.0,0,6.449751102378736,,,,,,,,,,,
5228,7/23/1981,1.199,0.659,7.000,3.463,0.659,0.0,2.8040000000000003,0.0,0.0,0.0,6.449751102378736,0.0,0.0,0.46409195179243984,5.9856591505862955,0.972948465105587,0.0,0.0,0.0,0.23714703350302294,0.0,0,0.0,0,5.9856591505862955,,,,,,,,,,,
5229,7/24/1981,1.185,0.581,7.000,3.463,0.581,0.0,2.882,0.0,0.0,0.0,5.9856591505862955,0.0,0.0,0.4097815639663822,5.575877586619914,0.8664108079753629,0.0,0.0,0.0,0.20768706762561473,0.0,0,0.0,0,5.575877586619914,,,,,,,,,,,
5230,7/25/1981,1.363,2.625,7.000,3.463,2.625,0.0,0.8380000000000001,0.0,0.0,0.0,5.575877586619914,0.0,0.0,0.3641004053109544,5.2117771813089595,0.775955010794888,0.0,0.0,0.0,0.18310515958434878,0.0,0,0.0,0,5.2117771813089595,,,,,,,,,,,
5231,7/26/1981,1.112,0.527,7.000,3.463,0.527,0.0,2.936,0.0,0.0,0.0,5.2117771813089595,0.0,0.0,0.3253435327030466,4.886433648605913,0.6985335212633861,0.0,0.0,0.0,0.1624072225169425,0.0,0,0.0,0,4.886433648605913,,,,,,,,,,,
5232,7/27/1981,1.158,0.195,7.000,3.463,0.195,0.0,3.2680000000000002,0.0,0.0,0.0,4.886433648605913,0.0,0.0,0.29220375187159875,4.594229896734315,0.6317852156604133,0.0,0.0,0.0,0.14483680563878454,0.0,0,0.0,0,4.594229896734315,,,,,,,,,,,
5233,7/28/1981,1.214,0.709,7.000,3.463,0.709,0.0,2.754,0.0,0.0,0.0,4.594229896734315,0.0,0.0,0.2636657085750819,4.330564188159233,0.5738580670875728,0.0,0.0,0.0,0.12981054890762864,0.0,0,0.0,0,4.330564188159233,,,,,,,,,,,
5234,7/29/1981,1.436,3.529,7.000,3.463,3.463,0.06599999999999984,0.0,0,0.009841276816821676,0.0,4.340405464976055,0.0,0.0,0.23983705383044598,4.100568411145608,0.525141294629075,0.05615872318317816,0.05615872318317816,0.0,0.11734531611331983,0.05615872318317816,0,0.0,0,4.100568411145608,,,,,,,,,,,
5235,7/30/1981,1.155,1.354,7.000,3.463,1.354,0.0,2.109,0.0,0.0,0.05615872318317816,4.100568411145608,0.05615872318317816,0.0,0.21815870529833806,3.88240970584727,0.480518636460671,0.0,0.0,0.0,0.10607541764314404,0.0,0,0.0,0,3.88240970584727,,,,,,,,,,,
5236,7/31/1981,1.203,1.112,7.000,3.463,1.112,0.0,2.351,0.0,0.0,0.0,3.88240970584727,0.0,0.0,0.19915966386846654,3.6832500419788032,0.4411527684310119,0.0,0.0,0.0,0.09625865464197987,0.0,0,0.0,0,3.6832500419788032,,,,,,,,,,,
5237,8/1/1981,1.145,0.311,8.000,3.792,0.311,0.0,3.481,0.0,0.0,0.0,3.6832500419788032,0.0,0.0,0.18242503938872703,3.500825002590076,0.40626110273977073,0.0,0.0,0.0,0.08766267933357243,0.0,0,0.0,0,3.500825002590076,,,,,,,,,,,
5238,8/2/1981,1.180,0.352,8.000,3.792,0.352,0.0,3.44,0.0,0.0,0.0,3.500825002590076,0.0,0.0,0.1676163765056981,3.333208626084378,0.37520048866867656,0.0,0.0,0.0,0.08009905436898926,0.0,0,0.0,0,3.333208626084378,,,,,,,,,,,
5239,8/3/1981,1.192,0.517,8.000,3.792,0.517,0.0,3.275,0.0,0.0,0.0,3.333208626084378,0.0,0.0,0.15445546277469865,3.1787531633096795,0.3474385189250548,0.0,0.0,0.0,0.07341375387032659,0.0,0,0.0,0,3.1787531633096795,,,,,,,,,,,
5240,8/4/1981,1.173,0.371,8.000,3.792,0.371,0.0,3.421,0.0,0.0,0.0,3.1787531633096795,0.0,0.0,0.14271198718835815,3.0360411761213215,0.3225314868795365,0.0,0.0,0.0,0.06747996353981164,0.0,0,0.0,0,3.0360411761213215,,,,,,,,,,,
5241,8/5/1981,1.471,3.764,8.000,3.792,3.764,0.0,0.028000000000000025,0.0,0.0,0.0,3.0360411761213215,0.0,0.0,0.13219403943762867,2.9038471366836927,0.3001072900731485,0.0,0.0,0.0,0.06219256776017678,0.0,0,0.0,0,2.9038471366836927,,,,,,,,,,,
5242,8/6/1981,1.369,3.970,8.000,3.792,3.792,0.17800000000000038,0.0,0,0.0918389537560956,0.0,2.995686090439788,0.0,0.0,0.12927849354723472,2.8664075968925533,0.2938707709642478,0.08616104624390478,0.08616104624390478,0.0,0.06073172000677642,0.08616104624390478,0,0.0,0,2.8664075968925533,,,,,,,,,,,
5243,8/7/1981,1.081,0.566,8.000,3.792,0.566,0.0,3.226,0.0,0.0,0.08616104624390478,2.8664075968925533,0.08616104624390478,0.0,0.12011456924733595,2.7462930276452173,0.27420719676159333,0.0,0.0,0.0,0.056154419151743275,0.0,0,0.0,0,2.7462930276452173,,,,,,,,,,,
5244,8/8/1981,1.211,0.849,8.000,3.792,0.849,0.0,2.9429999999999996,0.0,0.0,0.0,2.7462930276452173,0.0,0.0,0.11184345340492245,2.634449574240295,0.25637512582867666,0.0,0.0,0.0,0.05204271979020442,0.0,0,0.0,0,2.634449574240295,,,,,,,,,,,
5245,8/9/1981,1.154,0.295,8.000,3.792,0.295,0.0,3.497,0.0,0.0,0.0,2.634449574240295,0.0,0.0,0.1043555604551568,2.530094013785138,0.2401579435405753,0.0,0.0,0.0,0.04833756276248817,0.0,0,0.0,0,2.530094013785138,,,,,,,,,,,
5246,8/10/1981,1.266,1.370,8.000,3.792,1.37,0.0,2.4219999999999997,0.0,0.0,0.0,2.530094013785138,0.0,0.0,0.09755739825632573,2.432536615528812,0.2253698549067536,0.0,0.0,0.0,0.04498879350380127,0.0,0,0.0,0,2.432536615528812,,,,,,,,,,,
5247,8/11/1981,1.154,0.533,8.000,3.792,0.533,0.0,3.259,0.0,0.0,0.0,2.432536615528812,0.0,0.0,0.09136883513844131,2.341167780390371,0.2118507936066171,0.0,0.0,0.0,0.04195361658482117,0.0,0,0.0,0,2.341167780390371,,,,,,,,,,,
5248,8/12/1981,1.175,0.402,8.000,3.792,0.402,0.0,3.3899999999999997,0.0,0.0,0.0,2.341167780390371,0.0,0.0,0.08572089080954715,2.2554468895808237,0.19946228321074325,0.0,0.0,0.0,0.03919535200809566,0.0,0,0.0,0,2.2554468895808237,,,,,,,,,,,
5249,8/13/1981,1.167,0.247,8.000,3.792,0.247,0.0,3.545,0.0,0.0,0.0,2.2554468895808237,0.0,0.0,0.08055393979481111,2.1748929497860128,0.18808405265259423,0.0,0.0,0.0,0.03668242810466921,0.0,0,0.0,0,2.1748929497860128,,,,,,,,,,,
5250,8/14/1981,1.178,0.303,8.000,3.792,0.303,0.0,3.489,0.0,0.0,0.0,2.1748929497860128,0.0,0.0,0.07581624195109794,2.099076707834915,0.1776112530970288,0.0,0.0,0.0,0.03438756122748756,0.0,0,0.0,0,2.099076707834915,,,,,,,,,,,
5251,8/15/1981,1.160,0.117,8.000,3.792,0.117,0.0,3.675,0.0,0.0,0.0,2.099076707834915,0.0,0.0,0.0714627339669284,2.0276139738679864,0.1679521573100074,0.0,0.0,0.0,0.03228708388446028,0.0,0,0.0,0,2.0276139738679864,,,,,,,,,,,
5252,8/16/1981,1.159,0.020,8.000,3.792,0.02,0.0,3.772,0.0,0.0,0.0,2.0276139738679864,0.0,0.0,0.06745403037553387,1.9601599434924526,0.15902624841480434,0.0,0.0,0.0,0.030360391558339504,0.0,0,0.0,0,1.9601599434924526,,,,,,,,,,,
5253,8/17/1981,1.172,0.116,8.000,3.792,0.116,0.0,3.6759999999999997,0.0,0.0,0.0,1.9601599434924526,0.0,0.0,0.06375559372620833,1.8964043497662442,0.15076262463862977,0.0,0.0,0.0,0.028589484978610087,0.0,0,0.0,0,1.8964043497662442,,,,,,,,,,,
5254,8/18/1981,1.193,0.414,8.000,3.792,0.414,0.0,3.3779999999999997,0.0,0.0,0.0,1.8964043497662442,0.0,0.0,0.060337042075706226,1.8360673076905378,0.143098661841645,0.0,0.0,0.0,0.026958589584440217,0.0,0,0.0,0,1.8360673076905378,,,,,,,,,,,
5255,8/19/1981,1.188,0.504,8.000,3.792,0.504,0.0,3.288,0.0,0.0,0.0,1.8360673076905378,0.0,0.0,0.057171568530263846,1.778895739160274,0.13597888739695219,0.0,0.0,0.0,0.025453837739622075,0.0,0,0.0,0,1.778895739160274,,,,,,,,,,,
5256,8/20/1981,1.153,0.126,8.000,3.792,0.126,0.0,3.666,0.0,0.0,0.0,1.778895739160274,0.0,0.0,0.05423545266833774,1.7246602864919363,0.1293540281794028,0.0,0.0,0.0,0.02406300221650864,0.0,0,0.0,0,1.7246602864919363,,,,,,,,,,,
5257,8/21/1981,1.171,0.163,8.000,3.792,0.163,0.0,3.629,0.0,0.0,0.0,1.7246602864919363,0.0,0.0,0.05150764765748737,1.6731526388344489,0.12318020263461246,0.0,0.0,0.0,0.02277527176669219,0.0,0,0.0,0,1.6731526388344489,,,,,,,,,,,
5258,8/22/1981,1.238,0.975,8.000,3.792,0.975,0.0,2.8169999999999997,0.0,0.0,0.0,1.6731526388344489,0.0,0.0,0.04896943000859478,1.624183208825854,0.11741823259464086,0.0,0.0,0.0,0.02158106139753308,0.0,0,0.0,0,1.624183208825854,,,,,,,,,,,
5259,8/23/1981,1.274,1.791,8.000,3.792,1.791,0.0,2.001,0.0,0.0,0.0,1.624183208825854,0.0,0.0,0.04660410138349709,1.577579107442357,0.1120330550275853,0.0,0.0,0.0,0.02047185139203442,0.0,0,0.0,0,1.577579107442357,,,,,,,,,,,
5260,8/24/1981,1.280,2.225,8.000,3.792,2.225,0.0,1.5669999999999997,0.0,0.0,0.0,1.577579107442357,0.0,0.0,0.044396733836421606,1.5331823736059356,0.10699321751566918,0.0,0.0,0.0,0.019440050232444443,0.0,0,0.0,0,1.5331823736059356,,,,,,,,,,,
5261,8/25/1981,1.238,1.903,8.000,3.792,1.903,0.0,1.8889999999999998,0.0,0.0,0.0,1.5331823736059356,0.0,0.0,0.042333951437912846,1.4908484221680227,0.10227044414917386,0.0,0.0,0.0,0.018478877481515936,0.0,0,0.0,0,1.4908484221680227,,,,,,,,,,,
5262,8/26/1981,1.317,2.701,8.000,3.792,2.701,0.0,1.0909999999999997,0.0,0.0,0.0,1.4908484221680227,0.0,0.0,0.04040374248817364,1.4504446796798491,0.09783926085434508,0.0,0.0,0.0,0.017582263389918792,0.0,0,0.0,0,1.4504446796798491,,,,,,,,,,,
5263,8/27/1981,1.116,0.600,8.000,3.792,0.6,0.0,3.1919999999999997,0.0,0.0,0.0,1.4504446796798491,0.0,0.0,0.03859529754092409,1.411849382138925,0.09367667105992793,0.0,0.0,0.0,0.0167447625724427,0.0,0,0.0,0,1.411849382138925,,,,,,,,,,,
5264,8/28/1981,1.178,0.470,8.000,3.792,0.47,0.0,3.322,0.0,0.0,0.0,1.411849382138925,0.0,0.0,0.036898869280006026,1.374950512858919,0.08976187414058805,0.0,0.0,0.0,0.015961479559030455,0.0,0,0.0,0,1.374950512858919,,,,,,,,,,,
5265,8/29/1981,1.291,1.735,8.000,3.792,1.735,0.0,2.0569999999999995,0.0,0.0,0.0,1.374950512858919,0.0,0.0,0.03530565095862683,1.339644861900292,0.08607602032739563,0.0,0.0,0.0,0.01522800440233256,0.0,0,0.0,0,1.339644861900292,,,,,,,,,,,
5266,8/30/1981,1.924,9.467,8.000,3.792,3.792,5.675000000000001,0.0,0,5.585558554281571,0.0,6.925203416181863,0.0,0.0,0.5225004502050449,6.402702965976818,1.086435986554438,0.08944144571843,0.08944144571843,0.0,0.2690840206220849,0.08944144571843,0,0.0,0,6.402702965976818,,,,,,,,,,,
5267,8/31/1981,1.946,2.044,8.000,3.792,2.044,0.0,1.7479999999999998,0.0,0.0,0.08944144571843,6.402702965976818,0.08944144571843,0.0,0.4584634330810482,5.94423953289577,0.9619546040238742,0.0,0.0,0.0,0.2340828858702205,0.0,0,0.0,0,5.94423953289577,,,,,,,,,,,
5268,9/1/1981,1.173,1.044,9.000,4.609,1.044,0.0,3.565,0.0,0.0,0.0,5.94423953289577,0.0,0.0,0.4050664565292623,5.539173076366508,0.8571115316872665,0.0,0.0,0.0,0.20514106119748168,0.0,0,0.0,0,5.539173076366508,,,,,,,,,,,
5269,9/2/1981,1.169,0.569,9.000,4.609,0.569,0.0,4.04,0.0,0.0,0.0,5.539173076366508,0.0,0.0,0.36011455100592515,5.179058525360583,0.7680226770084299,0.0,0.0,0.0,0.18096956036227174,0.0,0,0.0,0,5.179058525360583,,,,,,,,,,,
5270,9/3/1981,1.207,0.797,9.000,4.609,0.797,0.0,3.812,0.0,0.0,0.0,5.179058525360583,0.0,0.0,0.3219465749575199,4.857111950403063,0.6917157201446694,0.0,0.0,0.0,0.16060054973849544,0.0,0,0.0,0,4.857111950403063,,,,,,,,,,,
5271,9/4/1981,1.196,0.781,9.000,4.609,0.781,0.0,3.828,0.0,0.0,0.0,4.857111950403063,0.0,0.0,0.28928725497312374,4.567824695429939,0.62588497253035,0.0,0.0,0.0,0.14329656888466838,0.0,0,0.0,0,4.567824695429939,,,,,,,,,,,
5272,9/5/1981,1.135,0.051,9.000,4.609,0.051,0.0,4.558,0.0,0.0,0.0,4.567824695429939,0.0,0.0,0.26114486558583105,4.306679829844108,0.568719868759511,0.0,0.0,0.0,0.12848821544024672,0.0,0,0.0,0,4.306679829844108,,,,,,,,,,,
5273,9/6/1981,1.166,0.071,9.000,4.609,0.071,0.0,4.538,0.0,0.0,0.0,4.306679829844108,0.0,0.0,0.23673915247299865,4.069940677371109,0.5187828290926619,0.0,0.0,0.0,0.11573055748476384,0.0,0,0.0,0,4.069940677371109,,,,,,,,,,,
5274,9/7/1981,1.181,0.251,9.000,4.609,0.251,0.0,4.358,0.0,0.0,0.0,4.069940677371109,0.0,0.0,0.21544970795252322,3.854490969418586,0.4749208794000202,0.0,0.0,0.0,0.10467212410826593,0.0,0,0.0,0,3.854490969418586,,,,,,,,,,,
5275,9/8/1981,1.196,0.520,9.000,4.609,0.52,0.0,4.089,0.0,0.0,0.0,3.854490969418586,0.0,0.0,0.19677843341857806,3.657712536000008,0.43620076475807007,0.0,0.0,0.0,0.09503250291335,0.0,0,0.0,0,3.657712536000008,,,,,,,,,,,
5276,9/9/1981,1.281,1.649,9.000,4.609,1.649,0.0,2.96,0.0,0.0,0.0,3.657712536000008,0.0,0.0,0.18032186723053473,3.4773906687694733,0.4018606781642962,0.0,0.0,0.0,0.08658592741400131,0.0,0,0.0,0,3.4773906687694733,,,,,,,,,,,
5277,9/10/1981,1.690,6.801,9.000,4.609,4.609,2.192,0.0,0,2.10255855428157,0.0,5.5799492230510435,0.0,0.0,0.3645436375708515,5.215405585480192,0.7768366879277951,0.08944144571843,0.08944144571843,0.0,0.1833427364040438,0.08944144571843,0,0.0,0,5.215405585480192,,,,,,,,,,,
5278,9/11/1981,1.582,5.547,9.000,4.609,4.609,0.9379999999999997,0.0,0,0.9379999999999997,0.08944144571843,6.153803734739594,0.0,0.08944144571843,0.42914610950592885,5.724657625233665,0.9045163899688194,0.0,0.0,0.00039814925940304455,0.21816330252793026,0.08904329645902696,0,0.0,0,5.724657625233665,,,,,,,,,,,
5279,9/12/1981,1.569,6.270,9.000,4.609,4.609,1.6609999999999996,0.0,0,1.6606018507405966,0.08904329645902696,7.385655852869283,0.0,0.08904329645902696,0.5816756580628839,6.803980194806399,1.2003807521448315,0.00039814925940303815,0.00039814925940303815,0.0003963768950199571,0.30168106278682905,0.08904506882341005,0,0.0,0,6.803980194806399,,,,,,,,,,,
5280,9/13/1981,0.000,0.576,9.000,4.609,0.576,0.0,4.033,0.0,0.0,0.08904506882341005,6.803980194806399,0.08904506882341005,0.0,0.5073459283124973,6.296634266493902,1.0570924421461023,0.0,0.0,0.0,0.260774021874295,0.0,0,0.0,0,6.296634266493902,,,,,,,,,,,
5281,9/14/1981,1.188,0.583,9.000,4.609,0.583,0.0,4.026,0.0,0.0,0.0,6.296634266493902,0.0,0.0,0.4458751058683106,5.850759160625591,0.9373279730252412,0.0,0.0,0.0,0.2272388390178223,0.0,0,0.0,0,5.850759160625591,,,,,,,,,,,
5282,9/15/1981,1.154,0.171,9.000,4.609,0.171,0.0,4.438,0.0,0.0,0.0,5.850759160625591,0.0,0.0,0.3945052739290262,5.456253886696565,0.8362519888295998,0.0,0.0,0.0,0.1994454674944684,0.0,0,0.0,0,5.456253886696565,,,,,,,,,,,
5283,9/16/1981,1.183,0.329,9.000,4.609,0.329,0.0,4.28,0.0,0.0,0.0,5.456253886696565,0.0,0.0,0.3511748416969234,5.105079044999642,0.7502072245370922,0.0,0.0,0.0,0.17618539119789417,0.0,0,0.0,0,5.105079044999642,,,,,,,,,,,
5284,9/17/1981,1.153,0.053,9.000,4.609,0.053,0.0,4.556,0.0,0.0,0.0,5.105079044999642,0.0,0.0,0.31431846590741097,4.790760579092231,0.6763861943224814,0.0,0.0,0.0,0.15654812646199473,0.0,0,0.0,0,4.790760579092231,,,,,,,,,,,
5285,9/18/1981,1.174,0.162,9.000,4.609,0.162,0.0,4.447,0.0,0.0,0.0,4.790760579092231,0.0,0.0,0.2827308660080759,4.508029713084155,0.6126049650731884,0.0,0.0,0.0,0.13983780565760998,0.0,0,0.0,0,4.508029713084155,,,,,,,,,,,
5286,9/19/1981,1.258,1.207,9.000,4.609,1.207,0.0,3.402,0.0,0.0,0.0,4.508029713084155,0.0,0.0,0.25547224694216863,4.252557466141987,0.5571442366305855,0.0,0.0,0.0,0.12551566877558912,0.0,0,0.0,0,4.252557466141987,,,,,,,,,,,
5287,9/20/1981,1.337,2.637,9.000,4.609,2.637,0.0,1.972,0.0,0.0,0.0,4.252557466141987,0.0,0.0,0.23180142229704448,4.020756043844942,0.5086357539752051,0.0,0.0,0.0,0.11315968148043107,0.0,0,0.0,0,4.020756043844942,,,,,,,,,,,
5288,9/21/1981,1.111,0.510,9.000,4.609,0.51,0.0,4.099,0.0,0.0,0.0,4.020756043844942,0.0,0.0,0.2111277488075803,3.809628295037362,0.4659798411099361,0.0,0.0,0.0,0.1024357052328639,0.0,0,0.0,0,3.809628295037362,,,,,,,,,,,
5289,9/22/1981,1.161,0.223,9.000,4.609,0.223,0.0,4.386,0.0,0.0,0.0,3.809628295037362,0.0,0.0,0.19297606691853453,3.6166522281188276,0.42828467382347707,0.0,0.0,0.0,0.09307660277278404,0.0,0,0.0,0,3.6166522281188276,,,,,,,,,,,
5290,9/23/1981,1.209,0.659,9.000,4.609,0.659,0.0,3.95,0.0,0.0,0.0,3.6166522281188276,0.0,0.0,0.1769607814040049,3.4396914467148227,0.39482097799269705,0.0,0.0,0.0,0.08486688557800513,0.0,0,0.0,0,3.4396914467148227,,,,,,,,,,,
5291,9/24/1981,1.195,0.697,9.000,4.609,0.697,0.0,3.912,0.0,0.0,0.0,3.4396914467148227,0.0,0.0,0.16276646145206403,3.2769249852627587,0.36498783187497935,0.0,0.0,0.0,0.07763129072900887,0.0,0,0.0,0,3.2769249852627587,,,,,,,,,,,
5292,9/25/1981,1.184,0.589,9.000,4.609,0.589,0.0,4.02,0.0,0.0,0.0,3.2769249852627587,0.0,0.0,0.15013315482287284,3.1267918304398856,0.33828656747671704,0.0,0.0,0.0,0.07122618269863057,0.0,0,0.0,0,3.1267918304398856,,,,,,,,,,,
5293,9/26/1981,1.168,0.339,9.000,4.609,0.339,0.0,4.27,0.0,0.0,0.0,3.1267918304398856,0.0,0.0,0.1388451536782411,2.9879466767616445,0.3143006512868261,0.0,0.0,0.0,0.0655330120974859,0.0,0,0.0,0,2.9879466767616445,,,,,,,,,,,
5294,9/27/1981,1.333,2.174,9.000,4.609,2.174,0.0,2.435,0.0,0.0,0.0,2.9879466767616445,0.0,0.0,0.1287223171958022,2.859224359565842,0.2926800291367823,0.0,0.0,0.0,0.0604532899249869,0.0,0,0.0,0,2.859224359565842,,,,,,,,,,,
5295,9/28/1981,1.093,0.117,9.000,4.609,0.117,0.0,4.492,0.0,0.0,0.0,2.859224359565842,0.0,0.0,0.11961330852852653,2.7396110510373157,0.27312883868433996,0.0,0.0,0.0,0.055904690651243524,0.0,0,0.0,0,2.7396110510373157,,,,,,,,,,,
5296,9/29/1981,1.163,0.074,9.000,4.609,0.074,0.0,4.535,0.0,0.0,0.0,2.7396110510373157,0.0,0.0,0.11139027946172282,2.628220771575593,0.2553956869631498,0.0,0.0,0.0,0.051818004682470796,0.0,0,0.0,0,2.628220771575593,,,,,,,,,,,
5297,9/30/1981,1.159,0.000,9.000,4.609,0.0,0.0,4.609,0.0,0.0,0.0,2.628220771575593,0.0,0.0,0.10394466009256205,2.5242761114830308,0.23926589934147194,0.0,0.0,0.0,0.04813473600824645,0.0,0,0.0,0,2.5242761114830308,,,,,,,,,,,
5298,10/1/1981,1.162,0.000,10.000,5.054,0.0,0.0,5.054,0.0,0.0,0.0,2.5242761114830308,0.0,0.0,0.09718379932302938,2.4270923121600014,0.22455529640631275,0.0,0.0,0.0,0.04480519426622821,0.0,0,0.0,0,2.4270923121600014,,,,,,,,,,,
5299,10/2/1981,1.175,0.162,10.000,5.054,0.162,0.0,4.892,0.0,0.0,0.0,2.4270923121600014,0.0,0.0,0.0910282657837944,2.3360640463762072,0.211105164405398,0.0,0.0,0.0,0.041786968834672096,0.0,0,0.0,0,2.3360640463762072,,,,,,,,,,,
5300,10/3/1981,1.181,0.292,10.000,5.054,0.292,0.0,4.7620000000000005,0.0,0.0,0.0,2.3360640463762072,0.0,0.0,0.08540966533242031,2.250654381043787,0.1987781649605521,0.0,0.0,0.0,0.03904370040970769,0.0,0,0.0,0,2.250654381043787,,,,,,,,,,,
5301,10/4/1981,1.212,0.736,10.000,5.054,0.736,0.0,4.3180000000000005,0.0,0.0,0.0,2.250654381043787,0.0,0.0,0.08026886551270303,2.170385515531084,0.1874549890921608,0.0,0.0,0.0,0.036544085929596126,0.0,0,0.0,0,2.170385515531084,,,,,,,,,,,
5302,10/5/1981,1.158,0.296,10.000,5.054,0.296,0.0,4.758,0.0,0.0,0.0,2.170385515531084,0.0,0.0,0.0755545427946155,2.0948309727364687,0.17703160493373296,0.0,0.0,0.0,0.034261067798516606,0.0,0,0.0,0,2.0948309727364687,,,,,,,,,,,
5303,10/6/1981,1.170,0.237,10.000,5.054,0.237,0.0,4.817,0.0,0.0,0.0,2.0948309727364687,0.0,0.0,0.07122198746504327,2.0236089852714256,0.167416981930193,0.0,0.0,0.0,0.032171169619017705,0.0,0,0.0,0,2.0236089852714256,,,,,,,,,,,
5304,10/7/1981,1.246,1.108,10.000,5.054,1.108,0.0,3.946,0.0,0.0,0.0,2.0236089852714256,0.0,0.0,0.06723211542491513,1.9563768698465105,0.1585311996930258,0.0,0.0,0.0,0.03025394910779929,0.0,0,0.0,0,1.9563768698465105,,,,,,,,,,,
5305,10/8/1981,1.127,0.089,10.000,5.054,0.089,0.0,4.965,0.0,0.0,0.0,1.9563768698465105,0.0,0.0,0.06355064709377027,1.8928262227527402,0.15030386910504195,0.0,0.0,0.0,0.02849154528520205,0.0,0,0.0,0,1.8928262227527402,,,,,,,,,,,
5306,10/9/1981,1.171,0.139,10.000,5.054,0.139,0.0,4.915,0.0,0.0,0.0,1.8928262227527402,0.0,0.0,0.06014742201094094,1.8326788007417991,0.14267280823124875,0.0,0.0,0.0,0.026868301926560572,0.0,0,0.0,0,1.8326788007417991,,,,,,,,,,,
5307,10/10/1981,1.170,0.155,10.000,5.054,0.155,0.0,4.899,0.0,0.0,0.0,1.8326788007417991,0.0,0.0,0.056995824194802334,1.7756829765469968,0.1355829271992847,0.0,0.0,0.0,0.025370453028465797,0.0,0,0.0,0,1.7756829765469968,,,,,,,,,,,
5308,10/11/1981,1.163,0.081,10.000,5.054,0.081,0.0,4.973,0.0,0.0,0.0,1.7756829765469968,0.0,0.0,0.054072298347933305,1.7216106781990634,0.1289852852729995,0.0,0.0,0.0,0.023985858956057336,0.0,0,0.0,0,1.7216106781990634,,,,,,,,,,,
5309,10/12/1981,1.164,0.063,10.000,5.054,0.063,0.0,4.9910000000000005,0.0,0.0,0.0,1.7216106781990634,0.0,0.0,0.051355940923607346,1.6702547372754561,0.1228362904573361,0.0,0.0,0.0,0.022703784205532946,0.0,0,0.0,0,1.6702547372754561,,,,,,,,,,,
5310,10/13/1981,1.169,0.110,10.000,5.054,0.11,0.0,4.944,0.0,0.0,0.0,1.6702547372754561,0.0,0.0,0.04882815315600916,1.621426584119447,0.11709701759141347,0.0,0.0,0.0,0.02151470949243979,0.0,0,0.0,0,1.621426584119447,,,,,,,,,,,
5311,10/14/1981,1.164,0.078,10.000,5.054,0.078,0.0,4.976,0.0,0.0,0.0,1.621426584119447,0.0,0.0,0.046472345596415006,1.574954238523032,0.11173262534827834,0.0,0.0,0.0,0.020410172275472226,0.0,0,0.0,0,1.574954238523032,,,,,,,,,,,
5312,10/15/1981,1.169,0.110,10.000,5.054,0.11,0.0,4.944,0.0,0.0,0.0,1.574954238523032,0.0,0.0,0.04427368563622625,1.5306805528868057,0.10671185612091745,0.0,0.0,0.0,0.019382630933503175,0.0,0,0.0,0,1.5306805528868057,,,,,,,,,,,
5313,10/16/1981,1.201,0.507,10.000,5.054,0.507,0.0,4.547000000000001,0.0,0.0,0.0,1.5306805528868057,0.0,0.0,0.042218881046000994,1.4884616718408048,0.10200660563063088,0.0,0.0,0.0,0.018425348695536768,0.0,0,0.0,0,1.4884616718408048,,,,,,,,,,,
5314,10/17/1981,1.150,0.092,10.000,5.054,0.092,0.0,4.962000000000001,0.0,0.0,0.0,1.4884616718408048,0.0,0.0,0.04029599380212078,1.448165678038684,0.09759155139605223,0.0,0.0,0.0,0.0175322941287666,0.0,0,0.0,0,1.448165678038684,,,,,,,,,,,
5315,10/18/1981,1.158,0.002,10.000,5.054,0.002,0.0,5.0520000000000005,0.0,0.0,0.0,1.448165678038684,0.0,0.0,0.03849427947448888,1.409671398564195,0.09344383106495838,0.0,0.0,0.0,0.01669805555692953,0.0,0,0.0,0,1.409671398564195,,,,,,,,,,,
5316,10/19/1981,1.162,0.000,10.000,5.054,0.0,0.0,5.054,0.0,0.0,0.0,1.409671398564195,0.0,0.0,0.03680404825992557,1.3728673503042694,0.08954276312655961,0.0,0.0,0.0,0.015917767238905242,0.0,0,0.0,0,1.3728673503042694,,,,,,,,,,,
5317,10/20/1981,1.168,0.069,10.000,5.054,0.069,0.0,4.985,0.0,0.0,0.0,1.3728673503042694,0.0,0.0,0.03521654440573968,1.3376508058985297,0.0858696037594331,0.0,0.0,0.0,0.015187045508679086,0.0,0,0.0,0,1.3376508058985297,,,,,,,,,,,
5318,10/21/1981,1.159,0.000,10.000,5.054,0.0,0.0,5.054,0.0,0.0,0.0,1.3376508058985297,0.0,0.0,0.033723841306790917,1.3039269645917388,0.08240733458472568,0.0,0.0,0.0,0.014501933379992735,0.0,0,0.0,0,1.3039269645917388,,,,,,,,,,,
5319,10/22/1981,1.162,0.000,10.000,5.054,0.0,0.0,5.054,0.0,0.0,0.0,1.3039269645917388,0.0,0.0,0.0323187500011313,1.2716082145906076,0.07914047692909539,0.0,0.0,0.0,0.013858852366049555,0.0,0,0.0,0,1.2716082145906076,,,,,,,,,,,
5320,10/23/1981,1.198,0.423,10.000,5.054,0.423,0.0,4.631,0.0,0.0,0.0,1.2716082145906076,0.0,0.0,0.030994739152882388,1.2406134754377252,0.07605492889142693,0.0,0.0,0.0,0.013254560467365716,0.0,0,0.0,0,1.2406134754377252,,,,,,,,,,,
5321,10/24/1981,1.152,0.069,10.000,5.054,0.069,0.0,4.985,0.0,0.0,0.0,1.2406134754377252,0.0,0.0,0.029745864911304227,1.210867610526421,0.07313782207895342,0.0,0.0,0.0,0.012686115447829093,0.0,0,0.0,0,1.210867610526421,,,,,,,,,,,
5322,10/25/1981,1.185,0.313,10.000,5.054,0.313,0.0,4.7410000000000005,0.0,0.0,0.0,1.210867610526421,0.0,0.0,0.028566709283921687,1.1823009012424992,0.07037739535385018,0.0,0.0,0.0,0.01215084265704108,0.0,0,0.0,0,1.1823009012424992,,,,,,,,,,,
5323,10/26/1981,1.154,0.058,10.000,5.054,0.058,0.0,4.996,0.0,0.0,0.0,1.1823009012424992,0.0,0.0,0.027452325868587195,1.154848575373912,0.0677628833281183,0.0,0.0,0.0,0.011646306771485078,0.0,0,0.0,0,1.154848575373912,,,,,,,,,,,
5324,10/27/1981,1.166,0.081,10.000,5.054,0.081,0.0,4.973,0.0,0.0,0.0,1.154848575373912,0.0,0.0,0.026398191962088587,1.1284503834118234,0.06528441767672397,0.0,0.0,0.0,0.011170286922320201,0.0,0,0.0,0,1.1284503834118234,,,,,,,,,,,
5325,10/28/1981,1.170,0.123,10.000,5.054,0.123,0.0,4.931,0.0,0.0,0.0,1.1284503834118234,0.0,0.0,0.02540016620748807,1.1030502172043353,0.06293293961787526,0.0,0.0,0.0,0.010720754757117416,0.0,0,0.0,0,1.1030502172043353,,,,,,,,,,,
5326,10/29/1981,1.170,0.144,10.000,5.054,0.144,0.0,4.91,0.0,0.0,0.0,1.1030502172043353,0.0,0.0,0.02445445106375944,1.0785957661405758,0.060700122144229846,0.0,0.0,0.0,0.010295855049442379,0.0,0,0.0,0,1.0785957661405758,,,,,,,,,,,
5327,10/30/1981,1.166,0.106,10.000,5.054,0.106,0.0,4.948,0.0,0.0,0.0,1.0785957661405758,0.0,0.0,0.02355755948349577,1.05503820665708,0.05857830078724088,0.0,0.0,0.0,0.009893888526113087,0.0,0,0.0,0,1.05503820665708,,,,,,,,,,,
5328,10/31/1981,1.158,0.005,10.000,5.054,0.005,0.0,5.049,0.0,0.0,0.0,1.05503820665708,0.0,0.0,0.022706285270763047,1.032331921386317,0.056560411864903515,0.0,0.0,0.0,0.009513296629064244,0.0,0,0.0,0,1.032331921386317,,,,,,,,,,,
5329,11/1/1981,1.163,0.014,11.000,5.054,0.014,0.0,5.04,0.0,0.0,0.0,1.032331921386317,0.0,0.0,0.021897676664249854,1.010434244722067,0.0546399373058824,0.0,0.0,0.0,0.009152647968535089,0.0,0,0.0,0,1.010434244722067,,,,,,,,,,,
5330,11/2/1981,1.164,0.035,11.000,5.054,0.035,0.0,5.019,0.0,0.0,0.0,1.010434244722067,0.0,0.0,0.021129012752902035,0.9893052319691651,0.05281085526452068,0.0,0.0,0.0,0.008810626257991222,0.0,0,0.0,0,0.9893052319691651,,,,,,,,,,,
5331,11/3/1981,1.171,0.111,11.000,5.054,0.111,0.0,4.9430000000000005,0.0,0.0,0.0,0.9893052319691651,0.0,0.0,0.020397782384035376,0.9689074495851298,0.05106759584495672,0.0,0.0,0.0,0.008486019549800428,0.0,0,0.0,0,0.9689074495851298,,,,,,,,,,,
5332,11/4/1981,1.269,1.310,11.000,5.054,1.31,0.0,3.744,0.0,0.0,0.0,0.9689074495851298,0.0,0.0,0.01970166526897609,0.9492057843161537,0.04940500134133148,0.0,0.0,0.0,0.008177710615036405,0.0,0,0.0,0,0.9492057843161537,,,,,,,,,,,
5333,11/5/1981,1.157,0.544,11.000,5.054,0.544,0.0,4.51,0.0,0.0,0.0,0.9492057843161537,0.0,0.0,0.019038515029817165,0.9301672692863365,0.04781829047719339,0.0,0.0,0.0,0.007884668331566242,0.0,0,0.0,0,0.9301672692863365,,,,,,,,,,,
5334,11/6/1981,1.178,0.444,11.000,5.054,0.444,0.0,4.61,0.0,0.0,0.0,0.9301672692863365,0.0,0.0,0.01840634396391877,0.9117609253224177,0.0463030261926477,0.0,0.0,0.0,0.007605939962353507,0.0,0,0.0,0,0.9117609253224177,,,,,,,,,,,
5335,11/7/1981,1.180,0.421,11.000,5.054,0.421,0.0,4.633,0.0,0.0,0.0,0.9117609253224177,0.0,0.0,0.017803309331171892,0.8939576159912458,0.04485508658417738,0.0,0.0,0.0,0.007340644221148685,0.0,0,0.0,0,0.8939576159912458,,,,,,,,,,,
5336,11/8/1981,1.171,0.296,11.000,5.054,0.296,0.0,4.758,0.0,0.0,0.0,0.8939576159912458,0.0,0.0,0.017227700993493678,0.8767299149977521,0.043470638650741605,0.0,0.0,0.0,0.007087965035833581,0.0,0,0.0,0,0.8767299149977521,,,,,,,,,,,
5337,11/9/1981,1.395,2.868,11.000,5.054,2.868,0.0,2.1860000000000004,0.0,0.0,0.0,0.8767299149977521,0.0,0.0,0.016677930257123254,0.8600519847406288,0.04214611454187579,0.0,0.0,0.0,0.006847145930962253,0.0,0,0.0,0,0.8600519847406288,,,,,,,,,,,
5338,11/10/1981,1.091,0.345,11.000,5.054,0.345,0.0,4.7090000000000005,0.0,0.0,0.0,0.8600519847406288,0.0,0.0,0.016152519786534585,0.8438994649540943,0.040878190040032465,0.0,0.0,0.0,0.006617484960771591,0.0,0,0.0,0,0.8438994649540943,,,,,,,,,,,
5339,11/11/1981,1.163,0.173,11.000,5.054,0.173,0.0,4.881,0.0,0.0,0.0,0.8438994649540943,0.0,0.0,0.015650094474595592,0.8282493704794986,0.03966376504112195,0.0,0.0,0.0,0.0063983301323483534,0.0,0,0.0,0,0.8282493704794986,,,,,,,,,,,
5340,11/12/1981,1.281,1.480,11.000,5.054,1.48,0.0,3.5740000000000003,0.0,0.0,0.0,0.8282493704794986,0.0,0.0,0.015169373167332363,0.8130799973121663,0.03849994582482037,0.0,0.0,0.0,0.006189075265929504,0.0,0,0.0,0,0.8130799973121663,,,,,,,,,,,
5341,11/13/1981,1.327,2.634,11.000,5.054,2.634,0.0,2.4200000000000004,0.0,0.0,0.0,0.8130799973121663,0.0,0.0,0.014709161153600952,0.7983708361585653,0.037384028930285654,0.0,0.0,0.0,0.005989156245640944,0.0,0,0.0,0,0.7983708361585653,,,,,,,,,,,
5342,11/14/1981,1.414,4.123,11.000,5.054,4.123,0.0,0.931,0.0,0.0,0.0,0.7983708361585653,0.0,0.0,0.014268343340378385,0.7841024928181869,0.03631348647395197,0.0,0.0,0.0,0.005798047619483732,0.0,0,0.0,0,0.7841024928181869,,,,,,,,,,,
5343,11/15/1981,1.073,0.506,11.000,5.054,0.506,0.0,4.548,0.0,0.0,0.0,0.7841024928181869,0.0,0.0,0.013845878043473326,0.7702566147747135,0.03528595276447728,0.0,0.0,0.0,0.005615259512172725,0.0,0,0.0,0,0.7702566147747135,,,,,,,,,,,
5344,11/16/1981,1.153,0.129,11.000,5.054,0.129,0.0,4.925000000000001,0.0,0.0,0.0,0.7702566147747135,0.0,0.0,0.013440791331405827,0.7568158234433077,0.03429921208605097,0.0,0.0,0.0,0.005440334818618715,0.0,0,0.0,0,0.7568158234433077,,,,,,,,,,,
5345,11/17/1981,1.207,0.595,11.000,5.054,0.595,0.0,4.4590000000000005,0.0,0.0,0.0,0.7568158234433077,0.0,0.0,0.013052171867170627,0.743763651576137,0.03335118753543521,0.0,0.0,0.0,0.005272846649505613,0.0,0,0.0,0,0.743763651576137,,,,,,,,,,,
5346,11/18/1981,1.253,1.351,11.000,5.054,1.351,0.0,3.7030000000000003,0.0,0.0,0.0,0.743763651576137,0.0,0.0,0.012679166198710873,0.7310844853774261,0.032439930810573586,0.0,0.0,0.0,0.005112396003620419,0.0,0,0.0,0,0.7310844853774261,,,,,,,,,,,
5347,11/19/1981,2.057,10.726,11.000,5.054,5.054,5.672000000000001,0.0,0,5.5825585542815706,0.0,6.313643039658997,0.0,0.0,0.4478842784764548,5.865758761182542,0.941262146792491,0.08944144571843,0.08944144571843,0.0,0.22833034663530535,0.08944144571843,0,0.0,0,5.865758761182542,,,,,,,,,,,
5348,11/20/1981,2.968,2.450,11.000,5.054,2.45,0.0,2.604,0.0,0.0,0.08944144571843,5.865758761182542,0.08944144571843,0.0,0.3961923703553825,5.4695663908271595,0.8395870538031347,0.0,0.0,0.0,0.20035464394350444,0.0,0,0.0,0,5.4695663908271595,,,,,,,,,,,
5349,11/21/1981,1.125,0.612,11.000,5.054,0.612,0.0,4.442,0.0,0.0,0.0,5.4695663908271595,0.0,0.0,0.3526040327774367,5.116962358049722,0.7530576647983402,0.0,0.0,0.0,0.17694970335071664,0.0,0,0.0,0,5.116962358049722,,,,,,,,,,,
5350,11/22/1981,1.223,1.013,11.000,5.054,1.013,0.0,4.041,0.0,0.0,0.0,5.116962358049722,0.0,0.0,0.31553883295076496,4.801423525098957,0.6788405029757024,0.0,0.0,0.0,0.15719601418425558,0.0,0,0.0,0,4.801423525098957,,,,,,,,,,,
5351,11/23/1981,1.123,0.000,11.000,5.054,0.0,0.0,5.054,0.0,0.0,0.0,4.801423525098957,0.0,0.0,0.28378044885502857,4.517643076243928,0.6147324091843849,0.0,0.0,0.0,0.14039115191311236,0.0,0,0.0,0,4.517643076243928,,,,,,,,,,,
5352,11/24/1981,1.164,0.021,11.000,5.054,0.021,0.0,5.033,0.0,0.0,0.0,4.517643076243928,0.0,0.0,0.256380882199011,4.261262194044917,0.558999653117289,0.0,0.0,0.0,0.1259915191953414,0.0,0,0.0,0,4.261262194044917,,,,,,,,,,,
5353,11/25/1981,1.162,0.005,11.000,5.054,0.005,0.0,5.049,0.0,0.0,0.0,4.261262194044917,0.0,0.0,0.2325927675687111,4.028669426476206,0.5102630057613402,0.0,0.0,0.0,0.11357146243097958,0.0,0,0.0,0,4.028669426476206,,,,,,,,,,,
5354,11/26/1981,1.174,0.136,11.000,5.054,0.136,0.0,4.918,0.0,0.0,0.0,4.028669426476206,0.0,0.0,0.2118207488631937,3.8168486776130126,0.4674143450579949,0.0,0.0,0.0,0.10279410032947492,0.0,0,0.0,0,3.8168486776130126,,,,,,,,,,,
5355,11/27/1981,1.158,0.021,11.000,5.054,0.021,0.0,5.033,0.0,0.0,0.0,3.8168486776130126,0.0,0.0,0.193586030680731,3.6232626469322815,0.4295552748997352,0.0,0.0,0.0,0.09339019271070137,0.0,0,0.0,0,3.6232626469322815,,,,,,,,,,,
5356,11/28/1981,1.172,0.117,11.000,5.054,0.117,0.0,4.937,0.0,0.0,0.0,3.6232626469322815,0.0,0.0,0.17750018329685358,3.445762463635428,0.3959513560223901,0.0,0.0,0.0,0.0851426213479446,0.0,0,0.0,0,3.445762463635428,,,,,,,,,,,
5357,11/29/1981,1.177,0.218,11.000,5.054,0.218,0.0,4.836,0.0,0.0,0.0,3.445762463635428,0.0,0.0,0.1632455447292145,3.2825169189062136,0.36599756951056306,0.0,0.0,0.0,0.07787484783656265,0.0,0,0.0,0,3.2825169189062136,,,,,,,,,,,
5358,11/30/1981,1.250,1.141,11.000,5.054,1.141,0.0,3.9130000000000003,0.0,0.0,0.0,3.2825169189062136,0.0,0.0,0.15056039077137873,3.1319565281348347,0.3391919694943062,0.0,0.0,0.0,0.07144222926324802,0.0,0,0.0,0,3.1319565281348347,,,,,,,,,,,
5359,12/1/1981,1.130,0.133,12.000,5.337,0.133,0.0,5.204,0.0,0.0,0.0,3.1319565281348347,0.0,0.0,0.13922759465547452,2.99272893347936,0.3151153792225176,0.0,0.0,0.0,0.06572541385740728,0.0,0,0.0,0,2.99272893347936,,,,,,,,,,,
5360,12/2/1981,1.168,0.124,12.000,5.337,0.124,0.0,5.213,0.0,0.0,0.0,2.99272893347936,0.0,0.0,0.12906587058515254,2.8636630628942075,0.2934155973144219,0.0,0.0,0.0,0.06062526849207509,0.0,0,0.0,0,2.8636630628942075,,,,,,,,,,,
5361,12/3/1981,1.170,0.146,12.000,5.337,0.146,0.0,5.191,0.0,0.0,0.0,2.8636630628942075,0.0,0.0,0.11992295117798137,2.743740111716226,0.2737950051578654,0.0,0.0,0.0,0.05605894676037941,0.0,0,0.0,0,2.743740111716226,,,,,,,,,,,
5362,12/4/1981,1.252,1.134,12.000,5.337,1.134,0.0,4.202999999999999,0.0,0.0,0.0,2.743740111716226,0.0,0.0,0.11167022689690262,2.632069884819323,0.25600076404506694,0.0,0.0,0.0,0.05195681497232442,0.0,0,0.0,0,2.632069884819323,,,,,,,,,,,
5363,12/5/1981,1.395,3.272,12.000,5.337,3.272,0.0,2.065,0.0,0.0,0.0,2.632069884819323,0.0,0.0,0.10419850105448245,2.5278713837648406,0.23981700206065346,0.0,0.0,0.0,0.04826002960506036,0.0,0,0.0,0,2.5278713837648406,,,,,,,,,,,
5364,12/6/1981,1.097,0.555,12.000,5.337,0.555,0.0,4.782,0.0,0.0,0.0,2.5278713837648406,0.0,0.0,0.09741460349576841,2.430456780269072,0.22505854266363498,0.0,0.0,0.0,0.044918613824217836,0.0,0,0.0,0,2.430456780269072,,,,,,,,,,,
5365,12/7/1981,1.238,1.157,12.000,5.337,1.157,0.0,4.18,0.0,0.0,0.0,2.430456780269072,0.0,0.0,0.09123867062960667,2.3392181096394653,0.21156583725445421,0.0,0.0,0.0,0.041889919518381474,0.0,0,0.0,0,2.3392181096394653,,,,,,,,,,,
5366,12/8/1981,1.284,1.988,12.000,5.337,1.988,0.0,3.3489999999999998,0.0,0.0,0.0,2.3392181096394653,0.0,0.0,0.08560194652500838,2.253616163114457,0.19920084497654883,0.0,0.0,0.0,0.0391373894515979,0.0,0,0.0,0,2.253616163114457,,,,,,,,,,,
5367,12/9/1981,1.286,2.365,12.000,5.337,2.365,0.0,2.9719999999999995,0.0,0.0,0.0,2.253616163114457,0.0,0.0,0.08044499440426577,2.1731711687101916,0.18784366295827812,0.0,0.0,0.0,0.036629554768801774,0.0,0,0.0,0,2.1731711687101916,,,,,,,,,,,
5368,12/10/1981,1.246,2.056,12.000,5.337,2.056,0.0,3.2809999999999997,0.0,0.0,0.0,2.1731711687101916,0.0,0.0,0.07571623356521472,2.097454935144977,0.17738975499777931,0.0,0.0,0.0,0.03433921834069115,0.0,0,0.0,0,2.097454935144977,,,,,,,,,,,
5369,12/11/1981,1.373,3.421,12.000,5.337,3.421,0.0,1.916,0.0,0.0,0.0,2.097454935144977,0.0,0.0,0.07137073601080997,2.026084199134167,0.16774766044289055,0.0,0.0,0.0,0.032242785808101915,0.0,0,0.0,0,2.026084199134167,,,,,,,,,,,
5370,12/12/1981,0.000,0.212,12.000,5.337,0.212,0.0,5.125,0.0,0.0,0.0,2.026084199134167,0.0,0.0,0.06736923159282433,1.9587149675413427,0.15883709064519633,0.0,0.0,0.0,0.030319714736974385,0.0,0,0.0,0,1.9587149675413427,,,,,,,,,,,
5371,12/13/1981,1.166,0.137,12.000,5.337,0.137,0.0,5.199999999999999,0.0,0.0,0.0,1.9587149675413427,0.0,0.0,0.0636772815279776,1.895037686013365,0.15058733997118737,0.0,0.0,0.0,0.02855205877378682,0.0,0,0.0,0,1.895037686013365,,,,,,,,,,,
5372,12/14/1981,1.238,0.964,12.000,5.337,0.964,0.0,4.372999999999999,0.0,0.0,0.0,1.895037686013365,0.0,0.0,0.060264588612096166,1.8347730974012688,0.14293595345555335,0.0,0.0,0.0,0.026924088636005327,0.0,0,0.0,0,1.8347730974012688,,,,,,,,,,,
5373,12/15/1981,1.218,1.126,12.000,5.337,1.126,0.0,4.211,0.0,0.0,0.0,1.8347730974012688,0.0,0.0,0.057104418989704975,1.7776686784115638,0.13582760489318754,0.0,0.0,0.0,0.025421975572122318,0.0,0,0.0,0,1.7776686784115638,,,,,,,,,,,
5374,12/16/1981,1.137,0.217,12.000,5.337,0.217,0.0,5.12,0.0,0.0,0.0,1.7776686784115638,0.0,0.0,0.054173115407929774,1.7234955630036342,0.1292131483062287,0.0,0.0,0.0,0.024033525865442516,0.0,0,0.0,0,1.7234955630036342,,,,,,,,,,,
5375,12/17/1981,1.239,0.986,12.000,5.337,0.986,0.0,4.351,0.0,0.0,0.0,1.7234955630036342,0.0,0.0,0.05144968584554396,1.6720458771580902,0.12304881289806673,0.0,0.0,0.0,0.022747957243987486,0.0,0,0.0,0,1.6720458771580902,,,,,,,,,,,
5376,12/18/1981,1.322,2.345,12.000,5.337,2.345,0.0,2.9919999999999995,0.0,0.0,0.0,1.6720458771580902,0.0,0.0,0.04891545452135591,1.6231304226367342,0.11729551727205471,0.0,0.0,0.0,0.021555709850673364,0.0,0,0.0,0,1.6231304226367342,,,,,,,,,,,
5377,12/19/1981,1.750,7.660,12.000,5.337,5.337,2.3230000000000004,0.0,0,2.2335585542815704,0.0,3.8566889769183046,0.0,0.0,0.19696548910897627,3.6597234878093285,0.4365899163379322,0.08944144571843,0.08944144571843,0.0,0.09512878712235795,0.08944144571843,0,0.0,0,3.6597234878093285,,,,,,,,,,,
5378,12/20/1981,6.401,28.955,12.000,5.337,5.337,23.618,0.0,0,23.618,0.08944144571843,27.27812163706873,0.0,0.08944144571843,5.133220038132441,22.144901598936286,8.834835779186484,0.0,0.0,0.00039814925940304455,3.0724520160663356,0.08904329645902696,0,0.0,0,22.144901598936286,,,,,,,,,,,
5379,12/21/1981,7.422,12.668,12.000,5.337,5.337,7.3309999999999995,0.0,0,7.330601850740597,0.08904329645902696,29.4758998265719,0.0,0.08904329645902696,5.840870328857585,23.635029497714314,9.924870792112005,0.0003981492594030382,0.0003981492594030382,0.0003963768950199571,3.5258463869631473,0.08904506882341005,0,0.0,0,23.635029497714314,,,,,,,,,,,
5380,12/22/1981,11.070,22.482,12.000,5.337,5.337,17.145,0.0,0,17.14460362310498,0.08904506882341005,40.78002950560401,0.0,0.08904506882341005,10.033327869444527,30.746701636159486,16.107705497088944,0.00039637689501995115,0.00039637689501995115,0.000396384784713162,6.27612793648597,0.08904506093371685,0,0.0,0,30.746701636159486,,,,,,,,,,,
5381,12/23/1981,15.203,39.042,12.000,5.337,5.337,33.705,0.0,0,33.704603615215284,0.08904506093371685,64.45170163612437,0.0,0.08904506093371685,21.51574680602458,42.93595483009979,31.571517778644434,0.0003963847847131611,0.0003963847847131611,0.0003963847495921342,14.151538135661172,0.08904506096883787,0,0.0,0,42.93595483009979,,,,,,,,,,,
5382,12/24/1981,0.000,0.505,12.000,5.337,0.505,0.0,4.832,0.0,0.0,0.08904506096883787,42.93595483009979,0.08904506096883787,0.0,10.932873436948771,32.00308139315102,17.38573975233426,0.0,0.0,0.0,6.877565854890581,0.0,0,0.0,0,32.00308139315102,,,,,,,,,,,
5383,12/25/1981,1.194,0.617,12.000,5.337,0.617,0.0,4.72,0.0,0.0,0.0,32.00308139315102,0.0,0.0,6.699135646812768,25.303945746338254,11.2261372703195,0.0,0.0,0.0,4.080585027852748,0.0,0,0.0,0,25.303945746338254,,,,,,,,,,,
5384,12/26/1981,1.245,1.281,12.000,5.337,1.281,0.0,4.056,0.0,0.0,0.0,25.303945746338254,0.0,0.0,4.529109886324681,20.774835860013575,7.890452166266255,0.0,0.0,0.0,2.688623893116895,0.0,0,0.0,0,20.774835860013575,,,,,,,,,,,
5385,12/27/1981,1.171,0.693,12.000,5.337,0.693,0.0,4.644,0.0,0.0,0.0,20.774835860013575,0.0,0.0,3.260331650893257,17.514504209120318,5.8575674813133,0.0,0.0,0.0,1.8940258072665566,0.0,0,0.0,0,17.514504209120318,,,,,,,,,,,
5386,12/28/1981,1.254,1.426,12.000,5.337,1.426,0.0,3.9109999999999996,0.0,0.0,0.0,17.514504209120318,0.0,0.0,2.4529885719079103,15.061515637212407,4.520392729074438,0.0,0.0,0.0,1.3985851833126661,0.0,0,0.0,0,15.061515637212407,,,,,,,,,,,
5387,12/29/1981,1.136,0.332,12.000,5.337,0.332,0.0,5.005,0.0,0.0,0.0,15.061515637212407,0.0,0.0,1.9075689286129247,13.153946708599483,3.591809124639942,0.0,0.0,0.0,1.0697621407537834,0.0,0,0.0,0,13.153946708599483,,,,,,,,,,,
5388,12/30/1981,1.162,0.147,12.000,5.337,0.147,0.0,5.1899999999999995,0.0,0.0,0.0,13.153946708599483,0.0,0.0,1.5221562719289983,11.631790436670485,2.9200543840306104,0.0,0.0,0.0,0.8410395146169207,0.0,0,0.0,0,11.631790436670485,,,,,,,,,,,
5389,12/31/1981,1.211,0.647,12.000,5.337,0.647,0.0,4.6899999999999995,0.0,0.0,0.0,11.631790436670485,0.0,0.0,1.2400619828119004,10.391728453858585,2.4182450618132187,0.0,0.0,0.0,0.6759946682111947,0.0,0,0.0,0,10.391728453858585,,,,,,,,,,,
5390,1/1/1982,1.244,1.284,1.000,5.134,1.284,0.0,3.8500000000000005,0.0,0.0,0.0,10.391728453858585,0.0,0.0,1.0276504754541387,9.364077978404445,2.033530497479211,0.0,0.0,0.0,0.5533196869890233,0.0,0,0.0,0,9.364077978404445,,,,,,,,,,,
5391,1/2/1982,1.157,0.535,1.000,5.134,0.535,0.0,4.599,0.0,0.0,0.0,9.364077978404445,0.0,0.0,0.8639212317091183,8.500156746695327,1.732184254229885,0.0,0.0,0.0,0.45988090672052356,0.0,0,0.0,0,8.500156746695327,,,,,,,,,,,
5392,1/3/1982,1.148,0.085,1.000,5.134,0.085,0.0,5.049,0.0,0.0,0.0,8.500156746695327,0.0,0.0,0.7352087526021874,7.764947994093139,1.4918291923717535,0.0,0.0,0.0,0.3872324041037779,0.0,0,0.0,0,7.764947994093139,,,,,,,,,,,
5393,1/4/1982,1.177,0.213,1.000,5.134,0.213,0.0,4.921,0.0,0.0,0.0,7.764947994093139,0.0,0.0,0.6323099709762207,7.132638023116918,1.297129886003314,0.0,0.0,0.0,0.3297481739772027,0.0,0,0.0,0,7.132638023116918,,,,,,,,,,,
5394,1/5/1982,1.158,0.063,1.000,5.134,0.063,0.0,5.071000000000001,0.0,0.0,0.0,7.132638023116918,0.0,0.0,0.5488446291677844,6.583793393949134,1.1372849967881693,0.0,0.0,0.0,0.28356742289780895,0.0,0,0.0,0,6.583793393949134,,,,,,,,,,,
5395,1/6/1982,1.295,1.562,1.000,5.134,1.562,0.0,3.572,0.0,0.0,0.0,6.583793393949134,0.0,0.0,0.48027808210175205,6.1035153118473815,1.0045058614392053,0.0,0.0,0.0,0.24597224903707776,0.0,0,0.0,0,6.1035153118473815,,,,,,,,,,,
5396,1/7/1982,1.817,8.210,1.000,5.134,5.134,3.0760000000000005,0.0,0,2.9865585542815705,0.0,9.090073866128952,0.0,0.0,0.8222012484903412,8.267872617638611,1.654635801132545,0.08944144571843,0.08944144571843,0.0,0.43624947390583857,0.08944144571843,0,0.0,0,8.267872617638611,,,,,,,,,,,
5397,1/8/1982,1.185,0.000,1.000,5.134,0.0,0.0,5.134,0.0,0.0,0.08944144571843,8.267872617638611,0.08944144571843,0.0,0.7020295713365176,7.565843046302094,1.4293140330269467,0.0,0.0,0.0,0.36863518502643156,0.0,0,0.0,0,7.565843046302094,,,,,,,,,,,
5398,1/9/1982,1.225,0.739,1.000,5.134,0.739,0.0,4.3950000000000005,0.0,0.0,0.0,7.565843046302094,0.0,0.0,0.6055193006962414,6.960323745605852,1.2460221787931263,0.0,0.0,0.0,0.31487862270070194,0.0,0,0.0,0,6.960323745605852,,,,,,,,,,,
5399,1/10/1982,1.331,2.319,1.000,5.134,2.319,0.0,2.8150000000000004,0.0,0.0,0.0,6.960323745605852,0.0,0.0,0.5269242410968871,6.433399504508966,1.094988810831762,0.0,0.0,0.0,0.27151282403373167,0.0,0,0.0,0,6.433399504508966,,,,,,,,,,,
5400,1/11/1982,1.728,7.534,1.000,5.134,5.134,2.3999999999999995,0.0,0,2.3105585542815694,0.0,8.743958058790536,0.0,0.0,0.7706891076890904,7.973268951101446,1.5584179685350847,0.08944144571843,0.08944144571843,0.0,0.40718060624798674,0.08944144571843,0,0.0,0,7.973268951101446,,,,,,,,,,,
5401,1/12/1982,1.143,0.520,1.000,5.134,0.52,0.0,4.614000000000001,0.0,0.0,0.08944144571843,7.973268951101446,0.08944144571843,0.0,0.6608351487285737,7.312433802372872,1.3513509345139803,0.0,0.0,0.0,0.34562603086402127,0.0,0,0.0,0,7.312433802372872,,,,,,,,,,,
5402,1/13/1982,1.155,0.157,1.000,5.134,0.157,0.0,4.977,0.0,0.0,0.0,7.312433802372872,0.0,0.0,0.5720961484082451,6.740337653964627,1.1820010879977771,0.0,0.0,0.0,0.296388698369207,0.0,0,0.0,0,6.740337653964627,,,,,,,,,,,
5403,1/14/1982,1.179,0.265,1.000,5.134,0.265,0.0,4.869000000000001,0.0,0.0,0.0,6.740337653964627,0.0,0.0,0.499461326297284,6.240876327667342,1.0417980233375022,0.0,0.0,0.0,0.25645691675258386,0.0,0,0.0,0,6.240876327667342,,,,,,,,,,,
5404,1/15/1982,1.173,0.257,1.000,5.134,0.257,0.0,4.877000000000001,0.0,0.0,0.0,6.240876327667342,0.0,0.0,0.43931402890520566,5.8015622987621365,0.9244709931473086,0.0,0.0,0.0,0.22367671457121002,0.0,0,0.0,0,5.8015622987621365,,,,,,,,,,,
5405,1/16/1982,1.164,0.142,1.000,5.134,0.142,0.0,4.992,0.0,0.0,0.0,5.8015622987621365,0.0,0.0,0.3889920375077138,5.412570261254423,0.8253457105644315,0.0,0.0,0.0,0.19647617303770976,0.0,0,0.0,0,5.412570261254423,,,,,,,,,,,
5406,1/17/1982,1.156,0.000,1.000,5.134,0.0,0.0,5.134,0.0,0.0,0.0,5.412570261254423,0.0,0.0,0.346501423411271,5.066068837843152,0.7408802148650321,0.0,0.0,0.0,0.17368754286669003,0.0,0,0.0,0,5.066068837843152,,,,,,,,,,,
5407,1/18/1982,1.180,0.209,1.000,5.134,0.209,0.0,4.925000000000001,0.0,0.0,0.0,5.066068837843152,0.0,0.0,0.31032558954198963,4.755743248301162,0.6683510552746064,0.0,0.0,0.0,0.15442948500218703,0.0,0,0.0,0,4.755743248301162,,,,,,,,,,,
5408,1/19/1982,1.196,0.497,1.000,5.134,0.497,0.0,4.6370000000000005,0.0,0.0,0.0,4.755743248301162,0.0,0.0,0.2792949680800339,4.476448280221128,0.6056365337582106,0.0,0.0,0.0,0.13802732791583802,0.0,0,0.0,0,4.476448280221128,,,,,,,,,,,
5409,1/20/1982,1.184,0.492,1.000,5.134,0.492,0.0,4.642,0.0,0.0,0.0,4.476448280221128,0.0,0.0,0.2524963259641229,4.2239519542570045,0.5510641101541153,0.0,0.0,0.0,0.12395796659933997,0.0,0,0.0,0,4.2239519542570045,,,,,,,,,,,
5410,1/21/1982,1.838,7.858,1.000,5.134,5.134,2.7239999999999993,0.0,0,2.6345585542815693,0.0,6.858510508538574,0.0,0.0,0.5141408667078474,6.344369641830727,1.0702579476762704,0.08944144571843,0.08944144571843,0.0,0.2644980426579311,0.08944144571843,0,0.0,0,6.344369641830727,,,,,,,,,,,
5411,1/22/1982,1.869,6.032,1.000,5.134,5.134,0.8979999999999997,0.0,0,0.8979999999999997,0.08944144571843,7.242767791090129,0.0,0.08944144571843,0.5630410343617358,6.679726756728393,1.16460458660279,0.0,0.0,0.00039814925940304455,0.2913914021097669,0.08904329645902696,0,0.0,0,6.679726756728393,,,,,,,,,,,
5412,1/23/1982,1.107,1.058,1.000,5.134,1.058,0.0,4.0760000000000005,0.0,0.0,0.08904329645902696,6.679726756728393,0.08904329645902696,0.0,0.49199830554926366,6.1877284511791295,1.0273036833074471,0.0,0.0,0.0,0.25237477066725483,0.0,0,0.0,0,6.1877284511791295,,,,,,,,,,,
5413,1/24/1982,1.166,0.537,1.000,5.134,0.537,0.0,4.597,0.0,0.0,0.0,6.1877284511791295,0.0,0.0,0.43309634835165667,5.754632102827473,0.912273087176886,0.0,0.0,0.0,0.22030425436903817,0.0,0,0.0,0,5.754632102827473,,,,,,,,,,,
5414,1/25/1982,1.175,0.403,1.000,5.134,0.403,0.0,4.731,0.0,0.0,0.0,5.754632102827473,0.0,0.0,0.3837617785485502,5.370870324278923,0.8149882518240597,0.0,0.0,0.0,0.19366184124408686,0.0,0,0.0,0,5.370870324278923,,,,,,,,,,,
5415,1/26/1982,1.753,6.837,1.000,5.134,5.134,1.7029999999999994,0.0,0,1.6135585542815694,0.0,6.984428878560492,0.0,0.0,0.5299691751420775,6.454459703418415,1.1008724487942463,0.08944144571842999,0.08944144571842999,0.0,0.27318537116992425,0.08944144571842999,0,0.0,0,6.454459703418415,,,,,,,,,,,
5416,1/27/1982,1.312,2.898,1.000,5.134,2.898,0.0,2.236,0.0,0.0,0.08944144571842999,6.454459703418415,0.08944144571842999,0.0,0.4646567683099219,5.989802935108493,0.9740511076556636,0.0,0.0,0.0,0.23745465333187835,0.0,0,0.0,0,5.989802935108493,,,,,,,,,,,
5417,1/28/1982,1.103,0.508,1.000,5.134,0.508,0.0,4.626,0.0,0.0,0.0,5.989802935108493,0.0,0.0,0.41025448273049214,5.579548452378001,0.867343054884074,0.0,0.0,0.0,0.20794253530561194,0.0,0,0.0,0,5.579548452378001,,,,,,,,,,,
5418,1/29/1982,1.162,0.234,1.000,5.134,0.234,0.0,4.9,0.0,0.0,0.0,5.579548452378001,0.0,0.0,0.36450000070386435,5.215048451674137,0.7767498891370489,0.0,0.0,0.0,0.18331934577329628,0.0,0,0.0,0,5.215048451674137,,,,,,,,,,,
5419,1/30/1982,1.189,0.432,1.000,5.134,0.432,0.0,4.702,0.0,0.0,0.0,5.215048451674137,0.0,0.0,0.3256839505931104,4.889364501081026,0.6992164563640817,0.0,0.0,0.0,0.16258834250358906,0.0,0,0.0,0,4.889364501081026,,,,,,,,,,,
5420,1/31/1982,1.206,0.732,1.000,5.134,0.732,0.0,4.402,0.0,0.0,0.0,4.889364501081026,0.0,0.0,0.2924959135864327,4.596868587494593,0.6323760361027042,0.0,0.0,0.0,0.1449911556381903,0.0,0,0.0,0,4.596868587494593,,,,,,,,,,,
5421,2/1/1982,1.180,0.554,2.000,4.866,0.554,0.0,4.311999999999999,0.0,0.0,0.0,4.596868587494593,0.0,0.0,0.26391815039666483,4.332950437097928,0.5743724186066611,0.0,0.0,0.0,0.1299430157586371,0.0,0,0.0,0,4.332950437097928,,,,,,,,,,,
5422,2/2/1982,1.264,1.474,2.000,4.866,1.474,0.0,3.3919999999999995,0.0,0.0,0.0,4.332950437097928,0.0,0.0,0.2391508782860732,4.093799558811854,0.5237334242446883,0.0,0.0,0.0,0.11698753312087122,0.0,0,0.0,0,4.093799558811854,,,,,,,,,,,
5423,2/3/1982,1.389,3.352,2.000,4.866,3.352,0.0,1.5139999999999998,0.0,0.0,0.0,4.093799558811854,0.0,0.0,0.21755884074355292,3.8762407180683014,0.479279527743718,0.0,0.0,0.0,0.10576458116806309,0.0,0,0.0,0,3.8762407180683014,,,,,,,,,,,
5424,2/4/1982,1.078,0.355,2.000,4.866,0.355,0.0,4.510999999999999,0.0,0.0,0.0,3.8762407180683014,0.0,0.0,0.1986325158804146,3.6776082021878866,0.4400568703765332,0.0,0.0,0.0,0.09598713015645355,0.0,0,0.0,0,3.6776082021878866,,,,,,,,,,,
5425,2/5/1982,1.200,0.621,2.000,4.866,0.621,0.0,4.244999999999999,0.0,0.0,0.0,3.6776082021878866,0.0,0.0,0.18195955951626433,3.4956486426716222,0.40528749181927276,0.0,0.0,0.0,0.08742429890031189,0.0,0,0.0,0,3.4956486426716222,,,,,,,,,,,
5426,2/6/1982,1.157,0.224,2.000,4.866,0.224,0.0,4.6419999999999995,0.0,0.0,0.0,3.4956486426716222,0.0,0.0,0.16720351430569816,3.328445128365924,0.37433190141366574,0.0,0.0,0.0,0.07988879433208976,0.0,0,0.0,0,3.328445128365924,,,,,,,,,,,
5427,2/7/1982,1.263,1.255,2.000,4.866,1.255,0.0,3.6109999999999998,0.0,0.0,0.0,3.328445128365924,0.0,0.0,0.1540877501665823,3.1743573781993417,0.34666061220126737,0.0,0.0,0.0,0.07322749175439798,0.0,0,0.0,0,3.1743573781993417,,,,,,,,,,,
5428,2/8/1982,1.580,5.358,2.000,4.866,4.866,0.492,0.0,0,0.4025615370709038,0.0,3.5769189152702454,0.0,0.0,0.17373244701812227,3.403186468252123,0.388050656864412,0.08943846292909616,0.08943846292909616,0.0,0.08321776122261988,0.08943846292909616,0,0.0,0,3.403186468252123,,,,,,,,,,,
5429,2/9/1982,1.228,2.545,2.000,4.866,2.545,0.0,2.3209999999999997,0.0,0.0,0.08943846292909616,3.403186468252123,0.08943846292909616,0.0,0.15989762781887826,3.243288840433245,0.3589370976432617,0.0,0.0,0.0,0.07617382001488493,0.0,0,0.0,0,3.243288840433245,,,,,,,,,,,
5430,2/10/1982,1.104,0.394,2.000,4.866,0.394,0.0,4.4719999999999995,0.0,0.0,0.0,3.243288840433245,0.0,0.0,0.14757353847607857,3.095715301957166,0.332858558995499,0.0,0.0,0.0,0.06993267548857315,0.0,0,0.0,0,3.095715301957166,,,,,,,,,,,
5431,2/11/1982,1.154,0.088,2.000,4.866,0.088,0.0,4.778,0.0,0.0,0.0,3.095715301957166,0.0,0.0,0.13655286014237367,2.9591624418147924,0.30941414814892,0.0,0.0,0.0,0.0643805189674218,0.0,0,0.0,0,2.9591624418147924,,,,,,,,,,,
5432,2/12/1982,1.186,0.321,2.000,4.866,0.321,0.0,4.545,0.0,0.0,0.0,2.9591624418147924,0.0,0.0,0.12666222756606874,2.8325002142487237,0.2882665278258377,0.0,0.0,0.0,0.059422670745442024,0.0,0,0.0,0,2.8325002142487237,,,,,,,,,,,
5433,2/13/1982,1.206,0.673,2.000,4.866,0.673,0.0,4.193,0.0,0.0,0.0,2.8325002142487237,0.0,0.0,0.11775581524851733,2.7147443990002063,0.2691302458350768,0.0,0.0,0.0,0.05497988842322154,0.0,0,0.0,0,2.7147443990002063,,,,,,,,,,,
5434,2/14/1982,1.577,5.048,2.000,4.866,4.866,0.18200000000000038,0.0,0,0.09556299512739327,0.0,2.8103073941275993,0.0,0.0,0.11622212754032478,2.6940852665872748,0.26582560598717747,0.08643700487260711,0.08643700487260711,0.0,0.05421702388517097,0.08643700487260711,0,0.0,0,2.6940852665872748,,,,,,,,,,,
5435,2/15/1982,2.293,13.875,2.000,4.866,4.866,9.009,0.0,0,9.005995559154178,0.08643700487260711,11.700465600710132,0.0,0.08643700487260711,1.2522883824092954,10.448177218300836,2.4401977491324534,0.0030044408458228975,0.0030044408458228975,0.0003847749686804813,0.6831004976976578,0.08905667074974952,0,0.0,0,10.448177218300836,,,,,,,,,,,
5436,2/16/1982,4.071,1.307,2.000,4.866,1.307,0.0,3.5589999999999997,0.0,0.0,0.08905667074974952,10.448177218300836,0.08905667074974952,0.0,1.0369711215686015,9.411206096732235,2.0505517994452944,0.0,0.0,0.0,0.5586700323913585,0.0,0,0.0,0,9.411206096732235,,,,,,,,,,,
5437,2/17/1982,1.611,5.665,2.000,4.866,4.866,0.7990000000000004,0.0,0,0.7095585573952475,0.0,10.120764654127482,0.0,0.0,0.9833798868360949,9.137384767291387,1.952494949669287,0.08944144260475285,0.08944144260475285,0.0,0.5279510304216823,0.08944144260475285,0,0.0,0,9.137384767291387,,,,,,,,,,,
5438,2/18/1982,3.289,22.183,2.000,4.866,4.866,17.317,0.0,0,17.316999996886324,0.08944144260475285,26.45478291342325,0.0,0.08944144260475285,4.87759924737549,21.577183666047763,8.436881556404966,3.113677150503971e-09,3.113677150503971e-09,0.0003981492455424876,2.9096559655820142,0.08904329647288751,0,0.0,0,21.577183666047763,,,,,,,,,,,
5439,2/19/1982,3.900,1.548,2.000,4.866,1.548,0.0,3.3179999999999996,0.0,0.0,0.08904329647288751,21.577183666047763,0.08904329647288751,0.0,3.4728847833338277,18.104298882713934,6.203424818340914,0.0,0.0,0.0,2.0259060491003167,0.0,0,0.0,0,18.104298882713934,,,,,,,,,,,
5440,2/20/1982,1.130,0.312,2.000,4.866,0.312,0.0,4.553999999999999,0.0,0.0,0.0,18.104298882713934,0.0,0.0,2.5922007347480593,15.512098147965874,4.753878069234488,0.0,0.0,0.0,1.4833357653550607,0.0,0,0.0,0,15.512098147965874,,,,,,,,,,,
5441,2/21/1982,1.215,0.771,2.000,4.866,0.771,0.0,4.095,0.0,0.0,0.0,15.512098147965874,0.0,0.0,2.0036261200516647,13.508472027914209,3.757079863913608,0.0,0.0,0.0,1.12726913578924,0.0,0,0.0,0,13.508472027914209,,,,,,,,,,,
5442,2/22/1982,1.136,0.045,2.000,4.866,0.045,0.0,4.821,0.0,0.0,0.0,13.508472027914209,0.0,0.0,1.5911440207405334,11.917328007173676,3.0413891423508015,0.0,0.0,0.0,0.8817253463175084,0.0,0,0.0,0,11.917328007173676,,,,,,,,,,,
5443,2/23/1982,1.180,0.224,2.000,4.866,0.224,0.0,4.6419999999999995,0.0,0.0,0.0,11.917328007173676,0.0,0.0,1.2912111454751514,10.626116861698526,2.5099546504817263,0.0,0.0,0.0,0.7057521273534666,0.0,0,0.0,0,10.626116861698526,,,,,,,,,,,
5444,2/24/1982,1.175,0.252,2.000,4.866,0.252,0.0,4.614,0.0,0.0,0.0,10.626116861698526,0.0,0.0,1.0665717858383343,9.559545075860191,2.1045188933308534,0.0,0.0,0.0,0.5756826119357135,0.0,0,0.0,0,9.559545075860191,,,,,,,,,,,
5445,2/25/1982,1.238,1.016,2.000,4.866,1.016,0.0,3.8499999999999996,0.0,0.0,0.0,9.559545075860191,0.0,0.0,0.8941859059894764,8.665359169870715,1.7882370690282865,0.0,0.0,0.0,0.4770709918211408,0.0,0,0.0,0,8.665359169870715,,,,,,,,,,,
5446,2/26/1982,1.261,1.658,2.000,4.866,1.658,0.0,3.2079999999999997,0.0,0.0,0.0,8.665359169870715,0.0,0.0,0.7591776116356634,7.906181558235052,1.5368424256148148,0.0,0.0,0.0,0.4007017095569105,0.0,0,0.0,0,7.906181558235052,,,,,,,,,,,
5447,2/27/1982,1.645,6.337,2.000,4.866,4.866,1.471,0.0,0,1.381558554281571,0.0,9.287740112516623,0.0,0.0,0.8522150555147565,8.435525057001867,1.7104581839796371,0.08944144571842907,0.08944144571842907,0.0,0.4532424411136466,0.08944144571842907,0,0.0,0,8.435525057001867,,,,,,,,,,,
5448,2/28/1982,0.000,0.204,2.000,4.866,0.204,0.0,4.662,0.0,0.0,0.08944144571842907,8.435525057001867,0.08944144571842907,0.0,0.7259153461872114,7.7096097108146555,1.47434319761674,0.0,0.0,0.0,0.3820176902333809,0.0,0,0.0,0,7.7096097108146555,,,,,,,,,,,
5449,3/1/1982,1.155,0.018,3.000,4.631,0.018,0.0,4.613,0.0,0.0,0.0,7.7096097108146555,0.0,0.0,0.624817377491503,7.084792333323152,1.282854741024502,0.0,0.0,0.0,0.3255853268531358,0.0,0,0.0,0,7.084792333323152,,,,,,,,,,,
5450,3/2/1982,1.169,0.097,3.000,4.631,0.097,0.0,4.534,0.0,0.0,0.0,7.084792333323152,0.0,0.0,0.5427222826243754,6.5420700506987775,1.125485616287213,0.0,0.0,0.0,0.28019733871946223,0.0,0,0.0,0,6.5420700506987775,,,,,,,,,,,
5451,3/3/1982,1.191,0.396,3.000,4.631,0.396,0.0,4.235,0.0,0.0,0.0,6.5420700506987775,0.0,0.0,0.47521604423066316,6.066854006468114,0.9946457791229688,0.0,0.0,0.0,0.24321012288365867,0.0,0,0.0,0,6.066854006468114,,,,,,,,,,,
5452,3/4/1982,1.151,0.055,3.000,4.631,0.055,0.0,4.5760000000000005,0.0,0.0,0.0,6.066854006468114,0.0,0.0,0.41908779990065476,5.64776620656746,0.8847406676086181,0.0,0.0,0.0,0.21271777546573054,0.0,0,0.0,0,5.64776620656746,,,,,,,,,,,
5453,3/5/1982,1.161,0.014,3.000,4.631,0.014,0.0,4.617,0.0,0.0,0.0,5.64776620656746,0.0,0.0,0.37195776438528644,5.275808442182173,0.7915728500454066,0.0,0.0,0.0,0.18731958238848329,0.0,0,0.0,0,5.275808442182173,,,,,,,,,,,
5454,3/6/1982,1.179,0.195,3.000,4.631,0.195,0.0,4.436,0.0,0.0,0.0,5.275808442182173,0.0,0.0,0.3320326631366429,4.94377577904553,0.7119433031766866,0.0,0.0,0.0,0.16596845669524987,0.0,0,0.0,0,4.94377577904553,,,,,,,,,,,
5455,3/7/1982,1.209,0.643,3.000,4.631,0.643,0.0,3.9880000000000004,0.0,0.0,0.0,4.94377577904553,0.0,0.0,0.2979410795473347,4.645834699498195,0.6433795402647217,0.0,0.0,0.0,0.1478697012255504,0.0,0,0.0,0,4.645834699498195,,,,,,,,,,,
5456,3/8/1982,1.512,4.364,3.000,4.631,4.364,0.0,0.26700000000000035,0.0,0.0,0.0,4.645834699498195,0.0,0.0,0.26862021987063256,4.377214479627563,0.5839464099875293,0.0,0.0,0.0,0.13241190560433033,0.0,0,0.0,0,4.377214479627563,,,,,,,,,,,
5457,3/9/1982,1.572,6.392,3.000,4.631,4.631,1.7610000000000001,0.0,0,1.67155855428157,0.0,6.048773033909133,0.0,0.0,0.41700819796798483,5.631764835941148,0.8806473768487141,0.08944144571843,0.08944144571843,0.0,0.2115929533290701,0.08944144571843,0,0.0,0,5.631764835941148,,,,,,,,,,,
5458,3/10/1982,1.521,5.328,3.000,4.631,4.631,0.6970000000000001,0.0,0,0.6970000000000001,0.08944144571843,6.329162985200551,0.0,0.08944144571843,0.44972073372254784,5.879442251478003,0.944856913001042,0.0,0.0,0.00039814925940304455,0.22932830533946633,0.08904329645902696,0,0.0,0,5.879442251478003,,,,,,,,,,,
5459,3/11/1982,2.030,11.011,3.000,4.631,4.631,6.379999999999999,0.0,0,6.379601850740596,0.08904329645902696,12.25944047911362,0.0,0.08904329645902696,1.3535787482314345,10.905861730882185,2.6213292718797256,0.0003981492594030382,0.0003981492594030382,0.0003963768950199571,0.7421410629354912,0.08904506882341005,0,0.0,0,10.905861730882185,,,,,,,,,,,
5460,3/12/1982,2.679,0.671,3.000,4.631,0.671,0.0,3.96,0.0,0.0,0.08904506882341005,10.905861730882185,0.08904506882341005,0.0,1.1137791666119359,9.792082564270249,2.1903115674118467,0.0,0.0,0.0,0.6028784380304877,0.0,0,0.0,0,9.792082564270249,,,,,,,,,,,
5461,3/13/1982,1.156,0.240,3.000,4.631,0.24,0.0,4.391,0.0,0.0,0.0,9.792082564270249,0.0,0.0,0.9307310926663234,8.861351471603925,1.8557033732988777,0.0,0.0,0.0,0.4978793378953186,0.0,0,0.0,0,8.861351471603925,,,,,,,,,,,
5462,3/14/1982,1.193,0.472,3.000,4.631,0.472,0.0,4.159000000000001,0.0,0.0,0.0,8.861351471603925,0.0,0.0,0.7880111855852718,8.073340286018652,1.5908327015841848,0.0,0.0,0.0,0.41694179144837373,0.0,0,0.0,0,8.073340286018652,,,,,,,,,,,
5463,3/15/1982,1.344,2.357,3.000,4.631,2.357,0.0,2.274,0.0,0.0,0.0,8.073340286018652,0.0,0.0,0.6747163094544772,7.398623976564175,1.377665900646975,0.0,0.0,0.0,0.3533690989231224,0.0,0,0.0,0,7.398623976564175,,,,,,,,,,,
5464,3/16/1982,1.296,2.636,3.000,4.631,2.636,0.0,1.995,0.0,0.0,0.0,7.398623976564175,0.0,0.0,0.5833788821041035,6.815245094460072,1.2036460451413022,0.0,0.0,0.0,0.30262264150062157,0.0,0,0.0,0,6.815245094460072,,,,,,,,,,,
5465,3/17/1982,1.107,0.466,3.000,4.631,0.466,0.0,4.165,0.0,0.0,0.0,6.815245094460072,0.0,0.0,0.5087466659011285,6.306498428558943,1.0598075806289202,0.0,0.0,0.0,0.2615414403270964,0.0,0,0.0,0,6.306498428558943,,,,,,,,,,,
5466,3/18/1982,1.163,0.233,3.000,4.631,0.233,0.0,4.398000000000001,0.0,0.0,0.0,6.306498428558943,0.0,0.0,0.44703987644736637,5.859458552111577,0.9396088863924354,0.0,0.0,0.0,0.22787157556187196,0.0,0,0.0,0,5.859458552111577,,,,,,,,,,,
5467,3/19/1982,1.164,0.130,3.000,4.631,0.13,0.0,4.501,0.0,0.0,0.0,5.859458552111577,0.0,0.0,0.3954833967157272,5.4639751553958495,0.8381856826643531,0.0,0.0,0.0,0.1999725468754149,0.0,0,0.0,0,5.4639751553958495,,,,,,,,,,,
5468,3/20/1982,1.221,0.742,3.000,4.631,0.742,0.0,3.8890000000000002,0.0,0.0,0.0,5.4639751553958495,0.0,0.0,0.35200349147853655,5.111971663917313,0.7518600260229422,0.0,0.0,0.0,0.1766285170678023,0.0,0,0.0,0,5.111971663917313,,,,,,,,,,,
5469,3/21/1982,1.542,4.742,3.000,4.631,4.631,0.11099999999999977,0.0,0,0.03535484028489996,0.0,5.147326504202213,0.0,0.0,0.3186656900937755,4.828660814108438,0.6851257781486856,0.0756451597150998,0.0756451597150998,0.0,0.15885680060336155,0.0756451597150998,0,0.0,0,4.828660814108438,,,,,,,,,,,
5470,3/22/1982,1.130,1.335,3.000,4.631,1.335,0.0,3.2960000000000003,0.0,0.0,0.0756451597150998,4.828660814108438,0.0756451597150998,0.0,0.28646854629965246,4.542192267808785,0.6201783998348505,0.0,0.0,0.0,0.14180894579336328,0.0,0,0.0,0,4.542192267808785,,,,,,,,,,,
5471,3/23/1982,1.124,0.152,3.000,4.631,0.152,0.0,4.479,0.0,0.0,0.0,4.542192267808785,0.0,0.0,0.2587070719813452,4.283485195827439,0.5637475253387261,0.0,0.0,0.0,0.12721024490122454,0.0,0,0.0,0,4.283485195827439,,,,,,,,,,,
5472,3/24/1982,1.158,0.021,3.000,4.631,0.021,0.0,4.61,0.0,0.0,0.0,4.283485195827439,0.0,0.0,0.2346179460070604,4.048867249820379,0.5144256048012245,0.0,0.0,0.0,0.11462569458300564,0.0,0,0.0,0,4.048867249820379,,,,,,,,,,,
5473,3/25/1982,1.170,0.110,3.000,4.631,0.11,0.0,4.521,0.0,0.0,0.0,4.048867249820379,0.0,0.0,0.2135936517960056,3.8352735980243735,0.4710827350378191,0.0,0.0,0.0,0.10371133362089985,0.0,0,0.0,0,3.8352735980243735,,,,,,,,,,,
5474,3/26/1982,1.157,0.000,3.000,4.631,0.0,0.0,4.631,0.0,0.0,0.0,3.8352735980243735,0.0,0.0,0.19514601892359168,3.6401275791007817,0.43280358327022844,0.0,0.0,0.0,0.09419249737199598,0.0,0,0.0,0,3.6401275791007817,,,,,,,,,,,
5475,3/27/1982,1.194,0.386,3.000,4.631,0.386,0.0,4.245,0.0,0.0,0.0,3.6401275791007817,0.0,0.0,0.1788793135774704,3.461248265523311,0.3988404070941148,0.0,0.0,0.0,0.08584786654325494,0.0,0,0.0,0,3.461248265523311,,,,,,,,,,,
5476,3/28/1982,1.159,0.143,3.000,4.631,0.143,0.0,4.488,0.0,0.0,0.0,3.461248265523311,0.0,0.0,0.16447012775613593,3.296778137767175,0.36857764101793883,0.0,0.0,0.0,0.07849761675058686,0.0,0,0.0,0,3.296778137767175,,,,,,,,,,,
5477,3/29/1982,1.219,0.741,3.000,4.631,0.741,0.0,3.89,0.0,0.0,0.0,3.296778137767175,0.0,0.0,0.15165217632125974,3.1451259614459155,0.34150490595505745,0.0,0.0,0.0,0.07199451123722603,0.0,0,0.0,0,3.1451259614459155,,,,,,,,,,,
5478,3/30/1982,1.227,1.127,3.000,4.631,1.127,0.0,3.5040000000000004,0.0,0.0,0.0,3.1451259614459155,0.0,0.0,0.14020468211127832,3.004921279334637,0.31719622800170516,0.0,0.0,0.0,0.06621713330750266,0.0,0,0.0,0,3.004921279334637,,,,,,,,,,,
5479,3/31/1982,1.683,6.409,3.000,4.631,4.631,1.7779999999999996,0.0,0,1.6885585542815695,0.0,4.693479833616207,0.0,0.0,0.2732272671271952,4.420252566489012,0.5933150915232849,0.08944144571843,0.08944144571843,0.0,0.13483366274341396,0.08944144571843,0,0.0,0,4.420252566489012,,,,,,,,,,,
5480,4/1/1982,1.490,5.035,4.000,4.235,4.235,0.7999999999999998,0.0,0,0.7999999999999998,0.08944144571843,5.220650715748414,0.0,0.08944144571843,0.32626726916381626,4.894383446584598,0.7003865666335604,0.0,0.0,0.00039814925940304455,0.16289872721497933,0.08904329645902696,0,0.0,0,4.894383446584598,,,,,,,,,,,
5481,4/2/1982,0.000,0.303,4.000,4.235,0.303,0.0,3.9320000000000004,0.0,0.0,0.08904329645902696,4.894383446584598,0.08904329645902696,0.0,0.2929964978314677,4.60138694875313,0.6333882353698383,0.0,0.0,0.0,0.1452556395262065,0.0,0,0.0,0,4.60138694875313,,,,,,,,,,,
5482,4/3/1982,1.167,0.197,4.000,4.235,0.197,0.0,4.038,0.0,0.0,0.0,4.60138694875313,0.0,0.0,0.264350643438765,4.337036305314365,0.5752535423596511,0.0,0.0,0.0,0.13016998243906766,0.0,0,0.0,0,4.337036305314365,,,,,,,,,,,
5483,4/4/1982,1.231,0.909,4.000,4.235,0.909,0.0,3.3260000000000005,0.0,0.0,0.0,4.337036305314365,0.0,0.0,0.23952685230741888,4.097509453006946,0.5245048700770802,0.0,0.0,0.0,0.1171835636840833,0.0,0,0.0,0,4.097509453006946,,,,,,,,,,,
5484,4/5/1982,1.169,0.504,4.000,4.235,0.504,0.0,3.7310000000000003,0.0,0.0,0.0,4.097509453006946,0.0,0.0,0.21788753460306454,3.8796219184038816,0.4799585232935418,0.0,0.0,0.0,0.10593489604338369,0.0,0,0.0,0,3.8796219184038816,,,,,,,,,,,
5485,4/6/1982,1.184,0.496,4.000,4.235,0.496,0.0,3.7390000000000003,0.0,0.0,0.0,3.8796219184038816,0.0,0.0,0.1989213746143026,3.680700543789579,0.4406574094755267,0.0,0.0,0.0,0.09613591025140161,0.0,0,0.0,0,3.680700543789579,,,,,,,,,,,
5486,4/7/1982,1.157,0.176,4.000,4.235,0.176,0.0,4.059,0.0,0.0,0.0,3.680700543789579,0.0,0.0,0.18221463418325656,3.4984859096063223,0.4058210345139055,0.0,0.0,0.0,0.08755492216254838,0.0,0,0.0,0,3.4984859096063223,,,,,,,,,,,
5487,4/8/1982,1.157,0.021,4.000,4.235,0.021,0.0,4.214,0.0,0.0,0.0,3.4984859096063223,0.0,0.0,0.1674297619399233,3.331056147666399,0.3748079035538525,0.0,0.0,0.0,0.08000401217318134,0.0,0,0.0,0,3.331056147666399,,,,,,,,,,,
5488,4/9/1982,1.221,0.705,4.000,4.235,0.705,0.0,3.5300000000000002,0.0,0.0,0.0,3.331056147666399,0.0,0.0,0.15428926131640275,3.1767668863499963,0.34708693041334543,0.0,0.0,0.0,0.07332956212675151,0.0,0,0.0,0,3.1767668863499963,,,,,,,,,,,
5489,4/10/1982,1.190,0.663,4.000,4.235,0.663,0.0,3.572,0.0,0.0,0.0,3.1767668863499963,0.0,0.0,0.1425633930324679,3.0342034933175284,0.32221547107712084,0.0,0.0,0.0,0.06740508159276855,0.0,0,0.0,0,3.0342034933175284,,,,,,,,,,,
5490,4/11/1982,1.263,1.515,4.000,4.235,1.515,0.0,2.7200000000000006,0.0,0.0,0.0,3.0342034933175284,0.0,0.0,0.1320607069819415,2.902142786335587,0.29982228424481505,0.0,0.0,0.0,0.062125714287439786,0.0,0,0.0,0,2.902142786335587,,,,,,,,,,,
5491,4/12/1982,1.152,0.573,4.000,4.235,0.573,0.0,3.6620000000000004,0.0,0.0,0.0,2.902142786335587,0.0,0.0,0.1226206850137585,2.7795221013218283,0.2795941958890072,0.0,0.0,0.0,0.05740399141083481,0.0,0,0.0,0,2.7795221013218283,,,,,,,,,,,
5492,4/13/1982,1.296,1.854,4.000,4.235,1.854,0.0,2.3810000000000002,0.0,0.0,0.0,2.7795221013218283,0.0,0.0,0.11410797474430077,2.6654141265775277,0.26126557603436185,0.0,0.0,0.0,0.05316652005119834,0.0,0,0.0,0,2.6654141265775277,,,,,,,,,,,
5493,4/14/1982,1.273,2.164,4.000,4.235,2.164,0.0,2.071,0.0,0.0,0.0,2.6654141265775277,0.0,0.0,0.1064078340350579,2.55900629254247,0.24460997042079688,0.0,0.0,0.0,0.04935137961750556,0.0,0,0.0,0,2.55900629254247,,,,,,,,,,,
5494,4/15/1982,1.419,3.995,4.000,4.235,3.995,0.0,0.2400000000000002,0.0,0.0,0.0,2.55900629254247,0.0,0.0,0.09942250492271366,2.4595837876197564,0.22943339761076495,0.0,0.0,0.0,0.04590605925157762,0.0,0,0.0,0,2.4595837876197564,,,,,,,,,,,
5495,4/16/1982,1.360,3.920,4.000,4.235,3.92,0.0,0.3150000000000004,0.0,0.0,0.0,2.4595837876197564,0.0,0.0,0.09306830706352581,2.3665154805562305,0.21556894365993132,0.0,0.0,0.0,0.042785812091574914,0.0,0,0.0,0,2.3665154805562305,,,,,,,,,,,
5496,4/17/1982,1.242,2.513,4.000,4.235,2.513,0.0,1.7220000000000004,0.0,0.0,0.0,2.3665154805562305,0.0,0.0,0.08727329253067903,2.2792421880255516,0.20287237538578856,0.0,0.0,0.0,0.039952333295586125,0.0,0,0.0,0,2.2792421880255516,,,,,,,,,,,
5497,4/18/1982,1.227,1.880,4.000,4.235,1.88,0.0,2.3550000000000004,0.0,0.0,0.0,2.2792421880255516,0.0,0.0,0.08197534178856627,2.1972668462369853,0.19121855893291317,0.0,0.0,0.0,0.03737269140282301,0.0,0,0.0,0,2.1972668462369853,,,,,,,,,,,
5498,4/19/1982,1.641,6.390,4.000,4.235,4.235,2.1549999999999994,0.0,0,2.0655585542815693,0.0,4.262825400518555,0.0,0.0,0.23273499263477487,4.03009040788378,0.5105554227536979,0.08944144571843,0.08944144571843,0.0,0.11364547982436886,0.08944144571843,0,0.0,0,4.03009040788378,,,,,,,,,,,
5499,4/20/1982,0.000,0.298,4.000,4.235,0.298,0.0,3.9370000000000003,0.0,0.0,0.08944144571843,4.03009040788378,0.08944144571843,0.0,0.21194528490772832,3.8181451229760515,0.467672098467296,0.0,0.0,0.0,0.1028585141491327,0.0,0,0.0,0,3.8181451229760515,,,,,,,,,,,
5500,4/21/1982,1.420,3.036,4.000,4.235,3.036,0.0,1.1990000000000003,0.0,0.0,0.0,3.8181451229760515,0.0,0.0,0.19369563336939122,3.6244494896066604,0.42978355609719165,0.0,0.0,0.0,0.0934465477099291,0.0,0,0.0,0,3.6244494896066604,,,,,,,,,,,
5501,4/22/1982,1.625,6.633,4.000,4.235,4.235,2.3979999999999997,0.0,0,2.3085585542815696,0.0,5.93300804388823,0.0,0.0,0.4037916555391882,5.529216388349042,0.8545958995361791,0.08944144571843,0.08944144571843,0.0,0.20445304352990637,0.08944144571843,0,0.0,0,5.529216388349042,,,,,,,,,,,
5502,4/23/1982,1.464,4.592,4.000,4.235,4.235,0.3569999999999993,0.0,0,0.3569999999999993,0.08944144571843,5.886614537608444,0.0,0.08944144571843,0.3985429297398038,5.48807160786864,0.8442318372196463,0.0,0.0,0.00039814925940304455,0.20162178521202595,0.08904329645902696,0,0.0,0,5.48807160786864,,,,,,,,,,,
5503,4/24/1982,1.073,0.606,4.000,4.235,0.606,0.0,3.6290000000000004,0.0,0.0,0.08904329645902696,5.48807160786864,0.08904329645902696,0.0,0.3545945531813751,5.133477054687265,0.7570261887784393,0.0,0.0,0.0,0.17801454641130735,0.0,0,0.0,0,5.133477054687265,,,,,,,,,,,
5504,4/25/1982,1.254,1.382,4.000,4.235,1.382,0.0,2.8530000000000006,0.0,0.0,0.0,5.133477054687265,0.0,0.0,0.3172379634854667,4.816239091201798,0.6822564872413386,0.0,0.0,0.0,0.1580983499267906,0.0,0,0.0,0,4.816239091201798,,,,,,,,,,,
5505,4/26/1982,1.179,0.837,4.000,4.235,0.837,0.0,3.3980000000000006,0.0,0.0,0.0,4.816239091201798,0.0,0.0,0.2852413666136857,4.5309977245881115,0.6176926447724155,0.0,0.0,0.0,0.1411615804549844,0.0,0,0.0,0,4.5309977245881115,,,,,,,,,,,
5506,4/27/1982,1.378,2.915,4.000,4.235,2.915,0.0,1.3200000000000003,0.0,0.0,0.0,4.5309977245881115,0.0,0.0,0.2576452764655778,4.273352448122534,0.5615807315970818,0.0,0.0,0.0,0.1266538644678419,0.0,0,0.0,0,4.273352448122534,,,,,,,,,,,
5507,4/28/1982,1.591,6.227,4.000,4.235,4.235,1.992,0.0,0,1.90255855428157,0.0,6.175911002404104,0.0,0.0,0.4317186658822899,5.744192336521814,0.9095684951912861,0.08944144571843,0.08944144571843,0.0,0.2195574310141997,0.08944144571843,0,0.0,0,5.744192336521814,,,,,,,,,,,
5508,4/29/1982,1.184,1.911,4.000,4.235,1.911,0.0,2.3240000000000003,0.0,0.0,0.08944144571843,5.744192336521814,0.08944144571843,0.0,0.3826021445937236,5.36159019192809,0.8126903738215207,0.0,0.0,0.0,0.193038198407216,0.0,0,0.0,0,5.36159019192809,,,,,,,,,,,
5509,4/30/1982,1.512,4.938,4.000,4.235,4.235,0.7029999999999994,0.0,0,0.6135585809228011,0.0,5.975148772850891,0.0,0.0,0.40858302216128783,5.566565750689603,0.8640477950740918,0.08944141907719826,0.08944141907719826,0.0,0.20703970996750146,0.08944141907719826,0,0.0,0,5.566565750689603,,,,,,,,,,,
5510,5/1/1982,1.312,3.506,5.000,3.714,3.506,0.0,0.20800000000000018,0.0,0.0,0.08944141907719826,5.566884680364262,0.01779609886045275,0.07164532021674551,0.363122215436711,5.203762464927551,0.7740089077195097,0.0,0.0,0.0003189296746587955,0.18258090763103796,0.07132639054208671,0,0.0,0,5.203762464927551,,,,,,,,,,,
5511,5/2/1982,1.132,1.065,5.000,3.714,1.065,0.0,2.649,0.0,0.0,0.07132639054208671,5.203762464927551,0.07132639054208671,0.0,0.32451010001400127,4.879252364913549,0.6968612904319651,0.0,0.0,0.0,0.16196384572808986,0.0,0,0.0,0,4.879252364913549,,,,,,,,,,,
5512,5/3/1982,1.389,3.151,5.000,3.714,3.151,0.0,0.5630000000000002,0.0,0.0,0.0,4.879252364913549,0.0,0.0,0.29148838013686873,4.5877639847766805,0.6303383800673702,0.0,0.0,0.0,0.14445891527867777,0.0,0,0.0,0,4.5877639847766805,,,,,,,,,,,
5513,5/4/1982,1.122,0.837,5.000,3.714,0.837,0.0,2.877,0.0,0.0,0.0,4.5877639847766805,0.0,0.0,0.2630475275903199,4.32471645718636,0.5725983689887328,0.0,0.0,0.0,0.12948619857511967,0.0,0,0.0,0,4.32471645718636,,,,,,,,,,,
5514,5/5/1982,1.298,2.001,5.000,3.714,2.001,0.0,1.713,0.0,0.0,0.0,4.32471645718636,0.0,0.0,0.23839392066254525,4.086322536523815,0.5221799897902817,0.0,0.0,0.0,0.11659292157009751,0.0,0,0.0,0,4.086322536523815,,,,,,,,,,,
5515,5/6/1982,2.334,14.169,5.000,3.714,3.714,10.455,0.0,0,10.36555855428157,0.0,14.451881090805385,0.0,0.0,1.7806275042766815,12.671253586528703,3.3721426103919385,0.08944144571843,0.08944144571843,0.0,0.994058989476046,0.08944144571843,0,0.0,0,12.671253586528703,,,,,,,,,,,
5516,5/7/1982,7.633,11.408,5.000,3.714,3.714,7.693999999999999,0.0,0,7.693999999999999,0.08944144571843,20.365651735788106,0.0,0.08944144571843,3.154009275374676,17.21164246041343,5.683664926647361,0.0,0.0,0.00039814925940304455,1.8282670406896877,0.08904329645902696,0,0.0,0,17.21164246041343,,,,,,,,,,,
5517,5/8/1982,11.664,27.797,5.000,3.714,3.714,24.083000000000002,0.0,0,24.0826018507406,0.08904329645902696,41.29464068804905,0.0,0.08904329645902696,10.245235151789387,31.049405536259663,16.410094526035987,0.0003981492594030382,0.0003981492594030382,0.0003963768950199571,6.417501520564957,0.08904506882341005,0,0.0,0,31.049405536259663,,,,,,,,,,,
5518,5/9/1982,9.787,19.807,5.000,3.714,3.714,16.093,0.0,0,16.09260362310498,0.08904506882341005,47.14240554414936,0.0,0.08904506882341005,12.775718801304189,34.366686742845175,19.96130221365574,0.00039637689501995115,0.00039637689501995115,0.000396384784713162,8.119648863070783,0.08904506093371685,0,0.0,0,34.366686742845175,,,,,,,,,,,
5519,5/10/1982,11.945,24.746,5.000,3.714,3.714,21.032,0.0,0,21.031603615215285,0.08904506093371685,55.39868674281006,0.0,0.08904506093371685,16.718535346638856,38.6801513961712,25.308320104675932,0.0003963847847131611,0.0003963847847131611,0.0003963847495921342,10.815247717139615,0.08904506096883787,0,0.0,0,38.6801513961712,,,,,,,,,,,
5520,5/11/1982,6.100,8.179,5.000,3.714,3.714,4.465,0.0,0,4.464603615250407,0.08904506096883787,43.14515139617136,0.0,0.08904506096883787,11.021797823980648,32.12335357219071,17.511300945056327,0.0003963847495921373,0.0003963847495921373,0.00039638474974847566,6.937202488619369,0.08904506096868153,0,0.0,0,32.12335357219071,,,,,,,,,,,
5521,5/12/1982,2.609,9.671,5.000,3.714,3.714,5.956999999999999,0.0,0,5.95660361525025,0.08904506096868153,38.08035357219071,0.0,0.08904506096868153,8.950914287835621,29.129439284355087,14.549608973952266,0.0003963847497484729,0.0003963847497484729,0.0003963847497477797,5.55714787762989,0.08904506096868223,0,0.0,0,29.129439284355087,,,,,,,,,,,
5522,5/13/1982,5.657,14.493,5.000,3.714,3.714,10.779,0.0,0,10.778603615250253,0.08904506096868223,39.90843928435509,0.0,0.08904506096868223,9.678476908428484,30.229962375926604,15.599444092927435,0.0003963847497477797,0.0003963847497477797,0.0003963847497477828,6.039831397388442,0.08904506096868223,0,0.0,0,30.229962375926604,,,,,,,,,,,
5523,5/14/1982,4.320,1.905,5.000,3.714,1.905,0.0,1.809,0.0,0.0,0.08904506096868223,30.229962375926604,0.08904506096868223,0.0,6.092026576890778,24.137935799035827,10.3079021713591,0.0,0.0,0.0,3.6876587198938267,0.0,0,0.0,0,24.137935799035827,,,,,,,,,,,
5524,5/15/1982,3.392,27.711,5.000,3.714,3.714,23.997,0.0,0,23.90755855428157,0.0,48.045494353317395,0.0,0.0,13.186217111607942,34.85927724170945,20.52783646124759,0.08944144571843,0.08944144571843,0.0,8.398000329899187,0.08944144571843,0,0.0,0,34.85927724170945,,,,,,,,,,,
5525,5/16/1982,3.383,1.778,5.000,3.714,1.778,0.0,1.936,0.0,0.0,0.08944144571843,34.85927724170945,0.08944144571843,0.0,7.724963015829635,27.134314225879812,12.755163027167292,0.0,0.0,0.0,4.749759770450622,0.0,0,0.0,0,27.134314225879812,,,,,,,,,,,
5526,5/17/1982,1.265,2.038,5.000,3.714,2.038,0.0,1.6760000000000002,0.0,0.0,0.0,27.134314225879812,0.0,0.0,5.088196343299223,22.04611788258059,8.764911539054212,0.0,0.0,0.0,3.043738487220733,0.0,0,0.0,0,22.04611788258059,,,,,,,,,,,
5527,5/18/1982,1.500,4.875,5.000,3.714,3.714,1.161,0.0,0,1.0715585542825201,0.0,23.11767643686311,0.0,0.0,3.895884559768078,19.221791877095033,6.885040739984701,0.08944144571747985,0.08944144571747985,0.0,2.2899156269885137,0.08944144571747985,0,0.0,0,19.221791877095033,,,,,,,,,,,
5528,5/19/1982,1.370,4.167,5.000,3.714,3.714,0.45299999999999985,0.0,0,0.4529999999990497,0.08944144571747985,19.675190026353484,0.0,0.08944144571747985,2.9778124229232086,16.697377603430276,5.394089262953277,9.501236281043659e-13,9.501236281043659e-13,0.0003981492593988149,1.7196151073090633,0.08904329645903117,0,0.0,0,16.697377603430276,,,,,,,,,,,
5529,5/20/1982,1.240,2.553,5.000,3.714,2.553,0.0,1.161,0.0,0.0,0.08904329645903117,16.697377603430276,0.08904329645903117,0.0,2.2652330663281246,14.43214453710215,4.203331102033337,0.0,0.0,0.0,1.2847858302139306,0.0,0,0.0,0,14.43214453710215,,,,,,,,,,,
5530,5/21/1982,1.479,4.832,5.000,3.714,3.714,1.1179999999999999,0.0,0,1.0285585542840552,0.0,15.460703091386206,0.0,0.0,1.9925742401057958,13.46812885128041,3.738104938123704,0.08944144571594469,0.08944144571594469,0.0,1.120643248727249,0.08944144571594469,0,0.0,0,13.46812885128041,,,,,,,,,,,
5531,5/22/1982,2.809,19.396,5.000,3.714,3.714,15.682,0.0,0,15.681999999997515,0.08944144571594469,29.15052700053732,0.0,0.08944144571594469,5.7338077750805425,23.416719225456777,9.761001284546518,2.485318928491526e-12,2.485318928491526e-12,0.00039814925939198113,3.4570071855406823,0.08904329645903802,0,0.0,0,23.416719225456777,,,,,,,,,,,
5532,5/23/1982,4.114,1.700,5.000,3.714,1.7,0.0,2.0140000000000002,0.0,0.0,0.08904329645903802,23.416719225456777,0.08904329645903802,0.0,3.980239382895355,19.436479842561422,7.019970428202103,0.0,0.0,0.0,2.342797450090048,0.0,0,0.0,0,19.436479842561422,,,,,,,,,,,
5533,5/24/1982,1.369,3.219,5.000,3.714,3.219,0.0,0.4950000000000001,0.0,0.0,0.0,19.436479842561422,0.0,0.0,2.9178421832654062,16.518637659296015,5.29512145252404,0.0,0.0,0.0,1.6827295863765308,0.0,0,0.0,0,16.518637659296015,,,,,,,,,,,
5534,5/25/1982,1.136,1.028,5.000,3.714,1.028,0.0,2.686,0.0,0.0,0.0,16.518637659296015,0.0,0.0,2.224963152179555,14.29367450711646,4.134988625496087,0.0,0.0,0.0,1.2604571280716508,0.0,0,0.0,0,14.29367450711646,,,,,,,,,,,
5535,5/26/1982,1.270,1.762,5.000,3.714,1.762,0.0,1.952,0.0,0.0,0.0,14.29367450711646,0.0,0.0,1.7482582718752697,12.545416235241191,3.3158899165398736,0.0,0.0,0.0,0.9748109690068931,0.0,0,0.0,0,12.545416235241191,,,,,,,,,,,
5536,5/27/1982,1.154,0.696,5.000,3.714,0.696,0.0,3.018,0.0,0.0,0.0,12.545416235241191,0.0,0.0,1.4066117355498866,11.138804499691304,2.715660783781438,0.0,0.0,0.0,0.7731707705033266,0.0,0,0.0,0,11.138804499691304,,,,,,,,,,,
5537,5/28/1982,1.334,2.358,5.000,3.714,2.358,0.0,1.3559999999999999,0.0,0.0,0.0,11.138804499691304,0.0,0.0,1.1537102401606123,9.985094259530692,2.2626258023433308,0.0,0.0,0.0,0.6259418677868421,0.0,0,0.0,0,9.985094259530692,,,,,,,,,,,
5538,5/29/1982,1.123,0.561,5.000,3.714,0.561,0.0,3.153,0.0,0.0,0.0,9.985094259530692,0.0,0.0,0.9615076110357599,9.023586648494932,1.9123407030409243,0.0,0.0,0.0,0.5154449261575323,0.0,0,0.0,0,9.023586648494932,,,,,,,,,,,
5539,5/30/1982,1.236,1.139,5.000,3.714,1.139,0.0,2.575,0.0,0.0,0.0,9.023586648494932,0.0,0.0,0.8122027077129955,8.211383940781937,1.636001091427353,0.0,0.0,0.0,0.43059756897105306,0.0,0,0.0,0,8.211383940781937,,,,,,,,,,,
5540,5/31/1982,1.613,5.690,5.000,3.714,3.714,1.9760000000000004,0.0,0,1.8865585542815704,0.0,10.097942495063508,0.0,0.0,0.9796868229031948,9.118255672160313,1.945720588507785,0.08944144571843,0.08944144571843,0.0,0.525838118876497,0.08944144571843,0,0.0,0,9.118255672160313,,,,,,,,,,,
5541,6/1/1982,1.458,5.046,6.000,3.269,3.269,1.7770000000000001,0.0,0,1.7770000000000001,0.08944144571843,10.895653821419717,0.0,0.08944144571843,1.1120422093742652,9.783611612045451,2.1871607465047767,0.0,0.0,0.00039814925940304455,0.6018764249537311,0.08904329645902696,0,0.0,0,9.783611612045451,,,,,,,,,,,
5542,6/2/1982,1.419,4.741,6.000,3.269,3.269,1.4719999999999995,0.0,0,1.4716018507405966,0.08904329645902696,11.255609839681068,0.0,0.08904329645902696,1.1739443108897945,10.081665528791273,2.299182696821985,0.00039814925940303615,0.00039814925940303615,0.0003963768950199571,0.6376488667050084,0.08904506882341005,0,0.0,0,10.081665528791273,,,,,,,,,,,
5543,6/3/1982,2.338,14.530,6.000,3.269,3.269,11.261,0.0,0,11.260603623104979,0.08904506882341005,21.34266553668097,0.0,0.08904506882341005,3.410202819163785,17.932462717517183,6.101674677642336,0.00039637689501995115,0.00039637689501995115,0.000396384784713162,1.9869577955993893,0.08904506093371685,0,0.0,0,17.932462717517183,,,,,,,,,,,
5544,6/4/1982,5.895,6.488,6.000,3.269,3.269,3.2190000000000003,0.0,0,3.218603615215287,0.08904506093371685,21.15146271748206,0.0,0.08904506093371685,3.3594366437434977,17.792026073738565,6.019119381987983,0.0003963847847131611,0.0003963847847131611,0.0003963847495921342,1.9554480407384398,0.08904506096883787,0,0.0,0,17.792026073738565,,,,,,,,,,,
5545,6/5/1982,2.890,17.495,6.000,3.269,3.269,14.226,0.0,0,14.225603615250408,0.08904506096883787,32.018026073738724,0.0,0.08904506096883787,6.704350354340396,25.31367571939833,11.23397944303838,0.0003963847495921373,0.0003963847495921373,0.00039638474974847566,4.083970510800937,0.08904506096868153,0,0.0,0,25.31367571939833,,,,,,,,,,,
5546,6/6/1982,9.812,18.568,6.000,3.269,3.269,15.299000000000001,0.0,0,15.298603615250252,0.08904506096868153,40.61267571939833,0.0,0.08904506096868153,9.964796881298657,30.647878838099675,16.009733307001152,0.0003963847497484729,0.0003963847497484729,0.0003963847497477797,6.230449433822665,0.08904506096868223,0,0.0,0,30.647878838099675,,,,,,,,,,,
5547,6/7/1982,6.101,7.592,6.000,3.269,3.269,4.3229999999999995,0.0,0,4.322603615250252,0.08904506096868223,34.97087883809968,0.0,0.08904506096868223,7.76622596249419,27.20465287560549,12.816117442031802,0.0003963847497477797,0.0003963847497477797,0.0003963847497477828,4.776804806098374,0.08904506096868223,0,0.0,0,27.20465287560549,,,,,,,,,,,
5548,6/8/1982,1.279,1.768,6.000,3.269,1.768,0.0,1.5010000000000001,0.0,0.0,0.08904506096868223,27.20465287560549,0.08904506096868223,0.0,5.110198374866956,22.094454500738536,8.799090802978748,0.0,0.0,0.0,3.057768040762403,0.0,0,0.0,0,22.094454500738536,,,,,,,,,,,
5549,6/9/1982,1.210,1.374,6.000,3.269,1.374,0.0,1.895,0.0,0.0,0.0,22.094454500738536,0.0,0.0,3.6127500641735444,18.481704436564993,6.429754271532528,0.0,0.0,0.0,2.1129788942630987,0.0,0,0.0,0,18.481704436564993,,,,,,,,,,,
5550,6/10/1982,1.262,1.822,6.000,3.269,1.822,0.0,1.447,0.0,0.0,0.0,18.481704436564993,0.0,0.0,2.682887606039683,15.79881683052531,4.905281097641636,0.0,0.0,0.0,1.538707150633865,0.0,0,0.0,0,15.79881683052531,,,,,,,,,,,
5551,6/11/1982,1.579,5.663,6.000,3.269,3.269,2.394,0.0,0,2.30455855428157,0.0,18.10337538480688,0.0,0.0,2.591980358797121,15.51139502600976,4.753509490710951,0.08944144571843,0.08944144571843,0.0,1.4832013621209796,0.08944144571843,0,0.0,0,15.51139502600976,,,,,,,,,,,
5552,6/12/1982,1.258,2.873,6.000,3.269,2.873,0.0,0.3959999999999999,0.0,0.0,0.08944144571843,15.511642353550277,0.033881044016234,0.055560401702196005,2.0035279995778614,13.508114353972417,3.7569114467364613,0.0,0.0,0.00024732754051745776,1.127210299433637,0.05531307416167855,0,0.0,0,13.508114353972417,,,,,,,,,,,
5553,6/13/1982,1.445,4.499,6.000,3.269,3.269,1.2299999999999995,0.0,0,1.195871628443296,0.05531307416167855,14.704232208975847,0.0,0.05531307416167855,1.8327491730448313,12.871483035931016,3.462515107252735,0.03412837155670357,0.03412837155670357,0.0002462265601353091,1.0251008378310373,0.0891952191582468,0,0.0,0,12.871483035931016,,,,,,,,,,,
5554,6/14/1982,1.994,10.976,6.000,3.269,3.269,7.707000000000001,0.0,0,7.706753773439818,0.0891952191582468,20.57863386255088,0.0,0.0891952191582468,3.2091745926371416,17.36945926991374,5.773970940363138,0.0002462265601832024,0.0002462265601832024,0.00039705318004302473,1.8623680450529645,0.08904439253838697,0,0.0,0,17.36945926991374,,,,,,,,,,,
5555,6/15/1982,5.187,8.471,6.000,3.269,3.269,5.202,0.0,0,5.201602946819957,0.08904439253838697,22.571458598507924,0.0,0.08904439253838697,3.7436779888352674,18.827780609672658,6.6407576350077475,0.00039705318004303416,0.00039705318004303416,0.00039638177422536276,2.1946892675332594,0.08904506394420464,0,0.0,0,18.827780609672658,,,,,,,,,,,
5556,6/16/1982,4.358,15.852,6.000,3.269,3.269,12.583,0.0,0,12.582603618225775,0.08904506394420464,31.410780612661426,0.0,0.08904506394420464,6.493771369471143,24.917009243190282,10.916702137843734,0.0003963817742253726,0.0003963817742253726,0.0003963847629933429,3.947397986381439,0.08904506095543667,0,0.0,0,24.917009243190282,,,,,,,,,,,
5557,6/17/1982,5.204,4.465,6.000,3.269,3.269,1.1959999999999997,0.0,0,1.1956036152370073,0.08904506095543667,26.11300924317698,0.0,0.08904506095543667,4.7730280025765905,21.339981240600387,8.273397464530687,0.00039638476299237626,0.00039638476299237626,0.0003963847496888201,2.843218173070335,0.08904506096874022,0,0.0,0,21.339981240600387,,,,,,,,,,,
5558,6/18/1982,1.616,6.880,6.000,3.269,3.269,3.6109999999999998,0.0,0,3.61060361525031,0.08904506096874022,24.950981240600445,0.0,0.08904506096874022,4.424306044508616,20.52667519609183,7.725199311402394,0.0003963847496897797,0.0003963847496897797,0.000396384749748041,2.622366076079338,0.08904506096868196,0,0.0,0,20.52667519609183,,,,,,,,,,,
5559,6/19/1982,1.598,5.613,6.000,3.269,3.269,2.3440000000000003,0.0,0,2.3436036152502524,0.08904506096868196,22.87067519609183,0.0,0.08904506096868196,3.8267558532870587,19.043919342804774,6.774225610530236,0.000396384749748039,0.000396384749748039,0.00039638474974778166,2.2466350834896374,0.08904506096868223,0,0.0,0,19.043919342804774,,,,,,,,,,,
5560,6/20/1982,1.771,8.306,6.000,3.269,3.269,5.036999999999999,0.0,0,5.036603615250251,0.08904506096868223,24.080919342804773,0.0,0.08904506096868223,4.170174387753412,19.91074495505136,7.322631906911553,0.0003963847497477797,0.0003963847497477797,0.0003963847497477828,2.4621352064621678,0.08904506096868223,0,0.0,0,19.91074495505136,,,,,,,,,,,
5561,6/21/1982,2.308,7.660,6.000,3.269,3.269,4.391,0.0,0,4.390603615250252,0.08904506096868223,24.301744955051362,0.0,0.08904506096868223,4.234104209319999,20.067640745731364,7.424155332876739,0.0003963847497477797,0.0003963847497477797,0.0003963847497477828,2.5023841996637803,0.08904506096868223,0,0.0,0,20.067640745731364,,,,,,,,,,,
5562,6/22/1982,7.915,32.324,6.000,3.269,3.269,29.055,0.0,0,29.05460361525025,0.08904506096868223,49.12264074573136,0.0,0.08904506096868223,13.682599689920556,35.4400410558108,21.209638296191816,0.0003963847497477797,0.0003963847497477797,0.0003963847497477828,8.735349344492473,0.08904506096868223,0,0.0,0,35.4400410558108,,,,,,,,,,,
5563,6/23/1982,11.195,24.830,6.000,3.269,3.269,21.561,0.0,0,21.56060361525025,0.08904506096868223,57.0010410558108,0.0,0.08904506096868223,17.532227238642548,39.468813817168254,26.387793255037646,0.0003963847497477797,0.0003963847497477797,0.0003963847497477828,11.377147294657387,0.08904506096868223,0,0.0,0,39.468813817168254,,,,,,,,,,,
5564,6/24/1982,4.217,2.919,6.000,3.269,2.919,0.0,0.3500000000000001,0.0,0.0,0.08904506096868223,39.46907746474517,0.029818477263578183,0.059226583705104044,9.501541525182915,29.967535939562254,15.34510842845705,0.0,0.0,0.00026364757691188094,5.92222103356726,0.058962936128192166,0,0.0,0,29.967535939562254,,,,,,,,,,,
5565,6/25/1982,1.278,2.634,6.000,3.269,2.634,0.0,0.6350000000000002,0.0,0.0,0.058962936128192166,29.96763656108917,0.03635901404365988,0.022603922084532282,6.004173960093474,23.963462600995694,10.17413869530668,0.0,0.0,0.00010062152691373812,3.6310070785146085,0.022503300557618545,0,0.0,0,23.963462600995694,,,,,,,,,,,
5566,6/26/1982,2.118,11.914,6.000,3.269,3.269,8.645,0.0,0,8.578061854839188,0.022503300557618545,32.54162462944432,0.0,0.022503300557618545,6.888074411513482,25.65355021793084,11.509803839273685,0.06693814516081147,0.06693814516081147,0.00010017360943992147,4.203357198307629,0.0893412721089901,0,0.0,0,25.65355021793084,,,,,,,,,,,
5567,6/27/1982,4.434,4.287,6.000,3.269,3.269,1.0179999999999998,0.0,0,1.017899826390573,0.0893412721089901,26.67184774765725,0.0,0.0893412721089901,4.94448371102894,21.72736403662831,8.541235711381642,0.00010017360942688417,0.00010017360942688417,0.00039770333583718685,2.952199319686797,0.08904374238257978,0,0.0,0,21.72736403662831,,,,,,,,,,,
5568,6/28/1982,1.233,2.494,6.000,3.269,2.494,0.0,0.7749999999999999,0.0,0.0,0.08904374238257978,21.727466501644255,0.06602569338344319,0.023018048999136592,3.5132921058767352,18.214174395767518,6.268911663711615,0.0,0.0,0.00010246501594753174,2.0510382493683026,0.02291558398318906,0,0.0,0,18.214174395767518,,,,,,,,,,,
5569,6/29/1982,1.202,1.570,6.000,3.269,1.57,0.0,1.699,0.0,0.0,0.02291558398318906,18.214174395767518,0.02291558398318906,0.0,2.618473978115227,15.595700417652292,4.797797010947831,0.0,0.0,0.0,1.4993647039147677,0.0,0,0.0,0,15.595700417652292,,,,,,,,,,,
5570,6/30/1982,1.849,8.528,6.000,3.269,3.269,5.259,0.0,0,5.16955855428157,0.0,20.76525897193386,0.0,0.0,3.2578270957519617,17.507431876181897,5.853478029776757,0.08944144571843,0.08944144571843,0.0,1.8924751364039198,0.08944144571843,0,0.0,0,17.507431876181897,,,,,,,,,,,
5571,7/1/1982,2.130,5.770,7.000,3.463,3.463,2.3069999999999995,0.0,0,2.3069999999999995,0.08944144571843,19.8148300254413,0.0,0.08944144571843,3.0131195518226948,16.801710473618606,5.452257657491077,0.0,0.0,0.00039814925940304455,1.7413541778592567,0.08904329645902696,0,0.0,0,16.801710473618606,,,,,,,,,,,
5572,7/2/1982,1.201,2.195,7.000,3.463,2.195,0.0,1.2680000000000002,0.0,0.0,0.08904329645902696,16.801710473618606,0.08904329645902696,0.0,2.2888725245741965,14.512837949044409,4.24339286664167,0.0,0.0,0.0,1.2990806888006758,0.0,0,0.0,0,14.512837949044409,,,,,,,,,,,
5573,7/3/1982,1.650,6.618,7.000,3.463,3.463,3.1550000000000002,0.0,0,3.06555855428157,0.0,17.57839650332598,0.0,0.0,2.467920726309526,15.110475777016454,4.545500407638073,0.08944144571843,0.08944144571843,0.0,1.4076608506911563,0.08944144571843,0,0.0,0,15.110475777016454,,,,,,,,,,,
5574,7/4/1982,1.226,2.165,7.000,3.463,2.165,0.0,1.298,0.0,0.0,0.08944144571843,15.110475777016454,0.08944144571843,0.0,1.917914944030214,13.19256083298624,3.6096484378580342,0.0,0.0,0.0,1.075947050392279,0.0,0,0.0,0,13.19256083298624,,,,,,,,,,,
5575,7/5/1982,1.333,2.998,7.000,3.463,2.998,0.0,0.46499999999999986,0.0,0.0,0.0,13.19256083298624,0.0,0.0,1.5296108440927005,11.66294998889354,2.933190036682695,0.0,0.0,0.0,0.845430132496588,0.0,0,0.0,0,11.66294998889354,,,,,,,,,,,
5576,7/6/1982,1.889,9.524,7.000,3.463,3.463,6.060999999999999,0.0,0,5.971558554281569,0.0,17.63450854317511,0.0,0.0,2.481064450904251,15.153444092270858,4.567588105758901,0.08944144571843,0.08944144571843,0.0,1.4156525132548377,0.08944144571843,0,0.0,0,15.153444092270858,,,,,,,,,,,
5577,7/7/1982,2.190,3.145,7.000,3.463,3.145,0.0,0.31800000000000006,0.0,0.0,0.08944144571843,15.15372112711964,0.027207505043339433,0.06223394067509057,1.9270719469187678,13.226649180200873,3.6254297192103766,0.0,0.0,0.00027703484878280056,1.0814229933527297,0.061956905826307765,0,0.0,0,13.226649180200873,,,,,,,,,,,
5578,7/8/1982,1.097,0.518,7.000,3.463,0.518,0.0,2.9450000000000003,0.0,0.0,0.061956905826307765,13.226649180200873,0.061956905826307765,0.0,1.536203802463472,11.690445377737401,2.9448024135936546,0.0,0.0,0.0,0.849314447990866,0.0,0,0.0,0,11.690445377737401,,,,,,,,,,,
5579,7/9/1982,1.191,0.593,7.000,3.463,0.593,0.0,2.87,0.0,0.0,0.0,11.690445377737401,0.0,0.0,1.2505014697011252,10.439943908036275,2.436990545860023,0.0,0.0,0.0,0.682061680608838,0.0,0,0.0,0,10.439943908036275,,,,,,,,,,,
5580,7/10/1982,1.253,1.357,7.000,3.463,1.357,0.0,2.106,0.0,0.0,0.0,10.439943908036275,0.0,0.0,1.0356095663429417,9.404334341693334,2.0480661854505553,0.0,0.0,0.0,0.5578882586085666,0.0,0,0.0,0,9.404334341693334,,,,,,,,,,,
5581,7/11/1982,1.194,1.013,7.000,3.463,1.013,0.0,2.45,0.0,0.0,0.0,9.404334341693334,0.0,0.0,0.8701201229849881,8.534214218708346,1.7436787810206023,0.0,0.0,0.0,0.463398644228386,0.0,0,0.0,0,8.534214218708346,,,,,,,,,,,
5582,7/12/1982,1.159,0.437,7.000,3.463,0.437,0.0,3.0260000000000002,0.0,0.0,0.0,8.534214218708346,0.0,0.0,0.7401248929783522,7.794089325729994,1.50107161162459,0.0,0.0,0.0,0.38999270564843386,0.0,0,0.0,0,7.794089325729994,,,,,,,,,,,
5583,7/13/1982,1.177,0.376,7.000,3.463,0.376,0.0,3.087,0.0,0.0,0.0,7.794089325729994,0.0,0.0,0.6362699451101615,7.1578193806198325,1.3046689311675856,0.0,0.0,0.0,0.33194962949464096,0.0,0,0.0,0,7.1578193806198325,,,,,,,,,,,
5584,7/14/1982,1.256,1.288,7.000,3.463,1.288,0.0,2.175,0.0,0.0,0.0,7.1578193806198325,0.0,0.0,0.5520778674028314,6.605741513217001,1.143512013983608,0.0,0.0,0.0,0.28534817936296875,0.0,0,0.0,0,6.605741513217001,,,,,,,,,,,
5585,7/15/1982,1.159,0.553,7.000,3.463,0.553,0.0,2.91,0.0,0.0,0.0,6.605741513217001,0.0,0.0,0.482949518170176,6.122791995046826,1.0097060969086658,0.0,0.0,0.0,0.24743070512143403,0.0,0,0.0,0,6.122791995046826,,,,,,,,,,,
5586,7/16/1982,1.383,2.851,7.000,3.463,2.851,0.0,0.6120000000000001,0.0,0.0,0.0,6.122791995046826,0.0,0.0,0.42554773914437133,5.697244255902454,0.8974457864908701,0.0,0.0,0.0,0.2162141845020408,0.0,0,0.0,0,5.697244255902454,,,,,,,,,,,
5587,7/17/1982,1.633,6.684,7.000,3.463,3.463,3.221,0.0,0,3.13155855428157,0.0,8.828802810184024,0.0,0.0,0.7831930166571984,8.045609793526825,1.581822616824815,0.08944144571843,0.08944144571843,0.0,0.4142252682115487,0.08944144571843,0,0.0,0,8.045609793526825,,,,,,,,,,,
5588,7/18/1982,1.647,6.223,7.000,3.463,3.463,2.76,0.0,0,2.76,0.08944144571843,10.806007942786229,0.0,0.08944144571843,1.0968348697670625,9.709173073019166,2.1595558785542974,0.0,0.0,0.00039814925940304455,0.5931080538285144,0.08904329645902696,0,0.0,0,9.709173073019166,,,,,,,,,,,
5589,7/19/1982,2.453,14.165,7.000,3.463,3.463,10.701999999999998,0.0,0,10.701601850740595,0.08904329645902696,20.41117130065478,0.0,0.08904329645902696,3.165767313666575,17.245403986988205,5.702926927127994,0.0003981492594030382,0.0003981492594030382,0.0003963768950199571,1.835532124542635,0.08904506882341005,0,0.0,0,17.245403986988205,,,,,,,,,,,
5590,7/20/1982,8.364,13.251,7.000,3.463,3.463,9.788,0.0,0,9.78760362310498,0.08904506882341005,27.0334039948779,0.0,0.08904506882341005,5.056697831420244,21.976706163457656,8.7159500773355,0.00039637689501995115,0.00039637689501995115,0.000396384784713162,3.023660472241226,0.08904506093371685,0,0.0,0,21.976706163457656,,,,,,,,,,,
5591,7/21/1982,3.768,0.686,7.000,3.463,0.686,0.0,2.777,0.0,0.0,0.08904506093371685,21.976706163457656,0.08904506093371685,0.0,3.5807179558351683,18.395988207622487,6.378005371179958,0.0,0.0,0.0,2.0930174663186802,0.0,0,0.0,0,18.395988207622487,,,,,,,,,,,
5592,7/22/1982,1.391,3.012,7.000,3.463,3.012,0.0,0.45100000000000007,0.0,0.0,0.0,18.395988207622487,0.0,0.0,2.6621814256328515,15.733806781989635,4.870759012370754,0.0,0.0,0.0,1.5260534129842462,0.0,0,0.0,0,15.733806781989635,,,,,,,,,,,
5593,7/23/1982,1.275,2.638,7.000,3.463,2.638,0.0,0.8250000000000002,0.0,0.0,0.0,15.733806781989635,0.0,0.0,2.0515816172897616,13.682225164699874,3.8392956812604684,0.0,0.0,0.0,1.1560473974192247,0.0,0,0.0,0,13.682225164699874,,,,,,,,,,,
5594,7/24/1982,1.154,1.041,7.000,3.463,1.041,0.0,2.422,0.0,0.0,0.0,13.682225164699874,0.0,0.0,1.6254002920712856,12.056824872628589,3.1014521625782496,0.0,0.0,0.0,0.901971628726335,0.0,0,0.0,0,12.056824872628589,,,,,,,,,,,
5595,7/25/1982,1.625,5.812,7.000,3.463,3.463,2.349,0.0,0,2.25955855428157,0.0,14.316383426910159,0.0,0.0,1.7528899334804753,12.563493493429684,3.323945143835673,0.08944144571843,0.08944144571843,0.0,0.9775637100258482,0.08944144571843,0,0.0,0,12.563493493429684,,,,,,,,,,,
5596,7/26/1982,1.734,7.859,7.000,3.463,3.463,4.396,0.0,0,4.396,0.08944144571843,16.959891642689087,0.0,0.08944144571843,2.3248997643674385,14.634991878321648,4.304368193242982,0.0,0.0,0.00039814925940304455,1.3208851398137293,0.08904329645902696,0,0.0,0,14.634991878321648,,,,,,,,,,,
5597,7/27/1982,1.862,5.898,7.000,3.463,3.463,2.4349999999999996,0.0,0,2.4346018507405964,0.08904329645902696,17.069990105957263,0.0,0.08904329645902696,2.3501083944989594,14.719881711458303,4.346976462939884,0.0003981492594030382,0.0003981492594030382,0.0003963768950199571,1.3361551857019751,0.08904506882341005,0,0.0,0,14.719881711458303,,,,,,,,,,,
5598,7/28/1982,1.285,3.126,7.000,3.463,3.126,0.0,0.3370000000000002,0.0,0.0,0.08904506882341005,14.72015028929725,0.02871093624388627,0.06033413257952378,1.8360571066908624,12.884093182606387,3.46824217031793,0.0,0.0,0.00026857783894600673,1.0270729064174242,0.06006555474057777,0,0.0,0,12.884093182606387,,,,,,,,,,,
5599,7/29/1982,1.444,4.636,7.000,3.463,3.463,1.173,0.0,0,1.1436241090222905,0.06006555474057777,14.02798467389138,0.0,0.06006555474057777,1.6944337088373644,12.333550965054016,3.22212788048572,0.029375890977709478,0.029375890977709478,0.00026738226270269487,0.9428568527337609,0.08917406345558455,0,0.0,0,12.333550965054016,,,,,,,,,,,
5600,7/30/1982,1.576,6.456,7.000,3.463,3.463,2.9930000000000003,0.0,0,2.992732617737155,0.08917406345558455,15.326680541796446,0.0,0.08917406345558455,1.9638694776674281,13.362811064129017,3.688773296150394,0.000267382262845453,0.000267382262845453,0.00039695900527561724,1.103445329516699,0.08904448671315439,0,0.0,0,13.362811064129017,,,,,,,,,,,
5601,7/31/1982,3.255,19.234,7.000,3.463,3.463,15.771,0.0,0,15.770603040994725,0.08904448671315439,29.133810487317184,0.0,0.08904448671315439,5.7283286888546625,23.40548179846252,9.752605323647948,0.0003969590052756151,0.0003969590052756151,0.0003963821934450388,3.453486497655952,0.08904506352498497,0,0.0,0,23.40548179846252,,,,,,,,,,,
5602,8/1/1982,5.881,6.842,8.000,3.792,3.792,3.05,0.0,0,3.0496036178065546,0.08904506352498497,26.455481801030203,0.0,0.08904506352498497,4.877814011544749,21.577667789485453,8.43721689684724,0.0003963821934450348,0.0003963821934450348,0.0003963847611271834,2.909792509977051,0.08904506095730282,0,0.0,0,21.577667789485453,,,,,,,,,,,
5603,8/2/1982,1.175,1.479,8.000,3.792,1.479,0.0,2.3129999999999997,0.0,0.0,0.08904506095730282,21.577667789485453,0.08904506095730282,0.0,3.47301465180359,18.104653137681865,6.20363542359039,0.0,0.0,0.0,2.0259867928806963,0.0,0,0.0,0,18.104653137681865,,,,,,,,,,,
5604,8/3/1982,1.204,1.179,8.000,3.792,1.179,0.0,2.6129999999999995,0.0,0.0,0.0,18.104653137681865,0.0,0.0,2.592285273231053,15.512367864450813,4.754019458894269,0.0,0.0,0.0,1.4833873240185296,0.0,0,0.0,0,15.512367864450813,,,,,,,,,,,
5605,8/4/1982,1.169,0.624,8.000,3.792,0.624,0.0,3.1679999999999997,0.0,0.0,0.0,15.512367864450813,0.0,0.0,2.0036841837772923,13.50868368067352,3.7571795260006766,0.0,0.0,0.0,1.1273039528527702,0.0,0,0.0,0,13.50868368067352,,,,,,,,,,,
5606,8/5/1982,1.240,1.226,8.000,3.792,1.226,0.0,2.566,0.0,0.0,0.0,13.50868368067352,0.0,0.0,1.5911855714282148,11.917498109245306,3.0414620689263687,0.0,0.0,0.0,0.8817498865299932,0.0,0,0.0,0,11.917498109245306,,,,,,,,,,,
5607,8/6/1982,1.766,7.422,8.000,3.792,3.792,3.63,0.0,0,3.54055855428157,0.0,15.458056663526875,0.0,0.0,1.992005820171363,13.466050843355513,3.737128740542689,0.08944144571843,0.08944144571843,0.0,1.1203025315830497,0.08944144571843,0,0.0,0,13.466050843355513,,,,,,,,,,,
5608,8/7/1982,1.712,5.775,8.000,3.792,3.792,1.9830000000000005,0.0,0,1.9830000000000005,0.08944144571843,15.449448992614917,0.0,0.08944144571843,1.9901574477112678,13.45929154490365,3.7339541782055194,0.0,0.0,0.00039814925940304455,1.1191946410868532,0.08904329645902696,0,0.0,0,13.45929154490365,,,,,,,,,,,
5609,8/8/1982,1.478,5.264,8.000,3.792,3.792,1.4720000000000004,0.0,0,1.4716018507405975,0.08904329645902696,14.931289772539268,0.0,0.08904329645902696,1.8801593177124971,13.05113045482677,3.5445017192273447,0.00039814925940303615,0.00039814925940303615,0.0003963768950199571,1.053387210148248,0.08904506882341005,0,0.0,0,13.05113045482677,,,,,,,,,,,
5610,8/9/1982,1.556,6.218,8.000,3.792,3.792,2.426,0.0,0,2.4256036231049802,0.08904506882341005,15.477130462716463,0.0,0.08904506882341005,1.9961040869812061,13.481026375735258,3.744166441298095,0.00039637689501995115,0.00039637689501995115,0.000396384784713162,1.1227592207758217,0.08904506093371685,0,0.0,0,13.481026375735258,,,,,,,,,,,
5611,8/10/1982,1.832,8.567,8.000,3.792,3.792,4.775,0.0,0,4.7746036152152875,0.08904506093371685,18.256026375700138,0.0,0.08904506093371685,2.628509407378213,15.627516968321924,4.814560457401503,0.0003963847847131611,0.0003963847847131611,0.0003963847495921342,1.5054899785065459,0.08904506096883787,0,0.0,0,15.627516968321924,,,,,,,,,,,
5612,8/11/1982,2.710,8.676,8.000,3.792,3.792,4.884,0.0,0,4.883603615250408,0.08904506096883787,20.51151696832208,0.0,0.08904506096883787,3.1917491094315187,17.31976785889056,5.745463305968127,0.0003963847495921373,0.0003963847495921373,0.00039638474974847566,1.851592104953099,0.08904506096868153,0,0.0,0,17.31976785889056,,,,,,,,,,,
5613,8/12/1982,1.359,0.527,8.000,3.792,0.527,0.0,3.2649999999999997,0.0,0.0,0.08904506096868153,17.31976785889056,0.08904506096868153,0.0,2.4077010162772208,14.91206684261334,4.4441482820436535,0.0,0.0,0.0,1.3710820123868186,0.0,0,0.0,0,14.91206684261334,,,,,,,,,,,
5614,8/13/1982,1.197,0.663,8.000,3.792,0.663,0.0,3.1289999999999996,0.0,0.0,0.0,14.91206684261334,0.0,0.0,1.8761267727427244,13.035940069870616,3.5375361215196133,0.0,0.0,0.0,1.0509794244121995,0.0,0,0.0,0,13.035940069870616,,,,,,,,,,,
5615,8/14/1982,1.416,3.282,8.000,3.792,3.282,0.0,0.5099999999999998,0.0,0.0,0.0,13.035940069870616,0.0,0.0,1.4994651279433815,11.536474941927235,2.88003302382593,0.0,0.0,0.0,0.8276835457687629,0.0,0,0.0,0,11.536474941927235,,,,,,,,,,,
5616,8/15/1982,1.501,5.332,8.000,3.792,3.792,1.54,0.0,0,1.4505585542815702,0.0,12.987033496208806,0.0,0.0,1.4901010218546622,11.496932474354143,2.8635005758883985,0.08944144571842981,0.08944144571842981,0.0,0.8221757128341413,0.08944144571842981,0,0.0,0,11.496932474354143,,,,,,,,,,,
5617,8/16/1982,1.436,4.899,8.000,3.792,3.792,1.1070000000000002,0.0,0,1.107,0.08944144571842981,12.604330623613546,0.0,0.08944144571842981,1.417638249413018,11.186692374200527,2.735232117033989,1.9859990478119575e-16,1.9859990478119575e-16,0.0003981492594030437,0.7796321765677289,0.08904329645902696,0,0.0,0,11.186692374200527,,,,,,,,,,,
5618,8/17/1982,1.108,1.086,8.000,3.792,1.086,0.0,2.7059999999999995,0.0,0.0,0.08904329645902696,11.186692374200527,0.08904329645902696,0.0,1.1619887869351848,10.024703587265343,2.277589595932051,0.0,0.0,0.0,0.6307300375937884,0.0,0,0.0,0,10.024703587265343,,,,,,,,,,,
5619,8/18/1982,1.443,3.778,8.000,3.792,3.778,0.0,0.01399999999999979,0.0,0.0,0.0,10.024703587265343,0.0,0.0,0.9678729334526548,9.056830653812687,1.9240346869753102,0.0,0.0,0.0,0.5190825704664414,0.0,0,0.0,0,9.056830653812687,,,,,,,,,,,
5620,8/19/1982,0.000,0.361,8.000,3.792,0.361,0.0,3.431,0.0,0.0,0.0,9.056830653812687,0.0,0.0,0.817195921020748,8.23963473279194,1.6453095958846944,0.0,0.0,0.0,0.43341952875487016,0.0,0,0.0,0,8.23963473279194,,,,,,,,,,,
5621,8/20/1982,1.162,0.173,8.000,3.792,0.173,0.0,3.6189999999999998,0.0,0.0,0.0,8.23963473279194,0.0,0.0,0.6980379655277839,7.5415967672641555,1.421776704069573,0.0,0.0,0.0,0.3664016975206708,0.0,0,0.0,0,7.5415967672641555,,,,,,,,,,,
5622,8/21/1982,1.180,0.285,8.000,3.792,0.285,0.0,3.5069999999999997,0.0,0.0,0.0,7.5415967672641555,0.0,0.0,0.602288574375248,6.939308192888907,1.239846652059634,0.0,0.0,0.0,0.3130883677512055,0.0,0,0.0,0,6.939308192888907,,,,,,,,,,,
5623,8/22/1982,1.225,0.886,8.000,3.792,0.886,0.0,2.9059999999999997,0.0,0.0,0.0,6.939308192888907,0.0,0.0,0.5242753088884226,6.415032884000484,1.0898681390129603,0.0,0.0,0.0,0.27005831320438795,0.0,0,0.0,0,6.415032884000484,,,,,,,,,,,
5624,8/23/1982,1.189,0.740,8.000,3.792,0.74,0.0,3.0519999999999996,0.0,0.0,0.0,6.415032884000484,0.0,0.0,0.4599358436170095,5.955097040383475,0.9648315982391302,0.0,0.0,0.0,0.23488422364075068,0.0,0,0.0,0,5.955097040383475,,,,,,,,,,,
5625,8/24/1982,1.323,2.246,8.000,3.792,2.246,0.0,1.5459999999999998,0.0,0.0,0.0,5.955097040383475,0.0,0.0,0.406300337180115,5.54879670320336,0.8595458317662926,0.0,0.0,0.0,0.2058071296235969,0.0,0,0.0,0,5.54879670320336,,,,,,,,,,,
5626,8/25/1982,1.811,8.428,8.000,3.792,3.792,4.636000000000001,0.0,0,4.546558554281571,0.0,10.09535525748493,0.0,0.0,0.9792685089603567,9.116086748524575,1.944953114033509,0.08944144571843,0.08944144571843,0.0,0.5255988220533734,0.08944144571843,0,0.0,0,9.116086748524575,,,,,,,,,,,
5627,8/26/1982,1.347,0.950,8.000,3.792,0.95,0.0,2.8419999999999996,0.0,0.0,0.08944144571843,9.116086748524575,0.08944144571843,0.0,0.8261264493787314,8.289960299145843,1.661946052248729,0.0,0.0,0.0,0.4384695234920399,0.0,0,0.0,0,8.289960299145843,,,,,,,,,,,
5628,8/27/1982,1.302,2.096,8.000,3.792,2.096,0.0,1.6959999999999997,0.0,0.0,0.0,8.289960299145843,0.0,0.0,0.7051581491701645,7.584802149975679,1.4352192049050903,0.0,0.0,0.0,0.3703863530614775,0.0,0,0.0,0,7.584802149975679,,,,,,,,,,,
5629,8/28/1982,1.213,1.545,8.000,3.792,1.545,0.0,2.247,0.0,0.0,0.0,7.584802149975679,0.0,0.0,0.6080503448730528,6.9767518051026265,1.2508583811342382,0.0,0.0,0.0,0.3162815993749703,0.0,0,0.0,0,6.9767518051026265,,,,,,,,,,,
5630,8/29/1982,1.225,1.459,8.000,3.792,1.459,0.0,2.3329999999999997,0.0,0.0,0.0,6.9767518051026265,0.0,0.0,0.5289986540303406,6.447753151072286,1.0989974339995436,0.0,0.0,0.0,0.27265220629506576,0.0,0,0.0,0,6.447753151072286,,,,,,,,,,,
5631,8/30/1982,1.130,0.280,8.000,3.792,0.28,0.0,3.5119999999999996,0.0,0.0,0.0,6.447753151072286,0.0,0.0,0.4638523721662916,5.983900778905994,0.9724807225825673,0.0,0.0,0.0,0.23701655707449953,0.0,0,0.0,0,5.983900778905994,,,,,,,,,,,
5632,8/31/1982,1.161,0.119,8.000,3.792,0.119,0.0,3.673,0.0,0.0,0.0,5.983900778905994,0.0,0.0,0.40958095176984355,5.574319827136151,0.8660153236073653,0.0,0.0,0.0,0.20757870406381768,0.0,0,0.0,0,5.574319827136151,,,,,,,,,,,
5633,9/1/1982,1.179,0.245,9.000,4.609,0.245,0.0,4.364,0.0,0.0,0.0,5.574319827136151,0.0,0.0,0.3639308869913698,5.210388940144781,0.775617783573971,0.0,0.0,0.0,0.1830143011391982,0.0,0,0.0,0,5.210388940144781,,,,,,,,,,,
5634,9/2/1982,1.232,0.948,9.000,4.609,0.948,0.0,3.661,0.0,0.0,0.0,5.210388940144781,0.0,0.0,0.32519911133905605,4.885189828805725,0.6982437717565827,0.0,0.0,0.0,0.1623303866217658,0.0,0,0.0,0,4.885189828805725,,,,,,,,,,,
5635,9/3/1982,1.226,1.214,9.000,4.609,1.214,0.0,3.395,0.0,0.0,0.0,4.885189828805725,0.0,0.0,0.29207979712958143,4.593110031676144,0.6315345365538091,0.0,0.0,0.0,0.1447713230064478,0.0,0,0.0,0,4.593110031676144,,,,,,,,,,,
5636,9/4/1982,1.298,2.176,9.000,4.609,2.176,0.0,2.433,0.0,0.0,0.0,4.593110031676144,0.0,0.0,0.26355860102605955,4.329551430650084,0.5736398240935001,0.0,0.0,0.0,0.12975434758872373,0.0,0,0.0,0,4.329551430650084,,,,,,,,,,,
5637,9/5/1982,1.210,1.547,9.000,4.609,1.547,0.0,3.0620000000000003,0.0,0.0,0.0,4.329551430650084,0.0,0.0,0.23883828804842835,4.090713142601656,0.5230919668455574,0.0,0.0,0.0,0.11682456591286557,0.0,0,0.0,0,4.090713142601656,,,,,,,,,,,
5638,9/6/1982,1.145,0.503,9.000,4.609,0.503,0.0,4.106,0.0,0.0,0.0,4.090713142601656,0.0,0.0,0.21728553784511548,3.8734276047565404,0.4787149001699086,0.0,0.0,0.0,0.10562298037225266,0.0,0,0.0,0,3.8734276047565404,,,,,,,,,,,
5639,9/7/1982,1.344,2.381,9.000,4.609,2.381,0.0,2.228,0.0,0.0,0.0,3.8734276047565404,0.0,0.0,0.19839231726594683,3.6750352874905934,0.4395574494949962,0.0,0.0,0.0,0.09586342386939814,0.0,0,0.0,0,3.6750352874905934,,,,,,,,,,,
5640,9/8/1982,2.908,21.116,9.000,4.609,4.609,16.506999999999998,0.0,0,16.41755855428157,0.0,20.092593841772164,0.0,0.0,3.0838443773179924,17.008749464454173,5.568561159089699,0.08944144571843,0.08944144571843,0.0,1.7849506511203916,0.08944144571843,0,0.0,0,17.008749464454173,,,,,,,,,,,
5641,9/9/1982,5.245,5.242,9.000,4.609,4.609,0.633,0.0,0,0.633,0.08944144571843,17.642147613713576,0.0,0.08944144571843,2.482855991519298,15.159291622194278,4.570597818268201,0.0,0.0,0.00039814925940304455,1.4167420239227755,0.08904329645902696,0,0.0,0,15.159291622194278,,,,,,,,,,,
5642,9/10/1982,1.283,3.186,9.000,4.609,3.186,0.0,1.423,0.0,0.0,0.08904329645902696,15.159291622194278,0.08904329645902696,0.0,1.9282527416124922,13.231038880581785,3.6274641789469775,0.0,0.0,0.0,1.0821292405084857,0.0,0,0.0,0,13.231038880581785,,,,,,,,,,,
5643,9/11/1982,1.229,2.149,9.000,4.609,2.149,0.0,2.46,0.0,0.0,0.0,13.231038880581785,0.0,0.0,1.5370536297469728,11.693985250834812,2.946298897481804,0.0,0.0,0.0,0.8498152131956463,0.0,0,0.0,0,11.693985250834812,,,,,,,,,,,
5644,9/12/1982,1.379,3.528,9.000,4.609,3.528,0.0,1.081,0.0,0.0,0.0,11.693985250834812,0.0,0.0,1.2511326209173,10.442852629917512,2.4381234023523306,0.0,0.0,0.0,0.6824285875887547,0.0,0,0.0,0,10.442852629917512,,,,,,,,,,,
5645,9/13/1982,1.295,3.032,9.000,4.609,3.032,0.0,1.577,0.0,0.0,0.0,10.442852629917512,0.0,0.0,1.036090504424213,9.4067621254933,2.0489442045503945,0.0,0.0,0.0,0.5581643945034777,0.0,0,0.0,0,9.4067621254933,,,,,,,,,,,
5646,9/14/1982,1.103,0.553,9.000,4.609,0.553,0.0,4.056,0.0,0.0,0.0,9.4067621254933,0.0,0.0,0.8704945328472662,8.536267592646034,1.744372817636124,0.0,0.0,0.0,0.4636111667054136,0.0,0,0.0,0,8.536267592646034,,,,,,,,,,,
5647,9/15/1982,1.465,3.763,9.000,4.609,3.763,0.0,0.8460000000000001,0.0,0.0,0.0,8.536267592646034,0.0,0.0,0.7404217129336262,7.795845879712408,1.5016294717637795,0.0,0.0,0.0,0.3901594020378194,0.0,0,0.0,0,7.795845879712408,,,,,,,,,,,
5648,9/16/1982,1.558,6.115,9.000,4.609,4.609,1.5060000000000002,0.0,0,1.4165585542815706,0.0,9.212404433993978,0.0,0.0,0.8407252754428737,8.371679158551105,1.689108731787288,0.08944144571842957,0.08944144571842957,0.0,0.44673252365225735,0.08944144571842957,0,0.0,0,8.371679158551105,,,,,,,,,,,
5649,9/17/1982,3.022,18.796,9.000,4.609,4.609,14.187,0.0,0,14.187,0.08944144571842957,22.559077307810508,0.0,0.08944144571842957,3.7402560352829104,18.818821272527597,6.635253204803701,4.2698979528715814e-16,4.2698979528715814e-16,0.00039814925940304265,2.1925512488527783,0.08904329645902696,0,0.0,0,18.818821272527597,,,,,,,,,,,
5650,9/18/1982,3.889,0.923,9.000,4.609,0.923,0.0,3.686,0.0,0.0,0.08904329645902696,18.818821272527597,0.08904329645902696,0.0,2.764944856526362,16.053876416001234,5.041820794255612,0.0,0.0,0.0,1.5889158588773968,0.0,0,0.0,0,16.053876416001234,,,,,,,,,,,
5651,9/19/1982,1.154,0.333,9.000,4.609,0.333,0.0,4.276,0.0,0.0,0.0,16.053876416001234,0.0,0.0,2.121610407530891,13.932266008470343,3.9590143208363093,0.0,0.0,0.0,1.1981512380348762,0.0,0,0.0,0,13.932266008470343,,,,,,,,,,,
5652,9/20/1982,1.164,0.171,9.000,4.609,0.171,0.0,4.438,0.0,0.0,0.0,13.932266008470343,0.0,0.0,1.6752078823951757,12.257058126075167,3.1885677153968586,0.0,0.0,0.0,0.931459096530672,0.0,0,0.0,0,12.257058126075167,,,,,,,,,,,
5653,9/21/1982,1.172,0.195,9.000,4.609,0.195,0.0,4.414,0.0,0.0,0.0,12.257058126075167,0.0,0.0,1.353140379454614,10.903917746620554,2.6205481205962107,0.0,0.0,0.0,0.7418849014600508,0.0,0,0.0,0,10.903917746620554,,,,,,,,,,,
5654,9/22/1982,1.303,1.752,9.000,4.609,1.752,0.0,2.857,0.0,0.0,0.0,10.903917746620554,0.0,0.0,1.1134482985928151,9.79046944802774,2.189711410552915,0.0,0.0,0.0,0.6026875594909702,0.0,0,0.0,0,9.79046944802774,,,,,,,,,,,
5655,9/23/1982,1.109,0.141,9.000,4.609,0.141,0.0,4.468,0.0,0.0,0.0,9.79046944802774,0.0,0.0,0.9304755639457316,8.859993884082007,1.8552324513428273,0.0,0.0,0.0,0.49773365399042824,0.0,0,0.0,0,8.859993884082007,,,,,,,,,,,
5656,9/24/1982,1.162,0.065,9.000,4.609,0.065,0.0,4.544,0.0,0.0,0.0,8.859993884082007,0.0,0.0,0.7878099861174807,8.072183897964527,1.590456547984488,0.0,0.0,0.0,0.41682833162045974,0.0,0,0.0,0,8.072183897964527,,,,,,,,,,,
5657,9/25/1982,1.214,0.641,9.000,4.609,0.641,0.0,3.968,0.0,0.0,0.0,8.072183897964527,0.0,0.0,0.6745552450540904,7.397628652910436,1.3773608251944938,0.0,0.0,0.0,0.353279194842237,0.0,0,0.0,0,7.397628652910436,,,,,,,,,,,
5658,9/26/1982,1.142,0.052,9.000,4.609,0.052,0.0,4.557,0.0,0.0,0.0,7.397628652910436,0.0,0.0,0.5832480864399266,6.8143805664705095,1.2033953210529165,0.0,0.0,0.0,0.30255032843834256,0.0,0,0.0,0,6.8143805664705095,,,,,,,,,,,
5659,9/27/1982,1.176,0.180,9.000,4.609,0.18,0.0,4.429,0.0,0.0,0.0,6.8143805664705095,0.0,0.0,0.508639111164555,6.305741455305954,1.059599121611576,0.0,0.0,0.0,0.26148250966091774,0.0,0,0.0,0,6.305741455305954,,,,,,,,,,,
5660,9/28/1982,1.155,0.000,9.000,4.609,0.0,0.0,4.609,0.0,0.0,0.0,6.305741455305954,0.0,0.0,0.4469504491965548,5.858791006109399,0.939433781870796,0.0,0.0,0.0,0.22782299228459116,0.0,0,0.0,0,5.858791006109399,,,,,,,,,,,
5661,9/29/1982,1.162,0.000,9.000,4.609,0.0,0.0,4.609,0.0,0.0,0.0,5.858791006109399,0.0,0.0,0.39540830634905827,5.463382699760341,0.838037246269087,0.0,0.0,0.0,0.19993208001328194,0.0,0,0.0,0,5.463382699760341,,,,,,,,,,,
5662,9/30/1982,1.162,0.002,9.000,4.609,0.002,0.0,4.607,0.0,0.0,0.0,5.463382699760341,0.0,0.0,0.35193988122265096,5.11144281853769,0.7517331612371547,0.0,0.0,0.0,0.17659449863458457,0.0,0,0.0,0,5.11144281853769,,,,,,,,,,,
5663,10/1/1982,1.163,0.016,10.000,5.054,0.016,0.0,5.038,0.0,0.0,0.0,5.11144281853769,0.0,0.0,0.31497176384405695,4.796471054693633,0.6777001451390926,0.0,0.0,0.0,0.15689493903851445,0.0,0,0.0,0,4.796471054693633,,,,,,,,,,,
5664,10/2/1982,1.166,0.061,10.000,5.054,0.061,0.0,4.993,0.0,0.0,0.0,4.796471054693633,0.0,0.0,0.2832927702172444,4.513178284476389,0.613743984548858,0.0,0.0,0.0,0.14013402808495068,0.0,0,0.0,0,4.513178284476389,,,,,,,,,,,
5665,10/3/1982,1.176,0.182,10.000,5.054,0.182,0.0,4.872,0.0,0.0,0.0,4.513178284476389,0.0,0.0,0.25595871880793875,4.25721956566845,0.5581376625081284,0.0,0.0,0.0,0.1257704192679347,0.0,0,0.0,0,4.25721956566845,,,,,,,,,,,
5666,10/4/1982,1.156,0.014,10.000,5.054,0.014,0.0,5.04,0.0,0.0,0.0,4.25721956566845,0.0,0.0,0.23222511877482688,4.024994446893623,0.5095070548317102,0.0,0.0,0.0,0.11338014283448718,0.0,0,0.0,0,4.024994446893623,,,,,,,,,,,
5667,10/5/1982,1.168,0.067,10.000,5.054,0.067,0.0,4.987,0.0,0.0,0.0,4.024994446893623,0.0,0.0,0.21149880625529413,3.8134956406383287,0.46674796792903306,0.0,0.0,0.0,0.10262759339829003,0.0,0,0.0,0,3.8134956406383287,,,,,,,,,,,
5668,10/6/1982,1.167,0.098,10.000,5.054,0.098,0.0,4.956,0.0,0.0,0.0,3.8134956406383287,0.0,0.0,0.19330267693341532,3.6201929637049135,0.42896506213525054,0.0,0.0,0.0,0.09324450893503708,0.0,0,0.0,0,3.6201929637049135,,,,,,,,,,,
5669,10/7/1982,1.158,0.000,10.000,5.054,0.0,0.0,5.054,0.0,0.0,0.0,3.6201929637049135,0.0,0.0,0.17724961932530017,3.4429433443796134,0.39542630015753993,0.0,0.0,0.0,0.08501452918720072,0.0,0,0.0,0,3.4429433443796134,,,,,,,,,,,
5670,10/8/1982,1.171,0.102,10.000,5.054,0.102,0.0,4.952,0.0,0.0,0.0,3.4429433443796134,0.0,0.0,0.1630230090074743,3.279920335372139,0.3655285682476523,0.0,0.0,0.0,0.07776170891959296,0.0,0,0.0,0,3.279920335372139,,,,,,,,,,,
5671,10/9/1982,1.161,0.041,10.000,5.054,0.041,0.0,5.013,0.0,0.0,0.0,3.279920335372139,0.0,0.0,0.1503619457218333,3.1295583896503056,0.3387714446139271,0.0,0.0,0.0,0.07134187366863169,0.0,0,0.0,0,3.1295583896503056,,,,,,,,,,,
5672,10/10/1982,1.187,0.310,10.000,5.054,0.31,0.0,4.744000000000001,0.0,0.0,0.0,3.1295583896503056,0.0,0.0,0.13904996243975215,2.9905084272105533,0.3147369814140607,0.0,0.0,0.0,0.06563604475407064,0.0,0,0.0,0,2.9905084272105533,,,,,,,,,,,
5673,10/11/1982,1.155,0.059,10.000,5.054,0.059,0.0,4.995,0.0,0.0,0.0,2.9905084272105533,0.0,0.0,0.12890630568925412,2.8616021215212992,0.2930739754925323,0.0,0.0,0.0,0.060545388532465876,0.0,0,0.0,0,2.8616021215212992,,,,,,,,,,,
5674,10/12/1982,1.165,0.055,10.000,5.054,0.055,0.0,4.9990000000000006,0.0,0.0,0.0,2.8616021215212992,0.0,0.0,0.11977914068637159,2.7418229808349275,0.27348562466411713,0.0,0.0,0.0,0.055987300759893464,0.0,0,0.0,0,2.7418229808349275,,,,,,,,,,,
5675,10/13/1982,1.175,0.169,10.000,5.054,0.169,0.0,4.885000000000001,0.0,0.0,0.0,2.7418229808349275,0.0,0.0,0.11154021180487649,2.630282769030051,0.2557197622545598,0.0,0.0,0.0,0.051892344902129336,0.0,0,0.0,0,2.630282769030051,,,,,,,,,,,
5676,10/14/1982,1.167,0.134,10.000,5.054,0.134,0.0,4.92,0.0,0.0,0.0,2.630282769030051,0.0,0.0,0.10408061370963562,2.5262021553204153,0.23956107285879183,0.0,0.0,0.0,0.048201838979913945,0.0,0,0.0,0,2.5262021553204153,,,,,,,,,,,
5677,10/15/1982,1.166,0.100,10.000,5.054,0.1,0.0,4.954000000000001,0.0,0.0,0.0,2.5262021553204153,0.0,0.0,0.09730741750913859,2.4288947378112766,0.2248248433874173,0.0,0.0,0.0,0.0448659393200022,0.0,0,0.0,0,2.4288947378112766,,,,,,,,,,,
5678,10/16/1982,1.242,0.988,10.000,5.054,0.988,0.0,4.066000000000001,0.0,0.0,0.0,2.4288947378112766,0.0,0.0,0.0911409605034648,2.3377537773078116,0.2113519132475015,0.0,0.0,0.0,0.04184210819779737,0.0,0,0.0,0,2.3377537773078116,,,,,,,,,,,
5679,10/17/1982,1.254,1.561,10.000,5.054,1.561,0.0,3.4930000000000003,0.0,0.0,0.0,2.3377537773078116,0.0,0.0,0.0855126549082501,2.2522411223995618,0.19900456805370584,0.0,0.0,0.0,0.03909388037298449,0.0,0,0.0,0,2.2522411223995618,,,,,,,,,,,
5680,10/18/1982,1.111,0.091,10.000,5.054,0.091,0.0,4.963,0.0,0.0,0.0,2.2522411223995618,0.0,0.0,0.08036320537729523,2.1718779170222664,0.18766318092886197,0.0,0.0,0.0,0.03658986404496604,0.0,0,0.0,0,2.1718779170222664,,,,,,,,,,,
5681,10/19/1982,1.163,0.063,10.000,5.054,0.063,0.0,4.9910000000000005,0.0,0.0,0.0,2.1718779170222664,0.0,0.0,0.07564115072241634,2.09623676629985,0.17722345003693352,0.0,0.0,0.0,0.03430292693146184,0.0,0,0.0,0,2.09623676629985,,,,,,,,,,,
5682,10/20/1982,1.238,0.925,10.000,5.054,0.925,0.0,4.1290000000000004,0.0,0.0,0.0,2.09623676629985,0.0,0.0,0.07130166438413103,2.024935101915719,0.16759411458501342,0.0,0.0,0.0,0.03220952949273633,0.0,0,0.0,0,2.024935101915719,,,,,,,,,,,
5683,10/21/1982,1.142,0.188,10.000,5.054,0.188,0.0,4.8660000000000005,0.0,0.0,0.0,2.024935101915719,0.0,0.0,0.06730556266876979,1.9576295392469494,0.15869505704279313,0.0,0.0,0.0,0.030289175835164387,0.0,0,0.0,0,1.9576295392469494,,,,,,,,,,,
5684,10/22/1982,1.198,0.515,10.000,5.054,0.515,0.0,4.539000000000001,0.0,0.0,0.0,1.9576295392469494,0.0,0.0,0.06361848076974799,1.8940110584772014,0.15045571884612785,0.0,0.0,0.0,0.02852395927728185,0.0,0,0.0,0,1.8940110584772014,,,,,,,,,,,
5685,10/23/1982,1.142,0.003,10.000,5.054,0.003,0.0,5.051,0.0,0.0,0.0,1.8940110584772014,0.0,0.0,0.06021018502119972,1.8338008734560016,0.14281377188900365,0.0,0.0,0.0,0.026898184484320263,0.0,0,0.0,0,1.8338008734560016,,,,,,,,,,,
5686,10/24/1982,1.169,0.084,10.000,5.054,0.084,0.0,4.970000000000001,0.0,0.0,0.0,1.8338008734560016,0.0,0.0,0.05705399633628055,1.776746877119721,0.13571399977111467,0.0,0.0,0.0,0.025398051860903728,0.0,0,0.0,0,1.776746877119721,,,,,,,,,,,
5687,10/25/1982,1.161,0.029,10.000,5.054,0.029,0.0,5.025,0.0,0.0,0.0,1.776746877119721,0.0,0.0,0.054126304832949015,1.722620572286772,0.1291073518709677,0.0,0.0,0.0,0.024011392818837338,0.0,0,0.0,0,1.722620572286772,,,,,,,,,,,
5688,10/26/1982,1.175,0.163,10.000,5.054,0.163,0.0,4.891,0.0,0.0,0.0,1.722620572286772,0.0,0.0,0.051406159596000554,1.6712144126907715,0.12295014046164587,0.0,0.0,0.0,0.022727446815758435,0.0,0,0.0,0,1.6712144126907715,,,,,,,,,,,
5689,10/27/1982,1.226,0.830,10.000,5.054,0.83,0.0,4.224,0.0,0.0,0.0,1.6712144126907715,0.0,0.0,0.04887492062521512,1.6223394920655565,0.11720335673028248,0.0,0.0,0.0,0.021536672845038216,0.0,0,0.0,0,1.6223394920655565,,,,,,,,,,,
5690,10/28/1982,1.151,0.254,10.000,5.054,0.254,0.0,4.800000000000001,0.0,0.0,0.0,1.6223394920655565,0.0,0.0,0.0465159624702216,1.575823529595335,0.11183208604340072,0.0,0.0,0.0,0.020430589462823577,0.0,0,0.0,0,1.575823529595335,,,,,,,,,,,
5691,10/29/1982,1.169,0.203,10.000,5.054,0.203,0.0,4.851,0.0,0.0,0.0,1.575823529595335,0.0,0.0,0.04431442099979894,1.531509108595536,0.10680500637664332,0.0,0.0,0.0,0.019401638551020933,0.0,0,0.0,0,1.531509108595536,,,,,,,,,,,
5692,10/30/1982,1.160,0.064,10.000,5.054,0.064,0.0,4.99,0.0,0.0,0.0,1.531509108595536,0.0,0.0,0.042256976308202035,1.4892521322873338,0.1020939566958897,0.0,0.0,0.0,0.018443068900806603,0.0,0,0.0,0,1.4892521322873338,,,,,,,,,,,
5693,10/31/1982,1.167,0.087,10.000,5.054,0.087,0.0,4.9670000000000005,0.0,0.0,0.0,1.4892521322873338,0.0,0.0,0.0403316660087869,1.4489204662785469,0.09767356438837838,0.0,0.0,0.0,0.017548836409738134,0.0,0,0.0,0,1.4489204662785469,,,,,,,,,,,
5694,11/1/1982,1.169,0.119,11.000,5.054,0.119,0.0,4.9350000000000005,0.0,0.0,0.0,1.4489204662785469,0.0,0.0,0.038527724171067645,1.4103927421074793,0.09352092271379131,0.0,0.0,0.0,0.016713518254900292,0.0,0,0.0,0,1.4103927421074793,,,,,,,,,,,
5695,11/2/1982,1.258,1.179,11.000,5.054,1.179,0.0,3.875,0.0,0.0,0.0,1.4103927421074793,0.0,0.0,0.03683544197185952,1.3735573001356198,0.08961531076676241,0.0,0.0,0.0,0.015932238864142516,0.0,0,0.0,0,1.3735573001356198,,,,,,,,,,,
5696,11/3/1982,1.434,3.744,11.000,5.054,3.744,0.0,1.31,0.0,0.0,0.0,1.3735573001356198,0.0,0.0,0.03524604679356734,1.3383112533420525,0.08593794968451374,0.0,0.0,0.0,0.015200605880111094,0.0,0,0.0,0,1.3383112533420525,,,,,,,,,,,
5697,11/4/1982,1.100,0.743,11.000,5.054,0.743,0.0,4.311,0.0,0.0,0.0,1.3383112533420525,0.0,0.0,0.033751597043589376,1.3045596562984632,0.08247178985161913,0.0,0.0,0.0,0.014514654615167443,0.0,0,0.0,0,1.3045596562984632,,,,,,,,,,,
5698,11/5/1982,1.155,0.267,11.000,5.054,0.267,0.0,4.787,0.0,0.0,0.0,1.3045596562984632,0.0,0.0,0.03234489041224834,1.2722147658862148,0.07920132469183011,0.0,0.0,0.0,0.013870799743273047,0.0,0,0.0,0,1.2722147658862148,,,,,,,,,,,
5699,11/6/1982,1.173,0.252,11.000,5.054,0.252,0.0,4.8020000000000005,0.0,0.0,0.0,1.2722147658862148,0.0,0.0,0.031019383651577144,1.2411953822346378,0.0761124273289736,0.0,0.0,0.0,0.013265793178407998,0.0,0,0.0,0,1.2411953822346378,,,,,,,,,,,
5700,11/7/1982,1.156,0.054,11.000,5.054,0.054,0.0,5.0,0.0,0.0,0.0,1.2411953822346378,0.0,0.0,0.02976912225867809,1.2114262599759598,0.07319220697256781,0.0,0.0,0.0,0.012696687256677382,0.0,0,0.0,0,1.2114262599759598,,,,,,,,,,,
5701,11/8/1982,1.185,0.289,11.000,5.054,0.289,0.0,4.765000000000001,0.0,0.0,0.0,1.2114262599759598,0.0,0.0,0.028588678697172635,1.182837581278787,0.07042888236090089,0.0,0.0,0.0,0.012160802477772835,0.0,0,0.0,0,1.182837581278787,,,,,,,,,,,
5702,11/9/1982,1.155,0.047,11.000,5.054,0.047,0.0,5.007000000000001,0.0,0.0,0.0,1.182837581278787,0.0,0.0,0.027473097997998196,1.1553644832807888,0.06781166999243628,0.0,0.0,0.0,0.01165569917633271,0.0,0,0.0,0,1.1553644832807888,,,,,,,,,,,
5703,11/10/1982,1.183,0.263,11.000,5.054,0.263,0.0,4.791,0.0,0.0,0.0,1.1553644832807888,0.0,0.0,0.02641784975413324,1.1289466335266556,0.06533068520967897,0.0,0.0,0.0,0.011179152589332017,0.0,0,0.0,0,1.1289466335266556,,,,,,,,,,,
5704,11/11/1982,1.223,0.848,11.000,5.054,0.848,0.0,4.206,0.0,0.0,0.0,1.1289466335266556,0.0,0.0,0.025418785668898644,1.103527847857757,0.06297685447948068,0.0,0.0,0.0,0.010729130865425365,0.0,0,0.0,0,1.103527847857757,,,,,,,,,,,
5705,11/12/1982,1.151,0.256,11.000,5.054,0.256,0.0,4.798,0.0,0.0,0.0,1.103527847857757,0.0,0.0,0.02447210193926841,1.0790557459184886,0.06074183744944011,0.0,0.0,0.0,0.010303775628977928,0.0,0,0.0,0,1.0790557459184886,,,,,,,,,,,
5706,11/13/1982,1.158,0.077,11.000,5.054,0.077,0.0,4.977,0.0,0.0,0.0,1.0790557459184886,0.0,0.0,0.02357430585816267,1.0554814400603258,0.05861795755910793,0.0,0.0,0.0,0.009901384767629294,0.0,0,0.0,0,1.0554814400603258,,,,,,,,,,,
5707,11/14/1982,1.230,0.837,11.000,5.054,0.837,0.0,4.2170000000000005,0.0,0.0,0.0,1.0554814400603258,0.0,0.0,0.02272218610627669,1.032759253954049,0.05659814015329041,0.0,0.0,0.0,0.009520397159492627,0.0,0,0.0,0,1.032759253954049,,,,,,,,,,,
5708,11/15/1982,1.138,0.109,11.000,5.054,0.109,0.0,4.945,0.0,0.0,0.0,1.032759253954049,0.0,0.0,0.021912786277305994,1.010846467676743,0.05467585718790966,0.0,0.0,0.0,0.00915937909600437,0.0,0,0.0,0,1.010846467676743,,,,,,,,,,,
5709,11/16/1982,1.163,0.060,11.000,5.054,0.06,0.0,4.994000000000001,0.0,0.0,0.0,1.010846467676743,0.0,0.0,0.02114338124265969,0.9897030864340833,0.052845077740768805,0.0,0.0,0.0,0.00881701219024009,0.0,0,0.0,0,0.9897030864340833,,,,,,,,,,,
5710,11/17/1982,1.190,0.350,11.000,5.054,0.35,0.0,4.704000000000001,0.0,0.0,0.0,0.9897030864340833,0.0,0.0,0.020411456014720553,0.9692916304193628,0.0511002236436103,0.0,0.0,0.0,0.008492082589210767,0.0,0,0.0,0,0.9692916304193628,,,,,,,,,,,
5711,11/18/1982,1.190,0.499,11.000,5.054,0.499,0.0,4.555000000000001,0.0,0.0,0.0,0.9692916304193628,0.0,0.0,0.019714686812903066,0.9495769436064597,0.049436129640875195,0.0,0.0,0.0,0.008183471333082256,0.0,0,0.0,0,0.9495769436064597,,,,,,,,,,,
5712,11/19/1982,1.168,0.306,11.000,5.054,0.306,0.0,4.748,0.0,0.0,0.0,0.9495769436064597,0.0,0.0,0.019050924075413662,0.9305260195310461,0.04784800755691726,0.0,0.0,0.0,0.007890145725105503,0.0,0,0.0,0,0.9305260195310461,,,,,,,,,,,
5713,11/20/1982,1.181,0.369,11.000,5.054,0.369,0.0,4.6850000000000005,0.0,0.0,0.0,0.9305260195310461,0.0,0.0,0.018418177192754577,0.9121078423382915,0.04633141401905539,0.0,0.0,0.0,0.007611151593873974,0.0,0,0.0,0,0.9121078423382915,,,,,,,,,,,
5714,11/21/1982,1.187,0.480,11.000,5.054,0.48,0.0,4.574,0.0,0.0,0.0,0.9121078423382915,0.0,0.0,0.017814600767485488,0.8942932415708059,0.0448822213403872,0.0,0.0,0.0,0.007345606344809354,0.0,0,0.0,0,0.8942932415708059,,,,,,,,,,,
5715,11/22/1982,1.145,0.031,11.000,5.054,0.031,0.0,5.023000000000001,0.0,0.0,0.0,0.8942932415708059,0.0,0.0,0.01723848222927621,0.8770547593415297,0.04349659121510223,0.0,0.0,0.0,0.007092692710909191,0.0,0,0.0,0,0.8770547593415297,,,,,,,,,,,
5716,11/23/1982,1.161,0.007,11.000,5.054,0.007,0.0,5.047000000000001,0.0,0.0,0.0,0.8770547593415297,0.0,0.0,0.01668823065544316,0.8603665286860865,0.04217095092126707,0.0,0.0,0.0,0.006851653124098425,0.0,0,0.0,0,0.8603665286860865,,,,,,,,,,,
5717,11/24/1982,1.181,0.226,11.000,5.054,0.226,0.0,4.828,0.0,0.0,0.0,0.8603665286860865,0.0,0.0,0.016162366665460642,0.8442041620206259,0.0409019717626695,0.0,0.0,0.0,0.006621784638284408,0.0,0,0.0,0,0.8442041620206259,,,,,,,,,,,
5718,11/25/1982,1.153,0.007,11.000,5.054,0.007,0.0,5.047000000000001,0.0,0.0,0.0,0.8442041620206259,0.0,0.0,0.01565951327379377,0.8285446487468321,0.03968654951311361,0.0,0.0,0.0,0.006402434343652245,0.0,0,0.0,0,0.8285446487468321,,,,,,,,,,,
5719,11/26/1982,1.166,0.043,11.000,5.054,0.043,0.0,5.011,0.0,0.0,0.0,0.8285446487468321,0.0,0.0,0.01517838759916649,0.8133662611476656,0.03852178665423913,0.0,0.0,0.0,0.006192995219047046,0.0,0,0.0,0,0.8133662611476656,,,,,,,,,,,
5720,11/27/1982,1.175,0.161,11.000,5.054,0.161,0.0,4.893000000000001,0.0,0.0,0.0,0.8133662611476656,0.0,0.0,0.014717793340353441,0.7986484678073122,0.037404976222074594,0.0,0.0,0.0,0.005992902375635115,0.0,0,0.0,0,0.7986484678073122,,,,,,,,,,,
5721,11/28/1982,1.200,0.527,11.000,5.054,0.527,0.0,4.527,0.0,0.0,0.0,0.7986484678073122,0.0,0.0,0.014276613939020978,0.7843718538682912,0.03633358709861769,0.0,0.0,0.0,0.005801629650554727,0.0,0,0.0,0,0.7843718538682912,,,,,,,,,,,
5722,11/29/1982,1.162,0.247,11.000,5.054,0.247,0.0,4.807,0.0,0.0,0.0,0.7843718538682912,0.0,0.0,0.013853806359254765,0.7705180475090364,0.035305250603187226,0.0,0.0,0.0,0.005618686514075514,0.0,0,0.0,0,0.7705180475090364,,,,,,,,,,,
5723,11/30/1982,1.179,0.315,11.000,5.054,0.315,0.0,4.739,0.0,0.0,0.0,0.7705180475090364,0.0,0.0,0.01344839542138088,0.7570696520876555,0.03431774825446386,0.0,0.0,0.0,0.005443615257982522,0.0,0,0.0,0,0.7570696520876555,,,,,,,,,,,
5724,12/1/1982,1.178,0.332,12.000,5.337,0.332,0.0,5.005,0.0,0.0,0.0,0.7570696520876555,0.0,0.0,0.013059468634669797,0.7440101834529858,0.03336900058833896,0.0,0.0,0.0,0.005275988436570863,0.0,0,0.0,0,0.7440101834529858,,,,,,,,,,,
5725,12/2/1982,1.216,0.791,12.000,5.337,0.791,0.0,4.545999999999999,0.0,0.0,0.0,0.7440101834529858,0.0,0.0,0.01268617147964024,0.7313240119733455,0.03245705692918029,0.0,0.0,0.0,0.005115406534851105,0.0,0,0.0,0,0.7313240119733455,,,,,,,,,,,
5726,12/3/1982,1.382,2.953,12.000,5.337,2.953,0.0,2.384,0.0,0.0,0.0,0.7313240119733455,0.0,0.0,0.01232770309606637,0.7189963088772792,0.03158008602312731,0.0,0.0,0.0,0.004961495841385509,0.0,0,0.0,0,0.7189963088772792,,,,,,,,,,,
5727,12/4/1982,0.000,0.029,12.000,5.337,0.029,0.0,5.308,0.0,0.0,0.0,0.7189963088772792,0.0,0.0,0.011983312337534005,0.7070129965397451,0.030736367451734983,0.0,0.0,0.0,0.004813906505653184,0.0,0,0.0,0,0.7070129965397451,,,,,,,,,,,
5728,12/5/1982,1.184,0.261,12.000,5.337,0.261,0.0,5.076,0.0,0.0,0.0,0.7070129965397451,0.0,0.0,0.011652294157573297,0.6953607023821718,0.029924283752863958,0.0,0.0,0.0,0.004672310762023112,0.0,0,0.0,0,0.6953607023821718,,,,,,,,,,,
5729,12/6/1982,1.309,1.848,12.000,5.337,1.848,0.0,3.489,0.0,0.0,0.0,0.6953607023821718,0.0,0.0,0.01133398629608828,0.6840267160860836,0.029142313183305093,0.0,0.0,0.0,0.004536401304336394,0.0,0,0.0,0,0.6840267160860836,,,,,,,,,,,
5730,12/7/1982,1.110,0.190,12.000,5.337,0.19,0.0,5.146999999999999,0.0,0.0,0.0,0.6840267160860836,0.0,0.0,0.011027766238069916,0.6729989498480137,0.028389023064353827,0.0,0.0,0.0,0.0044058897967961565,0.0,0,0.0,0,0.6729989498480137,,,,,,,,,,,
5731,12/8/1982,1.169,0.184,12.000,5.337,0.184,0.0,5.153,0.0,0.0,0.0,0.6729989498480137,0.0,0.0,0.01073304841947202,0.6622659014285417,0.027663063657519246,0.0,0.0,0.0,0.004280505508363837,0.0,0,0.0,0,0.6622659014285417,,,,,,,,,,,
5732,12/9/1982,1.176,0.248,12.000,5.337,0.248,0.0,5.0889999999999995,0.0,0.0,0.0,0.6622659014285417,0.0,0.0,0.010449281657695476,0.6518166197708463,0.026963162522858936,0.0,0.0,0.0,0.00415999405918899,0.0,0,0.0,0,0.6518166197708463,,,,,,,,,,,
5733,12/10/1982,1.171,0.213,12.000,5.337,0.213,0.0,5.124,0.0,0.0,0.0,0.6518166197708463,0.0,0.0,0.0101759467864049,0.6416406729844414,0.026288119317151304,0.0,0.0,0.0,0.004044116268777326,0.0,0,0.0,0,0.6416406729844414,,,,,,,,,,,
5734,12/11/1982,1.173,0.229,12.000,5.337,0.229,0.0,5.108,0.0,0.0,0.0,0.6416406729844414,0.0,0.0,0.009912554476428853,0.6317281185080126,0.02563680099332435,0.0,0.0,0.0,0.003932647096647298,0.0,0,0.0,0,0.6317281185080126,,,,,,,,,,,
5735,12/12/1982,1.178,0.293,12.000,5.337,0.293,0.0,5.044,0.0,0.0,0.0,0.6317281185080126,0.0,0.0,0.009658643226299555,0.6220694752817131,0.025008137366313084,0.0,0.0,0.0,0.003825374667154937,0.0,0,0.0,0,0.6220694752817131,,,,,,,,,,,
5736,12/13/1982,1.191,0.480,12.000,5.337,0.48,0.0,4.856999999999999,0.0,0.0,0.0,0.6220694752817131,0.0,0.0,0.009413777507597546,0.6126556977741155,0.024401117013870835,0.0,0.0,0.0,0.003722099370994031,0.0,0,0.0,0,0.6126556977741155,,,,,,,,,,,
5737,12/14/1982,1.173,0.355,12.000,5.337,0.355,0.0,4.981999999999999,0.0,0.0,0.0,0.6126556977741155,0.0,0.0,0.00917754605170368,0.6034781517224118,0.02381478348385898,0.0,0.0,0.0,0.0036226330366160775,0.0,0,0.0,0,0.6034781517224118,,,,,,,,,,,
5738,12/15/1982,1.168,0.229,12.000,5.337,0.229,0.0,5.108,0.0,0.0,0.0,0.6034781517224118,0.0,0.0,0.008949560265845223,0.5945285914565666,0.02324823178222473,0.0,0.0,0.0,0.0035267981654724737,0.0,0,0.0,0,0.5945285914565666,,,,,,,,,,,
5739,12/16/1982,1.190,0.442,12.000,5.337,0.442,0.0,4.895,0.0,0.0,0.0,0.5945285914565666,0.0,0.0,0.008729452767472496,0.5857991386890941,0.022700605118285092,0.0,0.0,0.0,0.003434427225569366,0.0,0,0.0,0,0.5857991386890941,,,,,,,,,,,
5740,12/17/1982,1.215,0.832,12.000,5.337,0.832,0.0,4.505,0.0,0.0,0.0,0.5857991386890941,0.0,0.0,0.008516876027032428,0.5772822626620616,0.022171091886095815,0.0,0.0,0.0,0.0033453619983514504,0.0,0,0.0,0,0.5772822626620616,,,,,,,,,,,
5741,12/18/1982,1.635,5.791,12.000,5.337,5.337,0.4540000000000006,0.0,0,0.3645655308312746,0.0,0.9418477934933362,0.0,0.0,0.01879318196498027,0.923054611528356,0.047230561313351065,0.08943446916872606,0.08943446916872606,0.0,0.007776425926562009,0.08943446916872606,0,0.0,0,0.923054611528356,,,,,,,,,,,
5742,12/19/1982,0.000,0.257,12.000,5.337,0.257,0.0,5.08,0.0,0.0,0.08943446916872606,0.923054611528356,0.08943446916872606,0.0,0.018172364458678245,0.9048822470696778,0.045741516288297875,0.0,0.0,0.0,0.007502935348313968,0.0,0,0.0,0,0.9048822470696778,,,,,,,,,,,
5743,12/20/1982,1.180,0.328,12.000,5.337,0.328,0.0,5.0089999999999995,0.0,0.0,0.0,0.9048822470696778,0.0,0.0,0.01758001430488137,0.8873022327647965,0.044318297210311455,0.0,0.0,0.0,0.007242557903191356,0.0,0,0.0,0,0.8873022327647965,,,,,,,,,,,
5744,12/21/1982,1.155,0.081,12.000,5.337,0.081,0.0,5.255999999999999,0.0,0.0,0.0,0.8873022327647965,0.0,0.0,0.01701446906929872,0.8702877636954978,0.042957175164725726,0.0,0.0,0.0,0.006994500944219382,0.0,0,0.0,0,0.8702877636954978,,,,,,,,,,,
5745,12/22/1982,1.162,0.041,12.000,5.337,0.041,0.0,5.295999999999999,0.0,0.0,0.0,0.8702877636954978,0.0,0.0,0.01647418378452432,0.8538135799109734,0.041654677907531204,0.0,0.0,0.0,0.006758029421640621,0.0,0,0.0,0,0.8538135799109734,,,,,,,,,,,
5746,12/23/1982,1.160,0.000,12.000,5.337,0.0,0.0,5.337,0.0,0.0,0.0,0.8538135799109734,0.0,0.0,0.01595772124250743,0.837855858668466,0.04040756913822866,0.0,0.0,0.0,0.006532461010092054,0.0,0,0.0,0,0.837855858668466,,,,,,,,,,,
5747,12/24/1982,1.165,0.042,12.000,5.337,0.042,0.0,5.295,0.0,0.0,0.0,0.837855858668466,0.0,0.0,0.01546374320287759,0.8223921154655884,0.03921282968811013,0.0,0.0,0.0,0.006317161704854246,0.0,0,0.0,0,0.8223921154655884,,,,,,,,,,,
5748,12/25/1982,1.175,0.168,12.000,5.337,0.168,0.0,5.169,0.0,0.0,0.0,0.8223921154655884,0.0,0.0,0.014991002420247522,0.8074011130453409,0.03806764042513034,0.0,0.0,0.0,0.006111541836675348,0.0,0,0.0,0,0.8074011130453409,,,,,,,,,,,
5749,12/26/1982,1.213,0.685,12.000,5.337,0.685,0.0,4.651999999999999,0.0,0.0,0.0,0.8074011130453409,0.0,0.0,0.014538335404946203,0.7928627776403947,0.03696936669938774,0.0,0.0,0.0,0.0059150524606706965,0.0,0,0.0,0,0.7928627776403947,,,,,,,,,,,
5750,12/27/1982,1.774,7.246,12.000,5.337,5.337,1.9090000000000007,0.0,0,1.8195585542815707,0.0,2.6124213319219654,0.0,0.0,0.102905316675204,2.5095160152467613,0.2370085252118267,0.08944144571843,0.08944144571843,0.0,0.04762193598529664,0.08944144571843,0,0.0,0,2.5095160152467613,,,,,,,,,,,
5751,12/28/1982,2.090,9.393,12.000,5.337,5.337,4.056000000000001,0.0,0,4.056000000000001,0.08944144571843,6.565914164506165,0.0,0.08944144571843,0.47810627777074277,6.087807886735423,1.0002765268492892,0.0,0.0,0.00039814925940304455,0.24478695738104653,0.08904329645902696,0,0.0,0,6.087807886735423,,,,,,,,,,,
5752,12/29/1982,1.842,1.747,12.000,5.337,1.747,0.0,3.59,0.0,0.0,0.08904329645902696,6.087807886735423,0.08904329645902696,0.0,0.42150300599446766,5.666304880740955,0.8894925536524961,0.0,0.0,0.0,0.21402458123966475,0.0,0,0.0,0,5.666304880740955,,,,,,,,,,,
5753,12/30/1982,1.149,0.636,12.000,5.337,0.636,0.0,4.701,0.0,0.0,0.0,5.666304880740955,0.0,0.0,0.3739948960263679,5.292309984714588,0.7956178733479188,0.0,0.0,0.0,0.18841319285060096,0.0,0,0.0,0,5.292309984714588,,,,,,,,,,,
5754,12/31/1982,1.197,0.713,12.000,5.337,0.713,0.0,4.624,0.0,0.0,0.0,5.292309984714588,0.0,0.0,0.333765339624123,4.958544645090464,0.715413503081471,0.0,0.0,0.0,0.1668916923314576,0.0,0,0.0,0,4.958544645090464,,,,,,,,,,,
5755,1/1/1983,1.160,0.305,1.000,5.134,0.305,0.0,4.829000000000001,0.0,0.0,0.0,4.958544645090464,0.0,0.0,0.29942598783011465,4.65911865726035,0.6463776314539418,0.0,0.0,0.0,0.14865529029013527,0.0,0,0.0,0,4.65911865726035,,,,,,,,,,,
5756,1/2/1983,1.159,0.106,1.000,5.134,0.106,0.0,5.0280000000000005,0.0,0.0,0.0,4.65911865726035,0.0,0.0,0.2699015610514954,4.389217096208855,0.5865532546704604,0.0,0.0,0.0,0.13308518770007316,0.0,0,0.0,0,4.389217096208855,,,,,,,,,,,
5757,1/3/1983,1.161,0.034,1.000,5.134,0.034,0.0,5.1000000000000005,0.0,0.0,0.0,4.389217096208855,0.0,0.0,0.2443491774923207,4.144867918716534,0.5343919504558665,0.0,0.0,0.0,0.11969967972311729,0.0,0,0.0,0,4.144867918716534,,,,,,,,,,,
5758,1/4/1983,1.163,0.025,1.000,5.134,0.025,0.0,5.109,0.0,0.0,0.0,4.144867918716534,0.0,0.0,0.2221008757030498,3.922767043013484,0.4886557999760683,0.0,0.0,0.0,0.10811955544351938,0.0,0,0.0,0,3.922767043013484,,,,,,,,,,,
5759,1/5/1983,1.161,0.000,1.000,5.134,0.0,0.0,5.134,0.0,0.0,0.0,3.922767043013484,0.0,0.0,0.20262202022716538,3.720145022786318,0.44834571102801074,0.0,0.0,0.0,0.09804322247591939,0.0,0,0.0,0,3.720145022786318,,,,,,,,,,,
5760,1/6/1983,1.164,0.021,1.000,5.134,0.021,0.0,5.113,0.0,0.0,0.0,3.720145022786318,0.0,0.0,0.185480772146212,3.5346642506401063,0.41264831797739426,0.0,0.0,0.0,0.08922856335580903,0.0,0,0.0,0,3.5346642506401063,,,,,,,,,,,
5761,1/7/1983,1.161,0.000,1.000,5.134,0.0,0.0,5.134,0.0,0.0,0.0,3.5346642506401063,0.0,0.0,0.1703253893548983,3.364338861285208,0.38089615150632755,0.0,0.0,0.0,0.08147952641294288,0.0,0,0.0,0,3.364338861285208,,,,,,,,,,,
5762,1/8/1983,1.170,0.091,1.000,5.134,0.091,0.0,5.043,0.0,0.0,0.0,3.364338861285208,0.0,0.0,0.156867147055261,3.207471714229947,0.35253741899921837,0.0,0.0,0.0,0.07463609513612672,0.0,0,0.0,0,3.207471714229947,,,,,,,,,,,
5763,1/9/1983,1.165,0.069,1.000,5.134,0.069,0.0,5.065,0.0,0.0,0.0,3.207471714229947,0.0,0.0,0.1448673457676958,3.0626043684622513,0.327112834204107,0.0,0.0,0.0,0.06856670077740408,0.0,0,0.0,0,3.0626043684622513,,,,,,,,,,,
5764,1/10/1983,1.174,0.171,1.000,5.134,0.171,0.0,4.963,0.0,0.0,0.0,3.0626043684622513,0.0,0.0,0.13412732832279334,2.928477040139458,0.3042376782241453,0.0,0.0,0.0,0.06316242370408098,0.0,0,0.0,0,2.928477040139458,,,,,,,,,,,
5765,1/11/1983,1.170,0.164,1.000,5.134,0.164,0.0,4.970000000000001,0.0,0.0,0.0,2.928477040139458,0.0,0.0,0.12448073680102824,2.8039963033384296,0.2835877849263944,0.0,0.0,0.0,0.05833251930935161,0.0,0,0.0,0,2.8039963033384296,,,,,,,,,,,
5766,1/12/1983,1.162,0.078,1.000,5.134,0.078,0.0,5.056,0.0,0.0,0.0,2.8039963033384296,0.0,0.0,0.11578745433241544,2.6882088490060143,0.26488850004001036,0.0,0.0,0.0,0.054000935155510736,0.0,0,0.0,0,2.6882088490060143,,,,,,,,,,,
5767,1/13/1983,1.184,0.287,1.000,5.134,0.287,0.0,4.847,0.0,0.0,0.0,2.6882088490060143,0.0,0.0,0.10792882652289013,2.5802800224831244,0.24790591467747708,0.0,0.0,0.0,0.0501035772237532,0.0,0,0.0,0,2.5802800224831244,,,,,,,,,,,
5768,1/14/1983,1.223,0.864,1.000,5.134,0.864,0.0,4.2700000000000005,0.0,0.0,0.0,2.5802800224831244,0.0,0.0,0.100803863532315,2.4794761589508094,0.2324398536690975,0.0,0.0,0.0,0.04658614749695165,0.0,0,0.0,0,2.4794761589508094,,,,,,,,,,,
5769,1/15/1983,1.146,0.213,1.000,5.134,0.213,0.0,4.921,0.0,0.0,0.0,2.4794761589508094,0.0,0.0,0.09432620003944242,2.385149958911367,0.21831822888965155,0.0,0.0,0.0,0.04340242103838783,0.0,0,0.0,0,2.385149958911367,,,,,,,,,,,
5770,1/16/1983,1.165,0.127,1.000,5.134,0.127,0.0,5.007000000000001,0.0,0.0,0.0,2.385149958911367,0.0,0.0,0.08842164557497384,2.296728313336393,0.20539246249670098,0.0,0.0,0.0,0.040512863876533745,0.0,0,0.0,0,2.296728313336393,,,,,,,,,,,
5771,1/17/1983,1.244,1.022,1.000,5.134,1.022,0.0,4.112,0.0,0.0,0.0,2.296728313336393,0.0,0.0,0.08302619815418126,2.213702115182212,0.1935337548319468,0.0,0.0,0.0,0.03788351716766701,0.0,0,0.0,0,2.213702115182212,,,,,,,,,,,
5772,1/18/1983,1.143,0.249,1.000,5.134,0.249,0.0,4.885000000000001,0.0,0.0,0.0,2.213702115182212,0.0,0.0,0.07808442403666511,2.135617691145547,0.18263002368061101,0.0,0.0,0.0,0.03548509088812821,0.0,0,0.0,0,2.135617691145547,,,,,,,,,,,
5773,1/19/1983,1.155,0.040,1.000,5.134,0.04,0.0,5.094,0.0,0.0,0.0,2.135617691145547,0.0,0.0,0.07354812873207203,2.062069562413475,0.17258338055407432,0.0,0.0,0.0,0.03329222350927564,0.0,0,0.0,0,2.062069562413475,,,,,,,,,,,
5774,1/20/1983,1.202,0.484,1.000,5.134,0.484,0.0,4.65,0.0,0.0,0.0,2.062069562413475,0.0,0.0,0.06937526113003789,1.992694301283437,0.16330803913531972,0.0,0.0,0.0,0.03128287399260819,0.0,0,0.0,0,1.992694301283437,,,,,,,,,,,
5775,1/21/1983,1.202,0.697,1.000,5.134,0.697,0.0,4.437,0.0,0.0,0.0,1.992694301283437,0.0,0.0,0.06552900533215086,1.9271652959512862,0.15472857348968536,0.0,0.0,0.0,0.02943781990246429,0.0,0,0.0,0,1.9271652959512862,,,,,,,,,,,
5776,1/22/1983,1.162,0.327,1.000,5.134,0.327,0.0,4.807,0.0,0.0,0.0,1.9271652959512862,0.0,0.0,0.06197702445839087,1.8651882714928953,0.14677846088678392,0.0,0.0,0.0,0.027740241106270994,0.0,0,0.0,0,1.8651882714928953,,,,,,,,,,,
5777,1/23/1983,1.169,0.233,1.000,5.134,0.233,0.0,4.901000000000001,0.0,0.0,0.0,1.8651882714928953,0.0,0.0,0.05869082815338363,1.8064974433395118,0.13939885740678723,0.0,0.0,0.0,0.02617537287653277,0.0,0,0.0,0,1.8064974433395118,,,,,,,,,,,
5778,1/24/1983,1.177,0.287,1.000,5.134,0.287,0.0,4.847,0.0,0.0,0.0,1.8064974433395118,0.0,0.0,0.055645241285536856,1.750852202053975,0.13253756487189228,0.0,0.0,0.0,0.024730215558181747,0.0,0,0.0,0,1.750852202053975,,,,,,,,,,,
5779,1/25/1983,1.186,0.423,1.000,5.134,0.423,0.0,4.711,0.0,0.0,0.0,1.750852202053975,0.0,0.0,0.05281795582401685,1.698034246229958,0.12614815575875757,0.0,0.0,0.0,0.023393290563945738,0.0,0,0.0,0,1.698034246229958,,,,,,,,,,,
5780,1/26/1983,1.180,0.416,1.000,5.134,0.416,0.0,4.718,0.0,0.0,0.0,1.698034246229958,0.0,0.0,0.050189151397879515,1.6478450948320784,0.12018922913677277,0.0,0.0,0.0,0.022154434489463613,0.0,0,0.0,0,1.6478450948320784,,,,,,,,,,,
5781,1/27/1983,1.184,0.459,1.000,5.134,0.459,0.0,4.675000000000001,0.0,0.0,0.0,1.6478450948320784,0.0,0.0,0.04774117281487273,1.6001039220172057,0.11462377573537999,0.0,0.0,0.0,0.02100462473319481,0.0,0,0.0,0,1.6001039220172057,,,,,,,,,,,
5782,1/28/1983,1.450,3.551,1.000,5.134,3.551,0.0,1.5830000000000002,0.0,0.0,0.0,1.6001039220172057,0.0,0.0,0.04545825501462501,1.5546456670025808,0.10941863426981839,0.0,0.0,0.0,0.019935831264248173,0.0,0,0.0,0,1.5546456670025808,,,,,,,,,,,
5783,1/29/1983,1.555,6.027,1.000,5.134,5.134,0.8929999999999998,0.0,0,0.8035585546621229,0.0,2.3582042216647037,0.0,0.0,0.08676304764886937,2.2714411740158345,0.20175196545466542,0.08944144533787685,0.08944144533787685,0.0,0.039703429429656274,0.08944144533787685,0,0.0,0,2.2714411740158345,,,,,,,,,,,
5784,1/30/1983,1.753,7.880,1.000,5.134,5.134,2.7459999999999996,0.0,0,2.745999999619446,0.08944144533787685,5.017839322892989,0.0,0.08944144533787685,0.3054173436559217,4.712421979237067,0.6584633133439585,3.8055315642998154e-10,3.8055315642998154e-10,0.00039814925770900934,0.15182760257214675,0.089043296460721,0,0.0,0,4.712421979237067,,,,,,,,,,,
5785,1/31/1983,2.484,9.716,1.000,5.134,5.134,4.581999999999999,0.0,0,4.58160185074229,0.089043296460721,9.294420206874385,0.0,0.089043296460721,0.8532368759740001,8.441183330900385,1.7123556505120525,0.00039814925770901167,0.00039814925770901167,0.0003963768950274981,0.4538216683599915,0.0890450688234025,0,0.0,0,8.441183330900385,,,,,,,,,,,
5786,2/1/1983,2.812,5.012,2.000,4.866,4.866,0.1459999999999999,0.0,0,0.14561880028891955,0.0890450688234025,8.587198515974018,0.0,0.0890450688234025,0.7477991195961323,7.839399396377885,1.5154889461302579,0.0003811997110803543,0.0003811997110803543,0.0003963847847131284,0.39430401951318866,0.08902988374976974,0,0.0,0,7.839399396377885,,,,,,,,,,,
5787,2/2/1983,1.080,0.759,2.000,4.866,0.759,0.0,4.106999999999999,0.0,0.0,0.08902988374976974,7.839399396377885,0.08902988374976974,0.0,0.6424466910432401,7.196952705334645,1.316420583002376,0.0,0.0,0.0,0.33538524600405295,0.0,0,0.0,0,7.196952705334645,,,,,,,,,,,
5788,2/3/1983,1.312,2.126,2.000,4.866,2.126,0.0,2.7399999999999998,0.0,0.0,0.0,7.196952705334645,0.0,0.0,0.5571175752216374,6.639835130113008,1.1532123180561062,0.0,0.0,0.0,0.28812524450945526,0.0,0,0.0,0,6.639835130113008,,,,,,,,,,,
5789,2/4/1983,2.775,19.536,2.000,4.866,4.866,14.670000000000002,0.0,0,14.580558554281572,0.0,21.22039368439458,0.0,0.0,3.377703361560618,17.842690322833963,6.048839846296673,0.08944144571843,0.08944144571843,0.0,1.966782317027604,0.08944144571843,0,0.0,0,17.842690322833963,,,,,,,,,,,
5790,2/5/1983,5.045,4.439,2.000,4.866,4.439,0.0,0.4269999999999996,0.0,0.0,0.08944144571843,17.84292584362376,0.036533347966999766,0.05290809775143024,2.530128405031927,15.312797438591833,4.649933796513248,0.0,0.0,0.00023552078979661648,1.4455089381762232,0.05267257696163362,0,0.0,0,15.312797438591833,,,,,,,,,,,
5791,2/6/1983,2.840,20.048,2.000,4.866,4.866,15.181999999999999,0.0,0,15.145231131243202,0.05267257696163362,30.45826304220229,0.0,0.05267257696163362,6.168899095055925,24.289363947146366,10.424758204361323,0.03676886875679639,0.03676886875679639,0.00023447236725292517,3.7372740052121776,0.0892069733511771,0,0.0,0,24.289363947146366,,,,,,,,,,,
5792,2/7/1983,6.612,9.068,2.000,4.866,4.866,4.202,0.0,0,4.201765527632747,0.0892069733511771,28.491526580283036,0.0,0.0892069733511771,5.519401372648775,22.97212520763426,9.431735674471147,0.00023447236725290707,0.00023447236725290707,0.00039710550392008743,3.3194035734457707,0.08904434021450992,0,0.0,0,22.97212520763426,,,,,,,,,,,
5793,2/8/1983,2.225,4.746,2.000,4.866,4.746,0.0,0.11999999999999922,0.0,0.0,0.08904434021450992,22.972476079639947,0.010223398797026202,0.07882094141748372,3.855187082795098,19.11728899684485,6.8198280929401545,0.0,0.0,0.000350872005687575,2.264429314209472,0.07847006941179614,0,0.0,0,19.11728899684485,,,,,,,,,,,
5794,2/9/1983,1.255,2.838,2.000,4.866,2.838,0.0,2.0279999999999996,0.0,0.0,0.07847006941179614,19.11728899684485,0.07847006941179614,0.0,2.8384175749607476,16.2788714218841,5.163718778372542,0.0,0.0,0.0,1.633955285069465,0.0,0,0.0,0,16.2788714218841,,,,,,,,,,,
5795,2/10/1983,1.103,0.483,2.000,4.866,0.483,0.0,4.383,0.0,0.0,0.0,16.2788714218841,0.0,0.0,2.171398830877998,14.107472591006104,4.0438913235343215,0.0,0.0,0.0,1.228141691466012,0.0,0,0.0,0,14.107472591006104,,,,,,,,,,,
5796,2/11/1983,1.192,0.586,2.000,4.866,0.586,0.0,4.279999999999999,0.0,0.0,0.0,14.107472591006104,0.0,0.0,1.7104660952306476,12.397006495775457,3.250085726358312,0.0,0.0,0.0,0.9523679368436646,0.0,0,0.0,0,12.397006495775457,,,,,,,,,,,
5797,2/12/1983,1.252,1.349,2.000,4.866,1.349,0.0,3.5169999999999995,0.0,0.0,0.0,12.397006495775457,0.0,0.0,1.3789880182454137,11.018018477530044,2.666567558361687,0.0,0.0,0.0,0.7569982846165838,0.0,0,0.0,0,11.018018477530044,,,,,,,,,,,
5798,2/13/1983,1.197,1.041,2.000,4.866,1.041,0.0,3.8249999999999997,0.0,0.0,0.0,11.018018477530044,0.0,0.0,1.1329348563018973,9.885083621228146,2.225030675133057,0.0,0.0,0.0,0.6139357285272128,0.0,0,0.0,0,9.885083621228146,,,,,,,,,,,
5799,2/14/1983,1.142,0.244,2.000,4.866,0.244,0.0,4.622,0.0,0.0,0.0,9.885083621228146,0.0,0.0,0.9455105024674686,8.939573118760677,1.8829217083657814,0.0,0.0,0.0,0.5063099398723391,0.0,0,0.0,0,8.939573118760677,,,,,,,,,,,
5800,2/15/1983,1.481,3.805,2.000,4.866,3.805,0.0,1.0609999999999995,0.0,0.0,0.0,8.939573118760677,0.0,0.0,0.7996385928343781,8.139934525926298,1.612556966008662,0.0,0.0,0.0,0.42350190932755877,0.0,0,0.0,0,8.139934525926298,,,,,,,,,,,
5801,2/16/1983,1.926,10.186,2.000,4.866,4.866,5.32,0.0,0,5.23055855428157,0.0,13.370493080207869,0.0,0.0,1.5641491057401906,11.806343974467678,2.9939713265834103,0.08944144571843,0.08944144571843,0.0,0.8657908653593996,0.08944144571843,0,0.0,0,11.806343974467678,,,,,,,,,,,
5802,2/17/1983,2.596,2.762,2.000,4.866,2.762,0.0,2.1039999999999996,0.0,0.0,0.08944144571843,11.806343974467678,0.08944144571843,0.0,1.2712320439582265,10.535111930509451,2.474172781185439,0.0,0.0,0.0,0.6941193192887929,0.0,0,0.0,0,10.535111930509451,,,,,,,,,,,
5803,2/18/1983,1.136,0.867,2.000,4.866,0.867,0.0,3.9989999999999997,0.0,0.0,0.0,10.535111930509451,0.0,0.0,1.0513912740306457,9.483720656478805,2.0768590882009095,0.0,0.0,0.0,0.5669538829718727,0.0,0,0.0,0,9.483720656478805,,,,,,,,,,,
5804,2/19/1983,1.360,2.729,2.000,4.866,2.729,0.0,2.1369999999999996,0.0,0.0,0.0,9.483720656478805,0.0,0.0,0.8823963444385022,8.601324312040303,1.766421601748336,0.0,0.0,0.0,0.4703699931456489,0.0,0,0.0,0,8.601324312040303,,,,,,,,,,,
5805,2/20/1983,2.343,14.542,2.000,4.866,4.866,9.676,0.0,0,9.58655855428157,0.0,18.18788286632187,0.0,0.0,2.6121775488974985,15.575705317424372,4.787275910024895,0.08944144571843,0.08944144571843,0.0,1.4955223721902828,0.08944144571843,0,0.0,0,15.575705317424372,,,,,,,,,,,
5806,2/21/1983,5.798,6.147,2.000,4.866,4.866,1.2810000000000006,0.0,0,1.2810000000000006,0.08944144571843,16.857103466683775,0.0,0.08944144571843,2.3014631854013516,14.555640281282423,4.264713216150046,0.0,0.0,0.00039814925940304455,1.3066982753586247,0.08904329645902696,0,0.0,0,14.555640281282423,,,,,,,,,,,
5807,2/22/1983,1.283,2.998,2.000,4.866,2.998,0.0,1.8679999999999994,0.0,0.0,0.08904329645902696,14.555640281282423,0.08904329645902696,0.0,1.8019855402459841,12.753654741036438,3.4092053667071567,0.0,0.0,0.0,1.0067719589231203,0.0,0,0.0,0,12.753654741036438,,,,,,,,,,,
5808,2/23/1983,1.099,0.490,2.000,4.866,0.49,0.0,4.3759999999999994,0.0,0.0,0.0,12.753654741036438,0.0,0.0,1.4457400249601235,11.307914716076315,2.785047023722529,0.0,0.0,0.0,0.796114385063255,0.0,0,0.0,0,11.307914716076315,,,,,,,,,,,
5809,2/24/1983,1.194,0.606,2.000,4.866,0.606,0.0,4.26,0.0,0.0,0.0,11.307914716076315,0.0,0.0,1.183050596155564,10.124864119920751,2.3156163825075815,0.0,0.0,0.0,0.6429219155878962,0.0,0,0.0,0,10.124864119920751,,,,,,,,,,,
5810,2/25/1983,1.160,0.258,2.000,4.866,0.258,0.0,4.608,0.0,0.0,0.0,10.124864119920751,0.0,0.0,0.9840438479473446,9.140820271973407,1.9537126471626056,0.0,0.0,0.0,0.5283309577243248,0.0,0,0.0,0,9.140820271973407,,,,,,,,,,,
5811,2/26/1983,1.171,0.224,2.000,4.866,0.224,0.0,4.6419999999999995,0.0,0.0,0.0,9.140820271973407,0.0,0.0,0.8298655339862655,8.310954737987142,1.6689069144865694,0.0,0.0,0.0,0.440584953437023,0.0,0,0.0,0,8.310954737987142,,,,,,,,,,,
5812,2/27/1983,1.164,0.124,2.000,4.866,0.124,0.0,4.742,0.0,0.0,0.0,8.310954737987142,0.0,0.0,0.7081370322688324,7.6028177057183095,1.4408397914988074,0.0,0.0,0.0,0.3720542072506015,0.0,0,0.0,0,7.6028177057183095,,,,,,,,,,,
5813,2/28/1983,1.170,0.148,2.000,4.866,0.148,0.0,4.718,0.0,0.0,0.0,7.6028177057183095,0.0,0.0,0.6104593366482893,6.99235836907002,1.2554598408848947,0.0,0.0,0.0,0.3176172784881519,0.0,0,0.0,0,6.99235836907002,,,,,,,,,,,
5814,3/1/1983,1.186,0.347,3.000,4.631,0.347,0.0,4.284000000000001,0.0,0.0,0.0,6.99235836907002,0.0,0.0,0.5309723532483381,6.461386015821682,1.1028102663240749,0.0,0.0,0.0,0.27373654399868125,0.0,0,0.0,0,6.461386015821682,,,,,,,,,,,
5815,3/2/1983,1.189,0.482,3.000,4.631,0.482,0.0,4.149,0.0,0.0,0.0,6.461386015821682,0.0,0.0,0.4654881079729548,5.995897907848727,0.97567386848019,0.0,0.0,0.0,0.23790747621223104,0.0,0,0.0,0,5.995897907848727,,,,,,,,,,,
5816,3/3/1983,1.178,0.419,3.000,4.631,0.419,0.0,4.212000000000001,0.0,0.0,0.0,5.995897907848727,0.0,0.0,0.4109504816784326,5.584947426170294,0.86871490026117,0.0,0.0,0.0,0.2083185447081894,0.0,0,0.0,0,5.584947426170294,,,,,,,,,,,
5817,3/4/1983,1.234,1.053,3.000,4.631,1.053,0.0,3.5780000000000003,0.0,0.0,0.0,5.584947426170294,0.0,0.0,0.3650880293605478,5.219859396809746,0.7779194799882537,0.0,0.0,0.0,0.1836345617274797,0.0,0,0.0,0,5.219859396809746,,,,,,,,,,,
5818,3/5/1983,1.321,2.376,3.000,4.631,2.376,0.0,2.2550000000000003,0.0,0.0,0.0,5.219859396809746,0.0,0.0,0.32618485018374194,4.893674546626005,0.700221247447015,0.0,0.0,0.0,0.16285486973186789,0.0,0,0.0,0,4.893674546626005,,,,,,,,,,,
5819,3/6/1983,1.803,8.276,3.000,4.631,4.631,3.6449999999999996,0.0,0,3.5555585542815695,0.0,8.449233100907573,0.0,0.0,0.7278824769789486,7.7213506239286245,1.4780460126614867,0.08944144571843,0.08944144571843,0.0,0.38312112157143763,0.08944144571843,0,0.0,0,7.7213506239286245,,,,,,,,,,,
5820,3/7/1983,2.010,6.139,3.000,4.631,4.631,1.508,0.0,0,1.508,0.08944144571843,9.229748773188028,0.0,0.08944144571843,0.8433650085846067,8.386383764603421,1.6940158951232391,0.0,0.0,0.00039814925940304455,0.44822763729742804,0.08904329645902696,0,0.0,0,8.386383764603421,,,,,,,,,,,
5821,3/8/1983,4.833,31.031,3.000,4.631,4.631,26.4,0.0,0,26.399601850740595,0.08904329645902696,34.786381992239036,0.0,0.08904329645902696,7.698058628366014,27.088323363873023,12.715397419173081,0.0003981492594030382,0.0003981492594030382,0.0003963768950199571,4.732130902688854,0.08904506882341005,0,0.0,0,27.088323363873023,,,,,,,,,,,
5822,3/9/1983,11.497,25.761,3.000,4.631,4.631,21.13,0.0,0,21.12960362310498,0.08904506882341005,48.218323371762715,0.0,0.08904506882341005,13.265367526685358,34.952955845077355,20.63678938242357,0.00039637689501995115,0.00039637689501995115,0.000396384784713162,8.451736951049714,0.08904506093371685,0,0.0,0,34.952955845077355,,,,,,,,,,,
5823,3/10/1983,8.268,14.489,3.000,4.631,4.631,9.858,0.0,0,9.857603615215288,0.08904506093371685,44.81095584504224,0.0,0.08904506093371685,11.740126899232989,33.07082894580925,18.520689026256232,0.0003963847847131611,0.0003963847847131611,0.0003963847495921342,7.4200869295196075,0.08904506096883787,0,0.0,0,33.07082894580925,,,,,,,,,,,
5824,3/11/1983,4.948,3.776,3.000,4.631,3.776,0.0,0.8550000000000004,0.0,0.0,0.08904506096883787,33.07090107260821,0.07284228017257699,0.016202780796260877,7.075804500669263,25.995096571938944,11.79071382838983,0.0,0.0,7.21267989630879e-05,4.325563678749226,0.016130653997297788,0,0.0,0,25.995096571938944,,,,,,,,,,,
5825,3/12/1983,1.237,2.425,3.000,4.631,2.425,0.0,2.2060000000000004,0.0,0.0,0.016130653997297788,25.995096571938944,0.016130653997297788,0.0,4.73716127252068,21.257935299418264,8.217230223882652,0.0,0.0,0.0,2.8204527225750304,0.0,0,0.0,0,21.257935299418264,,,,,,,,,,,
5826,3/13/1983,1.163,1.078,3.000,4.631,1.078,0.0,3.553,0.0,0.0,0.0,21.257935299418264,0.0,0.0,3.3876685554437516,17.87026674397451,6.065046200838275,0.0,0.0,0.0,1.97296730061274,0.0,0,0.0,0,17.87026674397451,,,,,,,,,,,
5827,3/14/1983,1.168,0.571,3.000,4.631,0.571,0.0,4.0600000000000005,0.0,0.0,0.0,17.87026674397451,0.0,0.0,2.5365932748476263,15.333673469126886,4.660771755378685,0.0,0.0,0.0,1.4494458018565988,0.0,0,0.0,0,15.333673469126886,,,,,,,,,,,
5828,3/15/1983,1.242,1.223,3.000,4.631,1.223,0.0,3.4080000000000004,0.0,0.0,0.0,15.333673469126886,0.0,0.0,1.9653630914816045,13.368310377645281,3.6913419417185422,0.0,0.0,0.0,1.1043397943733664,0.0,0,0.0,0,13.368310377645281,,,,,,,,,,,
5829,3/16/1983,1.217,1.230,3.000,4.631,1.23,0.0,3.4010000000000002,0.0,0.0,0.0,13.368310377645281,0.0,0.0,1.563723555929579,11.804586821715702,2.9932232111675026,0.0,0.0,0.0,0.8655398170748435,0.0,0,0.0,0,11.804586821715702,,,,,,,,,,,
5830,3/17/1983,1.598,5.543,3.000,4.631,4.631,0.9119999999999999,0.0,0,0.8225585545303992,0.0,12.627145376246101,0.0,0.0,1.4219175427058153,11.205227833540286,2.7428237543610106,0.08944144546960076,0.08944144546960076,0.0,0.7821406838686116,0.08944144546960076,0,0.0,0,11.205227833540286,,,,,,,,,,,
5831,3/18/1983,4.635,33.731,3.000,4.631,4.631,29.1,0.0,0,29.099999999751173,0.08944144546960076,40.305625982549756,0.0,0.08944144546960076,9.839549822809879,30.466076159739877,15.8304502454824,2.4882924689926434e-10,2.4882924689926434e-10,0.0003981492582953793,6.147021013428593,0.08904329646013462,0,0.0,0,30.466076159739877,,,,,,,,,,,
5832,3/19/1983,11.721,26.713,3.000,4.631,4.631,22.082,0.0,0,22.081601850741706,0.08904329646013462,52.54807438737661,0.0,0.08904329646013462,15.309480537803575,37.238593849573036,23.420581544601987,0.0003981492582953864,0.0003981492582953864,0.00039637689502488785,9.846517024773616,0.08904506882340511,0,0.0,0,37.238593849573036,,,,,,,,,,,
5833,3/20/1983,5.452,6.627,3.000,4.631,4.631,1.9959999999999996,0.0,0,1.9956036231049747,0.08904506882340511,39.23459385746273,0.0,0.08904506882340511,9.407647735297651,29.826946122165076,15.20989075871384,0.0003963768950248933,0.0003963768950248933,0.00039638478471314,5.859867416786464,0.08904506093371686,0,0.0,0,29.826946122165076,,,,,,,,,,,
5834,3/21/1983,1.245,2.360,3.000,4.631,2.36,0.0,2.2710000000000004,0.0,0.0,0.08904506093371686,29.826946122165076,0.08904506093371686,0.0,5.9572673999158265,23.869678722249247,10.10262374818562,0.0,0.0,0.0,3.6007817243955986,0.0,0,0.0,0,23.869678722249247,,,,,,,,,,,
5835,3/22/1983,1.773,8.058,3.000,4.631,4.631,3.4269999999999996,0.0,0,3.3375585542815696,0.0,27.20723727653082,0.0,0.0,5.111007502364125,22.096229774166694,8.800347424426677,0.08944144571843,0.08944144571843,0.0,3.0582840552509714,0.08944144571843,0,0.0,0,22.096229774166694,,,,,,,,,,,
5836,3/23/1983,6.159,24.389,3.000,4.631,4.631,19.758,0.0,0,19.758,0.08944144571843,41.8546279234261,0.0,0.08944144571843,10.477835780641385,31.376792142784716,16.741062939561626,0.0,0.0,0.00039814925940304455,6.5729021719692255,0.08904329645902696,0,0.0,0,31.376792142784716,,,,,,,,,,,
5837,3/24/1983,4.494,3.585,3.000,4.631,3.585,0.0,1.0460000000000003,0.0,0.0,0.08904329645902696,31.376792142784716,0.08904329645902696,0.0,6.4820644687352855,24.89472767404943,10.899027188678396,0.0,0.0,0.0,3.9398138527169717,0.0,0,0.0,0,24.89472767404943,,,,,,,,,,,
5838,3/25/1983,1.668,7.307,3.000,4.631,4.631,2.676,0.0,0,2.58655855428157,0.0,27.481286228331,0.0,0.0,5.197097574370606,22.284188653960395,8.933919259302657,0.08944144571843,0.08944144571843,0.0,3.113217853067321,0.08944144571843,0,0.0,0,22.284188653960395,,,,,,,,,,,
5839,3/26/1983,1.404,3.314,3.000,4.631,3.314,0.0,1.3170000000000002,0.0,0.0,0.08944144571843,22.284188653960395,0.08944144571843,0.0,3.664604880071772,18.619583773888625,6.513421707696954,0.0,0.0,0.0,2.14531787746842,0.0,0,0.0,0,18.619583773888625,,,,,,,,,,,
5840,3/27/1983,1.253,2.473,3.000,4.631,2.473,0.0,2.1580000000000004,0.0,0.0,0.0,18.619583773888625,0.0,0.0,2.7163291373218232,15.903254636566801,4.960977909067798,0.0,0.0,0.0,1.5591571322384796,0.0,0,0.0,0,15.903254636566801,,,,,,,,,,,
5841,3/28/1983,1.674,6.998,3.000,4.631,4.631,2.367,0.0,0,2.27755855428157,0.0,18.180813190848372,0.0,0.0,2.6104855016124238,15.570327689235949,4.784448116325136,0.08944144571843,0.08944144571843,0.0,1.4944899214132938,0.08944144571843,0,0.0,0,15.570327689235949,,,,,,,,,,,
5842,3/29/1983,1.587,5.376,3.000,4.631,4.631,0.7450000000000001,0.0,0,0.7450000000000001,0.08944144571843,16.315725838495354,0.0,0.08944144571843,2.179598213074091,14.136127625421263,4.05785052104256,0.0,0.0,0.00039814925940304455,1.23308502357157,0.08904329645902696,0,0.0,0,14.136127625421263,,,,,,,,,,,
5843,3/30/1983,1.093,0.947,3.000,4.631,0.947,0.0,3.684,0.0,0.0,0.08904329645902696,14.136127625421263,0.08904329645902696,0.0,1.7162604998559257,12.419867125565338,3.260184014753846,0.0,0.0,0.0,0.9558068670353213,0.0,0,0.0,0,12.419867125565338,,,,,,,,,,,
5844,3/31/1983,1.181,0.675,3.000,4.631,0.675,0.0,3.9560000000000004,0.0,0.0,0.0,12.419867125565338,0.0,0.0,1.38322881462444,11.036638310940898,2.674110248134364,0.0,0.0,0.0,0.7594797122566329,0.0,0,0.0,0,11.036638310940898,,,,,,,,,,,
5845,4/1/1983,1.156,0.235,4.000,4.235,0.235,0.0,4.0,0.0,0.0,0.0,11.036638310940898,0.0,0.0,1.1361276474651656,9.900510663475732,2.2308123590791658,0.0,0.0,0.0,0.6157799140471365,0.0,0,0.0,0,9.900510663475732,,,,,,,,,,,
5846,4/2/1983,1.186,0.397,4.000,4.235,0.397,0.0,3.838,0.0,0.0,0.0,9.900510663475732,0.0,0.0,0.9479711151377843,8.952539548337947,1.8874496417748847,0.0,0.0,0.0,0.507714390254103,0.0,0,0.0,0,8.952539548337947,,,,,,,,,,,
5847,4/3/1983,1.256,1.303,4.000,4.235,1.303,0.0,2.9320000000000004,0.0,0.0,0.0,8.952539548337947,0.0,0.0,0.801572590790127,8.150966957547821,1.6161677627124407,0.0,0.0,0.0,0.42459367155111005,0.0,0,0.0,0,8.150966957547821,,,,,,,,,,,
5848,4/4/1983,1.160,0.571,4.000,4.235,0.571,0.0,3.6640000000000006,0.0,0.0,0.0,8.150966957547821,0.0,0.0,0.6855634658527844,7.465403491695037,1.398197861246882,0.0,0.0,0.0,0.3594270765645035,0.0,0,0.0,0,7.465403491695037,,,,,,,,,,,
5849,4/5/1983,1.195,0.668,4.000,4.235,0.668,0.0,3.567,0.0,0.0,0.0,7.465403491695037,0.0,0.0,0.5921811611754214,6.873222330519615,1.220508797787978,0.0,0.0,0.0,0.3074916022526396,0.0,0,0.0,0,6.873222330519615,,,,,,,,,,,
5850,4/6/1983,1.298,1.927,4.000,4.235,1.927,0.0,2.3080000000000003,0.0,0.0,0.0,6.873222330519615,0.0,0.0,0.5159802738571019,6.357242056662513,1.073819487407516,0.0,0.0,0.0,0.265506703501209,0.0,0,0.0,0,6.357242056662513,,,,,,,,,,,
5851,4/7/1983,1.494,4.744,4.000,4.235,4.235,0.5089999999999995,0.0,0,0.4195605938274708,0.0,6.776802650489984,0.0,0.0,0.5039728904560961,6.272829760033888,1.0505518136635361,0.08943940617252863,0.08943940617252863,0.0,0.2589266171318494,0.08943940617252863,0,0.0,0,6.272829760033888,,,,,,,,,,,
5852,4/8/1983,1.266,2.959,4.000,4.235,2.959,0.0,1.2760000000000002,0.0,0.0,0.08943940617252863,6.272829760033888,0.08943940617252863,0.0,0.44306925342997466,5.829760506603914,0.9318314925986613,0.0,0.0,0.0,0.2257150671274568,0.0,0,0.0,0,5.829760506603914,,,,,,,,,,,
5853,4/9/1983,1.112,0.649,4.000,4.235,0.649,0.0,3.5860000000000003,0.0,0.0,0.0,5.829760506603914,0.0,0.0,0.3921482677919009,5.4376122388120125,0.8315908039871508,0.0,0.0,0.0,0.198175705184884,0.0,0,0.0,0,5.4376122388120125,,,,,,,,,,,
5854,4/10/1983,1.194,0.680,4.000,4.235,0.68,0.0,3.555,0.0,0.0,0.0,5.4376122388120125,0.0,0.0,0.34917743359764,5.088434805214373,0.7462220370960065,0.0,0.0,0.0,0.1751175472745376,0.0,0,0.0,0,5.088434805214373,,,,,,,,,,,
5855,4/11/1983,1.189,0.644,4.000,4.235,0.644,0.0,3.591,0.0,0.0,0.0,5.088434805214373,0.0,0.0,0.31261235315269303,4.775822452061679,0.6729538012133581,0.0,0.0,0.0,0.15564263594126385,0.0,0,0.0,0,4.775822452061679,,,,,,,,,,,
5856,4/12/1983,1.209,0.865,4.000,4.235,0.865,0.0,3.37,0.0,0.0,0.0,4.775822452061679,0.0,0.0,0.28126308295271124,4.494559369108968,0.6096288810267413,0.0,0.0,0.0,0.13906420854833249,0.0,0,0.0,0,4.494559369108968,,,,,,,,,,,
5857,4/13/1983,1.158,0.358,4.000,4.235,0.358,0.0,3.8770000000000002,0.0,0.0,0.0,4.494559369108968,0.0,0.0,0.2542012296317357,4.240358139477232,0.5545480413699976,0.0,0.0,0.0,0.12485022652119326,0.0,0,0.0,0,4.240358139477232,,,,,,,,,,,
5858,4/14/1983,1.168,0.241,4.000,4.235,0.241,0.0,3.994,0.0,0.0,0.0,4.240358139477232,0.0,0.0,0.23069419981113137,4.009663939666101,0.5063582946693319,0.0,0.0,0.0,0.11258368735307525,0.0,0,0.0,0,4.009663939666101,,,,,,,,,,,
5859,4/15/1983,1.287,1.593,4.000,4.235,1.593,0.0,2.6420000000000003,0.0,0.0,0.0,4.009663939666101,0.0,0.0,0.2101579076457331,3.799506032020368,0.46397172117714647,0.0,0.0,0.0,0.10193426772281015,0.0,0,0.0,0,3.799506032020368,,,,,,,,,,,
5860,4/16/1983,1.451,4.114,4.000,4.235,4.114,0.0,0.12100000000000044,0.0,0.0,0.0,3.799506032020368,0.0,0.0,0.192122254854022,3.607383777166346,0.4265056483488749,0.0,0.0,0.0,0.09263775697364773,0.0,0,0.0,0,3.607383777166346,,,,,,,,,,,
5861,4/17/1983,1.090,0.721,4.000,4.235,0.721,0.0,3.5140000000000002,0.0,0.0,0.0,3.607383777166346,0.0,0.0,0.17620559366898972,3.431178183497356,0.39323799772586754,0.0,0.0,0.0,0.08448093561887811,0.0,0,0.0,0,3.431178183497356,,,,,,,,,,,
5862,4/18/1983,1.403,3.165,4.000,4.235,3.165,0.0,1.0700000000000003,0.0,0.0,0.0,3.431178183497356,0.0,0.0,0.1620956017485276,3.2690825817488283,0.36357355759509846,0.0,0.0,0.0,0.07729031731688212,0.0,0,0.0,0,3.2690825817488283,,,,,,,,,,,
5863,4/19/1983,1.135,0.992,4.000,4.235,0.992,0.0,3.2430000000000003,0.0,0.0,0.0,3.2690825817488283,0.0,0.0,0.14953479646685197,3.119547785281976,0.3370182297895539,0.0,0.0,0.0,0.07092367022047476,0.0,0,0.0,0,3.119547785281976,,,,,,,,,,,
5864,4/20/1983,1.128,0.044,4.000,4.235,0.044,0.0,4.191000000000001,0.0,0.0,0.0,3.119547785281976,0.0,0.0,0.13830944824226665,2.9812383370397093,0.3131591670575094,0.0,0.0,0.0,0.06526356335900552,0.0,0,0.0,0,2.9812383370397093,,,,,,,,,,,
5865,4/21/1983,1.199,0.450,4.000,4.235,0.45,0.0,3.785,0.0,0.0,0.0,2.9812383370397093,0.0,0.0,0.12824101306977698,2.8529973239699324,0.29164931064271293,0.0,0.0,0.0,0.06021240585491045,0.0,0,0.0,0,2.8529973239699324,,,,,,,,,,,
5866,4/22/1983,1.185,0.490,4.000,4.235,0.49,0.0,3.745,0.0,0.0,0.0,2.8529973239699324,0.0,0.0,0.1191794522414045,2.7338178717285277,0.27219524893836056,0.0,0.0,0.0,0.055688598671498384,0.0,0,0.0,0,2.7338178717285277,,,,,,,,,,,
5867,4/23/1983,1.160,0.204,4.000,4.235,0.204,0.0,4.031000000000001,0.0,0.0,0.0,2.7338178717285277,0.0,0.0,0.11099797991606974,2.622819891812458,0.25454760693276945,0.0,0.0,0.0,0.051623523890945336,0.0,0,0.0,0,2.622819891812458,,,,,,,,,,,
5868,4/24/1983,1.212,0.692,4.000,4.235,0.692,0.0,3.543,0.0,0.0,0.0,2.622819891812458,0.0,0.0,0.10358890105355176,2.5192309907589063,0.23849338157066152,0.0,0.0,0.0,0.04795917046217174,0.0,0,0.0,0,2.5192309907589063,,,,,,,,,,,
5869,4/25/1983,1.409,3.206,4.000,4.235,3.206,0.0,1.0290000000000004,0.0,0.0,0.0,2.5192309907589063,0.0,0.0,0.09686028922962411,2.422370701529282,0.22384978589673682,0.0,0.0,0.0,0.044646247899156236,0.0,0,0.0,0,2.422370701529282,,,,,,,,,,,
5870,4/26/1983,1.201,1.814,4.000,4.235,1.814,0.0,2.4210000000000003,0.0,0.0,0.0,2.422370701529282,0.0,0.0,0.09073331665384662,2.3316373848754357,0.2104592722541398,0.0,0.0,0.0,0.041642677161669035,0.0,0,0.0,0,2.3316373848754357,,,,,,,,,,,
5871,4/27/1983,1.126,0.371,4.000,4.235,0.371,0.0,3.8640000000000003,0.0,0.0,0.0,2.3316373848754357,0.0,0.0,0.08514009451518485,2.2464972903602507,0.1981854836748259,0.0,0.0,0.0,0.03891237535859943,0.0,0,0.0,0,2.2464972903602507,,,,,,,,,,,
5872,4/28/1983,1.256,1.289,4.000,4.235,1.289,0.0,2.9460000000000006,0.0,0.0,0.0,2.2464972903602507,0.0,0.0,0.08002191550825195,2.166475374851999,0.18690994105021336,0.0,0.0,0.0,0.03642427100760818,0.0,0,0.0,0,2.166475374851999,,,,,,,,,,,
5873,4/29/1983,1.251,1.659,4.000,4.235,1.659,0.0,2.5760000000000005,0.0,0.0,0.0,2.166475374851999,0.0,0.0,0.07532781545365969,2.091147559398339,0.17652931737485106,0.0,0.0,0.0,0.03415150145127886,0.0,0,0.0,0,2.091147559398339,,,,,,,,,,,
5874,4/30/1983,1.322,2.664,4.000,4.235,2.664,0.0,1.5710000000000002,0.0,0.0,0.0,2.091147559398339,0.0,0.0,0.07101338970583541,2.0201341696925037,0.16695318330523892,0.0,0.0,0.0,0.03207075512420456,0.0,0,0.0,0,2.0201341696925037,,,,,,,,,,,
5875,5/1/1983,1.145,0.948,5.000,3.714,0.948,0.0,2.766,0.0,0.0,0.0,2.0201341696925037,0.0,0.0,0.06703981422813433,1.9530943554643694,0.1581021333116517,0.0,0.0,0.0,0.03016172971221761,0.0,0,0.0,0,1.9530943554643694,,,,,,,,,,,
5876,5/2/1983,1.296,2.035,5.000,3.714,2.035,0.0,1.6789999999999998,0.0,0.0,0.0,1.9530943554643694,0.0,0.0,0.06337303201314452,1.889721323451225,0.14990622086433486,0.0,0.0,0.0,0.02840668357305549,0.0,0,0.0,0,1.889721323451225,,,,,,,,,,,
5877,5/3/1983,1.147,0.723,5.000,3.714,0.723,0.0,2.991,0.0,0.0,0.0,1.889721323451225,0.0,0.0,0.05998307380419436,1.8297382496470305,0.14230364586685648,0.0,0.0,0.0,0.02679006262036449,0.0,0,0.0,0,1.8297382496470305,,,,,,,,,,,
5878,5/4/1983,1.294,1.904,5.000,3.714,1.904,0.0,1.81,0.0,0.0,0.0,1.8297382496470305,0.0,0.0,0.05684348846357724,1.7728947611834531,0.1352396490109287,0.0,0.0,0.0,0.025298188588990498,0.0,0,0.0,0,1.7728947611834531,,,,,,,,,,,
5879,5/5/1983,1.178,1.043,5.000,3.714,1.043,0.0,2.6710000000000003,0.0,0.0,0.0,1.7728947611834531,0.0,0.0,0.05393086329669323,1.7189638978867599,0.12866557667636608,0.0,0.0,0.0,0.02391899747571191,0.0,0,0.0,0,1.7189638978867599,,,,,,,,,,,
5880,5/6/1983,1.549,4.949,5.000,3.714,3.714,1.2349999999999999,0.0,0,1.1455585542817515,0.0,2.8645224521685115,0.0,0.0,0.11998293891916657,2.744539513249345,0.2739240500301541,0.08944144571824839,0.08944144571824839,0.0,0.05608883416321419,0.08944144571824839,0,0.0,0,2.744539513249345,,,,,,,,,,,
5881,5/7/1983,1.087,0.834,5.000,3.714,0.834,0.0,2.88,0.0,0.0,0.08944144571824839,2.744539513249345,0.08944144571824839,0.0,0.11172445823585868,2.632815055013486,0.25611796805004977,0.0,0.0,0.0,0.051983707912292274,0.0,0,0.0,0,2.632815055013486,,,,,,,,,,,
5882,5/8/1983,1.165,0.428,5.000,3.714,0.428,0.0,3.286,0.0,0.0,0.0,2.632815055013486,0.0,0.0,0.10424767207951244,2.5285673829339737,0.2399237451041992,0.0,0.0,0.0,0.04828430230077049,0.0,0,0.0,0,2.5285673829339737,,,,,,,,,,,
5883,5/9/1983,1.290,1.718,5.000,3.714,1.718,0.0,1.996,0.0,0.0,0.0,2.5285673829339737,0.0,0.0,0.09745930955812228,2.431108073375851,0.22515601115481287,0.0,0.0,0.0,0.04494058489128727,0.0,0,0.0,0,2.431108073375851,,,,,,,,,,,
5884,5/10/1983,2.476,15.599,5.000,3.714,3.714,11.885,0.0,0,11.79555855428157,0.0,14.226666627657421,0.0,0.0,1.7346200800840141,12.492046547573407,3.2921588744154016,0.08944144571843,0.08944144571843,0.0,0.9667081571550844,0.08944144571843,0,0.0,0,12.492046547573407,,,,,,,,,,,
5885,5/11/1983,10.648,19.960,5.000,3.714,3.714,16.246000000000002,0.0,0,16.246000000000002,0.08944144571843,28.738444696832815,0.0,0.08944144571843,5.599353410724237,23.139091286108577,9.554691873158193,0.0,0.0,0.00039814925940304455,3.3706754856307195,0.08904329645902696,0,0.0,0,23.139091286108577,,,,,,,,,,,
5886,5/12/1983,5.588,6.110,5.000,3.714,3.714,2.3960000000000004,0.0,0,2.395601850740597,0.08904329645902696,25.535089513744193,0.0,0.08904329645902696,4.598273007895308,20.936816505848885,7.9992696870606546,0.0003981492594030382,0.0003981492594030382,0.0003963768950199571,2.732404803552154,0.08904506882341005,0,0.0,0,20.936816505848885,,,,,,,,,,,
5887,5/13/1983,1.429,4.589,5.000,3.714,3.714,0.8750000000000004,0.0,0,0.8746036231062444,0.08904506882341005,21.811816513739842,0.0,0.08904506882341005,3.536053584349754,18.275762929390087,6.305764485215172,0.00039637689375602735,0.00039637689375602735,0.000396384784713162,2.065203629625624,0.08904506093245293,0,0.0,0,18.275762929390087,,,,,,,,,,,
5888,5/14/1983,1.220,2.400,5.000,3.714,2.4,0.0,1.314,0.0,0.0,0.08904506093245293,18.275762929390087,0.08904506093245293,0.0,2.633247241039843,15.642515688350244,4.822472365848642,0.0,0.0,0.0,1.5083823213940528,0.0,0,0.0,0,15.642515688350244,,,,,,,,,,,
5889,5/15/1983,1.245,2.046,5.000,3.714,2.046,0.0,1.6680000000000001,0.0,0.0,0.0,15.642515688350244,0.0,0.0,2.031780448267771,13.610735240082473,3.805371438487889,0.0,0.0,0.0,1.1441592215106131,0.0,0,0.0,0,13.610735240082473,,,,,,,,,,,
5890,5/16/1983,1.374,3.416,5.000,3.714,3.416,0.0,0.29800000000000004,0.0,0.0,0.0,13.610735240082473,0.0,0.0,1.6112703725083735,11.9994648675741,3.076692288450973,0.0,0.0,0.0,0.8936170691256395,0.0,0,0.0,0,11.9994648675741,,,,,,,,,,,
5891,5/17/1983,1.081,0.409,5.000,3.714,0.409,0.0,3.305,0.0,0.0,0.0,11.9994648675741,0.0,0.0,1.3060773830059442,10.693387484568156,2.536546553714739,0.0,0.0,0.0,0.714415675304271,0.0,0,0.0,0,10.693387484568156,,,,,,,,,,,
5892,5/18/1983,1.162,0.192,5.000,3.714,0.192,0.0,3.522,0.0,0.0,0.0,10.693387484568156,0.0,0.0,1.0778490708146184,9.615538413753537,2.125044059168694,0.0,0.0,0.0,0.5821723030660687,0.0,0,0.0,0,9.615538413753537,,,,,,,,,,,
5893,5/19/1983,1.186,0.369,5.000,3.714,0.369,0.0,3.3449999999999998,0.0,0.0,0.0,9.615538413753537,0.0,0.0,0.902932163505026,8.71260625024851,1.8044050625706372,0.0,0.0,0.0,0.48204598692663625,0.0,0,0.0,0,8.71260625024851,,,,,,,,,,,
5894,5/20/1983,1.171,0.281,5.000,3.714,0.281,0.0,3.433,0.0,0.0,0.0,8.71260625024851,0.0,0.0,0.7660890537351707,7.94651719651334,1.5497995668416116,0.0,0.0,0.0,0.4045908360226079,0.0,0,0.0,0,7.94651719651334,,,,,,,,,,,
5895,5/21/1983,1.201,0.595,5.000,3.714,0.595,0.0,3.1189999999999998,0.0,0.0,0.0,7.94651719651334,0.0,0.0,0.6571439147363839,7.289373281776956,1.3443456619640763,0.0,0.0,0.0,0.3435688104536921,0.0,0,0.0,0,7.289373281776956,,,,,,,,,,,
5896,5/22/1983,1.180,0.493,5.000,3.714,0.493,0.0,3.221,0.0,0.0,0.0,7.289373281776956,0.0,0.0,0.569092369233027,6.720280912543929,1.1762327792619756,0.0,0.0,0.0,0.29473040500507197,0.0,0,0.0,0,6.720280912543929,,,,,,,,,,,
5897,5/23/1983,1.444,3.526,5.000,3.714,3.526,0.0,0.18800000000000017,0.0,0.0,0.0,6.720280912543929,0.0,0.0,0.49698676500362005,6.223294147540309,1.0369939624074764,0.0,0.0,0.0,0.25510292582243216,0.0,0,0.0,0,6.223294147540309,,,,,,,,,,,
5898,5/24/1983,1.268,2.722,5.000,3.714,2.722,0.0,0.992,0.0,0.0,0.0,6.223294147540309,0.0,0.0,0.43725319585582645,5.786040951684482,0.9204295322465548,0.0,0.0,0.0,0.22255857175341665,0.0,0,0.0,0,5.786040951684482,,,,,,,,,,,
5899,5/25/1983,1.318,3.034,5.000,3.714,3.034,0.0,0.6800000000000002,0.0,0.0,0.0,5.786040951684482,0.0,0.0,0.38725908634653594,5.398781865337947,0.8219151446889145,0.0,0.0,0.0,0.1955434178994746,0.0,0,0.0,0,5.398781865337947,,,,,,,,,,,
5900,5/26/1983,1.283,2.742,5.000,3.714,2.742,0.0,0.972,0.0,0.0,0.0,5.398781865337947,0.0,0.0,0.3450314992632329,5.053750366074714,0.7379446444865415,0.0,0.0,0.0,0.172902354656446,0.0,0,0.0,0,5.053750366074714,,,,,,,,,,,
5901,5/27/1983,1.800,8.469,5.000,3.714,3.714,4.754999999999999,0.0,0,4.665558554281569,0.0,9.719308920356283,0.0,0.0,0.9192311963820926,8.80007772397419,1.8344986342787832,0.08944144571843,0.08944144571843,0.0,0.49132554917675575,0.08944144571843,0,0.0,0,8.80007772397419,,,,,,,,,,,
5902,5/28/1983,1.768,3.881,5.000,3.714,3.714,0.16699999999999982,0.0,0,0.16699999999999982,0.08944144571843,8.967475873233594,0.0,0.08944144571843,0.80380272255701,8.163673150676583,1.6203305222520386,0.0,0.0,0.00039814925940304455,0.42585281959433824,0.08904329645902696,0,0.0,0,8.163673150676583,,,,,,,,,,,
5903,5/29/1983,1.537,5.911,5.000,3.714,3.714,2.1969999999999996,0.0,0,2.1966018507405964,0.08904329645902696,10.3606713783122,0.0,0.08904329645902696,1.0225367908654737,9.338134587446726,2.024186114241145,0.0003981492594030382,0.0003981492594030382,0.0003963768950199571,0.5503856248228037,0.08904506882341005,0,0.0,0,9.338134587446726,,,,,,,,,,,
5904,5/30/1983,2.313,13.367,5.000,3.714,3.714,9.653,0.0,0,9.65260362310498,0.08904506882341005,18.99113459533642,0.0,0.08904506882341005,2.8072685766852965,16.183866018651123,5.1120803927931595,0.00039637689501995115,0.00039637689501995115,0.000396384784713162,1.6148511890845358,0.08904506093371685,0,0.0,0,16.183866018651123,,,,,,,,,,,
5905,5/31/1983,6.527,8.697,5.000,3.714,3.714,4.982999999999999,0.0,0,4.982603615215286,0.08904506093371685,21.166866018616002,0.0,0.08904506093371685,3.3635150830762295,17.803350935539772,6.025756621760055,0.0003963847847131611,0.0003963847847131611,0.0003963847495921342,1.9579783119083525,0.08904506096883787,0,0.0,0,17.803350935539772,,,,,,,,,,,
5906,6/1/1983,1.488,1.424,6.000,3.269,1.424,0.0,1.8450000000000002,0.0,0.0,0.08904506096883787,17.803350935539772,0.08904506096883787,0.0,2.5207824459413226,15.28256848959845,4.634260849885906,0.0,0.0,0.0,1.4398187694170321,0.0,0,0.0,0,15.28256848959845,,,,,,,,,,,
5907,6/2/1983,1.699,6.822,6.000,3.269,3.269,3.553,0.0,0,3.46355855428157,0.0,18.74612704388002,0.0,0.0,2.747166855227844,15.998960188652175,5.012275085437888,0.08944144571843,0.08944144571843,0.0,1.578029536546391,0.08944144571843,0,0.0,0,15.998960188652175,,,,,,,,,,,
5908,6/3/1983,1.765,7.256,6.000,3.269,3.269,3.987,0.0,0,3.987,0.08944144571843,19.98635833791158,0.0,0.08944144571843,3.056716966837014,16.929641371074563,5.523985168716548,0.0,0.0,0.00039814925940304455,1.7682208052132027,0.08904329645902696,0,0.0,0,16.929641371074563,,,,,,,,,,,
5909,6/4/1983,1.211,1.495,6.000,3.269,1.495,0.0,1.774,0.0,0.0,0.08904329645902696,16.929641371074563,0.08904329645902696,0.0,2.3179925831124915,14.611648787962071,4.292685369849711,0.0,0.0,0.0,1.3167030334167684,0.0,0,0.0,0,14.611648787962071,,,,,,,,,,,
5910,6/5/1983,1.145,0.473,6.000,3.269,0.473,0.0,2.7960000000000003,0.0,0.0,0.0,14.611648787962071,0.0,0.0,1.813556760903429,12.798092027058642,3.4292672007595884,0.0,0.0,0.0,1.0136636601064575,0.0,0,0.0,0,12.798092027058642,,,,,,,,,,,
5911,6/6/1983,1.270,1.505,6.000,3.269,1.505,0.0,1.7640000000000002,0.0,0.0,0.0,12.798092027058642,0.0,0.0,1.454145373729948,11.343946653328693,2.7999292078664593,0.0,0.0,0.0,0.8010483926617402,0.0,0,0.0,0,11.343946653328693,,,,,,,,,,,
5912,6/7/1983,1.286,2.163,6.000,3.269,2.163,0.0,1.1060000000000003,0.0,0.0,0.0,11.343946653328693,0.0,0.0,1.1893401238320962,10.154606529496597,2.3269601061808802,0.0,0.0,0.0,0.6465654650503048,0.0,0,0.0,0,10.154606529496597,,,,,,,,,,,
5913,6/8/1983,1.124,0.499,6.000,3.269,0.499,0.0,2.77,0.0,0.0,0.0,10.154606529496597,0.0,0.0,0.9888663792536722,9.165740150242925,1.962554950086244,0.0,0.0,0.0,0.5310909792611574,0.0,0,0.0,0,9.165740150242925,,,,,,,,,,,
5914,6/9/1983,1.178,0.424,6.000,3.269,0.424,0.0,2.845,0.0,0.0,0.0,9.165740150242925,0.0,0.0,0.8336396181966171,8.332100532046308,1.6759302066696555,0.0,0.0,0.0,0.4427208208992345,0.0,0,0.0,0,8.332100532046308,,,,,,,,,,,
5915,6/10/1983,1.224,0.931,6.000,3.269,0.931,0.0,2.338,0.0,0.0,0.0,8.332100532046308,0.0,0.0,0.7111424663472339,7.6209580656990745,1.4465084687358463,0.0,0.0,0.0,0.3737373950451474,0.0,0,0.0,0,7.6209580656990745,,,,,,,,,,,
5916,6/11/1983,1.174,0.576,6.000,3.269,0.576,0.0,2.693,0.0,0.0,0.0,7.6209580656990745,0.0,0.0,0.6128888651291957,7.008069200569879,1.2600990220355093,0.0,0.0,0.0,0.3189646956086773,0.0,0,0.0,0,7.008069200569879,,,,,,,,,,,
5917,6/12/1983,1.406,3.125,6.000,3.269,3.125,0.0,0.14400000000000013,0.0,0.0,0.0,7.008069200569879,0.0,0.0,0.5329622072550243,6.475106993314855,1.1066531556380845,0.0,0.0,0.0,0.2748300255533398,0.0,0,0.0,0,6.475106993314855,,,,,,,,,,,
5918,6/13/1983,1.571,6.085,6.000,3.269,3.269,2.816,0.0,0,2.72655855428157,0.0,9.201665547596424,0.0,0.0,0.8390925231603652,8.362573024436058,1.6860728449460647,0.08944144571843,0.08944144571843,0.0,0.4458079066059174,0.08944144571843,0,0.0,0,8.362573024436058,,,,,,,,,,,
5919,6/14/1983,1.547,5.853,6.000,3.269,3.269,2.5839999999999996,0.0,0,2.5839999999999996,0.08944144571843,10.946971173695461,0.0,0.08944144571843,1.120785238042911,9.82618593565255,2.20301603361941,0.0,0.0,0.00039814925940304455,0.6069211314935731,0.08904329645902696,0,0.0,0,9.82618593565255,,,,,,,,,,,
5920,6/15/1983,1.844,8.890,6.000,3.269,3.269,5.621,0.0,0,5.620601850740598,0.08904329645902696,15.447184163288169,0.0,0.08904329645902696,1.9896712225285533,13.457512940759615,3.7331190428122505,0.0003981492594030382,0.0003981492594030382,0.0003963768950199571,1.1189032152592777,0.08904506882341005,0,0.0,0,13.457512940759615,,,,,,,,,,,
5921,6/16/1983,1.852,3.219,6.000,3.269,3.219,0.0,0.050000000000000266,0.0,0.0,0.08904506882341005,13.457890363089467,0.004259782825502435,0.08478528599790762,1.581226513994332,11.876663849095134,3.023977515179979,0.0,0.0,0.0003774223298515662,0.8758691855184834,0.08440786366805605,0,0.0,0,11.876663849095134,,,,,,,,,,,
5922,6/17/1983,1.151,1.206,6.000,3.269,1.206,0.0,2.063,0.0,0.0,0.08440786366805605,11.876663849095134,0.08440786366805605,0.0,1.2838764096851947,10.592787439409939,2.4968243372068715,0.0,0.0,0.0,0.7014801004120745,0.0,0,0.0,0,10.592787439409939,,,,,,,,,,,
5923,6/18/1983,1.233,1.403,6.000,3.269,1.403,0.0,1.866,0.0,0.0,0.0,10.592787439409939,0.0,0.0,1.0610020117599686,9.53178542764997,2.094374527292543,0.0,0.0,0.0,0.5724790601232026,0.0,0,0.0,0,9.53178542764997,,,,,,,,,,,
5924,6/19/1983,1.343,2.784,6.000,3.269,2.784,0.0,0.4850000000000003,0.0,0.0,0.0,9.53178542764997,0.0,0.0,0.8898624346387772,8.641922993011192,1.7802398063754128,0.0,0.0,0.0,0.4746129205243884,0.0,0,0.0,0,8.641922993011192,,,,,,,,,,,
5925,6/20/1983,1.112,0.578,6.000,3.269,0.578,0.0,2.6910000000000003,0.0,0.0,0.0,8.641922993011192,0.0,0.0,0.755758600484562,7.886164392526631,1.5304289902251202,0.0,0.0,0.0,0.39877866311788734,0.0,0,0.0,0,7.886164392526631,,,,,,,,,,,
5926,6/21/1983,1.433,3.434,6.000,3.269,3.269,0.16500000000000004,0.0,0,0.07991863581820277,0.0,7.966083028344833,0.0,0.0,0.6598428155491614,7.306240212795672,1.3494679908707539,0.08508136418179726,0.08508136418179726,0.0,0.34507290336361596,0.08508136418179726,0,0.0,0,7.306240212795672,,,,,,,,,,,
5927,6/22/1983,1.598,6.484,6.000,3.269,3.269,3.215,0.0,0,3.210639918463367,0.08508136418179726,10.517258871583124,0.0,0.08508136418179726,1.048423429378052,9.468835442205071,2.071447358931391,0.004360081536632737,0.004360081536632737,0.0003787403240844878,0.5652483502514347,0.08906270539434552,0,0.0,0,9.468835442205071,,,,,,,,,,,
5928,6/23/1983,1.848,8.504,6.000,3.269,3.269,5.234999999999999,0.0,0,5.234621259675915,0.08906270539434552,14.703853165175026,0.0,0.08906270539434552,1.8326704331018537,12.871182732073173,3.4623787716683663,0.0003787403240844869,0.0003787403240844869,0.00039646329403957063,1.025053898820138,0.08904498242439043,0,0.0,0,12.871182732073173,,,,,,,,,,,
5929,6/24/1983,1.623,2.816,6.000,3.269,2.816,0.0,0.4530000000000003,0.0,0.0,0.08904498242439043,12.871407316791617,0.03859359659474643,0.05045138582964401,1.468055590147159,11.403351726644457,2.824540439732142,0.0,0.0,0.00022458471844435897,0.8092179206405835,0.05022680111119965,0,0.0,0,11.403351726644457,,,,,,,,,,,
5930,6/25/1983,1.218,1.880,6.000,3.269,1.88,0.0,1.3890000000000002,0.0,0.0,0.05022680111119965,11.403351726644457,0.05022680111119965,0.0,1.1997386352593904,10.203613091385067,2.3457028369849957,0.0,0.0,0.0,0.6525921441931429,0.0,0,0.0,0,10.203613091385067,,,,,,,,,,,
5931,6/26/1983,1.190,1.181,6.000,3.269,1.181,0.0,2.088,0.0,0.0,0.0,10.203613091385067,0.0,0.0,0.9968330194402794,9.206780071944788,1.977153791146942,0.0,0.0,0.0,0.5356523694160678,0.0,0,0.0,0,9.206780071944788,,,,,,,,,,,
5932,6/27/1983,1.130,0.158,6.000,3.269,0.158,0.0,3.111,0.0,0.0,0.0,9.206780071944788,0.0,0.0,0.8398699828115103,8.366910089133277,1.6875184915400927,0.0,0.0,0.0,0.4462481622221895,0.0,0,0.0,0,8.366910089133277,,,,,,,,,,,
5933,6/28/1983,1.207,0.600,6.000,3.269,0.6,0.0,2.669,0.0,0.0,0.0,8.366910089133277,0.0,0.0,0.7161010021353328,7.650809086997945,1.4558565909014007,0.0,0.0,0.0,0.37651543628794576,0.0,0,0.0,0,7.650809086997945,,,,,,,,,,,
5934,6/29/1983,1.145,0.072,6.000,3.269,0.072,0.0,3.197,0.0,0.0,0.0,7.650809086997945,0.0,0.0,0.6168951933477056,7.033913893650239,1.267745811279331,0.0,0.0,0.0,0.32118737338489245,0.0,0,0.0,0,7.033913893650239,,,,,,,,,,,
5935,6/30/1983,1.166,0.088,6.000,3.269,0.088,0.0,3.181,0.0,0.0,0.0,7.033913893650239,0.0,0.0,0.5362420384010678,6.4976718552491715,1.1129847907399157,0.0,0.0,0.0,0.2766329722986585,0.0,0,0.0,0,6.4976718552491715,,,,,,,,,,,
5936,7/1/1983,1.164,0.063,7.000,3.463,0.063,0.0,3.4,0.0,0.0,0.0,6.4976718552491715,0.0,0.0,0.4698530706212518,6.02781878462792,0.984190466055938,0.0,0.0,0.0,0.24028590143305778,0.0,0,0.0,0,6.02781878462792,,,,,,,,,,,
5937,7/2/1983,1.189,0.340,7.000,3.463,0.34,0.0,3.123,0.0,0.0,0.0,6.02781878462792,0.0,0.0,0.41460330263199824,5.613215481995922,0.8759118362650996,0.0,0.0,0.0,0.2102926456555842,0.0,0,0.0,0,5.613215481995922,,,,,,,,,,,
5938,7/3/1983,1.179,0.355,7.000,3.463,0.355,0.0,3.108,0.0,0.0,0.0,5.613215481995922,0.0,0.0,0.36817302737741475,5.245042454618507,0.7840532089090505,0.0,0.0,0.0,0.18528883791409168,0.0,0,0.0,0,5.245042454618507,,,,,,,,,,,
5939,7/4/1983,1.156,0.088,7.000,3.463,0.088,0.0,3.375,0.0,0.0,0.0,5.245042454618507,0.0,0.0,0.32881184776451183,4.916230606853995,0.7054890469067742,0.0,0.0,0.0,0.16425312770223063,0.0,0,0.0,0,4.916230606853995,,,,,,,,,,,
5940,7/5/1983,1.602,5.046,7.000,3.463,3.463,1.5830000000000002,0.0,0,1.4935585542815704,0.0,6.409789161135565,0.0,0.0,0.4593094194697605,5.950479741665805,0.963607694869402,0.08944144571842992,0.08944144571842992,0.0,0.2345432808526885,0.08944144571842992,0,0.0,0,5.950479741665805,,,,,,,,,,,
5941,7/6/1983,1.795,8.795,7.000,3.463,3.463,5.332,0.0,0,5.332,0.08944144571842992,11.282877890925208,0.0,0.08944144571842992,1.1786881700892975,10.104189720835912,2.3077451510677065,7.943996191388973e-17,7.943996191388973e-17,0.00039814925940304417,0.6403954921877788,0.08904329645902696,0,0.0,0,10.104189720835912,,,,,,,,,,,
5942,7/7/1983,1.955,4.120,7.000,3.463,3.463,0.657,0.0,0,0.6566018509068299,0.08904329645902696,10.761187948637762,0.0,0.08904329645902696,1.0892631352411344,9.671924813396627,2.145798659165684,0.00039814909317011077,0.00039814909317011077,0.0003963768950199571,0.588745257023352,0.08904506865717712,0,0.0,0,9.671924813396627,,,,,,,,,,,
5943,7/8/1983,1.757,8.387,7.000,3.463,3.463,4.924,0.0,0,4.923603622938748,0.08904506865717712,14.595924821119349,0.0,0.08904506865717712,1.810305236893276,12.785619584226072,3.4236310628539397,0.0003963770612528793,0.0003963770612528793,0.0003963847839731749,1.0117267924243005,0.08904506093445683,0,0.0,0,12.785619584226072,,,,,,,,,,,
5944,7/9/1983,4.064,15.515,7.000,3.463,3.463,12.052,0.0,0,12.051603615216026,0.08904506093445683,24.837619584191696,0.0,0.08904506093445683,4.390854674304021,20.446764909887676,7.672361099425039,0.00039638478397317523,0.00039638478397317523,0.00039638474959542816,2.6012394734547586,0.08904506096883458,0,0.0,0,20.446764909887676,,,,,,,,,,,
5945,7/10/1983,7.682,11.343,7.000,3.463,3.463,7.88,0.0,0,7.879603615250405,0.08904506096883458,28.326764909887828,0.0,0.08904506096883458,5.466307708845108,22.86045720104272,9.34996874847227,0.00039638474959542377,0.00039638474959542377,0.000396384749748461,3.2853824391800153,0.08904506096868155,0,0.0,0,22.86045720104272,,,,,,,,,,,
5946,7/11/1983,5.169,7.370,7.000,3.463,3.463,3.907,0.0,0,3.9066036152502517,0.08904506096868155,26.76745720104272,0.0,0.08904506096868155,4.974059466610855,21.793397734431863,8.587328342866842,0.00039638474974845294,0.00039638474974845294,0.00039638474974777976,2.9710237468465874,0.08904506096868223,0,0.0,0,21.793397734431863,,,,,,,,,,,
5947,7/12/1983,1.666,5.464,7.000,3.463,3.463,2.0010000000000003,0.0,0,2.0006036152502524,0.08904506096868223,23.794397734431865,0.0,0.08904506096868223,4.087806275914448,19.706591458517416,7.191570807915916,0.0003963847497477797,0.0003963847497477797,0.0003963847497477828,2.4103377275695834,0.08904506096868223,0,0.0,0,19.706591458517416,,,,,,,,,,,
5948,7/13/1983,1.169,1.852,7.000,3.463,1.852,0.0,1.611,0.0,0.0,0.08904506096868223,19.706591458517416,0.08904506096868223,0.0,2.9857375739747467,16.72085388454267,5.407152224707226,0.0,0.0,0.0,1.7244932595788665,0.0,0,0.0,0,16.72085388454267,,,,,,,,,,,
5949,7/14/1983,1.175,0.993,7.000,3.463,0.993,0.0,2.47,0.0,0.0,0.0,16.72085388454267,0.0,0.0,2.2705436974072213,14.450310187135448,4.212334672122641,0.0,0.0,0.0,1.2879963351799668,0.0,0,0.0,0,14.450310187135448,,,,,,,,,,,
5950,7/15/1983,1.255,1.571,7.000,3.463,1.571,0.0,1.8920000000000001,0.0,0.0,0.0,14.450310187135448,0.0,0.0,1.780304928861024,12.670005258274424,3.3715825144956404,0.0,0.0,0.0,0.9938670591273971,0.0,0,0.0,0,12.670005258274424,,,,,,,,,,,
5951,7/16/1983,1.198,1.150,7.000,3.463,1.15,0.0,2.313,0.0,0.0,0.0,12.670005258274424,0.0,0.0,1.4299705827817533,11.240034675492671,2.7571043986122796,0.0,0.0,0.0,0.7868626948520961,0.0,0,0.0,0,11.240034675492671,,,,,,,,,,,
5952,7/17/1983,1.136,0.210,7.000,3.463,0.21,0.0,3.253,0.0,0.0,0.0,11.240034675492671,0.0,0.0,1.1712381136286465,10.068796561864024,2.2942967299080728,0.0,0.0,0.0,0.6360823447728331,0.0,0,0.0,0,10.068796561864024,,,,,,,,,,,
5953,7/18/1983,1.168,0.163,7.000,3.463,0.163,0.0,3.3000000000000003,0.0,0.0,0.0,10.068796561864024,0.0,0.0,0.9749785360458636,9.09381802581816,1.9370806971764092,0.0,0.0,0.0,0.5231451283093098,0.0,0,0.0,0,9.09381802581816,,,,,,,,,,,
5954,7/19/1983,1.214,0.691,7.000,3.463,0.691,0.0,2.7720000000000002,0.0,0.0,0.0,9.09381802581816,0.0,0.0,0.8227657608482689,8.271052264969892,1.6556873264941174,0.0,0.0,0.0,0.43656871290570065,0.0,0,0.0,0,8.271052264969892,,,,,,,,,,,
5955,7/20/1983,1.220,1.012,7.000,3.463,1.012,0.0,2.451,0.0,0.0,0.0,8.271052264969892,0.0,0.0,0.7024796049984263,7.5685726599714656,1.4301636041892654,0.0,0.0,0.0,0.36888705212050205,0.0,0,0.0,0,7.5685726599714656,,,,,,,,,,,
5956,7/21/1983,1.143,0.238,7.000,3.463,0.238,0.0,3.225,0.0,0.0,0.0,7.5685726599714656,0.0,0.0,0.6058834444127064,6.962689215558759,1.2467180695099465,0.0,0.0,0.0,0.3150804465538533,0.0,0,0.0,0,6.962689215558759,,,,,,,,,,,
5957,7/22/1983,1.232,0.936,7.000,3.463,0.936,0.0,2.527,0.0,0.0,0.0,6.962689215558759,0.0,0.0,0.5272227340740078,6.4354664814847515,1.09556570045367,0.0,0.0,0.0,0.27167675472641345,0.0,0,0.0,0,6.4354664814847515,,,,,,,,,,,
5958,7/23/1983,1.210,1.010,7.000,3.463,1.01,0.0,2.4530000000000003,0.0,0.0,0.0,6.4354664814847515,0.0,0.0,0.4623801332193048,5.973086348265447,0.9696059838504657,0.0,0.0,0.0,0.23621486479062861,0.0,0,0.0,0,5.973086348265447,,,,,,,,,,,
5959,7/24/1983,1.155,0.386,7.000,3.463,0.386,0.0,3.077,0.0,0.0,0.0,5.973086348265447,0.0,0.0,0.40834800019937784,5.5647383480660695,0.8635843693038979,0.0,0.0,0.0,0.2069127842998165,0.0,0,0.0,0,5.5647383480660695,,,,,,,,,,,
5960,7/25/1983,1.202,0.652,7.000,3.463,0.652,0.0,2.811,0.0,0.0,0.0,5.5647383480660695,0.0,0.0,0.36288890697802423,5.201849441088045,0.7735446830965488,0.0,0.0,0.0,0.18245588180283392,0.0,0,0.0,0,5.201849441088045,,,,,,,,,,,
5961,7/26/1983,1.139,0.034,7.000,3.463,0.034,0.0,3.4290000000000003,0.0,0.0,0.0,5.201849441088045,0.0,0.0,0.3243112953075553,4.87753814578049,0.6964623537403231,0.0,0.0,0.0,0.16185809492751296,0.0,0,0.0,0,4.87753814578049,,,,,,,,,,,
5962,7/27/1983,1.165,0.053,7.000,3.463,0.053,0.0,3.41,0.0,0.0,0.0,4.87753814578049,0.0,0.0,0.2913177199611889,4.586220425819302,0.6299931821288052,0.0,0.0,0.0,0.14436877418573557,0.0,0,0.0,0,4.586220425819302,,,,,,,,,,,
5963,7/28/1983,1.215,0.648,7.000,3.463,0.648,0.0,2.815,0.0,0.0,0.0,4.586220425819302,0.0,0.0,0.26290003968161657,4.323320386137685,0.5722977938003648,0.0,0.0,0.0,0.12940882127762598,0.0,0,0.0,0,4.323320386137685,,,,,,,,,,,
5964,7/29/1983,1.207,0.836,7.000,3.463,0.836,0.0,2.6270000000000002,0.0,0.0,0.0,4.323320386137685,0.0,0.0,0.23826567370475168,4.0850547124329335,0.521916765380396,0.0,0.0,0.0,0.11652607297443283,0.0,0,0.0,0,4.0850547124329335,,,,,,,,,,,
5965,7/30/1983,1.548,4.852,7.000,3.463,3.463,1.3890000000000002,0.0,0,1.299558554281576,0.0,5.38461326671451,0.0,0.0,0.34352364831618853,5.041089618398321,0.73493235050959,0.0894414457184242,0.0894414457184242,0.0,0.1720971357962807,0.0894414457184242,0,0.0,0,5.041089618398321,,,,,,,,,,,
5966,7/31/1983,2.015,11.145,7.000,3.463,3.463,7.6819999999999995,0.0,0,7.681999999999993,0.0894414457184242,12.72348776765772,0.0,0.0894414457184242,1.4400450293662581,11.28344273829146,2.77495909040333,5.799117219714136e-15,5.799117219714136e-15,0.00039814925940301874,0.7927724485315529,0.08904329645902699,0,0.0,0,11.28344273829146,,,,,,,,,,,
5967,8/1/1983,9.433,19.256,8.000,3.792,3.792,15.464,0.0,0,15.463601850740597,0.08904329645902699,26.747440965927076,0.0,0.08904329645902699,4.967861821208778,21.779579144718298,8.577672181964095,0.0003981492594030083,0.0003981492594030083,0.0003963768950199573,2.967078447509752,0.08904506882341005,0,0.0,0,21.779579144718298,,,,,,,,,,,
5968,8/2/1983,12.901,28.669,8.000,3.792,3.792,24.877000000000002,0.0,0,24.876603623104984,0.08904506882341005,46.656579152607996,0.0,0.08904506882341005,12.55703969300749,34.09953945960051,19.65847598064402,0.00039637689501995115,0.00039637689501995115,0.000396384784713162,7.971605432995003,0.08904506093371685,0,0.0,0,34.09953945960051,,,,,,,,,,,
5969,8/3/1983,3.837,2.720,8.000,3.792,2.72,0.0,1.0719999999999996,0.0,0.0,0.08904506093371685,34.09953945960051,0.08904506093371685,0.0,7.446404673038159,26.653134786562347,12.342594953147477,0.0,0.0,0.0,4.567434919159734,0.0,0,0.0,0,26.653134786562347,,,,,,,,,,,
5970,8/4/1983,1.159,1.129,8.000,3.792,1.129,0.0,2.663,0.0,0.0,0.0,26.653134786562347,0.0,0.0,4.938703315922049,21.7144314706403,8.532223492506006,0.0,0.0,0.0,2.9485210680640583,0.0,0,0.0,0,21.7144314706403,,,,,,,,,,,
5971,8/5/1983,1.135,0.195,8.000,3.792,0.195,0.0,3.597,0.0,0.0,0.0,21.7144314706403,0.0,0.0,3.509779906792625,18.204651563847676,6.263222805481992,0.0,0.0,0.0,2.0488530038818236,0.0,0,0.0,0,18.204651563847676,,,,,,,,,,,
5972,8/6/1983,1.332,2.091,8.000,3.792,2.091,0.0,1.7009999999999996,0.0,0.0,0.0,18.204651563847676,0.0,0.0,2.616192701530776,15.5884588623169,4.793985383364683,0.0,0.0,0.0,1.4979725078329655,0.0,0,0.0,0,15.5884588623169,,,,,,,,,,,
5973,8/7/1983,1.409,3.844,8.000,3.792,3.792,0.052000000000000046,0.0,0,0.005162015827552886,0.0,15.593620878144453,0.0,0.0,2.0212067041121284,13.572414174032325,3.787242666869941,0.04683798417244716,0.04683798417244716,0.0,1.1378141007004798,0.04683798417244716,0,0.0,0,13.572414174032325,,,,,,,,,,,
5974,8/8/1983,1.647,7.118,8.000,3.792,3.792,3.3260000000000005,0.0,0,3.2833965384540176,0.04683798417244716,16.856019212120493,0.0,0.04683798417244716,2.3012164725477278,14.554802739572766,4.264295558979936,0.042603461545982844,0.042603461545982844,0.00020849963415057714,1.3065489830526897,0.08923294608427942,0,0.0,0,14.554802739572766,,,,,,,,,,,
5975,8/9/1983,1.633,5.607,8.000,3.792,3.792,1.8150000000000004,0.0,0,1.81479150036585,0.08923294608427942,16.36999146106035,0.0,0.08923294608427942,2.191693735276591,14.17829772578376,4.078433204628239,0.00020849963415058126,0.00020849963415058126,0.0003972211217342484,1.24037953563627,0.08904422459669575,0,0.0,0,14.17829772578376,,,,,,,,,,,
5976,8/10/1983,0.000,0.048,8.000,3.792,0.048,0.0,3.7439999999999998,0.0,0.0,0.08904422459669575,14.17829772578376,0.08904422459669575,0.0,1.7248020684112007,12.45349565737256,3.2750639953156764,0.0,0.0,0.0,0.9608776084154013,0.0,0,0.0,0,12.45349565737256,,,,,,,,,,,
5977,8/11/1983,1.187,0.312,8.000,3.792,0.312,0.0,3.48,0.0,0.0,0.0,12.45349565737256,0.0,0.0,1.3894765900544115,11.06401906731815,2.6852186466862897,0.0,0.0,0.0,0.7631364001911126,0.0,0,0.0,0,11.06401906731815,,,,,,,,,,,
5978,8/12/1983,1.194,0.519,8.000,3.792,0.519,0.0,3.2729999999999997,0.0,0.0,0.0,11.06401906731815,0.0,0.0,1.1408292228970123,9.923189844421136,2.239323572847904,0.0,0.0,0.0,0.6184962078504435,0.0,0,0.0,0,9.923189844421136,,,,,,,,,,,
5979,8/13/1983,1.286,1.705,8.000,3.792,1.705,0.0,2.0869999999999997,0.0,0.0,0.0,9.923189844421136,0.0,0.0,0.9515930866281875,8.971596757792948,1.8941127966515179,0.0,0.0,0.0,0.509782148758659,0.0,0,0.0,0,8.971596757792948,,,,,,,,,,,
5980,8/14/1983,1.568,5.480,8.000,3.792,3.792,1.6880000000000006,0.0,0,1.5985585542815706,0.0,10.570155312074519,0.0,0.0,1.057226545487354,9.512928766587166,2.08749548213003,0.08944144571842999,0.08944144571842999,0.0,0.5703081642860287,0.08944144571842999,0,0.0,0,9.512928766587166,,,,,,,,,,,
5981,8/15/1983,1.182,2.003,8.000,3.792,2.003,0.0,1.7889999999999997,0.0,0.0,0.08944144571842999,9.512928766587166,0.08944144571842999,0.0,0.8869303559849716,8.625998410602195,1.7748143312044757,0.0,0.0,0.0,0.47294636010048813,0.0,0,0.0,0,8.625998410602195,,,,,,,,,,,
5982,8/16/1983,1.165,0.929,8.000,3.792,0.929,0.0,2.8629999999999995,0.0,0.0,0.0,8.625998410602195,0.0,0.0,0.75343894968141,7.872559460920785,1.526076355906526,0.0,0.0,0.0,0.39747428524562983,0.0,0,0.0,0,7.872559460920785,,,,,,,,,,,
5983,8/17/1983,1.193,0.811,8.000,3.792,0.811,0.0,2.981,0.0,0.0,0.0,7.872559460920785,0.0,0.0,0.6469822419761108,7.225577218944674,1.3250438171406969,0.0,0.0,0.0,0.3379093860173335,0.0,0,0.0,0,7.225577218944674,,,,,,,,,,,
5984,8/18/1983,1.146,0.190,8.000,3.792,0.19,0.0,3.602,0.0,0.0,0.0,7.225577218944674,0.0,0.0,0.5608155182462633,6.664761700698411,1.1603255141832753,0.0,0.0,0.0,0.2901640002577214,0.0,0,0.0,0,6.664761700698411,,,,,,,,,,,
5985,8/19/1983,1.237,0.969,8.000,3.792,0.969,0.0,2.823,0.0,0.0,0.0,6.664761700698411,0.0,0.0,0.4901625811606297,6.174599119537781,1.0237357567707863,0.0,0.0,0.0,0.25137128233773964,0.0,0,0.0,0,6.174599119537781,,,,,,,,,,,
5986,8/20/1983,1.200,0.905,8.000,3.792,0.905,0.0,2.8869999999999996,0.0,0.0,0.0,6.174599119537781,0.0,0.0,0.4315658343897522,5.743033285148029,0.9092684232542844,0.0,0.0,0.0,0.21947459274706518,0.0,0,0.0,0,5.743033285148029,,,,,,,,,,,
5987,8/21/1983,1.148,0.253,8.000,3.792,0.253,0.0,3.5389999999999997,0.0,0.0,0.0,5.743033285148029,0.0,0.0,0.3824734854518086,5.360559799696221,0.8124353958754892,0.0,0.0,0.0,0.19296901409999476,0.0,0,0.0,0,5.360559799696221,,,,,,,,,,,
5988,8/22/1983,1.178,0.309,8.000,3.792,0.309,0.0,3.4829999999999997,0.0,0.0,0.0,5.360559799696221,0.0,0.0,0.3409698824567006,5.01958991723952,0.7298283144571702,0.0,0.0,0.0,0.17073391094323442,0.0,0,0.0,0,5.01958991723952,,,,,,,,,,,
5989,8/23/1983,1.185,0.421,8.000,3.792,0.421,0.0,3.371,0.0,0.0,0.0,5.01958991723952,0.0,0.0,0.30559495132560804,4.713994965913912,0.6588213114368113,0.0,0.0,0.0,0.15192170546142167,0.0,0,0.0,0,4.713994965913912,,,,,,,,,,,
5990,8/24/1983,1.262,1.388,8.000,3.792,1.388,0.0,2.404,0.0,0.0,0.0,4.713994965913912,0.0,0.0,0.2752206198411585,4.438774346072753,0.5973650997777964,0.0,0.0,0.0,0.1358823315143363,0.0,0,0.0,0,4.438774346072753,,,,,,,,,,,
5991,8/25/1983,1.133,0.278,8.000,3.792,0.278,0.0,3.514,0.0,0.0,0.0,4.438774346072753,0.0,0.0,0.2489645754854323,4.1898097705873205,0.5438416417248454,0.0,0.0,0.0,0.12211089168807591,0.0,0,0.0,0,4.1898097705873205,,,,,,,,,,,
5992,8/26/1983,1.171,0.232,8.000,3.792,0.232,0.0,3.5599999999999996,0.0,0.0,0.0,4.1898097705873205,0.0,0.0,0.22612901270825733,3.963680757879063,0.49695983216640754,0.0,0.0,0.0,0.11021073692179188,0.0,0,0.0,0,3.963680757879063,,,,,,,,,,,
5993,8/27/1983,1.232,0.936,8.000,3.792,0.936,0.0,2.856,0.0,0.0,0.0,3.963680757879063,0.0,0.0,0.20615643326470434,3.7575243246143586,0.4556794720651854,0.0,0.0,0.0,0.09986700040890005,0.0,0,0.0,0,3.7575243246143586,,,,,,,,,,,
5994,8/28/1983,1.311,2.195,8.000,3.792,2.195,0.0,1.597,0.0,0.0,0.0,3.7575243246143586,0.0,0.0,0.18859728904029996,3.5689270355740588,0.4191550870766462,0.0,0.0,0.0,0.09082734500027348,0.0,0,0.0,0,3.5689270355740588,,,,,,,,,,,
5995,8/29/1983,1.392,3.690,8.000,3.792,3.69,0.0,0.10199999999999987,0.0,0.0,0.0,3.5689270355740588,0.0,0.0,0.1730859807317049,3.3958410548423537,0.38669388268285076,0.0,0.0,0.0,0.08288776905257637,0.0,0,0.0,0,3.3958410548423537,,,,,,,,,,,
5996,8/30/1983,1.132,1.122,8.000,3.792,1.122,0.0,2.67,0.0,0.0,0.0,3.3958410548423537,0.0,0.0,0.1593228385897524,3.2365182162526014,0.3577239116114132,0.0,0.0,0.0,0.07588201227423683,0.0,0,0.0,0,3.2365182162526014,,,,,,,,,,,
5997,8/31/1983,1.125,0.064,8.000,3.792,0.064,0.0,3.7279999999999998,0.0,0.0,0.0,3.2365182162526014,0.0,0.0,0.1470604432934266,3.089457772959175,0.3317697142843672,0.0,0.0,0.0,0.06967355858211988,0.0,0,0.0,0,3.089457772959175,,,,,,,,,,,
5998,9/1/1983,1.253,1.098,9.000,4.609,1.098,0.0,3.511,0.0,0.0,0.0,3.089457772959175,0.0,0.0,0.13609313461186467,2.9533646383473102,0.30843349307376056,0.0,0.0,0.0,0.06414953595913674,0.0,0,0.0,0,2.9533646383473102,,,,,,,,,,,
5999,9/2/1983,1.121,0.012,9.000,4.609,0.012,0.0,4.597,0.0,0.0,0.0,2.9533646383473102,0.0,0.0,0.1262488882023646,2.8271157501449458,0.28738042956667914,0.0,0.0,0.0,0.05921601807094432,0.0,0,0.0,0,2.8271157501449458,,,,,,,,,,,
6000,9/3/1983,1.179,0.215,9.000,4.609,0.215,0.0,4.394,0.0,0.0,0.0,2.8271157501449458,0.0,0.0,0.11738297025953676,2.709732779885409,0.2683271353104872,0.0,0.0,0.0,0.054794372834427216,0.0,0,0.0,0,2.709732779885409,,,,,,,,,,,
6001,9/4/1983,1.154,0.006,9.000,4.609,0.006,0.0,4.603,0.0,0.0,0.0,2.709732779885409,0.0,0.0,0.10937293999455493,2.600359839890854,0.25103249503908587,0.0,0.0,0.0,0.050818400758552124,0.0,0,0.0,0,2.600359839890854,,,,,,,,,,,
6002,9/5/1983,1.188,0.301,9.000,4.609,0.301,0.0,4.308,0.0,0.0,0.0,2.600359839890854,0.0,0.0,0.10211468330389627,2.4982451565869574,0.2352903528076369,0.0,0.0,0.0,0.047232074607430174,0.0,0,0.0,0,2.4982451565869574,,,,,,,,,,,
6003,9/6/1983,1.210,0.711,9.000,4.609,0.711,0.0,3.898,0.0,0.0,0.0,2.4982451565869574,0.0,0.0,0.09551924213303346,2.402725914453924,0.22092362946953728,0.0,0.0,0.0,0.0439877408908536,0.0,0,0.0,0,2.402725914453924,,,,,,,,,,,
6004,9/7/1983,1.172,0.456,9.000,4.609,0.456,0.0,4.153,0.0,0.0,0.0,2.402725914453924,0.0,0.0,0.08951026274752646,2.3132156517063973,0.20777956047409923,0.0,0.0,0.0,0.04104467894202853,0.0,0,0.0,0,2.3132156517063973,,,,,,,,,,,
6005,9/8/1983,1.144,0.000,9.000,4.609,0.0,0.0,4.609,0.0,0.0,0.0,2.3132156517063973,0.0,0.0,0.08402192902856406,2.229193722677833,0.19572581693936125,0.0,0.0,0.0,0.03836793899157661,0.0,0,0.0,0,2.229193722677833,,,,,,,,,,,
6006,9/9/1983,1.163,0.017,9.000,4.609,0.017,0.0,4.592,0.0,0.0,0.0,2.229193722677833,0.0,0.0,0.07899727856463527,2.150196444113198,0.1846473278869849,0.0,0.0,0.0,0.035927399488230816,0.0,0,0.0,0,2.150196444113198,,,,,,,,,,,
6007,9/10/1983,1.168,0.086,9.000,4.609,0.086,0.0,4.523,0.0,0.0,0.0,2.150196444113198,0.0,0.0,0.07438682287465515,2.075809621238543,0.17444366267297076,0.0,0.0,0.0,0.03369699788261136,0.0,0,0.0,0,2.075809621238543,,,,,,,,,,,
6008,9/11/1983,1.163,0.060,9.000,4.609,0.06,0.0,4.549,0.0,0.0,0.0,2.075809621238543,0.0,0.0,0.07014741078648803,2.005662210452055,0.16502686372145997,0.0,0.0,0.0,0.03165409953103416,0.0,0,0.0,0,2.005662210452055,,,,,,,,,,,
6009,9/12/1983,1.178,0.214,9.000,4.609,0.214,0.0,4.395,0.0,0.0,0.0,2.005662210452055,0.0,0.0,0.06624128737880386,1.939420923073251,0.1563196433168739,0.0,0.0,0.0,0.029778977244290423,0.0,0,0.0,0,1.939420923073251,,,,,,,,,,,
6010,9/13/1983,1.167,0.153,9.000,4.609,0.153,0.0,4.456,0.0,0.0,0.0,1.939420923073251,0.0,0.0,0.06263531109722462,1.8767856119760264,0.14825387633819978,0.0,0.0,0.0,0.028054379980784885,0.0,0,0.0,0,1.8767856119760264,,,,,,,,,,,
6011,9/14/1983,1.180,0.286,9.000,4.609,0.286,0.0,4.323,0.0,0.0,0.0,1.8767856119760264,0.0,0.0,0.05930029948911322,1.8174853124869133,0.1407693348128234,0.0,0.0,0.0,0.02646517375274156,0.0,0,0.0,0,1.8174853124869133,,,,,,,,,,,
6012,9/15/1983,1.200,0.582,9.000,4.609,0.582,0.0,4.027,0.0,0.0,0.0,1.8174853124869133,0.0,0.0,0.05621048005601048,1.7612748324309027,0.13381262104001673,0.0,0.0,0.0,0.02499804133272859,0.0,0,0.0,0,1.7612748324309027,,,,,,,,,,,
6013,9/16/1983,1.287,1.761,9.000,4.609,1.761,0.0,2.848,0.0,0.0,0.0,1.7612748324309027,0.0,0.0,0.053343027432493674,1.707931804998409,0.12733626453469518,0.0,0.0,0.0,0.023641230074737576,0.0,0,0.0,0,1.707931804998409,,,,,,,,,,,
6014,9/17/1983,1.130,0.401,9.000,4.609,0.401,0.0,4.208,0.0,0.0,0.0,1.707931804998409,0.0,0.0,0.05067767178613352,1.6572541332122754,0.12129795472732108,0.0,0.0,0.0,0.022384339290585708,0.0,0,0.0,0,1.6572541332122754,,,,,,,,,,,
6015,9/18/1983,1.183,0.443,9.000,4.609,0.443,0.0,4.166,0.0,0.0,0.0,1.6572541332122754,0.0,0.0,0.0481963662345504,1.609057766977725,0.11565988664315725,0.0,0.0,0.0,0.021218140290439377,0.0,0,0.0,0,1.609057766977725,,,,,,,,,,,
6016,9/19/1983,1.159,0.168,9.000,4.609,0.168,0.0,4.441,0.0,0.0,0.0,1.609057766977725,0.0,0.0,0.04588300337192563,1.5631747636057995,0.11038820098827021,0.0,0.0,0.0,0.020134423511963574,0.0,0,0.0,0,1.5631747636057995,,,,,,,,,,,
6017,9/20/1983,1.166,0.117,9.000,4.609,0.117,0.0,4.492,0.0,0.0,0.0,1.5631747636057995,0.0,0.0,0.043723172824426636,1.5194515907813728,0.10545250342979401,0.0,0.0,0.0,0.019125868205942143,0.0,0,0.0,0,1.5194515907813728,,,,,,,,,,,
6018,9/21/1983,1.213,0.653,9.000,4.609,0.653,0.0,3.956,0.0,0.0,0.0,1.5194515907813728,0.0,0.0,0.04170395321505755,1.4777476375663152,0.10082545055662882,0.0,0.0,0.0,0.018185930977790775,0.0,0,0.0,0,1.4777476375663152,,,,,,,,,,,
6019,9/22/1983,1.195,0.704,9.000,4.609,0.704,0.0,3.9050000000000002,0.0,0.0,0.0,1.4777476375663152,0.0,0.0,0.0398137330924076,1.4379339044739077,0.09648239218433688,0.0,0.0,0.0,0.017308750150412232,0.0,0,0.0,0,1.4379339044739077,,,,,,,,,,,
6020,9/23/1983,1.183,0.586,9.000,4.609,0.586,0.0,4.023,0.0,0.0,0.0,1.4379339044739077,0.0,0.0,0.038042056325392426,1.3998918481485152,0.09240106143301313,0.0,0.0,0.0,0.016489063449767877,0.0,0,0.0,0,1.3998918481485152,,,,,,,,,,,
6021,9/24/1983,1.157,0.214,9.000,4.609,0.214,0.0,4.395,0.0,0.0,0.0,1.3998918481485152,0.0,0.0,0.03637948823438262,1.3635123599141326,0.0885613054436744,0.0,0.0,0.0,0.015722136947706165,0.0,0,0.0,0,1.3635123599141326,,,,,,,,,,,
6022,9/25/1983,1.168,0.170,9.000,4.609,0.17,0.0,4.439,0.0,0.0,0.0,1.3635123599141326,0.0,0.0,0.034817499354657624,1.3286948605594748,0.08494485077309842,0.0,0.0,0.0,0.015003703548200954,0.0,0,0.0,0,1.3286948605594748,,,,,,,,,,,
6023,9/26/1983,1.164,0.104,9.000,4.609,0.104,0.0,4.505,0.0,0.0,0.0,1.3286948605594748,0.0,0.0,0.03334836423950604,1.2953464963199688,0.08153509847077402,0.0,0.0,0.0,0.01432990958974073,0.0,0,0.0,0,1.2953464963199688,,,,,,,,,,,
6024,9/27/1983,1.165,0.092,9.000,4.609,0.092,0.0,4.517,0.0,0.0,0.0,1.2953464963199688,0.0,0.0,0.03196507312998075,1.263381423189988,0.07831694463549198,0.0,0.0,0.0,0.013697268371123691,0.0,0,0.0,0,1.263381423189988,,,,,,,,,,,
6025,9/28/1983,1.330,2.005,9.000,4.609,2.005,0.0,2.604,0.0,0.0,0.0,1.263381423189988,0.0,0.0,0.030661254664042334,1.2327201685259457,0.07527662290544615,0.0,0.0,0.0,0.013102619600544126,0.0,0,0.0,0,1.2327201685259457,,,,,,,,,,,
6026,9/29/1983,1.250,1.958,9.000,4.609,1.958,0.0,2.651,0.0,0.0,0.0,1.2327201685259457,0.0,0.0,0.029431108083650345,1.2032890604422954,0.07240156588026198,0.0,0.0,0.0,0.012543093926663383,0.0,0,0.0,0,1.2032890604422954,,,,,,,,,,,
6027,9/30/1983,1.546,5.324,9.000,4.609,4.609,0.7149999999999999,0.0,0,0.6255585746528921,0.0,1.8288476350951877,0.0,0.0,0.05679738221161633,1.7720502528835713,0.13513574095186465,0.08944142534710778,0.08944142534710778,0.0,0.02527631939255683,0.08944142534710778,0,0.0,0,1.7720502528835713,,,,,,,,,,,
6028,10/1/1983,1.642,7.124,10.000,5.054,5.054,2.0699999999999994,0.0,0,2.069999979628677,0.08944142534710778,3.8424483816809683,0.0,0.08944142534710778,0.19575484266707385,3.6466935390138944,0.4340708237102939,2.0371322228721363e-08,2.0371322228721363e-08,0.0003981491687199525,0.09450573117578645,0.08904329654971005,0,0.0,0,3.6466935390138944,,,,,,,,,,,
6029,10/2/1983,1.293,2.453,10.000,5.054,2.453,0.0,2.6010000000000004,0.0,0.0,0.08904329654971005,3.6466935390138944,0.08904329654971005,0.0,0.17941739931798845,3.467276139695906,0.39996719151457516,0.0,0.0,0.0,0.08612312438753553,0.0,0,0.0,0,3.467276139695906,,,,,,,,,,,
6030,10/3/1983,1.200,1.536,10.000,5.054,1.536,0.0,3.5180000000000002,0.0,0.0,0.0,3.467276139695906,0.0,0.0,0.16494778811127195,3.302328351584634,0.36958366744701926,0.0,0.0,0.0,0.078740616592928,0.0,0,0.0,0,3.302328351584634,,,,,,,,,,,
6031,10/4/1983,1.338,2.758,10.000,5.054,2.758,0.0,2.2960000000000003,0.0,0.0,0.0,3.302328351584634,0.0,0.0,0.1520779325311701,3.1502504190534637,0.3424065616381583,0.0,0.0,0.0,0.07220995191382158,0.0,0,0.0,0,3.1502504190534637,,,,,,,,,,,
6032,10/5/1983,1.105,0.482,10.000,5.054,0.482,0.0,4.572,0.0,0.0,0.0,3.1502504190534637,0.0,0.0,0.14058562238668643,3.0096647966667773,0.3180072329863344,0.0,0.0,0.0,0.06640890276187555,0.0,0,0.0,0,3.0096647966667773,,,,,,,,,,,
6033,10/6/1983,1.170,0.314,10.000,5.054,0.314,0.0,4.74,0.0,0.0,0.0,3.0096647966667773,0.0,0.0,0.1302854723915933,2.879379324275184,0.29602579626605613,0.0,0.0,0.0,0.06123602881405607,0.0,0,0.0,0,2.879379324275184,,,,,,,,,,,
6034,10/7/1983,1.202,0.619,10.000,5.054,0.619,0.0,4.4350000000000005,0.0,0.0,0.0,2.879379324275184,0.0,0.0,0.12102188532281812,2.758357438952366,0.27615835139966166,0.0,0.0,0.0,0.05660661900495114,0.0,0,0.0,0,2.758357438952366,,,,,,,,,,,
6035,10/8/1983,1.310,2.045,10.000,5.054,2.045,0.0,3.0090000000000003,0.0,0.0,0.0,2.758357438952366,0.0,0.0,0.11266352874581109,2.645693910206555,0.25814689145277203,0.0,0.0,0.0,0.05244952226083401,0.0,0,0.0,0,2.645693910206555,,,,,,,,,,,
6036,10/9/1983,1.113,0.305,10.000,5.054,0.305,0.0,4.7490000000000006,0.0,0.0,0.0,2.645693910206555,0.0,0.0,0.10509896535693772,2.5405949448496172,0.24177126648996658,0.0,0.0,0.0,0.048704652311446876,0.0,0,0.0,0,2.5405949448496172,,,,,,,,,,,
6037,10/10/1983,1.154,0.054,10.000,5.054,0.054,0.0,5.0,0.0,0.0,0.0,2.5405949448496172,0.0,0.0,0.09823317034436985,2.4423617745052475,0.22684273870827512,0.0,0.0,0.0,0.045321008347063846,0.0,0,0.0,0,2.4423617745052475,,,,,,,,,,,
6038,10/11/1983,1.181,0.248,10.000,5.054,0.248,0.0,4.806,0.0,0.0,0.0,2.4423617745052475,0.0,0.0,0.09198473640417051,2.350377038101077,0.21319877908049742,0.0,0.0,0.0,0.042255093742597345,0.0,0,0.0,0,2.350377038101077,,,,,,,,,,,
6039,10/12/1983,1.155,0.023,10.000,5.054,0.023,0.0,5.031000000000001,0.0,0.0,0.0,2.350377038101077,0.0,0.0,0.08628361597972699,2.26409342212135,0.20069883987117249,0.0,0.0,0.0,0.039469644378054274,0.0,0,0.0,0,2.26409342212135,,,,,,,,,,,
6040,10/13/1983,1.259,1.136,10.000,5.054,1.136,0.0,3.918,0.0,0.0,0.0,2.26409342212135,0.0,0.0,0.08106928625195148,2.1830241358693985,0.18922089962230063,0.0,0.0,0.0,0.03693259952746735,0.0,0,0.0,0,2.1830241358693985,,,,,,,,,,,
6041,10/14/1983,1.169,0.611,10.000,5.054,0.611,0.0,4.4430000000000005,0.0,0.0,0.0,2.1830241358693985,0.0,0.0,0.07628924907668856,2.10673488679271,0.1786586236542676,0.0,0.0,0.0,0.03461626412314601,0.0,0,0.0,0,2.10673488679271,,,,,,,,,,,
6042,10/15/1983,1.244,1.267,10.000,5.054,1.267,0.0,3.7870000000000004,0.0,0.0,0.0,2.10673488679271,0.0,0.0,0.07189779801575202,2.034837088776958,0.16891901808567128,0.0,0.0,0.0,0.03249662299789437,0.0,0,0.0,0,2.034837088776958,,,,,,,,,,,
6043,10/16/1983,1.146,0.389,10.000,5.054,0.389,0.0,4.665,0.0,0.0,0.0,2.034837088776958,0.0,0.0,0.06785499965339166,1.966982089123566,0.1599204818949222,0.0,0.0,0.0,0.03055277656749711,0.0,0,0.0,0,1.966982089123566,,,,,,,,,,,
6044,10/17/1983,1.153,0.065,10.000,5.054,0.065,0.0,4.989,0.0,0.0,0.0,1.966982089123566,0.0,0.0,0.06412584782385612,1.9028562412997099,0.15159118181452078,0.0,0.0,0.0,0.02876647412202386,0.0,0,0.0,0,1.9028562412997099,,,,,,,,,,,
6045,10/18/1983,1.167,0.093,10.000,5.054,0.093,0.0,4.961,0.0,0.0,0.0,1.9028562412997099,0.0,0.0,0.06067955812822702,1.8421766831714828,0.1438676904490912,0.0,0.0,0.0,0.027121726008195002,0.0,0,0.0,0,1.8421766831714828,,,,,,,,,,,
6046,10/19/1983,1.182,0.282,10.000,5.054,0.282,0.0,4.772,0.0,0.0,0.0,1.8421766831714828,0.0,0.0,0.057488976864854706,1.784687706306628,0.1366938400962388,0.0,0.0,0.0,0.0256044799116261,0.0,0,0.0,0,1.784687706306628,,,,,,,,,,,
6047,10/20/1983,1.193,0.495,10.000,5.054,0.495,0.0,4.559,0.0,0.0,0.0,1.784687706306628,0.0,0.0,0.05453008373146119,1.7301576225751667,0.1300197541754888,0.0,0.0,0.0,0.024202349482798636,0.0,0,0.0,0,1.7301576225751667,,,,,,,,,,,
6048,10/21/1983,1.224,0.978,10.000,5.054,0.978,0.0,4.0760000000000005,0.0,0.0,0.0,1.7301576225751667,0.0,0.0,0.05178157174259572,1.678376050832571,0.12380102556559523,0.0,0.0,0.0,0.022904385911297894,0.0,0,0.0,0,1.678376050832571,,,,,,,,,,,
6049,10/22/1983,1.314,2.251,10.000,5.054,2.251,0.0,2.8030000000000004,0.0,0.0,0.0,1.678376050832571,0.0,0.0,0.049224491014350336,1.6291515598182205,0.11799801698547616,0.0,0.0,0.0,0.02170088490004707,0.0,0,0.0,0,1.6291515598182205,,,,,,,,,,,
6050,10/23/1983,1.350,3.218,10.000,5.054,3.218,0.0,1.8360000000000003,0.0,0.0,0.0,1.6291515598182205,0.0,0.0,0.04684194560167818,1.5823096142165423,0.11257526318330678,0.0,0.0,0.0,0.020583222944900486,0.0,0,0.0,0,1.5823096142165423,,,,,,,,,,,
6051,10/24/1983,1.075,0.263,10.000,5.054,0.263,0.0,4.791,0.0,0.0,0.0,1.5823096142165423,0.0,0.0,0.044618834584980456,1.5376907796315618,0.10750095839025685,0.0,0.0,0.0,0.0195437179751164,0.0,0,0.0,0,1.5376907796315618,,,,,,,,,,,
6052,10/25/1983,1.247,1.124,10.000,5.054,1.124,0.0,3.93,0.0,0.0,0.0,1.5376907796315618,0.0,0.0,0.042541630207627856,1.495149149423934,0.10274651545448578,0.0,0.0,0.0,0.018575510324998643,0.0,0,0.0,0,1.495149149423934,,,,,,,,,,,
6053,10/26/1983,1.233,1.367,10.000,5.054,1.367,0.0,3.6870000000000003,0.0,0.0,0.0,1.495149149423934,0.0,0.0,0.04059818715312309,1.4545509622708108,0.09828618545411273,0.0,0.0,0.0,0.017672460738167053,0.0,0,0.0,0,1.4545509622708108,,,,,,,,,,,
6054,10/27/1983,2.010,10.210,10.000,5.054,5.054,5.156000000000001,0.0,0,5.0665585542815705,0.0,6.521109516552381,0.0,0.0,0.47268113293817576,6.048428383614206,0.9897050435864768,0.08944144571843,0.08944144571843,0.0,0.2418276619652999,0.08944144571843,0,0.0,0,6.048428383614206,,,,,,,,,,,
6055,10/28/1983,5.267,11.682,10.000,5.054,5.054,6.628,0.0,0,6.628,0.08944144571843,12.676826532873608,0.0,0.08944144571843,1.431253925106697,11.245572607766912,2.7593794854152143,0.0,0.0,0.00039814925940304455,0.7876153622162265,0.08904329645902696,0,0.0,0,11.245572607766912,,,,,,,,,,,
6056,10/29/1983,4.079,3.626,10.000,5.054,3.626,0.0,1.4280000000000004,0.0,0.0,0.08904329645902696,11.245572607766912,0.08904329645902696,0.0,1.1722000475743797,10.073372560192531,2.2960335928111344,0.0,0.0,0.0,0.6366391470761905,0.0,0,0.0,0,10.073372560192531,,,,,,,,,,,
6057,10/30/1983,1.203,1.966,10.000,5.054,1.966,0.0,3.088,0.0,0.0,0.0,10.073372560192531,0.0,0.0,0.9757171506307124,9.097655409561819,1.9384363261089061,0.0,0.0,0.0,0.5235675359126482,0.0,0,0.0,0,9.097655409561819,,,,,,,,,,,
6058,10/31/1983,1.201,1.353,10.000,5.054,1.353,0.0,3.7010000000000005,0.0,0.0,0.0,9.097655409561819,0.0,0.0,0.8233444895378605,8.274310920023957,1.6567652686791794,0.0,0.0,0.0,0.43689600638584053,0.0,0,0.0,0,8.274310920023957,,,,,,,,,,,
6059,11/1/1983,1.192,0.981,11.000,5.054,0.981,0.0,4.073,0.0,0.0,0.0,8.274310920023957,0.0,0.0,0.7029409407625076,7.5713699792614495,1.4310344641526076,0.0,0.0,0.0,0.369145255601312,0.0,0,0.0,0,7.5713699792614495,,,,,,,,,,,
6060,11/2/1983,1.142,0.216,11.000,5.054,0.216,0.0,4.838,0.0,0.0,0.0,7.5713699792614495,0.0,0.0,0.6062567112354899,6.965113268025959,1.2474313592702706,0.0,0.0,0.0,0.315287335102577,0.0,0,0.0,0,6.965113268025959,,,,,,,,,,,
6061,11/3/1983,1.212,0.699,11.000,5.054,0.699,0.0,4.355,0.0,0.0,0.0,6.965113268025959,0.0,0.0,0.5275286895837912,6.437584578442168,1.096156985546427,0.0,0.0,0.0,0.27184479013880825,0.0,0,0.0,0,6.437584578442168,,,,,,,,,,,
6062,11/4/1983,1.165,0.361,11.000,5.054,0.361,0.0,4.6930000000000005,0.0,0.0,0.0,6.437584578442168,0.0,0.0,0.46263379869386767,5.9749507797483,0.9701013500850136,0.0,0.0,0.0,0.23635298370372929,0.0,0,0.0,0,5.9749507797483,,,,,,,,,,,
6063,11/5/1983,1.155,0.080,11.000,5.054,0.08,0.0,4.974,0.0,0.0,0.0,5.9749507797483,0.0,0.0,0.40856045766686305,5.566390322081437,0.8640033023891457,0.0,0.0,0.0,0.20702752360625815,0.0,0,0.0,0,5.566390322081437,,,,,,,,,,,
6064,11/6/1983,1.171,0.134,11.000,5.054,0.134,0.0,4.92,0.0,0.0,0.0,5.566390322081437,0.0,0.0,0.36306847288248295,5.203321849198955,0.7739019756848582,0.0,0.0,0.0,0.18255210748921596,0.0,0,0.0,0,5.203321849198955,,,,,,,,,,,
6065,11/7/1983,1.162,0.055,11.000,5.054,0.055,0.0,4.9990000000000006,0.0,0.0,0.0,5.203321849198955,0.0,0.0,0.32446430615507194,4.878857543043883,0.6967693986012776,0.0,0.0,0.0,0.16193948608151068,0.0,0,0.0,0,4.878857543043883,,,,,,,,,,,
6066,11/8/1983,1.171,0.141,11.000,5.054,0.141,0.0,4.913,0.0,0.0,0.0,4.878857543043883,0.0,0.0,0.29144906985104896,4.587408473192834,0.6302588676427456,0.0,0.0,0.0,0.14443815164908552,0.0,0,0.0,0,4.587408473192834,,,,,,,,,,,
6067,11/9/1983,1.164,0.098,11.000,5.054,0.098,0.0,4.956,0.0,0.0,0.0,4.587408473192834,0.0,0.0,0.26301355532994064,4.324394917862893,0.572529135797942,0.0,0.0,0.0,0.12946837529013885,0.0,0,0.0,0,4.324394917862893,,,,,,,,,,,
6068,11/10/1983,1.158,0.000,11.000,5.054,0.0,0.0,5.054,0.0,0.0,0.0,4.324394917862893,0.0,0.0,0.2383643807219775,4.086030537140916,0.522119360530866,0.0,0.0,0.0,0.11657752369647112,0.0,0,0.0,0,4.086030537140916,,,,,,,,,,,
6069,11/11/1983,1.163,0.000,11.000,5.054,0.0,0.0,5.054,0.0,0.0,0.0,4.086030537140916,0.0,0.0,0.21687115444607663,3.869159382694839,0.47785871279530434,0.0,0.0,0.0,0.10540830680445232,0.0,0,0.0,0,3.869159382694839,,,,,,,,,,,
6070,11/12/1983,1.163,0.002,11.000,5.054,0.002,0.0,5.0520000000000005,0.0,0.0,0.0,3.869159382694839,0.0,0.0,0.1980280957529627,3.6711312869418764,0.4388000796241272,0.0,0.0,0.0,0.09567586252868797,0.0,0,0.0,0,3.6711312869418764,,,,,,,,,,,
6071,11/13/1983,1.173,0.138,11.000,5.054,0.138,0.0,4.916,0.0,0.0,0.0,3.6711312869418764,0.0,0.0,0.18142576845105143,3.4897055184908248,0.40417078751370106,0.0,0.0,0.0,0.0871509844959609,0.0,0,0.0,0,3.4897055184908248,,,,,,,,,,,
6072,11/14/1983,1.157,0.010,11.000,5.054,0.01,0.0,5.0440000000000005,0.0,0.0,0.0,3.4897055184908248,0.0,0.0,0.166729997994514,3.322975520496311,0.37333552858015717,0.0,0.0,0.0,0.079647686786011,0.0,0,0.0,0,3.322975520496311,,,,,,,,,,,
6073,11/15/1983,1.187,0.292,11.000,5.054,0.292,0.0,4.7620000000000005,0.0,0.0,0.0,3.322975520496311,0.0,0.0,0.15366596271581115,3.1693095577804997,0.3457681541640298,0.0,0.0,0.0,0.07301387444171903,0.0,0,0.0,0,3.1693095577804997,,,,,,,,,,,
6074,11/16/1983,1.174,0.274,11.000,5.054,0.274,0.0,4.78,0.0,0.0,0.0,3.1693095577804997,0.0,0.0,0.1420060601681038,3.027303497612396,0.3210299926539133,0.0,0.0,0.0,0.06712426728363903,0.0,0,0.0,0,3.027303497612396,,,,,,,,,,,
6075,11/17/1983,1.156,0.057,11.000,5.054,0.057,0.0,4.997,0.0,0.0,0.0,3.027303497612396,0.0,0.0,0.1315605606704414,2.8957429369419545,0.29875302279016125,0.0,0.0,0.0,0.061874978363189836,0.0,0,0.0,0,2.8957429369419545,,,,,,,,,,,
6076,11/18/1983,1.171,0.128,11.000,5.054,0.128,0.0,4.926,0.0,0.0,0.0,2.8957429369419545,0.0,0.0,0.12217034137536587,2.7735725955665886,0.27862669905445825,0.0,0.0,0.0,0.05717932107163193,0.0,0,0.0,0,2.7735725955665886,,,,,,,,,,,
6077,11/19/1983,1.162,0.062,11.000,5.054,0.062,0.0,4.992,0.0,0.0,0.0,2.7735725955665886,0.0,0.0,0.11370118925362088,2.6598714063129676,0.26038755118823903,0.0,0.0,0.0,0.05296453808722713,0.0,0,0.0,0,2.6598714063129676,,,,,,,,,,,
6078,11/20/1983,1.162,0.037,11.000,5.054,0.037,0.0,5.017,0.0,0.0,0.0,2.6598714063129676,0.0,0.0,0.1060392984690629,2.553832107843905,0.24381091035772454,0.0,0.0,0.0,0.04916922866202805,0.0,0,0.0,0,2.553832107843905,,,,,,,,,,,
6079,11/21/1983,1.165,0.057,11.000,5.054,0.057,0.0,4.997,0.0,0.0,0.0,2.553832107843905,0.0,0.0,0.09908768510764773,2.454744422736257,0.2287042796266673,0.0,0.0,0.0,0.04574130972004559,0.0,0,0.0,0,2.454744422736257,,,,,,,,,,,
6080,11/22/1983,1.161,0.021,11.000,5.054,0.021,0.0,5.033,0.0,0.0,0.0,2.454744422736257,0.0,0.0,0.09276331234261474,2.3619811103936423,0.21490198602695812,0.0,0.0,0.0,0.0426363884527367,0.0,0,0.0,0,2.3619811103936423,,,,,,,,,,,
6081,11/23/1983,1.183,0.252,11.000,5.054,0.252,0.0,4.8020000000000005,0.0,0.0,0.0,2.3619811103936423,0.0,0.0,0.0869947700807657,2.2749863403128767,0.2022608390643103,0.0,0.0,0.0,0.039816454639754764,0.0,0,0.0,0,2.2749863403128767,,,,,,,,,,,
6082,11/24/1983,1.169,0.194,11.000,5.054,0.194,0.0,4.86,0.0,0.0,0.0,2.2749863403128767,0.0,0.0,0.08172039054076842,2.1932659497721083,0.1906565851802031,0.0,0.0,0.0,0.03724882324109153,0.0,0,0.0,0,2.1932659497721083,,,,,,,,,,,
6083,11/25/1983,1.161,0.080,11.000,5.054,0.08,0.0,4.974,0.0,0.0,0.0,2.1932659497721083,0.0,0.0,0.07688670892438113,2.1163792408477273,0.17998099591367642,0.0,0.0,0.0,0.034905274268595445,0.0,0,0.0,0,2.1163792408477273,,,,,,,,,,,
6084,11/26/1983,1.191,0.375,11.000,5.054,0.375,0.0,4.679,0.0,0.0,0.0,2.1163792408477273,0.0,0.0,0.0724471990476108,2.0439320418001166,0.17013946376158562,0.0,0.0,0.0,0.032761349194311576,0.0,0,0.0,0,2.0439320418001166,,,,,,,,,,,
6085,11/27/1983,1.151,0.036,11.000,5.054,0.036,0.0,5.018000000000001,0.0,0.0,0.0,2.0439320418001166,0.0,0.0,0.06836122939841065,1.975570812401706,0.1610490072113463,0.0,0.0,0.0,0.030795772343905434,0.0,0,0.0,0,1.975570812401706,,,,,,,,,,,
6086,11/28/1983,1.163,0.027,11.000,5.054,0.027,0.0,5.027,0.0,0.0,0.0,1.975570812401706,0.0,0.0,0.06459319693106466,1.9109776154706413,0.15263660739922857,0.0,0.0,0.0,0.028989972673516242,0.0,0,0.0,0,1.9109776154706413,,,,,,,,,,,
6087,11/29/1983,1.174,0.145,11.000,5.054,0.145,0.0,4.909000000000001,0.0,0.0,0.0,1.9109776154706413,0.0,0.0,0.06111180496519182,1.8498658105054495,0.14483781498025208,0.0,0.0,0.0,0.027327686623072004,0.0,0,0.0,0,1.8498658105054495,,,,,,,,,,,
6088,11/30/1983,1.166,0.113,11.000,5.054,0.113,0.0,4.941,0.0,0.0,0.0,1.8498658105054495,0.0,0.0,0.057889458532674694,1.7919763519727747,0.13759557828596544,0.0,0.0,0.0,0.025794626801063196,0.0,0,0.0,0,1.7919763519727747,,,,,,,,,,,
6089,12/1/1983,1.170,0.153,12.000,5.337,0.153,0.0,5.184,0.0,0.0,0.0,1.7919763519727747,0.0,0.0,0.05490175592290641,1.7370745960498684,0.13085925357842174,0.0,0.0,0.0,0.024378204392819857,0.0,0,0.0,0,1.7370745960498684,,,,,,,,,,,
6090,12/2/1983,1.162,0.063,12.000,5.337,0.063,0.0,5.274,0.0,0.0,0.0,1.7370745960498684,0.0,0.0,0.052127059394375966,1.6849475366554925,0.1245837658377664,0.0,0.0,0.0,0.023067295622436194,0.0,0,0.0,0,1.6849475366554925,,,,,,,,,,,
6091,12/3/1983,1.178,0.215,12.000,5.337,0.215,0.0,5.122,0.0,0.0,0.0,1.6849475366554925,0.0,0.0,0.04954613133001304,1.6354014053254795,0.11872889453613338,0.0,0.0,0.0,0.021852044504796195,0.0,0,0.0,0,1.6354014053254795,,,,,,,,,,,
6092,12/4/1983,1.161,0.085,12.000,5.337,0.085,0.0,5.252,0.0,0.0,0.0,1.6354014053254795,0.0,0.0,0.047141824725181754,1.5882595806002977,0.11325866361955152,0.0,0.0,0.0,0.020723695623227456,0.0,0,0.0,0,1.5882595806002977,,,,,,,,,,,
6093,12/5/1983,1.163,0.058,12.000,5.337,0.058,0.0,5.279,0.0,0.0,0.0,1.5882595806002977,0.0,0.0,0.044898818969075605,1.5433607616312222,0.10814081872043192,0.0,0.0,0.0,0.019674451853602844,0.0,0,0.0,0,1.5433607616312222,,,,,,,,,,,
6094,12/6/1983,1.191,0.361,12.000,5.337,0.361,0.0,4.976,0.0,0.0,0.0,1.5433607616312222,0.0,0.0,0.04280339353250012,1.500557368098722,0.10334637766770101,0.0,0.0,0.0,0.018697352897800792,0.0,0,0.0,0,1.500557368098722,,,,,,,,,,,
6095,12/7/1983,1.185,0.438,12.000,5.337,0.438,0.0,4.899,0.0,0.0,0.0,1.500557368098722,0.0,0.0,0.04084323349912242,1.4597141345995996,0.09884924281200413,0.0,0.0,0.0,0.017786171241969382,0.0,0,0.0,0,1.4597141345995996,,,,,,,,,,,
6096,12/8/1983,1.259,1.358,12.000,5.337,1.358,0.0,3.9789999999999996,0.0,0.0,0.0,1.4597141345995996,0.0,0.0,0.03900726194339313,1.4207068726562064,0.09462586566464917,0.0,0.0,0.0,0.016935322759030848,0.0,0,0.0,0,1.4207068726562064,,,,,,,,,,,
6097,12/9/1983,1.118,0.085,12.000,5.337,0.085,0.0,5.252,0.0,0.0,0.0,1.4207068726562064,0.0,0.0,0.03728549502064184,1.3834213776355646,0.09065495595795177,0.0,0.0,0.0,0.01613978966185355,0.0,0,0.0,0,1.3834213776355646,,,,,,,,,,,
6098,12/10/1983,1.162,0.043,12.000,5.337,0.043,0.0,5.294,0.0,0.0,0.0,1.3834213776355646,0.0,0.0,0.0356689163353012,1.3477524613002634,0.08691722854684561,0.0,0.0,0.0,0.01539505390789525,0.0,0,0.0,0,1.3477524613002634,,,,,,,,,,,
6099,12/11/1983,1.162,0.017,12.000,5.337,0.017,0.0,5.319999999999999,0.0,0.0,0.0,1.3477524613002634,0.0,0.0,0.034149367724567795,1.3136030935756955,0.08339518264611384,0.0,0.0,0.0,0.014697039476843605,0.0,0,0.0,0,1.3136030935756955,,,,,,,,,,,
6100,12/12/1983,1.165,0.028,12.000,5.337,0.028,0.0,5.309,0.0,0.0,0.0,1.3136030935756955,0.0,0.0,0.0327194540627114,1.2808836395129841,0.08007290878086551,0.0,0.0,0.0,0.014042062204657164,0.0,0,0.0,0,1.2808836395129841,,,,,,,,,,,
6101,12/13/1983,1.231,0.827,12.000,5.337,0.827,0.0,4.51,0.0,0.0,0.0,1.2808836395129841,0.0,0.0,0.03137246007589966,1.2495111794370846,0.07693591955667249,0.0,0.0,0.0,0.013426786072071144,0.0,0,0.0,0,1.2495111794370846,,,,,,,,,,,
6102,12/14/1983,1.136,0.078,12.000,5.337,0.078,0.0,5.2589999999999995,0.0,0.0,0.0,1.2495111794370846,0.0,0.0,0.030102277474788504,1.219408901962296,0.07397100095927775,0.0,0.0,0.0,0.012848185022247492,0.0,0,0.0,0,1.219408901962296,,,,,,,,,,,
6103,12/15/1983,1.159,0.000,12.000,5.337,0.0,0.0,5.337,0.0,0.0,0.0,1.219408901962296,0.0,0.0,0.028903340974935146,1.190505560987361,0.07116608139525789,0.0,0.0,0.0,0.0123035095280845,0.0,0,0.0,0,1.190505560987361,,,,,,,,,,,
6104,12/16/1983,1.168,0.067,12.000,5.337,0.067,0.0,5.27,0.0,0.0,0.0,1.190505560987361,0.0,0.0,0.027770571993448588,1.1627349889939123,0.068510116103107,0.0,0.0,0.0,0.011790257250538982,0.0,0,0.0,0,1.1627349889939123,,,,,,,,,,,
6105,12/17/1983,1.169,0.111,12.000,5.337,0.111,0.0,5.226,0.0,0.0,0.0,1.1627349889939123,0.0,0.0,0.026699328992317847,1.1360356600015944,0.06599298491389755,0.0,0.0,0.0,0.011306147229773127,0.0,0,0.0,0,1.1360356600015944,,,,,,,,,,,
6106,12/18/1983,1.196,0.448,12.000,5.337,0.448,0.0,4.888999999999999,0.0,0.0,0.0,1.1360356600015944,0.0,0.0,0.0256853635910789,1.1103502964105154,0.0636054016340582,0.0,0.0,0.0,0.010849097134725155,0.0,0,0.0,0,1.1103502964105154,,,,,,,,,,,
6107,12/19/1983,1.184,0.470,12.000,5.337,0.47,0.0,4.867,0.0,0.0,0.0,1.1103502964105154,0.0,0.0,0.024724781699167156,1.0856255147113483,0.06133883356969653,0.0,0.0,0.0,0.010417203166801389,0.0,0,0.0,0,1.0856255147113483,,,,,,,,,,,
6108,12/20/1983,1.144,0.014,12.000,5.337,0.014,0.0,5.3229999999999995,0.0,0.0,0.0,1.0856255147113483,0.0,0.0,0.023814009025726404,1.0618115056856219,0.059185429920252726,0.0,0.0,0.0,0.010008722272210528,0.0,0,0.0,0,1.0618115056856219,,,,,,,,,,,
6109,12/21/1983,1.169,0.082,12.000,5.337,0.082,0.0,5.255,0.0,0.0,0.0,1.0618115056856219,0.0,0.0,0.022949760415280764,1.038861745270341,0.05713795794560607,0.0,0.0,0.0,0.009622056366965651,0.0,0,0.0,0,1.038861745270341,,,,,,,,,,,
6110,12/22/1983,1.162,0.041,12.000,5.337,0.041,0.0,5.295999999999999,0.0,0.0,0.0,1.038861745270341,0.0,0.0,0.022129012534359144,1.0167327327359819,0.05518974596039342,0.0,0.0,0.0,0.009255738320358598,0.0,0,0.0,0,1.0167327327359819,,,,,,,,,,,
6111,12/23/1983,1.160,0.000,12.000,5.337,0.0,0.0,5.337,0.0,0.0,0.0,1.0167327327359819,0.0,0.0,0.021348979499213726,0.9953837532367681,0.053334632336612564,0.0,0.0,0.0,0.008908419478067007,0.0,0,0.0,0,0.9953837532367681,,,,,,,,,,,
6112,12/24/1983,1.176,0.161,12.000,5.337,0.161,0.0,5.176,0.0,0.0,0.0,0.9953837532367681,0.0,0.0,0.020607091090102378,0.9747766621466657,0.05156691980417857,0.0,0.0,0.0,0.008578858536052156,0.0,0,0.0,0,0.9747766621466657,,,,,,,,,,,
6113,12/25/1983,1.156,0.012,12.000,5.337,0.012,0.0,5.325,0.0,0.0,0.0,0.9747766621466657,0.0,0.0,0.01990097324478132,0.9548756889018843,0.04988133443195829,0.0,0.0,0.0,0.008265911601923042,0.0,0,0.0,0,0.9548756889018843,,,,,,,,,,,
6114,12/26/1983,1.173,0.127,12.000,5.337,0.127,0.0,5.21,0.0,0.0,0.0,0.9548756889018843,0.0,0.0,0.019228430564177886,0.9356472583377065,0.04827298875139457,0.0,0.0,0.0,0.007968523302201498,0.0,0,0.0,0,0.9356472583377065,,,,,,,,,,,
6115,12/27/1983,1.179,0.257,12.000,5.337,0.257,0.0,5.08,0.0,0.0,0.0,0.9356472583377065,0.0,0.0,0.018587430597760614,0.9170598277399459,0.04673734855320442,0.0,0.0,0.0,0.007685718812522437,0.0,0,0.0,0,0.9170598277399459,,,,,,,,,,,
6116,12/28/1983,1.197,0.533,12.000,5.337,0.533,0.0,4.803999999999999,0.0,0.0,0.0,0.9170598277399459,0.0,0.0,0.017976089705790434,0.8990837380341554,0.04527020294650339,0.0,0.0,0.0,0.007416596703738587,0.0,0,0.0,0,0.8990837380341554,,,,,,,,,,,
6117,12/29/1983,1.330,2.235,12.000,5.337,2.235,0.0,3.102,0.0,0.0,0.0,0.8990837380341554,0.0,0.0,0.01739266032116855,0.8816910777129868,0.04386763732050446,0.0,0.0,0.0,0.0071603225105824,0.0,0,0.0,0,0.8816910777129868,,,,,,,,,,,
6118,12/30/1983,1.119,0.459,12.000,5.337,0.459,0.0,4.878,0.0,0.0,0.0,0.8816910777129868,0.0,0.0,0.016835519455617554,0.8648555582573693,0.042526008892863114,0.0,0.0,0.0,0.006916122941313505,0.0,0,0.0,0,0.8648555582573693,,,,,,,,,,,
6119,12/31/1983,1.150,0.068,12.000,5.337,0.068,0.0,5.269,0.0,0.0,0.0,0.8648555582573693,0.0,0.0,0.016303158313964495,0.8485523999434048,0.041241924566797615,0.0,0.0,0.0,0.006683280656935205,0.0,0,0.0,0,0.8485523999434048,,,,,,,,,,,
6120,1/1/1984,1.189,0.348,1.000,5.134,0.348,0.0,4.7860000000000005,0.0,0.0,0.0,0.8485523999434048,0.0,0.0,0.015794172896778022,0.8327582270466268,0.04001222085215528,0.0,0.0,0.0,0.006461129557339654,0.0,0,0.0,0,0.8327582270466268,,,,,,,,,,,
6121,1/2/1984,1.193,0.527,1.000,5.134,0.527,0.0,4.607,0.0,0.0,0.0,0.8327582270466268,0.0,0.0,0.015307255485915133,0.8174509715607117,0.03883394563433778,0.0,0.0,0.0,0.006249050519340653,0.0,0,0.0,0,0.8174509715607117,,,,,,,,,,,
6122,1/3/1984,1.156,0.169,1.000,5.134,0.169,0.0,4.965000000000001,0.0,0.0,0.0,0.8174509715607117,0.0,0.0,0.014841186919969114,0.8026097846407425,0.03770434160004695,0.0,0.0,0.0,0.006046467538146246,0.0,0,0.0,0,0.8026097846407425,,,,,,,,,,,
6123,1/4/1984,1.208,0.622,1.000,5.134,0.622,0.0,4.5120000000000005,0.0,0.0,0.0,0.8026097846407425,0.0,0.0,0.014394829577443067,0.7882149550632994,0.036620831150683555,0.0,0.0,0.0,0.005852844229554688,0.0,0,0.0,0,0.7882149550632994,,,,,,,,,,,
6124,1/5/1984,1.243,1.259,1.000,5.134,1.259,0.0,3.8750000000000004,0.0,0.0,0.0,0.7882149550632994,0.0,0.0,0.013967120994926564,0.7742478340683728,0.03558100265336092,0.0,0.0,0.0,0.005667680655148437,0.0,0,0.0,0,0.7742478340683728,,,,,,,,,,,
6125,1/6/1984,1.138,0.289,1.000,5.134,0.289,0.0,4.845000000000001,0.0,0.0,0.0,0.7742478340683728,0.0,0.0,0.013557068055817153,0.7606907660125557,0.034582597896255965,0.0,0.0,0.0,0.005490510437115481,0.0,0,0.0,0,0.7606907660125557,,,,,,,,,,,
6126,1/7/1984,1.172,0.252,1.000,5.134,0.252,0.0,4.882000000000001,0.0,0.0,0.0,0.7606907660125557,0.0,0.0,0.013163741692365465,0.7475270243201902,0.033623500629731226,0.0,0.0,0.0,0.005320898133132956,0.0,0,0.0,0,0.7475270243201902,,,,,,,,,,,
6127,1/8/1984,1.242,1.068,1.000,5.134,1.068,0.0,4.066000000000001,0.0,0.0,0.0,0.7475270243201902,0.0,0.0,0.012786272050171053,0.7347407522700192,0.03270172608759368,0.0,0.0,0.0,0.005158436845079856,0.0,0,0.0,0,0.7347407522700192,,,,,,,,,,,
6128,1/9/1984,1.737,7.022,1.000,5.134,5.134,1.888,0.0,0,1.7985585542815699,0.0,2.533299306551589,0.0,0.0,0.09776347232083965,2.435535834230749,0.22581907366998824,0.08944144571843,0.08944144571843,0.0,0.045090085126929365,0.08944144571843,0,0.0,0,2.435535834230749,,,,,,,,,,,
6129,1/10/1984,1.308,2.696,1.000,5.134,2.696,0.0,2.438,0.0,0.0,0.08944144571843,2.435535834230749,0.08944144571843,0.0,0.0915566690554602,2.343979165175289,0.2122619548039038,0.0,0.0,0.0,0.04204554517111744,0.0,0,0.0,0,2.343979165175289,,,,,,,,,,,
6130,1/11/1984,1.113,0.559,1.000,5.134,0.559,0.0,4.575,0.0,0.0,0.0,2.343979165175289,0.0,0.0,0.08589252229419457,2.2580866428810946,0.19983948735019688,0.0,0.0,0.0,0.03927899880940485,0.0,0,0.0,0,2.2580866428810946,,,,,,,,,,,
6131,1/12/1984,1.176,0.430,1.000,5.134,0.43,0.0,4.704000000000001,0.0,0.0,0.0,2.2580866428810946,0.0,0.0,0.08071113368021487,2.1773755092008797,0.18843086785316285,0.0,0.0,0.0,0.036758725673179116,0.0,0,0.0,0,2.1773755092008797,,,,,,,,,,,
6132,1/13/1984,1.883,8.286,1.000,5.134,5.134,3.1519999999999992,0.0,0,3.062558554281569,0.0,5.239934063482449,0.0,0.0,0.3282782791067906,4.911655784375659,0.7044193616717855,0.08944144571843,0.08944144571843,0.0,0.1639690682805649,0.08944144571843,0,0.0,0,4.911655784375659,,,,,,,,,,,
6133,1/14/1984,11.514,39.148,1.000,5.134,5.134,34.014,0.0,0,34.014,0.08944144571843,38.92605393363507,0.0,0.08944144571843,9.28466870009578,29.64138523353929,15.032521322956391,0.0,0.0,0.00039814925940304455,5.7782606572483886,0.08904329645902696,0,0.0,0,29.64138523353929,,,,,,,,,,,
6134,1/15/1984,0.000,1.297,1.000,5.134,1.297,0.0,3.8370000000000006,0.0,0.0,0.08904329645902696,29.64138523353929,0.08904329645902696,0.0,5.895626166586233,23.745759066953056,10.008541803640114,0.0,0.0,0.0,3.561085558028079,0.0,0,0.0,0,23.745759066953056,,,,,,,,,,,
6135,1/16/1984,1.154,0.494,1.000,5.134,0.494,0.0,4.640000000000001,0.0,0.0,0.0,23.745759066953056,0.0,0.0,4.073889138282381,19.671869928670674,7.169397465245912,0.0,0.0,0.0,2.401592628972391,0.0,0,0.0,0,19.671869928670674,,,,,,,,,,,
6136,1/17/1984,1.142,0.000,1.000,5.134,0.0,0.0,5.134,0.0,0.0,0.0,19.671869928670674,0.0,0.0,2.976974983149578,16.694894945521096,5.392708704044507,0.0,0.0,0.0,1.7190996895540507,0.0,0,0.0,0,16.694894945521096,,,,,,,,,,,
6137,1/18/1984,1.179,0.190,1.000,5.134,0.19,0.0,4.944,0.0,0.0,0.0,16.694894945521096,0.0,0.0,2.26467174863775,14.430223196883347,4.2023793278445245,0.0,0.0,0.0,1.2844465184398572,0.0,0,0.0,0,14.430223196883347,,,,,,,,,,,
6138,1/19/1984,1.170,0.179,1.000,5.134,0.179,0.0,4.955,0.0,0.0,0.0,14.430223196883347,0.0,0.0,1.776182249761233,12.654040947122114,3.3644233374802663,0.0,0.0,0.0,0.9914142925677293,0.0,0,0.0,0,12.654040947122114,,,,,,,,,,,
6139,1/20/1984,1.212,0.670,1.000,5.134,0.67,0.0,4.464,0.0,0.0,0.0,12.654040947122114,0.0,0.0,1.426968886322561,11.227072060799554,2.7517822993448164,0.0,0.0,0.0,0.785102403695138,0.0,0,0.0,0,11.227072060799554,,,,,,,,,,,
6140,1/21/1984,1.171,0.421,1.000,5.134,0.421,0.0,4.713,0.0,0.0,0.0,11.227072060799554,0.0,0.0,1.1689877541292637,10.05808430667029,2.29023298850075,0.0,0.0,0.0,0.6347798725405668,0.0,0,0.0,0,10.05808430667029,,,,,,,,,,,
6141,1/22/1984,1.182,0.440,1.000,5.134,0.44,0.0,4.694,0.0,0.0,0.0,10.05808430667029,0.0,0.0,0.973250339682525,9.084833966987766,1.9339084695615945,0.0,0.0,0.0,0.5221568693246291,0.0,0,0.0,0,9.084833966987766,,,,,,,,,,,
6142,1/23/1984,1.167,0.267,1.000,5.134,0.267,0.0,4.867,0.0,0.0,0.0,9.084833966987766,0.0,0.0,0.8214114815775077,8.263422485410258,1.653164587073705,0.0,0.0,0.0,0.4358028747622594,0.0,0,0.0,0,8.263422485410258,,,,,,,,,,,
6143,1/24/1984,1.185,0.396,1.000,5.134,0.396,0.0,4.738,0.0,0.0,0.0,8.263422485410258,0.0,0.0,0.7013999124108287,7.562022572999429,1.4281252897947467,0.0,0.0,0.0,0.36828280618840836,0.0,0,0.0,0,7.562022572999429,,,,,,,,,,,
6144,1/25/1984,1.180,0.395,1.000,5.134,0.395,0.0,4.739000000000001,0.0,0.0,0.0,7.562022572999429,0.0,0.0,0.6050097780742076,6.957012794925221,1.2450484066929501,0.0,0.0,0.0,0.3145962371138071,0.0,0,0.0,0,6.957012794925221,,,,,,,,,,,
6145,1/26/1984,1.199,0.623,1.000,5.134,0.623,0.0,4.511,0.0,0.0,0.0,6.957012794925221,0.0,0.0,0.5265065537421346,6.430506241183087,1.094181513354223,0.0,0.0,0.0,0.27128344270611854,0.0,0,0.0,0,6.430506241183087,,,,,,,,,,,
6146,1/27/1984,1.305,1.988,1.000,5.134,1.988,0.0,3.1460000000000004,0.0,0.0,0.0,6.430506241183087,0.0,0.0,0.46178630751062894,5.968719933672459,0.9684462579784285,0.0,0.0,0.0,0.2358915507305209,0.0,0,0.0,0,5.968719933672459,,,,,,,,,,,
6147,1/28/1984,1.140,0.621,1.000,5.134,0.621,0.0,4.513,0.0,0.0,0.0,5.968719933672459,0.0,0.0,0.407850607378291,5.560869326294168,0.8626035221368751,0.0,0.0,0.0,0.20664417880730646,0.0,0,0.0,0,5.560869326294168,,,,,,,,,,,
6148,1/29/1984,1.306,1.994,1.000,5.134,1.994,0.0,3.1400000000000006,0.0,0.0,0.0,5.560869326294168,0.0,0.0,0.36246849198428865,5.198400834309879,0.7727081067005986,0.0,0.0,0.0,0.18223060228505716,0.0,0,0.0,0,5.198400834309879,,,,,,,,,,,
6149,1/30/1984,1.541,5.291,1.000,5.134,5.134,0.15700000000000003,0.0,0,0.07274794124725212,0.0,5.271148775557132,0.0,0.0,0.33154404734756865,4.939604728209563,0.7109644594173707,0.08425205875274791,0.08425205875274791,0.0,0.16570816093024998,0.08425205875274791,0,0.0,0,4.939604728209563,,,,,,,,,,,
6150,1/31/1984,0.000,0.000,1.000,5.134,0.0,0.0,5.134,0.0,0.0,0.08425205875274791,4.939604728209563,0.08425205875274791,0.0,0.2975222438514946,4.642082484358069,0.64253369423675,0.0,0.0,0.0,0.1476481631920101,0.0,0,0.0,0,4.642082484358069,,,,,,,,,,,
6151,2/1/1984,1.162,0.000,2.000,4.866,0.0,0.0,4.866,0.0,0.0,0.0,4.642082484358069,0.0,0.0,0.26825873137345074,4.373823752984618,0.5832108103879733,0.0,0.0,0.0,0.1322219992587241,0.0,0,0.0,0,4.373823752984618,,,,,,,,,,,
6152,2/2/1984,1.171,0.100,2.000,4.866,0.1,0.0,4.766,0.0,0.0,0.0,4.373823752984618,0.0,0.0,0.2429225935719631,4.130901159412654,0.5314685365014714,0.0,0.0,0.0,0.11895499619604964,0.0,0,0.0,0,4.130901159412654,,,,,,,,,,,
6153,2/3/1984,1.288,1.532,2.000,4.866,1.532,0.0,3.3339999999999996,0.0,0.0,0.0,4.130901159412654,0.0,0.0,0.22085493977495957,3.9100462196376946,0.48608513767999595,0.0,0.0,0.0,0.1074732388844453,0.0,0,0.0,0,3.9100462196376946,,,,,,,,,,,
6154,2/4/1984,1.170,0.792,2.000,4.866,0.792,0.0,4.074,0.0,0.0,0.0,3.9100462196376946,0.0,0.0,0.20152809351835727,3.7085181261193374,0.4460740474378713,0.0,0.0,0.0,0.0974791722470431,0.0,0,0.0,0,3.7085181261193374,,,,,,,,,,,
6155,2/5/1984,1.209,0.929,2.000,4.866,0.929,0.0,3.9369999999999994,0.0,0.0,0.0,3.7085181261193374,0.0,0.0,0.18451561340640052,3.524002512712937,0.41063169651357545,0.0,0.0,0.0,0.08873379129087389,0.0,0,0.0,0,3.524002512712937,,,,,,,,,,,
6156,2/6/1984,1.144,0.217,2.000,4.866,0.217,0.0,4.649,0.0,0.0,0.0,3.524002512712937,0.0,0.0,0.16946998599872531,3.3545325267142116,0.3790983513879856,0.0,0.0,0.0,0.08104346859827662,0.0,0,0.0,0,3.3545325267142116,,,,,,,,,,,
6157,2/7/1984,1.297,1.687,2.000,4.866,1.687,0.0,3.1789999999999994,0.0,0.0,0.0,3.3545325267142116,0.0,0.0,0.15610583024172608,3.1984266964724855,0.3509283825372794,0.0,0.0,0.0,0.07425009383155845,0.0,0,0.0,0,3.1984266964724855,,,,,,,,,,,
6158,2/8/1984,1.130,0.379,2.000,4.866,0.379,0.0,4.487,0.0,0.0,0.0,3.1984266964724855,0.0,0.0,0.14418711340991772,3.054239583062568,0.3256674543225977,0.0,0.0,0.0,0.06822361024251862,0.0,0,0.0,0,3.054239583062568,,,,,,,,,,,
6159,2/9/1984,1.167,0.231,2.000,4.866,0.231,0.0,4.635,0.0,0.0,0.0,3.054239583062568,0.0,0.0,0.133517322138317,2.920722260924251,0.3029348549534457,0.0,0.0,0.0,0.06285630732602146,0.0,0,0.0,0,2.920722260924251,,,,,,,,,,,
6160,2/10/1984,1.163,0.115,2.000,4.866,0.115,0.0,4.7509999999999994,0.0,0.0,0.0,2.920722260924251,0.0,0.0,0.1239318347088935,2.796790426215358,0.2824096848207726,0.0,0.0,0.0,0.058058414744317235,0.0,0,0.0,0,2.796790426215358,,,,,,,,,,,
6161,2/11/1984,1.157,0.000,2.000,4.866,0.0,0.0,4.866,0.0,0.0,0.0,2.796790426215358,0.0,0.0,0.11529195008711744,2.6814984761282403,0.2638199701713338,0.0,0.0,0.0,0.05375467065150807,0.0,0,0.0,0,2.6814984761282403,,,,,,,,,,,
6162,2/12/1984,1.203,0.476,2.000,4.866,0.476,0.0,4.39,0.0,0.0,0.0,2.6814984761282403,0.0,0.0,0.10748017594076731,2.574018300187473,0.24693401543781418,0.0,0.0,0.0,0.0498816268230289,0.0,0,0.0,0,2.574018300187473,,,,,,,,,,,
6163,2/13/1984,1.156,0.153,2.000,4.866,0.153,0.0,4.713,0.0,0.0,0.0,2.574018300187473,0.0,0.0,0.10039648199397055,2.4736218181935024,0.2315534836602281,0.0,0.0,0.0,0.04638551603474327,0.0,0,0.0,0,2.4736218181935024,,,,,,,,,,,
6164,2/14/1984,1.269,1.331,2.000,4.866,1.331,0.0,3.5349999999999997,0.0,0.0,0.0,2.4736218181935024,0.0,0.0,0.09395529979642953,2.3796665183970727,0.21750782175065816,0.0,0.0,0.0,0.04322055216603449,0.0,0,0.0,0,2.3796665183970727,,,,,,,,,,,
6165,2/15/1984,1.220,1.308,2.000,4.866,1.308,0.0,3.558,0.0,0.0,0.0,2.3796665183970727,0.0,0.0,0.0880831041918135,2.291583414205259,0.20464974034542083,0.0,0.0,0.0,0.040347566014463425,0.0,0,0.0,0,2.291583414205259,,,,,,,,,,,
6166,2/16/1984,1.130,0.209,2.000,4.866,0.209,0.0,4.657,0.0,0.0,0.0,2.291583414205259,0.0,0.0,0.08271645147989677,2.2088669627253625,0.1928515265705908,0.0,0.0,0.0,0.037732903523117416,0.0,0,0.0,0,2.2088669627253625,,,,,,,,,,,
6167,2/17/1984,1.176,0.255,2.000,4.866,0.255,0.0,4.611,0.0,0.0,0.0,2.2088669627253625,0.0,0.0,0.07780037863243386,2.131066584092929,0.1820020190876088,0.0,0.0,0.0,0.03534753058167528,0.0,0,0.0,0,2.131066584092929,,,,,,,,,,,
6168,2/18/1984,1.155,0.046,2.000,4.866,0.046,0.0,4.819999999999999,0.0,0.0,0.0,2.131066584092929,0.0,0.0,0.07328708982956227,2.0577794942633667,0.17200411309781002,0.0,0.0,0.0,0.03316630153252756,0.0,0,0.0,0,2.0577794942633667,,,,,,,,,,,
6169,2/19/1984,1.173,0.144,2.000,4.866,0.144,0.0,4.7219999999999995,0.0,0.0,0.0,2.0577794942633667,0.0,0.0,0.06913487306189894,1.9886446212014677,0.16277269197491645,0.0,0.0,0.0,0.031167358229561997,0.0,0,0.0,0,1.9886446212014677,,,,,,,,,,,
6170,2/20/1984,1.184,0.325,2.000,4.866,0.325,0.0,4.5409999999999995,0.0,0.0,0.0,1.9886446212014677,0.0,0.0,0.06530720203576139,1.9233374191657062,0.15423290429837905,0.0,0.0,0.0,0.029331633833660848,0.0,0,0.0,0,1.9233374191657062,,,,,,,,,,,
6171,2/21/1984,1.164,0.168,2.000,4.866,0.168,0.0,4.6979999999999995,0.0,0.0,0.0,1.9233374191657062,0.0,0.0,0.06177198815951393,1.8615654310061922,0.1463187220353014,0.0,0.0,0.0,0.027642441110061786,0.0,0,0.0,0,1.8615654310061922,,,,,,,,,,,
6172,2/22/1984,1.161,0.076,2.000,4.866,0.076,0.0,4.79,0.0,0.0,0.0,1.8615654310061922,0.0,0.0,0.058500954726471474,1.8030644762797208,0.1389717287437347,0.0,0.0,0.0,0.026085129268683026,0.0,0,0.0,0,1.8030644762797208,,,,,,,,,,,
6173,2/23/1984,1.159,0.000,2.000,4.866,0.0,0.0,4.866,0.0,0.0,0.0,1.8030644762797208,0.0,0.0,0.05546911109038715,1.7475953651893337,0.13214009688425757,0.0,0.0,0.0,0.02464679668661343,0.0,0,0.0,0,1.7475953651893337,,,,,,,,,,,
6174,2/24/1984,1.163,0.000,2.000,4.866,0.0,0.0,4.866,0.0,0.0,0.0,1.7475953651893337,0.0,0.0,0.052654309055219777,1.6949410561341138,0.12577772132447648,0.0,0.0,0.0,0.02331604941213105,0.0,0,0.0,0,1.6949410561341138,,,,,,,,,,,
6175,2/25/1984,1.162,0.000,2.000,4.866,0.0,0.0,4.866,0.0,0.0,0.0,1.6949410561341138,0.0,0.0,0.05003686716957,1.644904188964544,0.11984348241999722,0.0,0.0,0.0,0.02208279734905402,0.0,0,0.0,0,1.644904188964544,,,,,,,,,,,
6176,2/26/1984,1.162,0.006,2.000,4.866,0.006,0.0,4.859999999999999,0.0,0.0,0.0,1.644904188964544,0.0,0.0,0.047599251350372476,1.5973049376141715,0.11430061704402819,0.0,0.0,0.0,0.020938081590808864,0.0,0,0.0,0,1.5973049376141715,,,,,,,,,,,
6177,2/27/1984,1.173,0.123,2.000,4.866,0.123,0.0,4.742999999999999,0.0,0.0,0.0,1.5973049376141715,0.0,0.0,0.04532580242742086,1.5519791351867507,0.10911617990965314,0.0,0.0,0.0,0.019873927614131384,0.0,0,0.0,0,1.5519791351867507,,,,,,,,,,,
6178,2/28/1984,1.203,0.541,2.000,4.866,0.541,0.0,4.324999999999999,0.0,0.0,0.0,1.5519791351867507,0.0,0.0,0.04320250292668907,1.5087766322600615,0.10426058070721946,0.0,0.0,0.0,0.01888322002732268,0.0,0,0.0,0,1.5087766322600615,,,,,,,,,,,
6179,2/29/1984,1.280,1.650,2.000,4.866,1.65,0.0,3.2159999999999997,0.0,0.0,0.0,1.5087766322600615,0.0,0.0,0.04121677679262212,1.4675598554674394,0.09970718513507236,0.0,0.0,0.0,0.01795959535404397,0.0,0,0.0,0,1.4675598554674394,,,,,,,,,,,
6180,3/1/1984,1.145,0.538,3.000,4.631,0.538,0.0,4.093,0.0,0.0,0.0,1.4675598554674394,0.0,0.0,0.03935731686148525,1.4282025386059543,0.09543196996652749,0.0,0.0,0.0,0.017097349963956607,0.0,0,0.0,0,1.4282025386059543,,,,,,,,,,,
6181,3/2/1984,1.143,0.026,3.000,4.631,0.026,0.0,4.605,0.0,0.0,0.0,1.4282025386059543,0.0,0.0,0.0376139357964095,1.3905886028095447,0.09141322397129407,0.0,0.0,0.0,0.01629136076928706,0.0,0,0.0,0,1.3905886028095447,,,,,,,,,,,
6182,3/3/1984,1.161,0.002,3.000,4.631,0.002,0.0,4.6290000000000004,0.0,0.0,0.0,1.3905886028095447,0.0,0.0,0.035977436924070696,1.354611165885474,0.08763128787474815,0.0,0.0,0.0,0.015537016717258566,0.0,0,0.0,0,1.354611165885474,,,,,,,,,,,
6183,3/4/1984,1.212,0.591,3.000,4.631,0.591,0.0,4.04,0.0,0.0,0.0,1.354611165885474,0.0,0.0,0.03443950200734342,1.3201716638781307,0.08406832765546454,0.0,0.0,0.0,0.014830159442188304,0.0,0,0.0,0,1.3201716638781307,,,,,,,,,,,
6184,3/5/1984,1.275,1.622,3.000,4.631,1.622,0.0,3.0090000000000003,0.0,0.0,0.0,1.3201716638781307,0.0,0.0,0.03299259347468163,1.2871790704034491,0.0807081363989472,0.0,0.0,0.0,0.014167031713440295,0.0,0,0.0,0,1.2871790704034491,,,,,,,,,,,
6185,3/6/1984,1.147,0.557,3.000,4.631,0.557,0.0,4.074,0.0,0.0,0.0,1.2871790704034491,0.0,0.0,0.0316298690265515,1.2555492013768976,0.07753596068201737,0.0,0.0,0.0,0.013544232538536418,0.0,0,0.0,0,1.2555492013768976,,,,,,,,,,,
6186,3/7/1984,1.472,3.859,3.000,4.631,3.859,0.0,0.7720000000000002,0.0,0.0,0.0,1.2555492013768976,0.0,0.0,0.030345106868700983,1.2252040945081966,0.07453834808833902,0.0,0.0,0.0,0.012958677964164469,0.0,0,0.0,0,1.2252040945081966,,,,,,,,,,,
6187,3/8/1984,1.189,1.864,3.000,4.631,1.864,0.0,2.7670000000000003,0.0,0.0,0.0,1.2252040945081966,0.0,0.0,0.02913264009467034,1.1960714544135262,0.07170301297540588,0.0,0.0,0.0,0.012407566769185896,0.0,0,0.0,0,1.1960714544135262,,,,,,,,,,,
6188,3/9/1984,1.108,0.175,3.000,4.631,0.175,0.0,4.456,0.0,0.0,0.0,1.1960714544135262,0.0,0.0,0.027987298966310126,1.168084155447216,0.06901871804643683,0.0,0.0,0.0,0.011888350369079882,0.0,0,0.0,0,1.168084155447216,,,,,,,,,,,
6189,3/10/1984,1.203,0.571,3.000,4.631,0.571,0.0,4.0600000000000005,0.0,0.0,0.0,1.168084155447216,0.0,0.0,0.026904360029651537,1.1411797954175646,0.06647516964266831,0.0,0.0,0.0,0.011398706355391116,0.0,0,0.0,0,1.1411797954175646,,,,,,,,,,,
6190,3/11/1984,1.247,1.274,3.000,4.631,1.274,0.0,3.357,0.0,0.0,0.0,1.1411797954175646,0.0,0.0,0.0258795011610775,1.1153002942564871,0.06406292497510013,0.0,0.0,0.0,0.01093651518054321,0.0,0,0.0,0,1.1153002942564871,,,,,,,,,,,
6191,3/12/1984,1.123,0.106,3.000,4.631,0.106,0.0,4.525,0.0,0.0,0.0,1.1153002942564871,0.0,0.0,0.024908761770866872,1.0903915324856204,0.06177330977006102,0.0,0.0,0.0,0.010499839570951646,0.0,0,0.0,0,1.0903915324856204,,,,,,,,,,,
6192,3/13/1984,1.158,0.000,3.000,4.631,0.0,0.0,4.631,0.0,0.0,0.0,1.0903915324856204,0.0,0.0,0.023988507502277566,1.0664030249833427,0.05959834501830513,0.0,0.0,0.0,0.010086906312233131,0.0,0,0.0,0,1.0664030249833427,,,,,,,,,,,
6193,3/14/1984,1.259,1.142,3.000,4.631,1.142,0.0,3.4890000000000003,0.0,0.0,0.0,1.0664030249833427,0.0,0.0,0.02311539885801492,1.0432876261253279,0.05753068169950267,0.0,0.0,0.0,0.009696090101501097,0.0,0,0.0,0,1.0432876261253279,,,,,,,,,,,
6194,3/15/1984,1.452,3.923,3.000,4.631,3.923,0.0,0.7080000000000002,0.0,0.0,0.0,1.0432876261253279,0.0,0.0,0.022286363265147956,1.02100126286018,0.055563542508478336,0.0,0.0,0.0,0.009325899204917694,0.0,0,0.0,0,1.02100126286018,,,,,,,,,,,
6195,3/16/1984,1.378,4.111,3.000,4.631,4.111,0.0,0.5200000000000005,0.0,0.0,0.0,1.02100126286018,0.0,0.0,0.021498570156702788,0.9995026927034771,0.053690669740928496,0.0,0.0,0.0,0.008974962695194788,0.0,0,0.0,0,0.9995026927034771,,,,,,,,,,,
6196,3/17/1984,1.122,1.120,3.000,4.631,1.12,0.0,3.511,0.0,0.0,0.0,0.9995026927034771,0.0,0.0,0.020749408705260926,0.9787532839982163,0.051906278608356206,0.0,0.0,0.0,0.008642019074708683,0.0,0,0.0,0,0.9787532839982163,,,,,,,,,,,
6197,3/18/1984,1.223,1.247,3.000,4.631,1.247,0.0,3.3840000000000003,0.0,0.0,0.0,0.9787532839982163,0.0,0.0,0.020036467892551757,0.9587168161056645,0.050205015347688946,0.0,0.0,0.0,0.008325906116226115,0.0,0,0.0,0,0.9587168161056645,,,,,,,,,,,
6198,3/19/1984,1.744,7.200,3.000,4.631,4.631,2.569,0.0,0,2.47955855428157,0.0,3.4382753703872346,0.0,0.0,0.16265479537906521,3.2756205750081695,0.36475245035855275,0.08944144571843,0.08944144571843,0.0,0.07757452852905998,0.08944144571843,0,0.0,0,3.2756205750081695,,,,,,,,,,,
6199,3/20/1984,1.159,1.026,3.000,4.631,1.026,0.0,3.6050000000000004,0.0,0.0,0.08944144571843,3.2756205750081695,0.08944144571843,0.0,0.15003356489135597,3.1255870101168135,0.3380754907489032,0.0,0.0,0.0,0.0711758274310908,0.0,0,0.0,0,3.1255870101168135,,,,,,,,,,,
6200,3/21/1984,1.275,1.820,3.000,4.631,1.82,0.0,2.811,0.0,0.0,0.0,3.1255870101168135,0.0,0.0,0.1387559984113733,2.98683101170544,0.3141106991042126,0.0,0.0,0.0,0.06548816409262445,0.0,0,0.0,0,2.98683101170544,,,,,,,,,,,
6201,3/22/1984,1.343,2.966,3.000,4.631,2.966,0.0,1.665,0.0,0.0,0.0,2.98683101170544,0.0,0.0,0.12864222143560455,2.8581887902698355,0.2925085207656503,0.0,0.0,0.0,0.060413199318883684,0.0,0,0.0,0,2.8581887902698355,,,,,,,,,,,
6202,3/23/1984,1.154,1.162,3.000,4.631,1.162,0.0,3.4690000000000003,0.0,0.0,0.0,2.8581887902698355,0.0,0.0,0.11954111359079993,2.7386476766790357,0.2729735020147773,0.0,0.0,0.0,0.055868728740286144,0.0,0,0.0,0,2.7386476766790357,,,,,,,,,,,
6203,3/24/1984,1.166,0.582,3.000,4.631,0.582,0.0,4.049,0.0,0.0,0.0,2.7386476766790357,0.0,0.0,0.11132500379663067,2.6273226728824053,0.2552545863057132,0.0,0.0,0.0,0.05178564142571372,0.0,0,0.0,0,2.6273226728824053,,,,,,,,,,,
6204,3/25/1984,1.171,0.378,3.000,4.631,0.378,0.0,4.253,0.0,0.0,0.0,2.6273226728824053,0.0,0.0,0.10388546800163738,2.523437204880768,0.2391373776473945,0.0,0.0,0.0,0.04810552222183317,0.0,0,0.0,0,2.523437204880768,,,,,,,,,,,
6205,3/26/1984,1.171,0.285,3.000,4.631,0.285,0.0,4.346,0.0,0.0,0.0,2.523437204880768,0.0,0.0,0.09712997590633277,2.426307228974435,0.22443792871377244,0.0,0.0,0.0,0.04477874742943142,0.0,0,0.0,0,2.426307228974435,,,,,,,,,,,
6206,3/27/1984,1.185,0.405,3.000,4.631,0.405,0.0,4.226,0.0,0.0,0.0,2.426307228974435,0.0,0.0,0.09097919674291585,2.3353280322315193,0.21099772008984977,0.0,0.0,0.0,0.04176296169818754,0.0,0,0.0,0,2.3353280322315193,,,,,,,,,,,
6207,3/28/1984,1.532,4.456,3.000,4.631,4.456,0.0,0.17499999999999982,0.0,0.0,0.0,2.3353280322315193,0.0,0.0,0.08536482058619731,2.249963211645322,0.198679576939157,0.0,0.0,0.0,0.03902185179458748,0.0,0,0.0,0,2.249963211645322,,,,,,,,,,,
6208,3/29/1984,1.407,4.564,3.000,4.631,4.564,0.0,0.06700000000000017,0.0,0.0,0.0,2.249963211645322,0.0,0.0,0.08022778582747105,2.169735425817851,0.18736432855813234,0.0,0.0,0.0,0.03652415325083476,0.0,0,0.0,0,2.169735425817851,,,,,,,,,,,
6209,3/30/1984,0.000,0.161,3.000,4.631,0.161,0.0,4.470000000000001,0.0,0.0,0.0,2.169735425817851,0.0,0.0,0.07551682881356614,2.094218597004285,0.17694806051607676,0.0,0.0,0.0,0.03424284095550026,0.0,0,0.0,0,2.094218597004285,,,,,,,,,,,
6210,3/31/1984,1.214,0.693,3.000,4.631,0.693,0.0,3.938,0.0,0.0,0.0,2.094218597004285,0.0,0.0,0.07118729065875423,2.0230313063455307,0.16733984241621788,0.0,0.0,0.0,0.032154465976111754,0.0,0,0.0,0,2.0230313063455307,,,,,,,,,,,
6211,4/1/1984,0.000,0.824,4.000,4.235,0.824,0.0,3.4110000000000005,0.0,0.0,0.0,2.0230313063455307,0.0,0.0,0.06720013058936247,1.9558311757561682,0.15845983963547647,0.0,0.0,0.0,0.030238609349566223,0.0,0,0.0,0,1.9558311757561682,,,,,,,,,,,
6212,4/2/1984,0.000,3.445,4.000,4.235,3.445,0.0,0.7900000000000005,0.0,0.0,0.0,1.9558311757561682,0.0,0.0,0.06352110610175488,1.8923100696544133,0.15023773677737823,0.0,0.0,0.0,0.028477429977317118,0.0,0,0.0,0,1.8923100696544133,,,,,,,,,,,
6213,4/3/1984,0.000,4.428,4.000,4.235,4.235,0.19299999999999962,0.0,0,0.10591649716614941,0.0,1.9982265668205628,0.0,0.0,0.06583249664276487,1.932394070177798,0.15540662862775034,0.0870835028338502,0.0870835028338502,0.0,0.029583151584462022,0.0870835028338502,0,0.0,0,1.932394070177798,,,,,,,,,,,
6214,4/4/1984,0.000,7.182,4.000,4.235,4.235,2.947,0.0,0,2.9446420571154204,0.0870835028338502,4.877423780152371,0.0,0.0870835028338502,0.2913063356409851,4.586117444511387,0.6299701542942003,0.0023579428845798005,0.0023579428845798005,0.0003876528591529234,0.14436276121892844,0.08905379285927709,0,0.0,0,4.586117444511387,,,,,,,,,,,
6215,4/5/1984,0.000,19.739,4.000,4.235,4.235,15.504000000000001,0.0,0,15.503612347140848,0.08905379285927709,20.090126215272058,0.0,0.08905379285927709,3.0832131775303946,17.00691303774166,5.56752443947256,0.00038765285915291726,0.00038765285915291726,0.00039642361982356934,1.7845612711796188,0.08904502209860643,0,0.0,0,17.00691303774166,,,,,,,,,,,
6216,4/6/1984,0.000,2.129,4.000,4.235,2.129,0.0,2.1060000000000003,0.0,0.0,0.08904502209860643,17.00691303774166,0.08904502209860643,0.0,2.3356526857936735,14.671260351947987,4.322548738390585,0.0,0.0,0.0,1.3273973614691577,0.0,0,0.0,0,14.671260351947987,,,,,,,,,,,
6217,4/7/1984,0.000,5.656,4.000,4.235,4.235,1.4209999999999994,0.0,0,1.3315585542815722,0.0,16.00281890622956,0.0,0.0,2.1103764368676754,13.892442469361885,3.939835888970182,0.08944144571842716,0.08944144571842716,0.0,1.1913907290285484,0.08944144571842716,0,0.0,0,13.892442469361885,,,,,,,,,,,
6218,4/8/1984,0.000,7.739,4.000,4.235,4.235,3.5039999999999996,0.0,0,3.503999999999997,0.08944144571842716,17.396840618621287,0.0,0.08944144571842716,2.4255845589709537,14.971256059650333,4.474273634417445,2.8499086336608385e-15,2.8499086336608385e-15,0.00039814925940303186,1.3819386714601862,0.08904329645902698,0,0.0,0,14.971256059650333,,,,,,,,,,,
6219,4/9/1984,0.000,10.556,4.000,4.235,4.235,6.320999999999999,0.0,0,6.320601850740596,0.08904329645902698,21.29225428728595,0.0,0.08904329645902698,3.3967885936519284,17.895465693634023,6.079873583385118,0.00039814925940302823,0.00039814925940302823,0.0003963768950199572,1.9786287803861964,0.08904506882341005,0,0.0,0,17.895465693634023,,,,,,,,,,,
6220,4/10/1984,0.000,2.786,4.000,4.235,2.786,0.0,1.4490000000000003,0.0,0.0,0.08904506882341005,17.895465693634023,0.08904506882341005,0.0,2.5425575139247285,15.352908179709294,4.670767926892287,0.0,0.0,0.0,1.4530783857549088,0.0,0,0.0,0,15.352908179709294,,,,,,,,,,,
6221,4/11/1984,0.000,3.625,4.000,4.235,3.625,0.0,0.6100000000000003,0.0,0.0,0.0,15.352908179709294,0.0,0.0,1.9694737606169972,13.383434419092296,3.698410284078433,0.0,0.0,0.0,1.1068017385897748,0.0,0,0.0,0,13.383434419092296,,,,,,,,,,,
6222,4/12/1984,0.000,3.879,4.000,4.235,3.879,0.0,0.3560000000000003,0.0,0.0,0.0,13.383434419092296,0.0,0.0,1.5666731604685504,11.816761258623746,2.998408212071278,0.0,0.0,0.0,0.8672799951656113,0.0,0,0.0,0,11.816761258623746,,,,,,,,,,,
6223,4/13/1984,0.000,6.549,4.000,4.235,4.235,2.314,0.0,0,2.22455855428157,0.0,14.041319812905316,0.0,0.0,1.697119134751859,12.344200678153458,3.2268125851340357,0.08944144571843,0.08944144571843,0.0,0.9444495487126502,0.08944144571843,0,0.0,0,12.344200678153458,,,,,,,,,,,
6224,4/14/1984,0.000,15.031,4.000,4.235,4.235,10.796,0.0,0,10.796,0.08944144571843,23.14059882741286,0.0,0.08944144571843,3.9023249778198816,19.23827384959298,6.895353804738385,0.0,0.0,0.00039814925940304455,2.293950472986114,0.08904329645902696,0,0.0,0,19.23827384959298,,,,,,,,,,,
6225,4/15/1984,0.000,22.251,4.000,4.235,4.235,18.016000000000002,0.0,0,18.015601850740598,0.08904329645902696,37.2542720772286,0.0,0.08904329645902696,8.629638068866917,28.62463400836168,14.082557621178537,0.0003981492594030382,0.0003981492594030382,0.0003963768950199571,5.344813637495279,0.08904506882341005,0,0.0,0,28.62463400836168,,,,,,,,,,,
6226,4/16/1984,0.000,17.137,4.000,4.235,4.235,12.902000000000001,0.0,0,12.90160362310498,0.08904506882341005,41.52663401625138,0.0,0.08904506882341005,10.341344251039718,31.18528976521166,16.54696794698387,0.00039637689501995115,0.00039637689501995115,0.000396384784713162,6.481684234762983,0.08904506093371685,0,0.0,0,31.18528976521166,,,,,,,,,,,
6227,4/17/1984,0.000,23.193,4.000,4.235,4.235,18.958000000000002,0.0,0,18.957603615215287,0.08904506093371685,50.14328976517654,0.0,0.08904506093371685,14.159692346221973,35.98359741895457,21.861684851384457,0.0003963847847131611,0.0003963847847131611,0.0003963847495921342,9.060348999472355,0.08904506096883787,0,0.0,0,35.98359741895457,,,,,,,,,,,
6228,4/18/1984,0.000,13.394,4.000,4.235,4.235,9.158999999999999,0.0,0,9.158603615250406,0.08904506096883787,45.14259741895472,0.0,0.08904506096883787,11.885296437405188,33.257300981549534,18.723649254629613,0.0003963847495921373,0.0003963847495921373,0.00039638474974847566,7.51791501632398,0.08904506096868153,0,0.0,0,33.257300981549534,,,,,,,,,,,
6229,4/19/1984,0.000,7.711,4.000,4.235,4.235,3.476,0.0,0,3.4756036152502516,0.08904506096868153,36.73330098154953,0.0,0.08904506096868153,8.429446146563421,28.30385483498611,13.790409489394314,0.0003963847497484729,0.0003963847497484729,0.0003963847497477797,5.21276667484181,0.08904506096868223,0,0.0,0,28.30385483498611,,,,,,,,,,,
6230,4/20/1984,0.000,6.965,4.000,4.235,4.235,2.7299999999999995,0.0,0,2.7296036152502516,0.08904506096868223,31.033854834986112,0.0,0.08904506096868223,6.364417366171254,24.66943746881486,10.721189280461163,0.0003963847497477797,0.0003963847497477797,0.0003963847497477828,3.8636482992756274,0.08904506096868223,0,0.0,0,24.66943746881486,,,,,,,,,,,
6231,4/21/1984,0.000,2.710,4.000,4.235,2.71,0.0,1.5250000000000004,0.0,0.0,0.08904506096868223,24.66943746881486,0.08904506096868223,0.0,4.341413865951519,20.32802360286334,7.594183503232797,0.0,0.0,0.0,2.570033966165182,0.0,0,0.0,0,20.32802360286334,,,,,,,,,,,
6232,4/22/1984,0.000,1.511,4.000,4.235,1.511,0.0,2.724,0.0,0.0,0.0,20.32802360286334,0.0,0.0,3.1443028691345516,17.183720733728787,5.66775815163492,0.0,0.0,0.0,1.82227096637866,0.0,0,0.0,0,17.183720733728787,,,,,,,,,,,
6233,4/23/1984,0.000,4.684,4.000,4.235,4.235,0.44899999999999984,0.0,0,0.35956635608456233,0.0,17.54328708981335,0.0,0.0,2.459710881012455,15.083576208800896,4.531697882223962,0.08943364391543751,0.08943364391543751,0.0,1.4026705109636353,0.08943364391543751,0,0.0,0,15.083576208800896,,,,,,,,,,,
6234,4/24/1984,0.000,13.618,4.000,4.235,4.235,9.383,0.0,0,9.382992198197007,0.08943364391543751,24.46696652152752,0.0,0.08943364391543751,4.282190572890247,20.184775948637274,7.500405475755332,7.80180299249769e-06,7.80180299249769e-06,0.00039811452961912257,2.532684849945236,0.08904333118881089,0,0.0,0,20.184775948637274,,,,,,,,,,,
6235,4/25/1984,0.000,9.211,4.000,4.235,4.235,4.976,0.0,0,4.975601885470381,0.08904333118881089,25.160774211157275,0.0,0.08904333118881089,4.486480442998422,20.674293768158854,7.823287569685896,0.000398114529619121,0.000398114529619121,0.000396377049619848,2.6616609156205775,0.08904506866881015,0,0.0,0,20.674293768158854,,,,,,,,,,,
6236,4/26/1984,150.898,5.986,4.000,4.235,4.235,1.7509999999999994,0.0,0,1.7506036229503796,0.08904506866881015,22.42529377589326,0.0,0.08904506866881015,3.7033606983158704,18.72193307757739,6.575869560344025,0.0003963770496198577,0.0003963770496198577,0.00039638478402495943,2.169507433135804,0.08904506093440505,0,0.0,0,18.72193307757739,,,,,,,,,,,
6237,4/27/1984,153.707,2.137,4.000,4.235,2.137,0.0,2.0980000000000003,0.0,0.0,0.08904506093440505,18.72193307757739,0.08904506093440505,0.0,2.741260189401068,15.980672888176322,5.002454256968631,0.0,0.0,0.0,1.5744136262883055,0.0,0,0.0,0,15.980672888176322,,,,,,,,,,,
6238,4/28/1984,155.591,1.244,4.000,4.235,1.244,0.0,2.9910000000000005,0.0,0.0,0.0,15.980672888176322,0.0,0.0,2.10551116152726,13.875161726649061,3.931526831849463,0.0,0.0,0.0,1.188463581304295,0.0,0,0.0,0,13.875161726649061,,,,,,,,,,,
6239,4/29/1984,157.485,5.845,4.000,4.235,4.235,1.6099999999999994,0.0,0,1.5205585542815694,0.0,15.39572028093063,0.0,0.0,1.9786355058106337,13.417084775119998,3.714158797308496,0.08944144571842996,0.08944144571842996,0.0,1.1122900671777451,0.08944144571842996,0,0.0,0,13.417084775119998,,,,,,,,,,,
6240,4/30/1984,159.389,2.709,4.000,4.235,2.709,0.0,1.5260000000000002,0.0,0.0,0.08944144571842996,13.417084775119998,0.08944144571842996,0.0,1.5732438806648072,11.843840894455191,3.009955318008335,0.0,0.0,0.0,0.8711572972545891,0.0,0,0.0,0,11.843840894455191,,,,,,,,,,,
6241,5/1/1984,161.000,2.450,5.000,3.714,2.45,0.0,1.2639999999999998,0.0,0.0,0.0,11.843840894455191,0.0,0.0,1.277968215106281,10.56587267934891,2.486242749843062,0.0,0.0,0.0,0.6980401120802322,0.0,0,0.0,0,10.56587267934891,,,,,,,,,,,
6242,5/2/1984,162.000,1.015,5.000,3.714,1.015,0.0,2.699,0.0,0.0,0.0,10.56587267934891,0.0,0.0,1.0565127272959487,9.50935995205296,2.086194632275473,0.0,0.0,0.0,0.5698977755922147,0.0,0,0.0,0,9.50935995205296,,,,,,,,,,,
6243,5/3/1984,164.000,4.800,5.000,3.714,3.714,1.0859999999999999,0.0,0,0.9965585542866531,0.0,10.505918506339613,0.0,0.0,1.046539980639348,9.459378525700265,2.068012269992938,0.08944144571334674,0.08944144571334674,0.0,0.5641661525619005,0.08944144571334674,0,0.0,0,9.459378525700265,,,,,,,,,,,
6244,5/4/1984,166.000,8.227,5.000,3.714,3.714,4.513,0.0,0,4.512999999994917,0.08944144571334674,13.972776674954561,0.0,0.08944144571334674,1.6833340481968393,12.289442626757722,3.2027570432937593,5.0832638630618585e-12,5.0832638630618585e-12,0.00039814925938041633,0.9362755332196078,0.08904329645904958,0,0.0,0,12.289442626757722,,,,,,,,,,,
6245,5/5/1984,169.000,3.754,5.000,3.714,3.714,0.040000000000000036,0.0,0,0.03976484315860216,0.08904329645904958,12.329603846811345,0.0,0.08904329645904958,1.3665147259556134,10.96308912085573,2.6443700337463176,0.00023515684139787508,0.00023515684139787508,0.00039637689502005784,0.7497026719169513,0.08888207640542739,0,0.0,0,10.96308912085573,,,,,,,,,,,
6246,5/6/1984,171.000,1.828,5.000,3.714,1.828,0.0,1.886,0.0,0.0,0.08888207640542739,10.96308912085573,0.08888207640542739,0.0,1.1235369309525258,9.839552189903205,2.2080038660147148,0.0,0.0,0.0,0.6085093884597733,0.0,0,0.0,0,9.839552189903205,,,,,,,,,,,
6247,5/7/1984,171.000,1.877,5.000,3.714,1.877,0.0,1.837,0.0,0.0,0.0,9.839552189903205,0.0,0.0,0.9382631662398955,8.90128902366331,1.8695794140382689,0.0,0.0,0.0,0.5021747580954358,0.0,0,0.0,0,8.90128902366331,,,,,,,,,,,
6248,5/8/1984,173.000,2.024,5.000,3.714,2.024,0.0,1.69,0.0,0.0,0.0,8.90128902366331,0.0,0.0,0.7939392681209837,8.107349755542327,1.6019119224194494,0.0,0.0,0.0,0.4202855923316173,0.0,0,0.0,0,8.107349755542327,,,,,,,,,,,
6249,5/9/1984,0.000,3.689,5.000,3.714,3.689,0.0,0.02499999999999991,0.0,0.0,0.0,8.107349755542327,0.0,0.0,0.679460101871291,7.427889653671036,1.3866485078153072,0.0,0.0,0.0,0.3560176549292164,0.0,0,0.0,0,7.427889653671036,,,,,,,,,,,
6250,5/10/1984,0.000,0.619,5.000,3.714,0.619,0.0,3.0949999999999998,0.0,0.0,0.0,7.427889653671036,0.0,0.0,0.5872299313478548,6.840659722323181,1.211026131058226,0.0,0.0,0.0,0.3047522501383657,0.0,0,0.0,0,6.840659722323181,,,,,,,,,,,
6251,5/11/1984,0.000,0.279,5.000,3.714,0.279,0.0,3.435,0.0,0.0,0.0,6.840659722323181,0.0,0.0,0.5119125271994567,6.328747195123725,1.0659419765091727,0.0,0.0,0.0,0.2632764242236624,0.0,0,0.0,0,6.328747195123725,,,,,,,,,,,
6252,5/12/1984,0.000,1.358,5.000,3.714,1.358,0.0,2.356,0.0,0.0,0.0,6.328747195123725,0.0,0.0,0.4496714946356536,5.879075700488071,0.9447605450538947,0.0,0.0,0.0,0.22930154454065765,0.0,0,0.0,0,5.879075700488071,,,,,,,,,,,
6253,5/13/1984,0.000,20.064,5.000,3.714,3.714,16.35,0.0,0,16.260558554281573,0.0,22.139634254769646,0.0,0.0,3.6250709830903216,18.514563271679325,6.449645789921143,0.08944144571843,0.08944144571843,0.0,2.120660020655133,0.08944144571843,0,0.0,0,18.514563271679325,,,,,,,,,,,
6254,5/14/1984,0.000,17.323,5.000,3.714,3.714,13.609,0.0,0,13.609,0.08944144571843,32.12396142093873,0.0,0.08944144571843,6.741361312041882,25.382600108896845,11.289617304055296,0.0,0.0,0.00039814925940304455,4.108003669291946,0.08904329645902696,0,0.0,0,25.382600108896845,,,,,,,,,,,
6255,5/15/1984,0.000,1.785,5.000,3.714,1.785,0.0,1.929,0.0,0.0,0.08904329645902696,25.382600108896845,0.08904329645902696,0.0,4.5525978719248315,20.830002236972014,7.927427899406773,0.0,0.0,0.0,2.7034871107696947,0.0,0,0.0,0,20.830002236972014,,,,,,,,,,,
6256,5/16/1984,0.000,2.743,5.000,3.714,2.743,0.0,0.9710000000000001,0.0,0.0,0.0,20.830002236972014,0.0,0.0,3.2747737899632807,17.555228447008734,5.8811421378496656,0.0,0.0,0.0,1.902969044089208,0.0,0,0.0,0,17.555228447008734,,,,,,,,,,,
6257,5/17/1984,0.000,3.964,5.000,3.714,3.714,0.25,0.0,0,0.16122403519684914,0.0,17.716452482205582,0.0,0.0,2.50030919308786,15.216143289117722,4.599906877614687,0.08877596480315086,0.08877596480315086,0.0,1.4273587461534456,0.08877596480315086,0,0.0,0,15.216143289117722,,,,,,,,,,,
6258,5/18/1984,0.000,4.174,5.000,3.714,3.714,0.4600000000000004,0.0,0,0.45933454186586387,0.08877596480315086,15.675873017849757,0.0,0.08877596480315086,2.0390067938593854,13.63686622399037,3.8177557054541857,0.0006654581341365204,0.0006654581341365204,0.0003951868661698295,1.1484968771504578,0.08904623607111754,0,0.0,0,13.63686622399037,,,,,,,,,,,
6259,5/19/1984,0.000,28.259,5.000,3.714,3.714,24.545,0.0,0,24.54460479035269,0.08904623607111754,38.18186740432378,0.0,0.08904623607111754,8.990718224299648,29.191149180024134,14.607322101390382,0.0003952096473124629,0.0003952096473124629,0.0003963899807249946,5.5834899489896355,0.089045055737705,0,0.0,0,29.191149180024134,,,,,,,,,,,
6260,5/20/1984,0.000,18.888,5.000,3.714,3.714,15.174000000000001,0.0,0,15.173603610019276,0.089045055737705,44.365149174769876,0.0,0.089045055737705,11.546109941312542,32.81903923345733,18.248902369776566,0.0003963899807249975,0.0003963899807249975,0.0003963847264620489,7.289465519009001,0.08904506099196796,0,0.0,0,32.81903923345733,,,,,,,,,,,
6261,5/21/1984,0.000,18.427,5.000,3.714,3.714,14.713,0.0,0,14.712603615273537,0.08904506099196796,47.53203923348072,0.0,0.08904506099196796,12.952189499406467,34.57984973407425,20.20515631045415,0.0003963847264620403,0.0003963847264620403,0.0003963847498514394,8.239239417920613,0.08904506096857856,0,0.0,0,34.57984973407425,,,,,,,,,,,
6262,5/22/1984,0.000,42.136,5.000,3.714,3.714,38.422000000000004,0.0,0,38.421603615250156,0.08904506096857856,73.00184973407416,0.0,0.08904506096857856,26.480258426463614,46.52159130761054,37.82922512781403,0.0003963847498514465,0.0003963847498514465,0.0003963847497473213,17.65640935995419,0.08904506096868268,0,0.0,0,46.52159130761054,,,,,,,,,,,
6263,5/23/1984,0.000,15.336,5.000,3.714,3.714,11.622,0.0,0,11.621603615250253,0.08904506096868268,58.14359130761054,0.0,0.08904506096868268,18.121836173066665,40.02175513454388,27.165366479238894,0.0003963847497473209,0.0003963847497473209,0.00039638474974778486,11.78538352727942,0.08904506096868221,0,0.0,0,40.02175513454388,,,,,,,,,,,
6264,5/24/1984,0.000,22.092,5.000,3.714,3.714,18.378,0.0,0,18.37760361525025,0.08904506096868221,58.39975513454388,0.0,0.08904506096868221,18.255097432108123,40.14465770243576,27.340586902034396,0.0003963847497477897,0.0003963847497477897,0.00039638474974778274,11.877773778286915,0.08904506096868223,0,0.0,0,40.14465770243576,,,,,,,,,,,
6265,5/25/1984,0.000,10.279,5.000,3.714,3.714,6.5649999999999995,0.0,0,6.564603615250252,0.08904506096868223,46.709657702435756,0.0,0.08904506096868223,12.580857776379359,34.128799926056395,19.691494260615073,0.0003963847497477797,0.0003963847497477797,0.0003963847497477828,7.987721843442937,0.08904506096868223,0,0.0,0,34.128799926056395,,,,,,,,,,,
6266,5/26/1984,0.000,10.668,5.000,3.714,3.714,6.953999999999999,0.0,0,6.953603615250251,0.08904506096868223,41.082799926056396,0.0,0.08904506096868223,10.157788574107347,30.92501135194905,16.285410311627544,0.0003963847497477797,0.0003963847497477797,0.0003963847497477828,6.3591381367680455,0.08904506096868223,0,0.0,0,30.92501135194905,,,,,,,,,,,
6267,5/27/1984,0.000,0.229,5.000,3.714,0.229,0.0,3.485,0.0,0.0,0.08904506096868223,30.92501135194905,0.08904506096868223,0.0,6.327258206287399,24.59775314566165,10.664936525420343,0.0,0.0,0.0,3.8396103655966036,0.0,0,0.0,0,24.59775314566165,,,,,,,,,,,
6268,5/28/1984,0.000,0.371,5.000,3.714,0.371,0.0,3.343,0.0,0.0,0.0,24.59775314566165,0.0,0.0,4.320408807985561,20.277344337676087,7.5609392745768975,0.0,0.0,0.0,2.5567832847427843,0.0,0,0.0,0,20.277344337676087,,,,,,,,,,,
6269,5/29/1984,0.000,0.255,5.000,3.714,0.255,0.0,3.459,0.0,0.0,0.0,20.277344337676087,0.0,0.0,3.1312487637289186,17.146095573947168,5.646356960685954,0.0,0.0,0.0,1.8142087918978393,0.0,0,0.0,0,17.146095573947168,,,,,,,,,,,
6270,5/30/1984,0.000,2.348,5.000,3.714,2.348,0.0,1.366,0.0,0.0,0.0,17.146095573947168,0.0,0.0,2.3675973495622795,14.778498224384888,4.376509555102247,0.0,0.0,0.0,1.3467554046934482,0.0,0,0.0,0,14.778498224384888,,,,,,,,,,,
6271,5/31/1984,0.000,1.739,5.000,3.714,1.739,0.0,1.9749999999999999,0.0,0.0,0.0,14.778498224384888,0.0,0.0,1.8482027737425255,12.930295450642364,3.4892615178264745,0.0,0.0,0.0,1.0343157093669215,0.0,0,0.0,0,12.930295450642364,,,,,,,,,,,
6272,6/1/1984,0.000,4.653,6.000,3.269,3.269,1.3839999999999995,0.0,0,1.2945585542815758,0.0,14.22485400492394,0.0,0.0,1.734251748516117,12.490602256407822,3.2915177130148106,0.08944144571842352,0.08944144571842352,0.0,0.9664893795737407,0.08944144571842352,0,0.0,0,12.490602256407822,,,,,,,,,,,
6273,6/2/1984,0.000,4.800,6.000,3.269,3.269,1.5309999999999997,0.0,0,1.5309999999999933,0.08944144571842352,14.02200040566722,0.0,0.08944144571842352,1.693229151888322,12.328771253778896,3.2200263089862724,6.4842868912214715e-15,6.4842868912214715e-15,0.0003981492594030157,0.9421424974647937,0.08904329645902699,0,0.0,0,12.328771253778896,,,,,,,,,,,
6274,6/3/1984,0.000,3.267,6.000,3.269,3.267,0.0,0.002000000000000224,0.0,0.0,0.08904329645902699,12.329166872190157,0.00017038807028397015,0.08887290838874302,1.3664340089528757,10.962732863237282,2.6442263284351593,0.0,0.0,0.0003956184112605574,0.7496554748705816,0.08847728997748247,0,0.0,0,10.962732863237282,,,,,,,,,,,
6275,6/4/1984,0.000,4.828,6.000,3.269,3.269,1.5590000000000002,0.0,0,1.5580358442590527,0.08847728997748247,12.5211625648093,0.0,0.08847728997748247,1.4020823909557016,11.119080173853598,2.7076173633945784,0.0009641557409475335,0.0009641557409475335,0.00039385731296675885,0.7705175924769827,0.08904758840546324,0,0.0,0,11.119080173853598,,,,,,,,,,,
6276,6/5/1984,0.000,1.294,6.000,3.269,1.294,0.0,1.975,0.0,0.0,0.08904758840546324,11.119080173853598,0.08904758840546324,0.0,1.150307313326081,9.968772860527517,2.25647207392928,0.0,0.0,0.0,0.6239743277607483,0.0,0,0.0,0,9.968772860527517,,,,,,,,,,,
6277,6/6/1984,0.000,0.804,6.000,3.269,0.804,0.0,2.465,0.0,0.0,0.0,9.968772860527517,0.0,0.0,0.9588896091662292,9.009883251361288,1.9075291001282995,0.0,0.0,0.0,0.5139492538553013,0.0,0,0.0,0,9.009883251361288,,,,,,,,,,,
6278,6/7/1984,0.000,1.195,6.000,3.269,1.195,0.0,2.074,0.0,0.0,0.0,9.009883251361288,0.0,0.0,0.8101480366798974,8.19973521468139,1.6321692900237654,0.0,0.0,0.0,0.42943668408144214,0.0,0,0.0,0,8.19973521468139,,,,,,,,,,,
6279,6/8/1984,0.000,1.731,6.000,3.269,1.731,0.0,1.538,0.0,0.0,0.0,8.19973521468139,0.0,0.0,0.6924134446621678,7.507321770019222,1.4111498313571236,0.0,0.0,0.0,0.36325594592793414,0.0,0,0.0,0,7.507321770019222,,,,,,,,,,,
6280,6/9/1984,0.000,0.774,6.000,3.269,0.774,0.0,2.495,0.0,0.0,0.0,7.507321770019222,0.0,0.0,0.5977333608786316,6.90958840914059,1.2311347658905298,0.0,0.0,0.0,0.31056524368758853,0.0,0,0.0,0,6.90958840914059,,,,,,,,,,,
6281,6/10/1984,0.000,0.824,6.000,3.269,0.824,0.0,2.4450000000000003,0.0,0.0,0.0,6.90958840914059,0.0,0.0,0.5205383623620433,6.3890500467785465,1.0826406911197066,0.0,0.0,0.0,0.26800720372940634,0.0,0,0.0,0,6.3890500467785465,,,,,,,,,,,
6282,6/11/1984,0.000,3.485,6.000,3.269,3.269,0.21599999999999975,0.0,0,0.12797592105867722,0.0,6.517025967837224,0.0,0.0,0.47218791076049954,6.044838057076724,0.9887434732387418,0.08802407894132253,0.08802407894132253,0.0,0.24155873070520334,0.08802407894132253,0,0.0,0,6.044838057076724,,,,,,,,,,,
6283,6/12/1984,0.000,5.244,6.000,3.269,3.269,1.9749999999999996,0.0,0,1.973582633222892,0.08802407894132253,8.018812530140291,0.0,0.08802407894132253,0.667138307102095,7.351674223038196,1.363305665623231,0.0014173667771074832,0.0014173667771074832,0.0003918398406757985,0.3491406905944346,0.0890496058777542,0,0.0,0,7.351674223038196,,,,,,,,,,,
6284,6/13/1984,0.000,0.224,6.000,3.269,0.224,0.0,3.045,0.0,0.0,0.0890496058777542,7.351674223038196,0.0890496058777542,0.0,0.5772219898824269,6.774452233155769,1.1918388336831192,0.0,0.0,0.0,0.29921983825251913,0.0,0,0.0,0,6.774452233155769,,,,,,,,,,,
6285,6/14/1984,0.000,1.651,6.000,3.269,1.651,0.0,1.618,0.0,0.0,0.0,6.774452233155769,0.0,0.0,0.50368160026926,6.270770632886508,1.0499868121178675,0.0,0.0,0.0,0.2587671162783788,0.0,0,0.0,0,6.270770632886508,,,,,,,,,,,
6286,6/15/1984,0.000,6.561,6.000,3.269,3.269,3.292,0.0,0,3.2025585542815698,0.0,9.473329187168078,0.0,0.0,0.880785505992267,8.592543681175812,1.7634389444158818,0.08944144571843,0.08944144571843,0.0,0.4694548738961398,0.08944144571843,0,0.0,0,8.592543681175812,,,,,,,,,,,
6287,6/16/1984,0.000,16.115,6.000,3.269,3.269,12.845999999999998,0.0,0,12.845999999999998,0.08944144571843,21.438941830435212,0.0,0.08944144571843,3.435880268306958,18.003061562128252,6.143380479781409,0.0,0.0,0.00039814925940304455,2.002907165406295,0.08904329645902696,0,0.0,0,18.003061562128252,,,,,,,,,,,
6288,6/17/1984,0.000,1.933,6.000,3.269,1.933,0.0,1.336,0.0,0.0,0.08904329645902696,18.003061562128252,0.08904329645902696,0.0,2.56808694106146,15.434974621066793,4.713528600887894,0.0,0.0,0.0,1.4686336796112303,0.0,0,0.0,0,15.434974621066793,,,,,,,,,,,
6289,6/18/1984,0.000,5.891,6.000,3.269,3.269,2.622,0.0,0,2.53255855428157,0.0,17.967533175348365,0.0,0.0,2.5596457885142256,15.407887386834139,4.6993948883037024,0.08944144571843,0.08944144571843,0.0,1.4634892836370148,0.08944144571843,0,0.0,0,15.407887386834139,,,,,,,,,,,
6290,6/19/1984,0.000,1.624,6.000,3.269,1.624,0.0,1.645,0.0,0.0,0.08944144571843,15.407887386834139,0.08944144571843,0.0,1.9812423567891522,13.426645030044986,3.7186385126016277,0.0,0.0,0.0,1.1138520029756334,0.0,0,0.0,0,13.426645030044986,,,,,,,,,,,
6291,6/20/1984,0.000,0.730,6.000,3.269,0.73,0.0,2.539,0.0,0.0,0.0,13.426645030044986,0.0,0.0,1.5751126652398098,11.851532364805177,3.01323860575398,0.0,0.0,0.0,0.8722602391401998,0.0,0,0.0,0,11.851532364805177,,,,,,,,,,,
6292,6/21/1984,0.000,0.497,6.000,3.269,0.497,0.0,2.7720000000000002,0.0,0.0,0.0,11.851532364805177,0.0,0.0,1.2793517165033683,10.572180648301808,2.4887210048885775,0.0,0.0,0.0,0.698845548544822,0.0,0,0.0,0,10.572180648301808,,,,,,,,,,,
6293,6/22/1984,0.000,3.309,6.000,3.269,3.269,0.040000000000000036,0.0,0,0.0024693735832049812,0.0,10.574650021885013,0.0,0.0,1.0579759195351712,9.516674102349842,2.088861044255482,0.037530626416795054,0.037530626416795054,0.0,0.570739014387209,0.037530626416795054,0,0.0,0,9.516674102349842,,,,,,,,,,,
6294,6/23/1984,0.000,2.336,6.000,3.269,2.336,0.0,0.9330000000000003,0.0,0.0,0.037530626416795054,9.516688184674981,0.03436713059273044,0.0031634958240646174,0.8875146102000235,8.629173574474958,1.7758955504269467,0.0,0.0,1.4082325138628816e-05,0.47327841472132004,0.0031494134989259884,0,0.0,0,8.629173574474958,,,,,,,,,,,
6295,6/24/1984,0.000,2.280,6.000,3.269,2.28,0.0,0.9890000000000003,0.0,0.0,0.0031494134989259884,8.62917375050204,0.003109870246254977,3.954325267101124e-05,0.7539012571914661,7.875272493310574,1.5269439282774977,0.0,0.0,1.7602708273426766e-07,0.39773422731917846,3.936722558827697e-05,0,0.0,0,7.875272493310574,,,,,,,,,,,
6296,6/25/1984,0.000,5.519,6.000,3.269,3.269,2.25,0.0,0,2.1605979215071582,3.936722558827697e-05,10.03587059006123,0.0,3.936722558827697e-05,0.9696705348213331,9.066200055239896,1.927335906968403,0.08940207849284172,0.08940207849284172,1.7524349686909548e-07,0.5201101463625922,0.08944127047493314,0,0.0,0,9.066200055239896,,,,,,,,,,,
6297,6/26/1984,0.000,5.117,6.000,3.269,3.269,1.8479999999999999,0.0,0,1.847999824756503,0.08944127047493314,10.914598028475705,0.0,0.08944127047493314,1.1152665783764468,9.799331450099258,2.1930093652208282,1.7524349686706697e-07,1.7524349686706697e-07,0.0003981484793053177,0.6037365754549088,0.08904329723912469,0,0.0,0,9.799331450099258,,,,,,,,,,,
6298,6/27/1984,0.000,1.687,6.000,3.269,1.687,0.0,1.582,0.0,0.0,0.08904329723912469,9.799331450099258,0.08904329723912469,0.0,0.9318797124960719,8.867451737603187,1.8578200617801641,0.0,0.0,0.0,0.49853422993612656,0.0,0,0.0,0,8.867451737603187,,,,,,,,,,,
6299,6/28/1984,0.000,6.157,6.000,3.269,3.269,2.888,0.0,0,2.79855855428157,0.0,11.666010291884756,0.0,0.0,1.246148225715902,10.419862066168854,2.4291754622776356,0.08944144571843,0.08944144571843,0.0,0.679531342531419,0.08944144571843,0,0.0,0,10.419862066168854,,,,,,,,,,,
6300,6/29/1984,0.000,7.015,6.000,3.269,3.269,3.7459999999999996,0.0,0,3.7459999999999996,0.08944144571843,14.166260215428256,0.0,0.08944144571843,1.7223621367626916,12.443898078665564,3.270814196395607,0.0,0.0,0.00039814925940304455,0.9594289628454996,0.08904329645902696,0,0.0,0,12.443898078665564,,,,,,,,,,,
6301,6/30/1984,0.000,2.499,6.000,3.269,2.499,0.0,0.77,0.0,0.0,0.08904329645902696,12.444002439313214,0.06559940705932117,0.023443889399705792,1.3877117238359173,11.056290715477298,2.6820812268112078,0.0,0.0,0.00010436064765102942,0.7621033522782393,0.023339528752054764,0,0.0,0,11.056290715477298,,,,,,,,,,,
6302,7/1/1984,0.000,6.167,7.000,3.463,3.463,2.7039999999999997,0.0,0,2.6378980830336243,0.023339528752054764,13.694292694596376,0.0,0.023339528752054764,1.6277902947221277,12.066502399874249,3.1056381359767724,0.06610191696637525,0.06610191696637525,0.00010389608545350093,0.9033852329090564,0.08933754963297652,0,0.0,0,12.066502399874249,,,,,,,,,,,
6303,7/2/1984,0.000,22.802,7.000,3.463,3.463,19.339,0.0,0,19.338896103914546,0.08933754963297652,31.405796190554003,0.0,0.08933754963297652,6.492054019311454,24.91374217124255,10.914109543150753,0.00010389608545348848,0.00010389608545348848,0.00039768676520758617,3.946285371428041,0.08904375895322242,0,0.0,0,24.91374217124255,,,,,,,,,,,
6304,7/3/1984,0.000,8.044,7.000,3.463,3.463,4.581,0.0,0,4.580602313234793,0.08904375895322242,29.494740863431158,0.0,0.08904375895322242,5.847094142198009,23.647646721233148,9.93438592162303,0.00039768676520758383,0.00039768676520758383,0.0003963789538163006,3.529850750490103,0.0890450667646137,0,0.0,0,23.647646721233148,,,,,,,,,,,
6305,7/4/1984,0.000,1.746,7.000,3.463,1.746,0.0,1.717,0.0,0.0,0.0890450667646137,23.647646721233148,0.0890450667646137,0.0,4.045873744338944,19.601772976894203,7.1247366318554946,0.0,0.0,0.0,2.383994589645393,0.0,0,0.0,0,19.601772976894203,,,,,,,,,,,
6306,7/5/1984,0.000,4.608,7.000,3.463,3.463,1.1449999999999996,0.0,0,1.0555585542829284,0.0,20.65733153117713,0.0,0.0,3.229655087681221,17.427676443495912,5.807455395996006,0.08944144571707113,0.08944144571707113,0.0,1.875038129453411,0.08944144571707113,0,0.0,0,17.427676443495912,,,,,,,,,,,
6307,7/6/1984,0.000,12.428,7.000,3.463,3.463,8.965,0.0,0,8.964999999998641,0.08944144571707113,26.393074592753948,0.0,0.08944144571707113,4.858651547657186,21.534423045096762,8.407289258055512,1.3588701985236017e-12,1.3588701985236017e-12,0.0003981492593969955,2.897610812064022,0.08904329645903301,0,0.0,0,21.534423045096762,,,,,,,,,,,
6308,7/7/1984,0.000,4.685,7.000,3.463,3.463,1.2219999999999995,0.0,0,1.221601850740603,0.08904329645903301,22.756421272732382,0.0,0.08904329645903301,3.794947041919902,18.96147423081248,6.723161425546388,0.00039814925939644685,0.00039814925939644685,0.00039637689501998406,2.2267372393569245,0.08904506882340948,0,0.0,0,18.96147423081248,,,,,,,,,,,
6309,7/8/1984,0.000,1.590,7.000,3.463,1.59,0.0,1.873,0.0,0.0,0.08904506882340948,18.96147423081248,0.08904506882340948,0.0,2.7999650588427305,16.16150917196975,5.099964092041082,0.0,0.0,0.0,1.6103738567828987,0.0,0,0.0,0,16.16150917196975,,,,,,,,,,,
6310,7/9/1984,0.000,2.336,7.000,3.463,2.336,0.0,1.1270000000000002,0.0,0.0,0.0,16.16150917196975,0.0,0.0,2.145370476723154,14.016138695246596,3.999543871601138,0.0,0.0,0.0,1.2124575941924696,0.0,0,0.0,0,14.016138695246596,,,,,,,,,,,
6311,7/10/1984,0.000,9.027,7.000,3.463,3.463,5.563999999999999,0.0,0,5.474558554281569,0.0,19.490697249528164,0.0,0.0,2.931420163840216,16.55927708568795,5.317547520931724,0.08944144571843,0.08944144571843,0.0,1.6910765784202246,0.08944144571843,0,0.0,0,16.55927708568795,,,,,,,,,,,
6312,7/11/1984,0.000,3.284,7.000,3.463,3.284,0.0,0.17900000000000027,0.0,0.0,0.08944144571843,16.55960706048351,0.015314916360873475,0.07412652935755654,2.2341679819143816,14.32543907856913,4.15062110454033,0.0,0.0,0.00032997479556334743,1.266015606733842,0.07379655456199319,0,0.0,0,14.32543907856913,,,,,,,,,,,
6313,7/12/1984,0.000,2.179,7.000,3.463,2.179,0.0,1.2840000000000003,0.0,0.0,0.07379655456199319,14.32543907856913,0.07379655456199319,0.0,1.7547382712442379,12.570700807324892,3.327159136467929,0.0,0.0,0.0,0.9786623685193618,0.0,0,0.0,0,12.570700807324892,,,,,,,,,,,
6314,7/13/1984,0.000,1.622,7.000,3.463,1.622,0.0,1.841,0.0,0.0,0.0,12.570700807324892,0.0,0.0,1.4113398188697657,11.159360988455127,2.724054562469003,0.0,0.0,0.0,0.7759409644932892,0.0,0,0.0,0,11.159360988455127,,,,,,,,,,,
6315,7/14/1984,0.000,5.098,7.000,3.463,3.463,1.6349999999999998,0.0,0,1.5455585542815697,0.0,12.704919542736697,0.0,0.0,1.4365441456702732,11.268375397066423,2.7687558875341267,0.08944144571842999,0.08944144571842999,0.0,0.7907184917990956,0.08944144571842999,0,0.0,0,11.268375397066423,,,,,,,,,,,
6316,7/15/1984,0.000,13.435,7.000,3.463,3.463,9.972000000000001,0.0,0,9.972000000000001,0.08944144571842999,21.240773546325826,0.0,0.08944144571842999,3.3831116151867406,17.857661931139084,6.057635905096263,9.929995239236212e-18,9.929995239236212e-18,0.0003981492594030445,1.9701388475490242,0.08904329645902696,0,0.0,0,17.857661931139084,,,,,,,,,,,
6317,7/16/1984,0.000,29.145,7.000,3.463,3.463,25.682,0.0,0,25.681601850740595,0.08904329645902696,43.5396601587747,0.0,0.08904329645902696,11.190276985031424,32.34938317374328,17.748821975851357,0.0003981492594030382,0.0003981492594030382,0.0003963768950199571,7.050278724583104,0.08904506882341005,0,0.0,0,32.34938317374328,,,,,,,,,,,
6318,7/17/1984,0.000,27.392,7.000,3.463,3.463,23.929,0.0,0,23.92860362310498,0.08904506882341005,56.27838318163297,0.0,0.08904506882341005,17.163339711758013,39.115043469874955,25.899346367447222,0.00039637689501995115,0.00039637689501995115,0.000396384784713162,11.122192358211647,0.08904506093371685,0,0.0,0,39.115043469874955,,,,,,,,,,,
6319,7/18/1984,0.000,52.381,7.000,3.463,3.463,48.918,0.0,0,48.917603615215285,0.08904506093371685,88.03304346983984,0.0,0.08904506093371685,36.17778492183545,51.855258548004386,49.53755542350841,0.0003963847847131611,0.0003963847847131611,0.0003963847495921342,24.62291138942741,0.08904506096883787,0,0.0,0,51.855258548004386,,,,,,,,,,,
6320,7/19/1984,0.000,12.414,7.000,3.463,3.463,8.951,0.0,0,8.950603615250408,0.08904506096883787,60.80625854800454,0.0,0.08904506096883787,19.525983349132687,41.280275198871855,29.00224684053324,0.0003963847495921373,0.0003963847495921373,0.00039638474974847566,12.76106950683578,0.08904506096868153,0,0.0,0,41.280275198871855,,,,,,,,,,,
6321,7/20/1984,0.000,5.960,7.000,3.463,3.463,2.497,0.0,0,2.4966036152502515,0.08904506096868153,43.777275198871855,0.0,0.08904506096868153,11.292245789558478,32.48502940931338,17.892343209287873,0.0003963847497484729,0.0003963847497484729,0.0003963847497477797,7.118770509757945,0.08904506096868223,0,0.0,0,32.48502940931338,,,,,,,,,,,
6322,7/21/1984,0.000,9.527,7.000,3.463,3.463,6.063999999999999,0.0,0,6.063603615250251,0.08904506096868223,38.54902940931338,0.0,0.08904506096868223,9.135272878156007,29.413756531157368,14.81664124350255,0.0003963847497477797,0.0003963847497477797,0.0003963847497477828,5.6792199042039115,0.08904506096868223,0,0.0,0,29.413756531157368,,,,,,,,,,,
6323,7/22/1984,0.000,11.563,7.000,3.463,3.463,8.100000000000001,0.0,0,8.099603615250254,0.08904506096868223,37.51375653115737,0.0,0.08904506096868223,8.730049456178662,28.783707074978707,14.228765145730417,0.0003963847497477797,0.0003963847497477797,0.0003963847497477828,5.411121415106459,0.08904506096868223,0,0.0,0,28.783707074978707,,,,,,,,,,,
6324,7/23/1984,0.000,1.564,7.000,3.463,1.564,0.0,1.899,0.0,0.0,0.08904506096868223,28.783707074978707,0.08904506096868223,0.0,5.614059210159651,23.169647864819055,9.5772849672348,0.0,0.0,0.0,3.380111336992816,0.0,0,0.0,0,23.169647864819055,,,,,,,,,,,
6325,7/24/1984,0.000,1.085,7.000,3.463,1.085,0.0,2.378,0.0,0.0,0.0,23.169647864819055,0.0,0.0,3.9104928888761172,19.259154975942938,6.908430408621743,0.0,0.0,0.0,2.2990682031681864,0.0,0,0.0,0,19.259154975942938,,,,,,,,,,,
6326,7/25/1984,158.000,0.141,7.000,3.463,0.141,0.0,3.322,0.0,0.0,0.0,19.259154975942938,0.0,0.0,2.873609988894334,16.385544987048604,5.2219891322979555,0.0,0.0,0.0,1.6555558581352379,0.0,0,0.0,0,16.385544987048604,,,,,,,,,,,
6327,7/26/1984,117.000,0.431,7.000,3.463,0.431,0.0,3.032,0.0,0.0,0.0,16.385544987048604,0.0,0.0,2.195165469979161,14.190379517069443,4.084338878525759,0.0,0.0,0.0,1.2424737434418003,0.0,0,0.0,0,14.190379517069443,,,,,,,,,,,
6328,7/27/1984,0.000,0.191,7.000,3.463,0.191,0.0,3.2720000000000002,0.0,0.0,0.0,14.190379517069443,0.0,0.0,1.7272523645796773,12.463127152489767,3.2793312650329356,0.0,0.0,0.0,0.9623325433576313,0.0,0,0.0,0,12.463127152489767,,,,,,,,,,,
6329,7/28/1984,0.000,0.617,7.000,3.463,0.617,0.0,2.846,0.0,0.0,0.0,12.463127152489767,0.0,0.0,1.3912680799197186,11.071859072570048,2.688403017094947,0.0,0.0,0.0,0.7641851203125798,0.0,0,0.0,0,11.071859072570048,,,,,,,,,,,
6330,7/29/1984,0.000,0.174,7.000,3.463,0.174,0.0,3.289,0.0,0.0,0.0,11.071859072570048,0.0,0.0,1.1421768675291801,9.929682205040868,2.2417626171741323,0.0,0.0,0.0,0.6192749336393505,0.0,0,0.0,0,9.929682205040868,,,,,,,,,,,
6331,7/30/1984,0.000,0.239,7.000,3.463,0.239,0.0,3.224,0.0,0.0,0.0,9.929682205040868,0.0,0.0,0.9526309640383904,8.977051241002478,1.8960217167544238,0.0,0.0,0.0,0.5103747613554497,0.0,0,0.0,0,8.977051241002478,,,,,,,,,,,
6332,7/31/1984,0.000,0.561,7.000,3.463,0.561,0.0,2.902,0.0,0.0,0.0,8.977051241002478,0.0,0.0,0.8052337171781269,8.171817523824352,1.6230010947091587,0.0,0.0,0.0,0.4266608903198905,0.0,0,0.0,0,8.171817523824352,,,,,,,,,,,
6333,8/1/1984,2.565,0.875,8.000,3.792,0.875,0.0,2.917,0.0,0.0,0.0,8.171817523824352,0.0,0.0,0.6884887980401644,7.483328725784188,1.4037304062880378,0.0,0.0,0.0,0.36106191595876175,0.0,0,0.0,0,7.483328725784188,,,,,,,,,,,
6334,8/2/1984,2.357,0.194,8.000,3.792,0.194,0.0,3.598,0.0,0.0,0.0,7.483328725784188,0.0,0.0,0.5945528748170635,6.888775850967124,1.2250488454447404,0.0,0.0,0.0,0.30880432789908285,0.0,0,0.0,0,6.888775850967124,,,,,,,,,,,
6335,8/3/1984,2.254,0.156,8.000,3.792,0.156,0.0,3.6359999999999997,0.0,0.0,0.0,6.888775850967124,0.0,0.0,0.5179277742110534,6.3708480767560705,1.0775892163050447,0.0,0.0,0.0,0.26657489642284954,0.0,0,0.0,0,6.3708480767560705,,,,,,,,,,,
6336,8/4/1984,2.157,0.657,8.000,3.792,0.657,0.0,3.135,0.0,0.0,0.0,6.3708480767560705,0.0,0.0,0.45466814312176623,5.916179933634305,0.9545355024008167,0.0,0.0,0.0,0.23201813711842473,0.0,0,0.0,0,5.916179933634305,,,,,,,,,,,
6337,8/5/1984,1.984,0.194,8.000,3.792,0.194,0.0,3.598,0.0,0.0,0.0,5.916179933634305,0.0,0.0,0.4018846341108315,5.514295299523473,0.8508315290169893,0.0,0.0,0.0,0.20342407966629011,0.0,0,0.0,0,5.514295299523473,,,,,,,,,,,
6338,8/6/1984,1.889,0.153,8.000,3.792,0.153,0.0,3.639,0.0,0.0,0.0,5.514295299523473,0.0,0.0,0.35742298480776613,5.156872314715708,0.762662367440485,0.0,0.0,0.0,0.17952831220307608,0.0,0,0.0,0,5.156872314715708,,,,,,,,,,,
6339,8/7/1984,1.993,3.160,8.000,3.792,3.16,0.0,0.6319999999999997,0.0,0.0,0.0,5.156872314715708,0.0,0.0,0.3196512510249566,4.837221063690751,0.6871058926033148,0.0,0.0,0.0,0.1593804902954933,0.0,0,0.0,0,4.837221063690751,,,,,,,,,,,
6340,8/8/1984,1.658,1.899,8.000,3.792,1.899,0.0,1.8929999999999998,0.0,0.0,0.0,4.837221063690751,0.0,0.0,0.28731546541281267,4.549905598277938,0.621893448807152,0.0,0.0,0.0,0.1422558214686225,0.0,0,0.0,0,4.549905598277938,,,,,,,,,,,
6341,8/9/1984,2.984,14.209,8.000,3.792,3.792,10.417,0.0,0,10.32755855428157,0.0,14.877464152559508,0.0,0.0,1.8688766256870777,13.00858752687243,3.5250089401657405,0.08944144571843,0.08944144571843,0.0,1.0466513027779536,0.08944144571843,0,0.0,0,13.00858752687243,,,,,,,,,,,
6342,8/10/1984,6.099,1.089,8.000,3.792,1.089,0.0,2.703,0.0,0.0,0.08944144571843,13.00858752687243,0.08944144571843,0.0,1.494225064497976,11.514362462374454,2.870782824966044,0.0,0.0,0.0,0.8246011357857017,0.0,0,0.0,0,11.514362462374454,,,,,,,,,,,
6343,8/11/1984,1.813,0.603,8.000,3.792,0.603,0.0,3.189,0.0,0.0,0.0,11.514362462374454,0.0,0.0,1.21926733524611,10.295095127128343,2.380862477474401,0.0,0.0,0.0,0.6639196885954428,0.0,0,0.0,0,10.295095127128343,,,,,,,,,,,
6344,8/12/1984,1.761,0.853,8.000,3.792,0.853,0.0,2.939,0.0,0.0,0.0,10.295095127128343,0.0,0.0,1.0117729195283918,9.283322207599952,2.004503434456117,0.0,0.0,0.0,0.544212833399749,0.0,0,0.0,0,9.283322207599952,,,,,,,,,,,
6345,8/13/1984,1.595,0.216,8.000,3.792,0.216,0.0,3.5759999999999996,0.0,0.0,0.0,9.283322207599952,0.0,0.0,0.8515395398995471,8.431782667700404,1.7092036796674897,0.0,0.0,0.0,0.45285954467491446,0.0,0,0.0,0,8.431782667700404,,,,,,,,,,,
6346,8/14/1984,1.564,0.380,8.000,3.792,0.38,0.0,3.412,0.0,0.0,0.0,8.431782667700404,0.0,0.0,0.7253786761631811,7.706403991537222,1.4733328541563575,0.0,0.0,0.0,0.3817166876905011,0.0,0,0.0,0,7.706403991537222,,,,,,,,,,,
6347,8/15/1984,1.577,0.645,8.000,3.792,0.645,0.0,3.147,0.0,0.0,0.0,7.706403991537222,0.0,0.0,0.6243844304823378,7.082019561054884,1.2820294469064164,0.0,0.0,0.0,0.32534488367424624,0.0,0,0.0,0,7.082019561054884,,,,,,,,,,,
6348,8/16/1984,1.544,0.444,8.000,3.792,0.444,0.0,3.348,0.0,0.0,0.0,7.082019561054884,0.0,0.0,0.5423683204806009,6.539651240574283,1.1248031109085155,0.0,0.0,0.0,0.2800025742443781,0.0,0,0.0,0,6.539651240574283,,,,,,,,,,,
6349,8/17/1984,1.493,0.310,8.000,3.792,0.31,0.0,3.4819999999999998,0.0,0.0,0.0,6.539651240574283,0.0,0.0,0.4749232429967438,6.064727997577539,0.9940751936585396,0.0,0.0,0.0,0.2430504134590655,0.0,0,0.0,0,6.064727997577539,,,,,,,,,,,
6350,8/18/1984,1.475,0.278,8.000,3.792,0.278,0.0,3.514,0.0,0.0,0.0,6.064727997577539,0.0,0.0,0.41884306012071043,5.645884937456829,0.8842590269929176,0.0,0.0,0.0,0.21258538068050614,0.0,0,0.0,0,5.645884937456829,,,,,,,,,,,
6351,8/19/1984,1.476,0.735,8.000,3.792,0.735,0.0,3.057,0.0,0.0,0.0,5.645884937456829,0.0,0.0,0.37175128896105797,5.274133648495771,0.7911627686994229,0.0,0.0,0.0,0.187208760414457,0.0,0,0.0,0,5.274133648495771,,,,,,,,,,,
6352,8/20/1984,1.553,2.074,8.000,3.792,2.074,0.0,1.718,0.0,0.0,0.0,5.274133648495771,0.0,0.0,0.3318570100055472,4.942276638490224,0.7115914297981616,0.0,0.0,0.0,0.16587487972543255,0.0,0,0.0,0,4.942276638490224,,,,,,,,,,,
6353,8/21/1984,2.225,9.044,8.000,3.792,3.792,5.252000000000001,0.0,0,5.162558554281571,0.0,10.104835192771795,0.0,0.0,0.980801607991508,9.124033584780287,1.9477657276786975,0.08944144571843,0.08944144571843,0.0,0.5264758653973226,0.08944144571843,0,0.0,0,9.124033584780287,,,,,,,,,,,
6354,8/22/1984,6.943,19.634,8.000,3.792,3.792,15.842,0.0,0,15.842,0.08944144571843,24.96643173403969,0.0,0.08944144571843,4.428873120762503,20.537558613277188,7.732409746367894,0.0,0.0,0.00039814925940304455,2.6252512836292143,0.08904329645902696,0,0.0,0,20.537558613277188,,,,,,,,,,,
6355,8/23/1984,10.722,16.271,8.000,3.792,3.792,12.479000000000001,0.0,0,12.478601850740597,0.08904329645902696,33.016556840912806,0.0,0.08904329645902696,7.056436089131881,25.960120751780924,11.76177464147582,0.0003981492594030382,0.0003981492594030382,0.0003963768950199571,4.312945472022383,0.08904506882341005,0,0.0,0,25.960120751780924,,,,,,,,,,,
6356,8/24/1984,7.037,3.254,8.000,3.792,3.254,0.0,0.5379999999999998,0.0,0.0,0.08904506882341005,25.960313100551325,0.04583526320240593,0.04320980562100412,4.726601498403182,21.23371160214814,8.20068438731538,0.0,0.0,0.000192348770402392,2.813752344574039,0.04301745685060173,0,0.0,0,21.23371160214814,,,,,,,,,,,
6357,8/25/1984,3.981,11.302,8.000,3.792,3.792,7.51,0.0,0,7.463576011132171,0.04301745685060173,28.697479105808736,0.0,0.04301745685060173,5.586056946950048,23.111422158858687,9.534257979493537,0.046423988867828274,0.046423988867828274,0.0001914925284234342,3.362145326028209,0.08924995319000657,0,0.0,0,23.111422158858687,,,,,,,,,,,
6358,8/26/1984,13.516,20.116,8.000,3.792,3.792,16.323999999999998,0.0,0,16.323808507471576,0.08924995319000657,39.435627963159256,0.0,0.08924995319000657,9.488124606710777,29.94750335644848,15.325797234957806,0.00019149252842342863,0.00019149252842342863,0.00039729682899161065,5.913308544042733,0.08904414888943839,0,0.0,0,29.94750335644848,,,,,,,,,,,
6359,8/27/1984,12.253,5.971,8.000,3.792,3.792,2.1790000000000003,0.0,0,2.1786027031710087,0.08904414888943839,32.12650244030911,0.0,0.08904414888943839,6.74225007651239,25.38425236379672,11.290952908105044,0.00039729682899161645,0.00039729682899161645,0.0003963806896202599,4.108580897681349,0.08904506502880974,0,0.0,0,25.38425236379672,,,,,,,,,,,
6360,8/28/1984,3.417,6.826,8.000,3.792,3.792,3.034,0.0,0,3.0336036193103797,0.08904506502880974,28.41825236787492,0.0,0.08904506502880974,5.495763760863132,22.92248860701179,9.395344012219894,0.00039638068962026817,0.00039638068962026817,0.0003963847678214706,3.304254492257819,0.08904506095060853,0,0.0,0,22.92248860701179,,,,,,,,,,,
6361,8/29/1984,4.160,13.661,8.000,3.792,3.792,9.869,0.0,0,9.868603615232178,0.08904506095060853,32.79148860699364,0.0,0.08904506095060853,6.976447529979895,25.815041077013746,11.642156490275134,0.0003963847678214716,0.0003963847678214716,0.0003963847496673276,4.2608584230980995,0.08904506096876268,0,0.0,0,25.815041077013746,,,,,,,,,,,
6362,8/30/1984,15.021,14.598,8.000,3.792,3.792,10.806000000000001,0.0,0,10.805603615250334,0.08904506096876268,36.62104107701383,0.0,0.08904506096876268,8.386554796894838,28.23448628011899,13.727702091774137,0.0003963847496673278,0.0003963847496673278,0.0003963847497481409,5.184502127865709,0.08904506096868187,0,0.0,0,28.23448628011899,,,,,,,,,,,
6363,8/31/1984,18.277,15.215,8.000,3.792,3.792,11.423,0.0,0,11.422603615250251,0.08904506096868187,39.65748628011899,0.0,0.08904506096868187,9.577255700411857,30.08023057970713,15.454018683339925,0.0003963847497481338,0.0003963847497481338,0.0003963847497477812,5.972531366987796,0.08904506096868223,0,0.0,0,30.08023057970713,,,,,,,,,,,
6364,9/1/1984,18.642,4.582,9.000,4.609,4.582,0.0,0.027000000000000135,0.0,0.0,0.08904506096868223,30.080616724732117,0.0023002825317617564,0.08674477843692047,6.041948303653458,24.03866842107866,10.231681973330042,0.0,0.0,0.000386145024986156,3.6553591751648344,0.08635863341193431,0,0.0,0,24.03866842107866,,,,,,,,,,,
6365,9/2/1984,5.436,6.716,9.000,4.609,4.609,2.107,0.0,0,2.1039171876935043,0.08635863341193431,26.14297003486971,0.0,0.08635863341193431,4.782158724947924,21.360811309921786,8.287688439028859,0.0030828123064956937,0.0030828123064956937,0.0003844260975416645,2.849015456769342,0.08905701962088834,0,0.0,0,21.360811309921786,,,,,,,,,,,
6366,9/3/1984,5.040,10.163,9.000,4.609,4.609,5.554,0.0,0,5.553615573902459,0.08905701962088834,26.914823321808022,0.0,0.08905701962088834,5.019783657842593,21.895039663965427,8.658525573315423,0.0003844260975416649,0.0003844260975416649,0.0003964379837768292,3.0001408409646744,0.08904500773465318,0,0.0,0,21.895039663965427,,,,,,,,,,,
6367,9/4/1984,11.550,10.148,9.000,4.609,4.609,5.539,0.0,0,5.538603562016223,0.08904500773465318,27.434039610494427,0.0,0.08904500773465318,5.182214443968181,22.251825166526245,8.910846023832434,0.0003964379837768276,0.0003964379837768276,0.00039638451277610744,3.1037166660321582,0.08904506120565389,0,0.0,0,22.251825166526245,,,,,,,,,,,
6368,9/5/1984,8.815,1.298,9.000,4.609,1.298,0.0,3.311,0.0,0.0,0.08904506120565389,22.251825166526245,0.08904506120565389,0.0,3.6557389548237875,18.596086211702456,6.499125790714315,0.0,0.0,0.0,2.139786543751083,0.0,0,0.0,0,18.596086211702456,,,,,,,,,,,
6369,9/6/1984,7.484,2.710,9.000,4.609,2.71,0.0,1.899,0.0,0.0,0.0,18.596086211702456,0.0,0.0,2.7106182810975876,15.885467930604868,4.951471541535878,0.0,0.0,0.0,1.5556636820538605,0.0,0,0.0,0,15.885467930604868,,,,,,,,,,,
6370,9/7/1984,4.909,2.985,9.000,4.609,2.985,0.0,1.624,0.0,0.0,0.0,15.885467930604868,0.0,0.0,2.0846467119742416,13.800821218630627,3.8958722385145053,0.0,0.0,0.0,1.1759157374721831,0.0,0,0.0,0,13.800821218630627,,,,,,,,,,,
6371,9/8/1984,4.473,1.655,9.000,4.609,1.655,0.0,2.9539999999999997,0.0,0.0,0.0,13.800821218630627,0.0,0.0,1.6489493958695953,12.151871822761033,3.1426718253351003,0.0,0.0,0.0,0.915906047542069,0.0,0,0.0,0,12.151871822761033,,,,,,,,,,,
6372,9/9/1984,4.390,0.830,9.000,4.609,0.83,0.0,3.779,0.0,0.0,0.0,12.151871822761033,0.0,0.0,1.3338420706401732,10.818029752120859,2.5861361959640603,0.0,0.0,0.0,0.7306133399029558,0.0,0,0.0,0,10.818029752120859,,,,,,,,,,,
6373,9/10/1984,3.344,2.538,9.000,4.609,2.538,0.0,2.071,0.0,0.0,0.0,10.818029752120859,0.0,0.0,1.0988693597441785,9.719160392376681,2.1632509289123227,0.0,0.0,0.0,0.5942806555025472,0.0,0,0.0,0,9.719160392376681,,,,,,,,,,,
6374,9/11/1984,2.329,0.153,9.000,4.609,0.153,0.0,4.456,0.0,0.0,0.0,9.719160392376681,0.0,0.0,0.9192077840767441,8.799952608299936,1.8344554406744282,0.0,0.0,0.0,0.4913122119877803,0.0,0,0.0,0,8.799952608299936,,,,,,,,,,,
6375,9/12/1984,2.330,0.911,9.000,4.609,0.911,0.0,3.698,0.0,0.0,0.0,8.799952608299936,0.0,0.0,0.7789322170175251,8.021020391282411,1.5738508989900133,0.0,0.0,0.0,0.4118239101739021,0.0,0,0.0,0,8.021020391282411,,,,,,,,,,,
6376,9/13/1984,2.155,0.713,9.000,4.609,0.713,0.0,3.896,0.0,0.0,0.0,8.021020391282411,0.0,0.0,0.6674444796016928,7.353575911680718,1.363886120896101,0.0,0.0,0.0,0.34931146910432315,0.0,0,0.0,0,7.353575911680718,,,,,,,,,,,
6377,9/14/1984,2.021,0.122,9.000,4.609,0.122,0.0,4.487,0.0,0.0,0.0,7.353575911680718,0.0,0.0,0.5774708654254133,6.776105046255305,1.192316305763572,0.0,0.0,0.0,0.299357341131721,0.0,0,0.0,0,6.776105046255305,,,,,,,,,,,
6378,9/15/1984,1.983,0.182,9.000,4.609,0.182,0.0,4.427,0.0,0.0,0.0,6.776105046255305,0.0,0.0,0.5038864284530582,6.272218617802246,1.0503841101953166,0.0,0.0,0.0,0.2588792727709652,0.0,0,0.0,0,6.272218617802246,,,,,,,,,,,
6379,9/16/1984,1.841,0.000,9.000,4.609,0.0,0.0,4.609,0.0,0.0,0.0,6.272218617802246,0.0,0.0,0.44299731100820383,5.829221306794042,0.9316905264081358,0.0,0.0,0.0,0.22567600574896599,0.0,0,0.0,0,5.829221306794042,,,,,,,,,,,
6380,9/17/1984,1.756,0.124,9.000,4.609,0.124,0.0,4.485,0.0,0.0,0.0,5.829221306794042,0.0,0.0,0.392087819410354,5.437133487383688,0.831471233791542,0.0,0.0,0.0,0.1981431471276919,0.0,0,0.0,0,5.437133487383688,,,,,,,,,,,
6381,9/18/1984,1.676,0.053,9.000,4.609,0.053,0.0,4.556,0.0,0.0,0.0,5.437133487383688,0.0,0.0,0.34912619655902444,5.088007290824664,0.7461197873888341,0.0,0.0,0.0,0.17509016047287868,0.0,0,0.0,0,5.088007290824664,,,,,,,,,,,
6382,9/19/1984,1.586,0.000,9.000,4.609,0.0,0.0,4.609,0.0,0.0,0.0,5.088007290824664,0.0,0.0,0.3125685798570944,4.7754387109675696,0.6728657188783786,0.0,0.0,0.0,0.1556194082747829,0.0,0,0.0,0,4.7754387109675696,,,,,,,,,,,
6383,9/20/1984,1.515,0.041,9.000,4.609,0.041,0.0,4.568,0.0,0.0,0.0,4.7754387109675696,0.0,0.0,0.28122541777795107,4.494213293189619,0.6095524959748531,0.0,0.0,0.0,0.13904436055503774,0.0,0,0.0,0,4.494213293189619,,,,,,,,,,,
6384,9/21/1984,1.478,0.184,9.000,4.609,0.184,0.0,4.425,0.0,0.0,0.0,4.494213293189619,0.0,0.0,0.2541686084635335,4.240044684726085,0.5544813966458522,0.0,0.0,0.0,0.12483315055607021,0.0,0,0.0,0,4.240044684726085,,,,,,,,,,,
6385,9/22/1984,1.438,0.065,9.000,4.609,0.065,0.0,4.544,0.0,0.0,0.0,4.240044684726085,0.0,0.0,0.2306657783080416,4.009378906418044,0.5062998238867796,0.0,0.0,0.0,0.11256890444179642,0.0,0,0.0,0,4.009378906418044,,,,,,,,,,,
6386,9/23/1984,1.461,0.013,9.000,4.609,0.013,0.0,4.596,0.0,0.0,0.0,4.009378906418044,0.0,0.0,0.21013300922842837,3.799245897189615,0.46392015878484005,0.0,0.0,0.0,0.1019213964819988,0.0,0,0.0,0,3.799245897189615,,,,,,,,,,,
6387,9/24/1984,1.512,0.526,9.000,4.609,0.526,0.0,4.083,0.0,0.0,0.0,3.799245897189615,0.0,0.0,0.1921003324649671,3.607145564724648,0.42645996304373734,0.0,0.0,0.0,0.09262649090218138,0.0,0,0.0,0,3.607145564724648,,,,,,,,,,,
6388,9/25/1984,1.626,2.314,9.000,4.609,2.314,0.0,2.295,0.0,0.0,0.0,3.607145564724648,0.0,0.0,0.17618620129518928,3.4309593634294586,0.3931973424323775,0.0,0.0,0.0,0.08447102628820898,0.0,0,0.0,0,3.4309593634294586,,,,,,,,,,,
6389,9/26/1984,1.328,0.110,9.000,4.609,0.11,0.0,4.499,0.0,0.0,0.0,3.4309593634294586,0.0,0.0,0.16207837296458003,3.268880990464879,0.3635372314625953,0.0,0.0,0.0,0.07728156177840266,0.0,0,0.0,0,3.268880990464879,,,,,,,,,,,
6390,9/27/1984,1.413,0.179,9.000,4.609,0.179,0.0,4.43,0.0,0.0,0.0,3.268880990464879,0.0,0.0,0.14951942809197205,3.119361562372907,0.33698564901817757,0.0,0.0,0.0,0.07091590146753063,0.0,0,0.0,0,3.119361562372907,,,,,,,,,,,
6391,9/28/1984,1.438,0.501,9.000,4.609,0.501,0.0,4.108,0.0,0.0,0.0,3.119361562372907,0.0,0.0,0.13829568776742404,2.981065874605483,0.3131298422851861,0.0,0.0,0.0,0.06525664302862837,0.0,0,0.0,0,2.981065874605483,,,,,,,,,,,
6392,9/29/1984,1.370,0.128,9.000,4.609,0.128,0.0,4.481,0.0,0.0,0.0,2.981065874605483,0.0,0.0,0.1282286488951714,2.8528372257103114,0.2916228292604619,0.0,0.0,0.0,0.06020621859033321,0.0,0,0.0,0,2.8528372257103114,,,,,,,,,,,
6393,9/30/1984,1.314,0.023,9.000,4.609,0.023,0.0,4.586,0.0,0.0,0.0,2.8528372257103114,0.0,0.0,0.11916830603046856,2.7336689196798427,0.27217126114445567,0.0,0.0,0.0,0.055683047729092,0.0,0,0.0,0,2.7336689196798427,,,,,,,,,,,
6394,10/1/1984,1.320,0.366,10.000,5.054,0.366,0.0,4.688000000000001,0.0,0.0,0.0,2.7336689196798427,0.0,0.0,0.11098790055879236,2.6226810191210506,0.2545258146497249,0.0,0.0,0.0,0.05161852768870879,0.0,0,0.0,0,2.6226810191210506,,,,,,,,,,,
6395,10/2/1984,1.336,0.870,10.000,5.054,0.87,0.0,4.184,0.0,0.0,0.0,2.6226810191210506,0.0,0.0,0.10357975986443266,2.519101259256618,0.23847352957327686,0.0,0.0,0.0,0.04795465984711275,0.0,0,0.0,0,2.519101259256618,,,,,,,,,,,
6396,10/3/1984,1.303,0.743,10.000,5.054,0.743,0.0,4.311,0.0,0.0,0.0,2.519101259256618,0.0,0.0,0.0968519761007483,2.4222492831558697,0.22383165466167315,0.0,0.0,0.0,0.044642163968236524,0.0,0,0.0,0,2.4222492831558697,,,,,,,,,,,
6397,10/4/1984,1.507,3.006,10.000,5.054,3.006,0.0,2.0480000000000005,0.0,0.0,0.0,2.4222492831558697,0.0,0.0,0.09072573695265379,2.331523546203216,0.21044267216007576,0.0,0.0,0.0,0.0416389695124153,0.0,0,0.0,0,2.331523546203216,,,,,,,,,,,
6398,10/5/1984,1.228,0.918,10.000,5.054,0.918,0.0,4.136,0.0,0.0,0.0,2.331523546203216,0.0,0.0,0.08513316656715429,2.2463903796360616,0.1981702502697454,0.0,0.0,0.0,0.03890900067571625,0.0,0,0.0,0,2.2463903796360616,,,,,,,,,,,
6399,10/6/1984,1.691,5.427,10.000,5.054,5.054,0.37299999999999933,0.0,0,0.28360122853371694,0.0,2.5299916081697784,0.0,0.0,0.09755081728175805,2.4324407908880206,0.22535550811319516,0.08939877146628238,0.08939877146628238,0.0,0.04498555898797072,0.08939877146628238,0,0.0,0,2.4324407908880206,,,,,,,,,,,
6400,10/7/1984,1.271,2.063,10.000,5.054,2.063,0.0,2.991,0.0,0.0,0.08939877146628238,2.4324407908880206,0.08939877146628238,0.0,0.09136283641349893,2.3410779544745215,0.2118376617512848,0.0,0.0,0.0,0.041950680928419685,0.0,0,0.0,0,2.3410779544745215,,,,,,,,,,,
6401,10/8/1984,1.380,2.554,10.000,5.054,2.554,0.0,2.5000000000000004,0.0,0.0,0.0,2.3410779544745215,0.0,0.0,0.08571540931500361,2.255362545159518,0.19945023544474164,0.0,0.0,0.0,0.03919268071303223,0.0,0,0.0,0,2.255362545159518,,,,,,,,,,,
6402,10/9/1984,1.189,0.811,10.000,5.054,0.811,0.0,4.243,0.0,0.0,0.0,2.255362545159518,0.0,0.0,0.08054891921494609,2.1748136259445716,0.18807297510883902,0.0,0.0,0.0,0.03667999141526964,0.0,0,0.0,0,2.1748136259445716,,,,,,,,,,,
6403,10/10/1984,1.465,3.273,10.000,5.054,3.273,0.0,1.7810000000000001,0.0,0.0,0.0,2.1748136259445716,0.0,0.0,0.0758116333239308,2.0990019926206407,0.17760104632698592,0.0,0.0,0.0,0.03438533337862107,0.0,0,0.0,0,2.0990019926206407,,,,,,,,,,,
6404,10/11/1984,1.143,0.513,10.000,5.054,0.513,0.0,4.541,0.0,0.0,0.0,2.0990019926206407,0.0,0.0,0.07145849457117277,2.027543498049468,0.16794273415928396,0.0,0.0,0.0,0.032285042484022655,0.0,0,0.0,0,2.027543498049468,,,,,,,,,,,
6405,10/12/1984,1.225,0.327,10.000,5.054,0.327,0.0,4.727,0.0,0.0,0.0,2.027543498049468,0.0,0.0,0.06745012280816105,1.960093375241307,0.15901753225393767,0.0,0.0,0.0,0.030358517077493492,0.0,0,0.0,0,1.960093375241307,,,,,,,,,,,
6406,10/13/1984,1.223,0.210,10.000,5.054,0.21,0.0,4.844,0.0,0.0,0.0,1.960093375241307,0.0,0.0,0.06375198513434674,1.8963413901069603,0.1507545478829226,0.0,0.0,0.0,0.028587760328940445,0.0,0,0.0,0,1.8963413901069603,,,,,,,,,,,
6407,10/14/1984,1.223,0.154,10.000,5.054,0.154,0.0,4.9,0.0,0.0,0.0,1.8963413901069603,0.0,0.0,0.06033370351416918,1.8360076865927912,0.14309116470742284,0.0,0.0,0.0,0.026956999765590448,0.0,0,0.0,0,1.8360076865927912,,,,,,,,,,,
6408,10/15/1984,1.229,0.201,10.000,5.054,0.201,0.0,4.853000000000001,0.0,0.0,0.0,1.8360076865927912,0.0,0.0,0.05716847442185189,1.7788392121709393,0.13597191685214324,0.0,0.0,0.0,0.02545236954437904,0.0,0,0.0,0,1.7788392121709393,,,,,,,,,,,
6409,10/16/1984,1.318,1.269,10.000,5.054,1.269,0.0,3.785,0.0,0.0,0.0,1.7788392121709393,0.0,0.0,0.0542325803486223,1.724606631822317,0.12934753705457988,0.0,0.0,0.0,0.024061643982939977,0.0,0,0.0,0,1.724606631822317,,,,,,,,,,,
6410,10/17/1984,1.319,1.800,10.000,5.054,1.8,0.0,3.2540000000000004,0.0,0.0,0.0,1.724606631822317,0.0,0.0,0.05150497698935544,1.6731016548329616,0.12317414886712258,0.0,0.0,0.0,0.02277401316900141,0.0,0,0.0,0,1.6731016548329616,,,,,,,,,,,
6411,10/18/1984,1.371,2.645,10.000,5.054,2.645,0.0,2.4090000000000003,0.0,0.0,0.0,1.6731016548329616,0.0,0.0,0.048966943054649645,1.624134711778312,0.11741257858358435,0.0,0.0,0.0,0.021579893268914515,0.0,0,0.0,0,1.624134711778312,,,,,,,,,,,
6412,10/19/1984,1.355,2.809,10.000,5.054,2.809,0.0,2.245,0.0,0.0,0.0,1.624134711778312,0.0,0.0,0.0466017821266414,1.5775329296516707,0.11202776708149473,0.0,0.0,0.0,0.020470765574087866,0.0,0,0.0,0,1.5775329296516707,,,,,,,,,,,
6413,10/20/1984,1.147,0.399,10.000,5.054,0.399,0.0,4.655,0.0,0.0,0.0,1.5775329296516707,0.0,0.0,0.044394567940725806,1.5331383617109449,0.10698826537800837,0.0,0.0,0.0,0.019439039446723216,0.0,0,0.0,0,1.5331383617109449,,,,,,,,,,,
6414,10/21/1984,1.233,0.380,10.000,5.054,0.38,0.0,4.674,0.0,0.0,0.0,1.5331383617109449,0.0,0.0,0.042331926043294485,1.4908064356676505,0.1022658005894078,0.0,0.0,0.0,0.01847793521959111,0.0,0,0.0,0,1.4908064356676505,,,,,,,,,,,
6415,10/22/1984,1.298,1.131,10.000,5.054,1.131,0.0,3.923,0.0,0.0,0.0,1.4908064356676505,0.0,0.0,0.040401846033556656,1.4504045896340938,0.09783490131445373,0.0,0.0,0.0,0.01758138381899083,0.0,0,0.0,0,1.4504045896340938,,,,,,,,,,,
6416,10/23/1984,1.190,0.214,10.000,5.054,0.214,0.0,4.84,0.0,0.0,0.0,1.4504045896340938,0.0,0.0,0.038593519611471706,1.411811070022622,0.09367257334796086,0.0,0.0,0.0,0.0167439404540542,0.0,0,0.0,0,1.411811070022622,,,,,,,,,,,
6417,10/24/1984,1.244,0.413,10.000,5.054,0.413,0.0,4.641,0.0,0.0,0.0,1.411811070022622,0.0,0.0,0.03689720047477059,1.3749138695478516,0.08975801816425992,0.0,0.0,0.0,0.015960710178856155,0.0,0,0.0,0,1.3749138695478516,,,,,,,,,,,
6418,10/25/1984,1.201,0.000,10.000,5.054,0.0,0.0,5.054,0.0,0.0,0.0,1.3749138695478516,0.0,0.0,0.035304082775571205,1.3396097867722803,0.08607238786187028,0.0,0.0,0.0,0.015227283509366182,0.0,0,0.0,0,1.3396097867722803,,,,,,,,,,,
6419,10/26/1984,1.228,0.117,10.000,5.054,0.117,0.0,4.937,0.0,0.0,0.0,1.3396097867722803,0.0,0.0,0.03380619539210307,1.305803591380177,0.08259857128657579,0.0,0.0,0.0,0.014539680582996274,0.0,0,0.0,0,1.305803591380177,,,,,,,,,,,
6420,10/27/1984,1.216,0.032,10.000,5.054,0.032,0.0,5.022,0.0,0.0,0.0,1.305803591380177,0.0,0.0,0.032396309717795356,1.2734072816623818,0.07932100689414405,0.0,0.0,0.0,0.01389430259836152,0.0,0,0.0,0,1.2734072816623818,,,,,,,,,,,
6421,10/28/1984,1.236,0.230,10.000,5.054,0.23,0.0,4.824,0.0,0.0,0.0,1.2734072816623818,0.0,0.0,0.031067859037559264,1.2423394226248226,0.07622551861095611,0.0,0.0,0.0,0.013287889477861645,0.0,0,0.0,0,1.2423394226248226,,,,,,,,,,,
6422,10/29/1984,1.218,0.118,10.000,5.054,0.118,0.0,4.936,0.0,0.0,0.0,1.2423394226248226,0.0,0.0,0.029814867864643938,1.2125245547601786,0.07329917152847927,0.0,0.0,0.0,0.012717482864496558,0.0,0,0.0,0,1.2125245547601786,,,,,,,,,,,
6423,10/30/1984,1.221,0.099,10.000,5.054,0.099,0.0,4.955,0.0,0.0,0.0,1.2125245547601786,0.0,0.0,0.02863188986299916,1.1838926648971795,0.07053014474790538,0.0,0.0,0.0,0.01218039370382996,0.0,0,0.0,0,1.1838926648971795,,,,,,,,,,,
6424,10/31/1984,1.247,0.401,10.000,5.054,0.401,0.0,4.6530000000000005,0.0,0.0,0.0,1.1838926648971795,0.0,0.0,0.02751395318925078,1.1563787117079287,0.06790761909209186,0.0,0.0,0.0,0.011674173777695656,0.0,0,0.0,0,1.1563787117079287,,,,,,,,,,,
6425,11/1/1984,0.000,3.055,11.000,5.054,3.055,0.0,1.999,0.0,0.0,0.0,1.1563787117079287,0.0,0.0,0.02645651226289478,1.129922199445034,0.06542167773743214,0.0,0.0,0.0,0.011196590652486718,0.0,0,0.0,0,1.129922199445034,,,,,,,,,,,
6426,11/2/1984,0.000,1.545,11.000,5.054,1.545,0.0,3.5090000000000003,0.0,0.0,0.0,1.129922199445034,0.0,0.0,0.025455405119349354,1.1044667943256845,0.06306321809995548,0.0,0.0,0.0,0.010745605585199405,0.0,0,0.0,0,1.1044667943256845,,,,,,,,,,,
6427,11/3/1984,0.000,4.946,11.000,5.054,4.946,0.0,0.10800000000000054,0.0,0.0,0.0,1.1044667943256845,0.0,0.0,0.024506815623086927,1.0799599787025975,0.06082387354715111,0.0,0.0,0.0,0.010319353997659497,0.0,0,0.0,0,1.0799599787025975,,,,,,,,,,,
6428,11/4/1984,0.000,16.176,11.000,5.054,5.054,11.121999999999998,0.0,0,11.032558554281568,0.0,12.112518532984165,0.0,0.0,1.3266505325023308,10.785868000481834,2.5733008231031804,0.08944144571843,0.08944144571843,0.0,0.7264157143407507,0.08944144571843,0,0.0,0,10.785868000481834,,,,,,,,,,,
6429,11/5/1984,0.000,0.987,11.000,5.054,0.987,0.0,4.067,0.0,0.0,0.08944144571843,10.785868000481834,0.08944144571843,0.0,1.093429902120978,9.692438098360856,2.153370386946834,0.0,0.0,0.0,0.591145881908803,0.0,0,0.0,0,9.692438098360856,,,,,,,,,,,
6430,11/6/1984,0.000,0.666,11.000,5.054,0.666,0.0,4.388,0.0,0.0,0.0,9.692438098360856,0.0,0.0,0.9149994606980755,8.777438637662781,1.8266899024339711,0.0,0.0,0.0,0.48891523782714313,0.0,0,0.0,0,8.777438637662781,,,,,,,,,,,
6431,11/7/1984,0.000,0.259,11.000,5.054,0.259,0.0,4.795,0.0,0.0,0.0,8.777438637662781,0.0,0.0,0.7756136579970425,8.001824979665738,1.5676394951323296,0.0,0.0,0.0,0.409954191037032,0.0,0,0.0,0,8.001824979665738,,,,,,,,,,,
6432,11/8/1984,0.000,0.189,11.000,5.054,0.189,0.0,4.865,0.0,0.0,0.0,8.001824979665738,0.0,0.0,0.6647844588101178,7.33704052085562,1.3588423975615376,0.0,0.0,0.0,0.3478279210870926,0.0,0,0.0,0,7.33704052085562,,,,,,,,,,,
6433,11/9/1984,0.000,0.041,11.000,5.054,0.041,0.0,5.013,0.0,0.0,0.0,7.33704052085562,0.0,0.0,0.5753083013335785,6.761732219522042,1.1881668295281713,0.0,0.0,0.0,0.2981626623688226,0.0,0,0.0,0,6.761732219522042,,,,,,,,,,,
6434,11/10/1984,0.000,0.086,11.000,5.054,0.086,0.0,4.968,0.0,0.0,0.0,6.761732219522042,0.0,0.0,0.5021063619460607,6.259625857575981,1.0469309470144665,0.0,0.0,0.0,0.2579046732172796,0.0,0,0.0,0,6.259625857575981,,,,,,,,,,,
6435,11/11/1984,0.000,0.180,11.000,5.054,0.18,0.0,4.8740000000000006,0.0,0.0,0.0,6.259625857575981,0.0,0.0,0.4415159572639457,5.818109900312035,0.9287875182178276,0.0,0.0,0.0,0.22487179265518573,0.0,0,0.0,0,5.818109900312035,,,,,,,,,,,
6436,11/12/1984,0.000,0.036,11.000,5.054,0.036,0.0,5.018000000000001,0.0,0.0,0.0,5.818109900312035,0.0,0.0,0.39084297663943585,5.427266923672599,0.8290085517676089,0.0,0.0,0.0,0.1974727368069382,0.0,0,0.0,0,5.427266923672599,,,,,,,,,,,
6437,11/13/1984,0.000,0.001,11.000,5.054,0.001,0.0,5.053,0.0,0.0,0.0,5.427266923672599,0.0,0.0,0.3480709248770561,5.0791959987955435,0.7440136127459726,0.0,0.0,0.0,0.17452616417637032,0.0,0,0.0,0,5.0791959987955435,,,,,,,,,,,
6438,11/14/1984,0.000,0.060,11.000,5.054,0.06,0.0,4.994000000000001,0.0,0.0,0.0,5.0791959987955435,0.0,0.0,0.3116669358126959,4.767529062982848,0.6710511912281826,0.0,0.0,0.0,0.15514101154930887,0.0,0,0.0,0,4.767529062982848,,,,,,,,,,,
6439,11/15/1984,0.000,0.772,11.000,5.054,0.772,0.0,4.282,0.0,0.0,0.0,4.767529062982848,0.0,0.0,0.28044951498797144,4.487079547994877,0.607978796548353,0.0,0.0,0.0,0.1386355307402135,0.0,0,0.0,0,4.487079547994877,,,,,,,,,,,
6440,11/16/1984,0.000,0.972,11.000,5.054,0.972,0.0,4.082000000000001,0.0,0.0,0.0,4.487079547994877,0.0,0.0,0.2534965536673987,4.233582994327478,0.5531082576631563,0.0,0.0,0.0,0.12448138704503871,0.0,0,0.0,0,4.233582994327478,,,,,,,,,,,
6441,11/17/1984,0.000,0.473,11.000,5.054,0.473,0.0,4.581,0.0,0.0,0.0,4.233582994327478,0.0,0.0,0.23008019738670663,4.003502796940771,0.505095009799929,0.0,0.0,0.0,0.1122643522124226,0.0,0,0.0,0,4.003502796940771,,,,,,,,,,,
6442,11/18/1984,0.000,0.068,11.000,5.054,0.068,0.0,4.986000000000001,0.0,0.0,0.0,4.003502796940771,0.0,0.0,0.20961997829194143,3.79388281864883,0.4628576218324566,0.0,0.0,0.0,0.10165620741020093,0.0,0,0.0,0,3.79388281864883,,,,,,,,,,,
6443,11/19/1984,0.000,0.019,11.000,5.054,0.019,0.0,5.035,0.0,0.0,0.0,3.79388281864883,0.0,0.0,0.1916485917992105,3.6022342268496197,0.4255184743525967,0.0,0.0,0.0,0.09239435701082689,0.0,0,0.0,0,3.6022342268496197,,,,,,,,,,,
6444,11/20/1984,0.000,0.000,11.000,5.054,0.0,0.0,5.054,0.0,0.0,0.0,3.6022342268496197,0.0,0.0,0.1757865698943769,3.4264476569552427,0.39235946351282536,0.0,0.0,0.0,0.08426683418326264,0.0,0,0.0,0,3.4264476569552427,,,,,,,,,,,
6445,11/21/1984,0.000,0.004,11.000,5.054,0.004,0.0,5.050000000000001,0.0,0.0,0.0,3.4264476569552427,0.0,0.0,0.16172330732569487,3.2647243496295477,0.36278853269498534,0.0,0.0,0.0,0.07710113373516879,0.0,0,0.0,0,3.2647243496295477,,,,,,,,,,,
6446,11/22/1984,0.376,0.011,11.000,5.054,0.011,0.0,5.043,0.0,0.0,0.0,3.2647243496295477,0.0,0.0,0.1492026861156479,3.1155216635139,0.3363141096134361,0.0,0.0,0.0,0.07075579929362462,0.0,0,0.0,0,3.1155216635139,,,,,,,,,,,
6447,11/23/1984,0.376,0.030,11.000,5.054,0.03,0.0,5.024,0.0,0.0,0.0,3.1155216635139,0.0,0.0,0.13801207015779,2.97750959335611,0.3125253851298488,0.0,0.0,0.0,0.0651140179634582,0.0,0,0.0,0,2.97750959335611,,,,,,,,,,,
6448,11/24/1984,0.376,0.235,11.000,5.054,0.235,0.0,4.819,0.0,0.0,0.0,2.97750959335611,0.0,0.0,0.12797379833793904,2.849535795018171,0.2910769570945819,0.0,0.0,0.0,0.060078695346442806,0.0,0,0.0,0,2.849535795018171,,,,,,,,,,,
6449,11/25/1984,0.376,0.385,11.000,5.054,0.385,0.0,4.6690000000000005,0.0,0.0,0.0,2.849535795018171,0.0,0.0,0.11893854989113702,2.7305972451270337,0.2716767696256719,0.0,0.0,0.0,0.055568634119555226,0.0,0,0.0,0,2.7305972451270337,,,,,,,,,,,
6450,11/26/1984,0.376,0.116,11.000,5.054,0.116,0.0,4.938000000000001,0.0,0.0,0.0,2.7305972451270337,0.0,0.0,0.11078012667604402,2.6198171184509897,0.2540765642960856,0.0,0.0,0.0,0.0515155436159604,0.0,0,0.0,0,2.6198171184509897,,,,,,,,,,,
6451,11/27/1984,0.376,0.068,11.000,5.054,0.068,0.0,4.986000000000001,0.0,0.0,0.0,2.6198171184509897,0.0,0.0,0.10339131773641035,2.5164258007145794,0.23806426318550386,0.0,0.0,0.0,0.04786168107636257,0.0,0,0.0,0,2.5164258007145794,,,,,,,,,,,
6452,11/28/1984,0.376,0.000,11.000,5.054,0.0,0.0,5.054,0.0,0.0,0.0,2.5164258007145794,0.0,0.0,0.09668059771767713,2.419745202996902,0.22345785015959718,0.0,0.0,0.0,0.044557977286701814,0.0,0,0.0,0,2.419745202996902,,,,,,,,,,,
6453,11/29/1984,0.353,0.049,11.000,5.054,0.049,0.0,5.005,0.0,0.0,0.0,2.419745202996902,0.0,0.0,0.0905694729490947,2.3291757300478073,0.2101004232051322,0.0,0.0,0.0,0.041562536726952516,0.0,0,0.0,0,2.3291757300478073,,,,,,,,,,,
6454,11/30/1984,0.331,0.065,11.000,5.054,0.065,0.0,4.989,0.0,0.0,0.0,2.3291757300478073,0.0,0.0,0.08499033440816328,2.244185395639644,0.19785616884416607,0.0,0.0,0.0,0.03883942952285324,0.0,0,0.0,0,2.244185395639644,,,,,,,,,,,
6455,12/1/1984,0.331,0.167,12.000,5.337,0.167,0.0,5.17,0.0,0.0,0.0,2.244185395639644,0.0,0.0,0.07988471022801219,2.164300685411632,0.18660706762049153,0.0,0.0,0.0,0.03635771241444941,0.0,0,0.0,0,2.164300685411632,,,,,,,,,,,
6456,12/2/1984,0.331,0.078,12.000,5.337,0.078,0.0,5.2589999999999995,0.0,0.0,0.0,2.164300685411632,0.0,0.0,0.07520183526424558,2.089098850147386,0.17625018300619172,0.0,0.0,0.0,0.034090630698550374,0.0,0,0.0,0,2.089098850147386,,,,,,,,,,,
6457,12/3/1984,0.331,0.050,12.000,5.337,0.05,0.0,5.287,0.0,0.0,0.0,2.089098850147386,0.0,0.0,0.07089747386850266,2.0182013762788835,0.16669541876931887,0.0,0.0,0.0,0.032014964107086145,0.0,0,0.0,0,2.0182013762788835,,,,,,,,,,,
6458,12/4/1984,0.331,0.042,12.000,5.337,0.042,0.0,5.295,0.0,0.0,0.0,2.0182013762788835,0.0,0.0,0.06693294609285637,1.9512684301860272,0.15786365469000227,0.0,0.0,0.0,0.030110487864708272,0.0,0,0.0,0,1.9512684301860272,,,,,,,,,,,
6459,12/5/1984,0.331,0.513,12.000,5.337,0.513,0.0,4.824,0.0,0.0,0.0,1.9512684301860272,0.0,0.0,0.0632743182660362,1.887994111919991,0.14968518953463744,0.0,0.0,0.0,0.028359526448786528,0.0,0,0.0,0,1.887994111919991,,,,,,,,,,,
6460,12/6/1984,0.353,0.516,12.000,5.337,0.516,0.0,4.821,0.0,0.0,0.0,1.887994111919991,0.0,0.0,0.05989172709992251,1.8281023848200686,0.14209843486319815,0.0,0.0,0.0,0.026746582371642545,0.0,0,0.0,0,1.8281023848200686,,,,,,,,,,,
6461,12/7/1984,0.331,0.296,12.000,5.337,0.296,0.0,5.0409999999999995,0.0,0.0,0.0,1.8281023848200686,0.0,0.0,0.05675881282862936,1.7713435719914392,0.13504881462603274,0.0,0.0,0.0,0.025258025993982844,0.0,0,0.0,0,1.7713435719914392,,,,,,,,,,,
6462,12/8/1984,0.331,0.026,12.000,5.337,0.026,0.0,5.311,0.0,0.0,0.0,1.7713435719914392,0.0,0.0,0.053852241811593524,1.7174913301798458,0.12848783439475328,0.0,0.0,0.0,0.023881835234368563,0.0,0,0.0,0,1.7174913301798458,,,,,,,,,,,
6463,12/9/1984,0.331,0.030,12.000,5.337,0.03,0.0,5.3069999999999995,0.0,0.0,0.0,1.7174913301798458,0.0,0.0,0.05115130288544769,1.666340027294398,0.12237229105462073,0.0,0.0,0.0,0.022607376264148406,0.0,0,0.0,0,1.666340027294398,,,,,,,,,,,
6464,12/10/1984,0.331,0.045,12.000,5.337,0.045,0.0,5.292,0.0,0.0,0.0,1.666340027294398,0.0,0.0,0.04863756477945144,1.6177024625149465,0.1166635993028989,0.0,0.0,0.0,0.02142521802039428,0.0,0,0.0,0,1.6177024625149465,,,,,,,,,,,
6465,12/11/1984,0.331,0.259,12.000,5.337,0.259,0.0,5.077999999999999,0.0,0.0,0.0,1.6177024625149465,0.0,0.0,0.04629458430508128,1.5714078782098653,0.11132721568030272,0.0,0.0,0.0,0.020326974742931707,0.0,0,0.0,0,1.5714078782098653,,,,,,,,,,,
6466,12/12/1984,0.331,0.105,12.000,5.337,0.105,0.0,5.231999999999999,0.0,0.0,0.0,1.5714078782098653,0.0,0.0,0.04410765693483111,1.5273002212750342,0.10633214436218363,0.0,0.0,0.0,0.019305171829728008,0.0,0,0.0,0,1.5273002212750342,,,,,,,,,,,
6467,12/13/1984,0.331,0.000,12.000,5.337,0.0,0.0,5.337,0.0,0.0,0.0,1.5273002212750342,0.0,0.0,0.04206360290680787,1.4852366183682264,0.10165051174425405,0.0,0.0,0.0,0.018353131171417826,0.0,0,0.0,0,1.4852366183682264,,,,,,,,,,,
6468,12/14/1984,0.331,0.000,12.000,5.337,0.0,0.0,5.337,0.0,0.0,0.0,1.4852366183682264,0.0,0.0,0.04015058321320737,1.445086035155019,0.09725719912168738,0.0,0.0,0.0,0.017464872819149064,0.0,0,0.0,0,1.445086035155019,,,,,,,,,,,
6469,12/15/1984,0.331,0.004,12.000,5.337,0.004,0.0,5.333,0.0,0.0,0.0,1.445086035155019,0.0,0.0,0.03835794081594018,1.4067280943390787,0.09312952459403728,0.0,0.0,0.0,0.01663503039741932,0.0,0,0.0,0,1.4067280943390787,,,,,,,,,,,
6470,12/16/1984,0.331,0.053,12.000,5.337,0.053,0.0,5.284,0.0,0.0,0.0,1.4067280943390787,0.0,0.0,0.03667606323079625,1.3700520311082824,0.0892469668198659,0.0,0.0,0.0,0.015858778123804762,0.0,0,0.0,0,1.3700520311082824,,,,,,,,,,,
6471,12/17/1984,0.331,0.412,12.000,5.337,0.412,0.0,4.925,0.0,0.0,0.0,1.3700520311082824,0.0,0.0,0.035096263270867484,1.3349557678374149,0.08559092446315358,0.0,0.0,0.0,0.015131767662666846,0.0,0,0.0,0,1.3349557678374149,,,,,,,,,,,
6472,12/18/1984,0.331,0.072,12.000,5.337,0.072,0.0,5.265,0.0,0.0,0.0,1.3349557678374149,0.0,0.0,0.03361067527038787,1.301345092567027,0.08214450617251612,0.0,0.0,0.0,0.014450073337352232,0.0,0,0.0,0,1.301345092567027,,,,,,,,,,,
6473,12/19/1984,0.331,0.000,12.000,5.337,0.0,0.0,5.337,0.0,0.0,0.0,1.301345092567027,0.0,0.0,0.03221216454517404,1.2691329280218528,0.07889234675657959,0.0,0.0,0.0,0.013810144468612957,0.0,0,0.0,0,1.2691329280218528,,,,,,,,,,,
6474,12/20/1984,0.247,0.007,12.000,5.337,0.007,0.0,5.33,0.0,0.0,0.0,1.2691329280218528,0.0,0.0,0.030894248203964806,1.238238679817888,0.07582044589827934,0.0,0.0,0.0,0.01320876380661309,0.0,0,0.0,0,1.238238679817888,,,,,,,,,,,
6475,12/21/1984,0.247,0.539,12.000,5.337,0.539,0.0,4.798,0.0,0.0,0.0,1.238238679817888,0.0,0.0,0.02965102572083703,1.2085876540970508,0.0729160263141868,0.0,0.0,0.0,0.012643011188365087,0.0,0,0.0,0,1.2085876540970508,,,,,,,,,,,
6476,12/22/1984,0.247,0.000,12.000,5.337,0.0,0.0,5.337,0.0,0.0,0.0,1.2085876540970508,0.0,0.0,0.028477117924186838,1.1801105361728639,0.07016740873365591,0.0,0.0,0.0,0.012110231688427653,0.0,0,0.0,0,1.1801105361728639,,,,,,,,,,,
6477,12/23/1984,0.247,0.057,12.000,5.337,0.057,0.0,5.279999999999999,0.0,0.0,0.0,1.1801105361728639,0.0,0.0,0.02736761326183866,1.1527429229110253,0.06756390146380054,0.0,0.0,0.0,0.011608007643515992,0.0,0,0.0,0,1.1527429229110253,,,,,,,,,,,
6478,12/24/1984,0.247,0.000,12.000,5.337,0.0,0.0,5.337,0.0,0.0,0.0,1.1527429229110253,0.0,0.0,0.026318020372164335,1.126424902538861,0.06509570263391275,0.0,0.0,0.0,0.011134134025581438,0.0,0,0.0,0,1.126424902538861,,,,,,,,,,,
6479,12/25/1984,0.247,0.000,12.000,5.337,0.0,0.0,5.337,0.0,0.0,0.0,1.126424902538861,0.0,0.0,0.02532422613368866,1.1011006764051725,0.06275381348809109,0.0,0.0,0.0,0.01068659671632934,0.0,0,0.0,0,1.1011006764051725,,,,,,,,,,,
6480,12/26/1984,0.247,0.035,12.000,5.337,0.035,0.0,5.302,0.0,0.0,0.0,1.1011006764051725,0.0,0.0,0.02438245848540225,1.0767182179197703,0.0605299613266484,0.0,0.0,0.0,0.010263553301819875,0.0,0,0.0,0,1.0767182179197703,,,,,,,,,,,
6481,12/27/1984,0.247,0.037,12.000,5.337,0.037,0.0,5.3,0.0,0.0,0.0,1.0767182179197703,0.0,0.0,0.023489253410851903,1.0532289645089183,0.05841653089269925,0.0,0.0,0.0,0.009863316060967593,0.0,0,0.0,0,1.0532289645089183,,,,,,,,,,,
6482,12/28/1984,0.247,0.151,12.000,5.337,0.151,0.0,5.186,0.0,0.0,0.0,1.0532289645089183,0.0,0.0,0.022641425564255937,1.0305875389446624,0.056406503166226724,0.0,0.0,0.0,0.009484336868235597,0.0,0,0.0,0,1.0305875389446624,,,,,,,,,,,
6483,12/29/1984,0.247,0.012,12.000,5.337,0.012,0.0,5.325,0.0,0.0,0.0,1.0305875389446624,0.0,0.0,0.0218360420890284,1.008751496855634,0.054493400668848245,0.0,0.0,0.0,0.009125193770086738,0.0,0,0.0,0,1.008751496855634,,,,,,,,,,,
6484,12/30/1984,0.247,0.555,12.000,5.337,0.555,0.0,4.782,0.0,0.0,0.0,1.008751496855634,0.0,0.0,0.021070399240350472,0.9876810976152834,0.0526712385025096,0.0,0.0,0.0,0.00878457902801558,0.0,0,0.0,0,0.9876810976152834,,,,,,,,,,,
6485,12/31/1984,0.247,0.081,12.000,5.337,0.081,0.0,5.255999999999999,0.0,0.0,0.0,0.9876810976152834,0.0,0.0,0.020342001475575074,0.9673390961397084,0.050934480447795985,0.0,0.0,0.0,0.008461288449233526,0.0,0,0.0,0,0.9673390961397084,,,,,,,,,,,
6486,1/1/1985,0.247,0.181,1.000,5.134,0.181,0.0,4.953,0.0,0.0,0.0,0.9673390961397084,0.0,0.0,0.019648542720754513,0.9476905534189538,0.0492779995352351,0.0,0.0,0.0,0.008154211850130034,0.0,0,0.0,0,0.9476905534189538,,,,,,,,,,,
6487,1/2/1985,0.247,0.000,1.000,5.134,0.0,0.0,5.134,0.0,0.0,0.0,0.9476905534189538,0.0,0.0,0.01898788955965481,0.928702663859299,0.047697042578190116,0.0,0.0,0.0,0.007862324518160572,0.0,0,0.0,0,0.928702663859299,,,,,,,,,,,
6488,1/3/1985,0.247,0.005,1.000,5.134,0.005,0.0,5.1290000000000004,0.0,0.0,0.0,0.928702663859299,0.0,0.0,0.01835806612426709,0.910344597735032,0.046187198220614345,0.0,0.0,0.0,0.007584679555373233,0.0,0,0.0,0,0.910344597735032,,,,,,,,,,,
6489,1/4/1985,0.247,0.131,1.000,5.134,0.131,0.0,5.003,0.0,0.0,0.0,0.910344597735032,0.0,0.0,0.0177572404938849,0.892587357241147,0.044744368108671134,0.0,0.0,0.0,0.0073204010018446215,0.0,0,0.0,0,0.892587357241147,,,,,,,,,,,
6490,1/5/1985,0.247,0.484,1.000,5.134,0.484,0.0,4.65,0.0,0.0,0.0,0.892587357241147,0.0,0.0,0.017183712433983023,0.875403644807164,0.04336474084334825,0.0,0.0,0.0,0.007068677650236907,0.0,0,0.0,0,0.875403644807164,,,,,,,,,,,
6491,1/6/1985,0.247,5.623,1.000,5.134,5.134,0.4889999999999999,0.0,0,0.3995617440257467,0.0,1.2749653888329107,0.0,0.0,0.03113124121328653,1.2438341476196242,0.07637337221137463,0.0894382559742532,0.0894382559742532,0.0,0.013316784088759736,0.0894382559742532,0,0.0,0,1.2438341476196242,,,,,,,,,,,
6492,1/7/1985,0.247,2.922,1.000,5.134,2.922,0.0,2.212,0.0,0.0,0.0894382559742532,1.2438341476196242,0.0894382559742532,0.0,0.02987467827538844,1.2139594693442357,0.07343900950507377,0.0,0.0,0.0,0.012744675393297487,0.0,0,0.0,0,1.2139594693442357,,,,,,,,,,,
6493,1/8/1985,0.331,2.854,1.000,5.134,2.854,0.0,2.2800000000000002,0.0,0.0,0.0,1.2139594693442357,0.0,0.0,0.028688384280082215,1.1852710850641535,0.0706625229385048,0.0,0.0,0.0,0.012206010270002772,0.0,0,0.0,0,1.1852710850641535,,,,,,,,,,,
6494,1/9/1985,0.331,1.942,1.000,5.134,1.942,0.0,3.192,0.0,0.0,0.0,1.1852710850641535,0.0,0.0,0.027567365273985407,1.157703719790168,0.06803304659514124,0.0,0.0,0.0,0.011698329292887623,0.0,0,0.0,0,1.157703719790168,,,,,,,,,,,
6495,1/10/1985,0.309,2.007,1.000,5.134,2.007,0.0,3.1270000000000002,0.0,0.0,0.0,1.157703719790168,0.0,0.0,0.026507055796671373,1.1311966639934967,0.06554062151299371,0.0,0.0,0.0,0.011219389977403361,0.0,0,0.0,0,1.1311966639934967,,,,,,,,,,,
6496,1/11/1985,0.309,8.190,1.000,5.134,5.134,3.055999999999999,0.0,0,2.966558554281569,0.0,4.097755218275066,0.0,0.0,0.21790931623228407,3.879845902042782,0.48000351588104934,0.08944144571843,0.08944144571843,0.0,0.10594618293474019,0.08944144571843,0,0.0,0,3.879845902042782,,,,,,,,,,,
6497,1/12/1985,0.331,0.506,1.000,5.134,0.506,0.0,4.628,0.0,0.0,0.08944144571843,3.879845902042782,0.08944144571843,0.0,0.1989405156507751,3.6809053863920065,0.44069720165494713,0.0,0.0,0.0,0.09614576957025905,0.0,0,0.0,0,3.6809053863920065,,,,,,,,,,,
6498,1/13/1985,0.331,0.188,1.000,5.134,0.188,0.0,4.946000000000001,0.0,0.0,0.0,3.6809053863920065,0.0,0.0,0.18223153586263774,3.498673850529369,0.40585638613331987,0.0,0.0,0.0,0.0875635779063357,0.0,0,0.0,0,3.498673850529369,,,,,,,,,,,
6499,1/14/1985,0.331,0.601,1.000,5.134,0.601,0.0,4.533,0.0,0.0,0.0,3.498673850529369,0.0,0.0,0.16744475293331043,3.3312290975960583,0.37483944153561344,0.0,0.0,0.0,0.08001164678033587,0.0,0,0.0,0,3.3312290975960583,,,,,,,,,,,
6500,1/15/1985,0.331,0.744,1.000,5.134,0.744,0.0,4.390000000000001,0.0,0.0,0.0,3.3312290975960583,0.0,0.0,0.15430261282692082,3.1769264847691376,0.3471151756211156,0.0,0.0,0.0,0.07333632530643874,0.0,0,0.0,0,3.1769264847691376,,,,,,,,,,,
6501,1/16/1985,0.331,0.000,1.000,5.134,0.0,0.0,5.134,0.0,0.0,0.0,3.1769264847691376,0.0,0.0,0.14257533036477324,3.0343511544043644,0.32224085906385697,0.0,0.0,0.0,0.06741109705481868,0.0,0,0.0,0,3.0343511544043644,,,,,,,,,,,
6502,1/17/1985,0.309,0.000,1.000,5.134,0.0,0.0,5.134,0.0,0.0,0.0,3.0343511544043644,0.0,0.0,0.13207141849370835,2.902279735910656,0.29984518142328714,0.0,0.0,0.0,0.06213108492198264,0.0,0,0.0,0,2.902279735910656,,,,,,,,,,,
6503,1/18/1985,0.288,0.267,1.000,5.134,0.267,0.0,4.867,0.0,0.0,0.0,2.902279735910656,0.0,0.0,0.1226303291032539,2.779649406807402,0.27961491224288143,0.0,0.0,0.0,0.057408803310953424,0.0,0,0.0,0,2.779649406807402,,,,,,,,,,,
6504,1/19/1985,0.288,0.050,1.000,5.134,0.05,0.0,5.0840000000000005,0.0,0.0,0.0,2.779649406807402,0.0,0.0,0.11411668535016699,2.665532721457235,0.2612843751898208,0.0,0.0,0.0,0.05317084566345744,0.0,0,0.0,0,2.665532721457235,,,,,,,,,,,
6505,1/20/1985,0.288,0.020,1.000,5.134,0.02,0.0,5.114000000000001,0.0,0.0,0.0,2.665532721457235,0.0,0.0,0.10641572499861453,2.5591169964586205,0.24462707768637845,0.0,0.0,0.0,0.049355280228922487,0.0,0,0.0,0,2.5591169964586205,,,,,,,,,,,
6506,1/21/1985,0.288,0.647,1.000,5.134,0.647,0.0,4.487,0.0,0.0,0.0,2.5591169964586205,0.0,0.0,0.09942967347312388,2.4596873229854967,0.22944900644017674,0.0,0.0,0.0,0.04590958696730595,0.0,0,0.0,0,2.4596873229854967,,,,,,,,,,,
6507,1/22/1985,0.288,0.138,1.000,5.134,0.138,0.0,4.996,0.0,0.0,0.0,2.4596873229854967,0.0,0.0,0.09307483662113267,2.3666124863643643,0.21558322088126367,0.0,0.0,0.0,0.042789011418501645,0.0,0,0.0,0,2.3666124863643643,,,,,,,,,,,
6508,1/23/1985,0.288,0.625,1.000,5.134,0.625,0.0,4.509,0.0,0.0,0.0,2.3666124863643643,0.0,0.0,0.08727925497632112,2.2793332313880432,0.20288546545870015,0.0,0.0,0.0,0.039955242418638307,0.0,0,0.0,0,2.2793332313880432,,,,,,,,,,,
6509,1/24/1985,0.288,0.230,1.000,5.134,0.23,0.0,4.904,0.0,0.0,0.0,2.2793332313880432,0.0,0.0,0.08198079931166395,2.197352432076379,0.191230587434621,0.0,0.0,0.0,0.03737534321992995,0.0,0,0.0,0,2.197352432076379,,,,,,,,,,,
6510,1/25/1985,0.247,1.193,1.000,5.134,1.193,0.0,3.9410000000000003,0.0,0.0,0.0,2.197352432076379,0.0,0.0,0.07712561540646354,2.1202268166699154,0.180509595760654,0.0,0.0,0.0,0.0350208822889581,0.0,0,0.0,0,2.1202268166699154,,,,,,,,,,,
6511,1/26/1985,0.247,6.303,1.000,5.134,5.134,1.1689999999999996,0.0,0,1.079558554282364,0.0,3.1997853709522794,0.0,0.0,0.14428921104947237,3.055496159902807,0.32588442378384996,0.08944144571763547,0.08944144571763547,0.0,0.06827509870962359,0.08944144571763547,0,0.0,0,3.055496159902807,,,,,,,,,,,
6512,1/27/1985,0.247,0.141,1.000,5.134,0.141,0.0,4.993,0.0,0.0,0.08944144571763547,3.055496159902807,0.08944144571763547,0.0,0.1336088876370552,2.921887272265752,0.3031304414731009,0.0,0.0,0.0,0.0629022513264855,0.0,0,0.0,0,2.921887272265752,,,,,,,,,,,
6513,1/28/1985,0.247,0.164,1.000,5.134,0.164,0.0,4.970000000000001,0.0,0.0,0.0,2.921887272265752,0.0,0.0,0.124014235097229,2.797873037168523,0.28258656131416054,0.0,0.0,0.0,0.05809955783817219,0.0,0,0.0,0,2.797873037168523,,,,,,,,,,,
6514,1/29/1985,0.247,0.266,1.000,5.134,0.266,0.0,4.868,0.0,0.0,0.0,2.797873037168523,0.0,0.0,0.11536634037822231,2.6825066967903006,0.26398040809101353,0.0,0.0,0.0,0.0537916380246701,0.0,0,0.0,0,2.6825066967903006,,,,,,,,,,,
6515,1/30/1985,0.247,0.000,1.000,5.134,0.0,0.0,5.134,0.0,0.0,0.0,2.6825066967903006,0.0,0.0,0.10754753710458789,2.574959159685713,0.24707995469506835,0.0,0.0,0.0,0.049914946951788934,0.0,0,0.0,0,2.574959159685713,,,,,,,,,,,
6516,1/31/1985,0.247,0.000,1.000,5.134,0.0,0.0,5.134,0.0,0.0,0.0,2.574959159685713,0.0,0.0,0.10045765126392363,2.474501508421789,0.23168658877449855,0.0,0.0,0.0,0.04641563789533666,0.0,0,0.0,0,2.474501508421789,,,,,,,,,,,
6517,2/1/1985,0.331,0.222,2.000,4.866,0.222,0.0,4.643999999999999,0.0,0.0,0.0,2.474501508421789,0.0,0.0,0.09401099502295664,2.3804905133988323,0.21762952723818466,0.0,0.0,0.0,0.04324785900107667,0.0,0,0.0,0,2.3804905133988323,,,,,,,,,,,
6518,2/2/1985,0.331,0.127,2.000,4.866,0.127,0.0,4.739,0.0,0.0,0.0,2.3804905133988323,0.0,0.0,0.08813394353844128,2.292356569860391,0.2047612876377911,0.0,0.0,0.0,0.04037238641758053,0.0,0,0.0,0,2.292356569860391,,,,,,,,,,,
6519,2/3/1985,0.331,0.000,2.000,4.866,0.0,0.0,4.866,0.0,0.0,0.0,2.292356569860391,0.0,0.0,0.08276296944930477,2.2095936004110865,0.1929539942199342,0.0,0.0,0.0,0.037755520419507096,0.0,0,0.0,0,2.2095936004110865,,,,,,,,,,,
6520,2/4/1985,0.309,0.051,2.000,4.866,0.051,0.0,4.8149999999999995,0.0,0.0,0.0,2.2095936004110865,0.0,0.0,0.07784303918109939,2.131750561229987,0.18209634761596158,0.0,0.0,0.0,0.035368188546517354,0.0,0,0.0,0,2.131750561229987,,,,,,,,,,,
6521,2/5/1985,0.309,0.462,2.000,4.866,0.462,0.0,4.404,0.0,0.0,0.0,2.131750561229987,0.0,0.0,0.07332629715801733,2.0584242640719697,0.17209112554725225,0.0,0.0,0.0,0.033185212787822486,0.0,0,0.0,0,2.0584242640719697,,,,,,,,,,,
6522,2/6/1985,0.309,0.604,2.000,4.866,0.604,0.0,4.262,0.0,0.0,0.0,2.0584242640719697,0.0,0.0,0.0691709805380716,1.989253283533898,0.16285311098645702,0.0,0.0,0.0,0.03118470758373997,0.0,0,0.0,0,1.989253283533898,,,,,,,,,,,
6523,2/7/1985,0.309,0.091,2.000,4.866,0.091,0.0,4.7749999999999995,0.0,0.0,0.0,1.989253283533898,0.0,0.0,0.06534051961026967,1.9239127639236284,0.15430736637258732,0.0,0.0,0.0,0.029347582770514687,0.0,0,0.0,0,1.9239127639236284,,,,,,,,,,,
6524,2/8/1985,0.309,0.677,2.000,4.866,0.677,0.0,4.189,0.0,0.0,0.0,1.9239127639236284,0.0,0.0,0.06180278855619694,1.8621099753674315,0.14638778949282852,0.0,0.0,0.0,0.02765713118942881,0.0,0,0.0,0,1.8621099753674315,,,,,,,,,,,
6525,2/9/1985,0.309,0.516,2.000,4.866,0.516,0.0,4.35,0.0,0.0,0.0,1.8621099753674315,0.0,0.0,0.058529478633109255,1.8035804967343223,0.13903589979923814,0.0,0.0,0.0,0.026098684967373442,0.0,0,0.0,0,1.8035804967343223,,,,,,,,,,,
6526,2/10/1985,0.331,0.643,2.000,4.866,0.643,0.0,4.223,0.0,0.0,0.0,1.8035804967343223,0.0,0.0,0.05549557152925087,1.7480849252050714,0.13219981416556,0.0,0.0,0.0,0.024659327781825658,0.0,0,0.0,0,1.7480849252050714,,,,,,,,,,,
6527,2/11/1985,0.331,4.824,2.000,4.866,4.824,0.0,0.041999999999999815,0.0,0.0,0.0,1.7480849252050714,0.0,0.0,0.05267889507768188,1.6954060301273894,0.12583337910463308,0.0,0.0,0.0,0.023327652989147348,0.0,0,0.0,0,1.6954060301273894,,,,,,,,,,,
6528,2/12/1985,0.353,2.962,2.000,4.866,2.962,0.0,1.9039999999999995,0.0,0.0,0.0,1.6954060301273894,0.0,0.0,0.05005974699116646,1.6453462831362229,0.11989543277927056,0.0,0.0,0.0,0.02209355949899238,0.0,0,0.0,0,1.6453462831362229,,,,,,,,,,,
6529,2/13/1985,0.353,9.764,2.000,4.866,4.866,4.898,0.0,0,4.80855855428157,0.0,6.4539048374177925,0.0,0.0,0.46459019551464703,5.989314641903145,0.9739211488182352,0.08944144571843,0.08944144571843,0.0,0.2374183940617273,0.08944144571843,0,0.0,0,5.989314641903145,,,,,,,,,,,
6530,2/14/1985,0.331,3.860,2.000,4.866,3.86,0.0,1.0059999999999998,0.0,0.0,0.08944144571843,5.98932964305851,0.08607154111194798,0.0033699046064820243,0.41020045616984097,5.579129186888669,0.8672365585693521,0.0,0.0,1.5001155365417521e-05,0.20791334952359344,0.003354903451116607,0,0.0,0,5.579129186888669,,,,,,,,,,,
6531,2/15/1985,0.331,7.912,2.000,4.866,4.866,3.0460000000000003,0.0,0,2.9599134577326867,0.003354903451116607,8.539057578998966,0.0,0.003354903451116607,0.7408250881992399,7.798232490799726,1.502387567737834,0.08608654226731341,0.08608654226731341,1.4934377610977666e-05,0.39038594776409186,0.08942651134081904,0,0.0,0,7.798232490799726,,,,,,,,,,,
6532,2/16/1985,0.331,3.310,2.000,4.866,3.31,0.0,1.5559999999999996,0.0,0.0,0.08942651134081904,7.798232490799726,0.08942651134081904,0.0,0.6368337566482695,7.161398734151456,1.3057420072666208,0.0,0.0,0.0,0.3322631408613133,0.0,0,0.0,0,7.161398734151456,,,,,,,,,,,
6533,2/17/1985,0.636,5.901,2.000,4.866,4.866,1.0350000000000001,0.0,0,0.9455585542974708,0.0,8.106957288448926,0.0,0.0,0.6794052830060343,7.427552005442892,1.386544735428456,0.08944144570252929,0.08944144570252929,0.0,0.35598704147328947,0.08944144570252929,0,0.0,0,7.427552005442892,,,,,,,,,,,
6534,2/18/1985,3.969,37.235,2.000,4.866,4.866,32.369,0.0,0,32.3689999999841,0.08944144570252929,39.79695015468632,0.0,0.08944144570252929,9.633455527007634,30.163494627678688,15.534786114966797,1.5900712708092798e-11,1.5900712708092798e-11,0.0003981492593322624,6.009891800924663,0.08904329645909774,0,0.0,0,30.163494627678688,,,,,,,,,,,
6535,2/19/1985,3.225,3.146,2.000,4.866,3.146,0.0,1.7199999999999998,0.0,0.0,0.08904329645909774,30.163494627678688,0.08904329645909774,0.0,6.069718331955856,24.093776295722833,10.273957835670137,0.0,0.0,0.0,3.673268154841861,0.0,0,0.0,0,24.093776295722833,,,,,,,,,,,
6536,2/20/1985,11.397,28.972,2.000,4.866,4.866,24.106,0.0,0,24.016558554281573,0.0,48.110334850004406,0.0,0.0,13.215889870981309,34.8944449790231,20.568692537255448,0.08944144571843,0.08944144571843,0.0,8.418143212651367,0.08944144571843,0,0.0,0,34.8944449790231,,,,,,,,,,,
6537,2/21/1985,13.857,19.274,2.000,4.866,4.866,14.408000000000001,0.0,0,14.408000000000001,0.08944144571843,49.302843128282504,0.0,0.08944144571843,13.766357769530542,35.53648535875196,21.32433935724062,0.0,0.0,0.00039814925940304455,8.792352848848973,0.08904329645902696,0,0.0,0,35.53648535875196,,,,,,,,,,,
6538,2/22/1985,5.774,10.983,2.000,4.866,4.866,6.117000000000001,0.0,0,6.116601850740598,0.08904329645902696,41.65348358638758,0.0,0.08904329645902696,10.394046584753628,31.259437001633952,16.62195223111901,0.0003981492594030382,0.0003981492594030382,0.0003963768950199571,6.516896122840398,0.08904506882341005,0,0.0,0,31.259437001633952,,,,,,,,,,,
6539,2/23/1985,1.384,0.925,2.000,4.866,0.925,0.0,3.941,0.0,0.0,0.08904506882341005,31.259437001633952,0.08904506882341005,0.0,6.441707952951904,24.817729048682047,10.83806771000471,0.0,0.0,0.0,3.913676429108286,0.0,0,0.0,0,24.817729048682047,,,,,,,,,,,
6540,2/24/1985,0.881,1.267,2.000,4.866,1.267,0.0,3.5989999999999998,0.0,0.0,0.0,24.817729048682047,0.0,0.0,4.384995743607805,20.432733305074244,7.66310194556315,0.0,0.0,0.0,2.59754028501826,0.0,0,0.0,0,20.432733305074244,,,,,,,,,,,
6541,2/25/1985,0.580,1.207,2.000,4.866,1.207,0.0,3.659,0.0,0.0,0.0,20.432733305074244,0.0,0.0,3.1713430448287707,17.261390260245474,5.7120584188432915,0.0,0.0,0.0,1.8389778912560313,0.0,0,0.0,0,17.261390260245474,,,,,,,,,,,
6542,2/26/1985,0.424,0.689,2.000,4.866,0.689,0.0,4.177,0.0,0.0,0.0,17.261390260245474,0.0,0.0,2.394190651749408,14.867199608496065,4.421374604559196,0.0,0.0,0.0,1.3628837178824664,0.0,0,0.0,0,14.867199608496065,,,,,,,,,,,
6543,2/27/1985,0.331,1.494,2.000,4.866,1.494,0.0,3.372,0.0,0.0,0.0,14.867199608496065,0.0,0.0,1.8667281015609687,13.000471506935096,3.5212956994649427,0.0,0.0,0.0,1.0453689099400418,0.0,0,0.0,0,13.000471506935096,,,,,,,,,,,
6544,2/28/1985,0.288,2.119,2.000,4.866,2.119,0.0,2.7469999999999994,0.0,0.0,0.0,13.000471506935096,0.0,0.0,1.4926716498550894,11.507799857080006,2.8680400218698106,0.0,0.0,0.0,0.8236874931830445,0.0,0,0.0,0,11.507799857080006,,,,,,,,,,,
6545,3/1/1985,0.288,1.311,3.000,4.631,1.311,0.0,3.3200000000000003,0.0,0.0,0.0,11.507799857080006,0.0,0.0,1.2181093539224384,10.289690503157567,2.378779073682476,0.0,0.0,0.0,0.6632476712465135,0.0,0,0.0,0,10.289690503157567,,,,,,,,,,,
6546,3/2/1985,0.331,2.440,3.000,4.631,2.44,0.0,2.1910000000000003,0.0,0.0,0.0,10.289690503157567,0.0,0.0,1.0108878224407694,9.278802680716797,2.0028841355470184,0.0,0.0,0.0,0.5437054455863497,0.0,0,0.0,0,9.278802680716797,,,,,,,,,,,
6547,3/3/1985,0.376,12.687,3.000,4.631,4.631,8.056,0.0,0,7.966558554281569,0.0,17.245361234998366,0.0,0.0,2.39048636705057,14.854874867947796,4.415128219502316,0.08944144571843,0.08944144571843,0.0,1.3606364326005342,0.08944144571843,0,0.0,0,14.854874867947796,,,,,,,,,,,
6548,3/4/1985,0.817,8.671,3.000,4.631,4.631,4.039999999999999,0.0,0,4.039999999999999,0.08944144571843,18.8952730172072,0.0,0.08944144571843,2.7836912467805974,16.1115817704266,5.072954502251046,0.0,0.0,0.00039814925940304455,1.6004001617030819,0.08904329645902696,0,0.0,0,16.1115817704266,,,,,,,,,,,
6549,3/5/1985,7.685,18.465,3.000,4.631,4.631,13.834,0.0,0,13.833601850740596,0.08904329645902696,29.945579998062215,0.0,0.08904329645902696,5.9968105194217305,23.948769478640486,10.162916625638175,0.0003981492594030382,0.0003981492594030382,0.0003963768950199571,3.6262612396740996,0.08904506882341005,0,0.0,0,23.948769478640486,,,,,,,,,,,
6550,3/6/1985,29.932,36.512,3.000,4.631,4.631,31.881,0.0,0,31.88060362310498,0.08904506882341005,55.82976948653018,0.0,0.08904506882341005,16.93592166162775,38.89384782490244,25.597452560687223,0.00039637689501995115,0.00039637689501995115,0.000396384784713162,10.965192493385569,0.08904506093371685,0,0.0,0,38.89384782490244,,,,,,,,,,,
6551,3/7/1985,15.878,4.980,3.000,4.631,4.631,0.3490000000000002,0.0,0,0.3486037773406358,0.08904506093371685,39.242847986992665,0.0,0.08904506093371685,9.410946583782922,29.83190140320974,15.214644438511252,0.00039622265936442184,0.00039622265936442184,0.0003963847495921342,5.8620574465502004,0.08904489884348914,0,0.0,0,29.83190140320974,,,,,,,,,,,
6552,3/8/1985,6.483,3.174,3.000,4.631,3.174,0.0,1.4570000000000003,0.0,0.0,0.08904489884348914,29.83190140320974,0.08904489884348914,0.0,5.958917002752482,23.87298440045726,10.10513991089063,0.0,0.0,0.0,3.6018444201554964,0.0,0,0.0,0,23.87298440045726,,,,,,,,,,,
6553,3/9/1985,2.644,0.502,3.000,4.631,0.502,0.0,4.1290000000000004,0.0,0.0,0.0,23.87298440045726,0.0,0.0,4.110332628936582,19.762651771520677,7.227442908634535,0.0,0.0,0.0,2.4244967402253663,0.0,0,0.0,0,19.762651771520677,,,,,,,,,,,
6554,3/10/1985,1.050,0.415,3.000,4.631,0.415,0.0,4.216,0.0,0.0,0.0,19.762651771520677,0.0,0.0,2.999907118258723,16.762744653261954,5.4304986704419225,0.0,0.0,0.0,1.7332171328847463,0.0,0,0.0,0,16.762744653261954,,,,,,,,,,,
6555,3/11/1985,0.525,0.873,3.000,4.631,0.873,0.0,3.758,0.0,0.0,0.0,16.762744653261954,0.0,0.0,2.2800322707671365,14.482712382494817,4.228416196496344,0.0,0.0,0.0,1.2937338154801246,0.0,0,0.0,0,14.482712382494817,,,,,,,,,,,
6556,3/12/1985,0.247,0.013,3.000,4.631,0.013,0.0,4.618,0.0,0.0,0.0,14.482712382494817,0.0,0.0,1.7869632512161744,12.695749131278642,3.383141542730706,0.0,0.0,0.0,0.9978291824418025,0.0,0,0.0,0,12.695749131278642,,,,,,,,,,,
6557,3/13/1985,0.288,0.350,3.000,4.631,0.35,0.0,4.281000000000001,0.0,0.0,0.0,12.695749131278642,0.0,0.0,1.4348163987917377,11.260932732486905,2.7656939790809565,0.0,0.0,0.0,0.7897049498231179,0.0,0,0.0,0,11.260932732486905,,,,,,,,,,,
6558,3/14/1985,0.288,1.352,3.000,4.631,1.352,0.0,3.279,0.0,0.0,0.0,11.260932732486905,0.0,0.0,1.174869740490774,10.086062991996132,2.3008533013891945,0.0,0.0,0.0,0.6381846197397598,0.0,0,0.0,0,10.086062991996132,,,,,,,,,,,
6559,3/15/1985,5.774,0.917,3.000,4.631,0.917,0.0,3.7140000000000004,0.0,0.0,0.0,10.086062991996132,0.0,0.0,0.9777666911211046,9.108296300875027,1.9421975131234874,0.0,0.0,0.0,0.5247397614060916,0.0,0,0.0,0,9.108296300875027,,,,,,,,,,,
6560,3/16/1985,5.500,3.439,3.000,4.631,3.439,0.0,1.1920000000000002,0.0,0.0,0.0,9.108296300875027,0.0,0.0,0.8249501293329715,8.283346171542055,1.6597555995893443,0.0,0.0,0.0,0.43780413708524407,0.0,0,0.0,0,8.283346171542055,,,,,,,,,,,
6561,3/17/1985,5.231,0.364,3.000,4.631,0.364,0.0,4.267,0.0,0.0,0.0,8.283346171542055,0.0,0.0,0.7042207169604018,7.5791254545816535,1.4334500376560209,0.0,0.0,0.0,0.369861587638477,0.0,0,0.0,0,7.5791254545816535,,,,,,,,,,,
6562,3/18/1985,4.709,0.769,3.000,4.631,0.769,0.0,3.862,0.0,0.0,0.0,7.5791254545816535,0.0,0.0,0.6072920619871224,6.971833392594531,1.2494096623719666,0.0,0.0,0.0,0.315861237121961,0.0,0,0.0,0,6.971833392594531,,,,,,,,,,,
6563,3/19/1985,1.015,5.302,3.000,4.631,4.631,0.6709999999999994,0.0,0,0.5815586087712787,0.0,7.55339200136581,0.0,0.0,0.6038593818109347,6.9495326195548754,1.24284958471995,0.08944139122872061,0.08944139122872061,0.0,0.31395872667223207,0.08944139122872061,0,0.0,0,6.9495326195548754,,,,,,,,,,,
6564,3/20/1985,0.754,0.194,3.000,4.631,0.194,0.0,4.437,0.0,0.0,0.08944139122872061,6.9495326195548754,0.08944139122872061,0.0,0.5255633927916974,6.4239692267631785,1.0923584025007667,0.0,0.0,0.0,0.2707655311481302,0.0,0,0.0,0,6.4239692267631785,,,,,,,,,,,
6565,3/21/1985,0.525,1.744,3.000,4.631,1.744,0.0,2.8870000000000005,0.0,0.0,0.0,6.4239692267631785,0.0,0.0,0.4610041812357145,5.962965045527464,0.9669186071085039,0.0,0.0,0.0,0.23546575638302483,0.0,0,0.0,0,5.962965045527464,,,,,,,,,,,
6566,3/22/1985,0.580,5.184,3.000,4.631,4.631,0.5529999999999999,0.0,0,0.463559316783993,0.0,6.426524362311457,0.0,0.0,0.461309829321522,5.965214532989935,0.9675156239033771,0.08944068321600696,0.08944068321600696,0.0,0.235632147424303,0.08944068321600696,0,0.0,0,5.965214532989935,,,,,,,,,,,
6567,3/23/1985,6.125,57.752,3.000,4.631,4.631,53.121,0.0,0,53.12099923749758,0.08944068321600696,59.08661191635263,0.0,0.08944068321600696,18.61433781855993,40.4722740977927,27.81199475102242,7.625024230525454e-07,7.625024230525454e-07,0.00039814586511784946,12.127056012167953,0.08904329985331215,0,0.0,0,40.4722740977927,,,,,,,,,,,
6568,3/24/1985,41.872,45.469,3.000,4.631,4.631,40.838,0.0,0,40.83760185413488,0.08904329985331215,81.31027232883771,0.0,0.08904329985331215,31.691403360777144,49.61886896806057,44.196548274000826,0.00039814586511785423,0.00039814586511785423,0.0003963769101296428,21.38234548521034,0.08904506880830036,0,0.0,0,49.61886896806057,,,,,,,,,,,
6569,3/25/1985,29.134,8.158,3.000,4.631,4.631,3.5269999999999992,0.0,0,3.5266036230898696,0.08904506880830036,53.14586897593508,0.0,0.08904506880830036,15.600851362561006,37.54501761337407,23.812925468010494,0.00039637691012963896,0.00039637691012963896,0.0003963847846459011,10.046371738624156,0.0890450609337841,0,0.0,0,37.54501761337407,,,,,,,,,,,
6570,3/26/1985,81.289,22.053,3.000,4.631,4.631,17.422,0.0,0,17.421603615215353,0.0890450609337841,54.96701761333902,0.0,0.0890450609337841,16.501980436232348,38.465037177106666,25.01974682758793,0.00039638478464590506,0.00039638478464590506,0.00039638474959243354,10.66600391429741,0.08904506096883757,0,0.0,0,38.465037177106666,,,,,,,,,,,
6571,3/27/1985,56.466,1.132,3.000,4.631,1.132,0.0,3.4990000000000006,0.0,0.0,0.08904506096883757,38.465037177106666,0.08904506096883757,0.0,9.102123121923068,29.362914055183598,14.768677490201066,0.0,0.0,0.0,5.657257924573999,0.0,0,0.0,0,29.362914055183598,,,,,,,,,,,
6572,3/28/1985,24.651,3.221,3.000,4.631,3.221,0.0,1.4100000000000001,0.0,0.0,0.0,29.362914055183598,0.0,0.0,5.803603065762187,23.559310989421412,9.86787039700642,0.0,0.0,0.0,3.50187474072069,0.0,0,0.0,0,23.559310989421412,,,,,,,,,,,
6573,3/29/1985,12.133,1.370,3.000,4.631,1.37,0.0,3.261,0.0,0.0,0.0,23.559310989421412,0.0,0.0,4.020716201108635,19.53859478831278,7.084602369344827,0.0,0.0,0.0,2.36819855655951,0.0,0,0.0,0,19.53859478831278,,,,,,,,,,,
6574,3/30/1985,5.705,2.598,3.000,4.631,2.598,0.0,2.0330000000000004,0.0,0.0,0.0,19.53859478831278,0.0,0.0,2.9434363916504593,16.59515839666232,5.337385020901988,0.0,0.0,0.0,1.6984656137621295,0.0,0,0.0,0,16.59515839666232,,,,,,,,,,,
6575,3/31/1985,3.733,5.163,3.000,4.631,4.631,0.532,0.0,0,0.4425597737667831,0.0,17.037718170429102,0.0,0.0,2.34270800537674,14.695010165052363,4.334472950219823,0.0894402262332169,0.0894402262332169,0.0,1.3316713011782568,0.0894402262332169,0,0.0,0,14.695010165052363,,,,,,,,,,,
6576,4/1/1985,3.733,8.120,4.000,4.235,4.235,3.884999999999999,0.0,0,3.8849987805147856,0.0894402262332169,18.580407089398005,0.0,0.0894402262332169,2.7068102961425953,15.873596793255409,4.945131565455546,1.2194852130992038e-06,1.2194852130992038e-06,0.00039814383085556805,1.5533345270730248,0.08904330188757444,0,0.0,0,15.873596793255409,,,,,,,,,,,
6577,4/2/1985,12.320,17.977,4.000,4.235,4.235,13.742,0.0,0,13.741601856169146,0.08904330188757444,29.61559502634374,0.0,0.08904330188757444,5.887079258445528,23.728515767898212,9.995487592561236,0.00039814383085556637,0.00039814383085556637,0.0003963769191851765,3.5555836075319776,0.08904506879924483,0,0.0,0,23.728515767898212,,,,,,,,,,,
6578,4/3/1985,5.774,3.562,4.000,4.235,3.562,0.0,0.6730000000000005,0.0,0.0,0.08904506879924483,23.728656918040446,0.05733667681638488,0.03170839198285995,4.069000157844171,19.659656760196278,7.161606146561468,0.0,0.0,0.00014115014223473946,2.398521011165012,0.03156724184062521,0,0.0,0,19.659656760196278,,,,,,,,,,,
6579,4/4/1985,5.231,5.765,4.000,4.235,4.235,1.5299999999999994,0.0,0,1.4721257961221947,0.03156724184062521,21.1319230781298,0.0,0.03156724184062521,3.354265845713355,17.777657232416445,6.010703195144423,0.05787420387780467,0.05787420387780467,0.00014052181132903928,1.9522403588485884,0.08930092390710084,0,0.0,0,17.777657232416445,,,,,,,,,,,
6580,4/5/1985,26.919,14.546,4.000,4.235,4.235,10.311,0.0,0,10.310859478188672,0.08930092390710084,28.088914234330634,0.0,0.08930092390710084,5.390023991565505,22.69889024276513,9.232324619297135,0.00014052181132915453,0.00014052181132915453,0.00039752372551703365,3.2365397819775072,0.08904392199291297,0,0.0,0,22.69889024276513,,,,,,,,,,,
6581,4/6/1985,14.552,6.074,4.000,4.235,4.235,1.8389999999999995,0.0,0,1.8386024762744826,0.08904392199291297,24.5378890987192,0.0,0.08904392199291297,4.302898585228462,20.23499051349074,7.533212358619269,0.00039752372551703897,0.00039752372551703897,0.0003963796795886931,2.5457404987535095,0.08904506603884131,0,0.0,0,20.23499051349074,,,,,,,,,,,
6582,4/7/1985,10.502,3.282,4.000,4.235,3.282,0.0,0.9530000000000003,0.0,0.0,0.08904506603884131,20.235025473884203,0.0811914582264652,0.00785360781237611,3.1203648035439993,17.114660670340204,5.628506308428223,0.0,0.0,3.496039346214629e-05,1.807488582377354,0.007818647418913962,0,0.0,0,17.114660670340204,,,,,,,,,,,
6583,4/8/1985,8.639,10.912,4.000,4.235,4.235,6.6770000000000005,0.0,0,6.595377201700485,0.007818647418913962,23.710072676807698,0.0,0.007818647418913962,4.0636901552989135,19.646382521508784,7.153142686980408,0.08162279829951603,0.08162279829951603,3.480476701119186e-05,2.3951851513538833,0.0894066409514188,0,0.0,0,19.646382521508784,,,,,,,,,,,
6584,4/9/1985,6.196,5.899,4.000,4.235,4.235,1.6639999999999997,0.0,0,1.6639651952329886,0.0894066409514188,21.310745711067497,0.0,0.0894066409514188,3.4017066292456204,17.909039081821877,6.087867558341884,3.4804767011206834e-05,3.4804767011206834e-05,0.00039799432572439145,1.9816821827969027,0.08904345139270561,0,0.0,0,17.909039081821877,,,,,,,,,,,
6585,4/10/1985,5.637,4.847,4.000,4.235,4.235,0.6120000000000001,0.0,0,0.611602006128797,0.08904345139270561,18.521037465535382,0.0,0.08904345139270561,2.692410621926788,15.828626843608594,4.921148947428664,0.000397993871203073,0.000397993871203073,0.0003963775847083775,1.5445289140882883,0.0890450676792003,0,0.0,0,15.828626843608594,,,,,,,,,,,
6586,4/11/1985,3.969,6.976,4.000,4.235,4.235,2.7409999999999997,0.0,0,2.74060362196077,0.0890450676792003,18.569626850348985,0.0,0.0890450676792003,2.704193344301015,15.865433506047971,4.9407740239804,0.00039637803922970907,0.00039637803922970907,0.0003963847796197038,1.551733992780253,0.0890450609388103,0,0.0,0,15.865433506047971,,,,,,,,,,,
6587,4/12/1985,13.857,16.119,4.000,4.235,4.235,11.884,0.0,0,11.88360361522038,0.0890450609388103,27.749433506017965,0.0,0.0890450609388103,5.28188953530013,22.467543970717834,9.065225935401498,0.00039638477961970685,0.00039638477961970685,0.00039638474961480773,3.167381899007666,0.08904506096881519,0,0.0,0,22.467543970717834,,,,,,,,,,,
6588,4/13/1985,17.143,1.928,4.000,4.235,1.928,0.0,2.3070000000000004,0.0,0.0,0.08904506096881519,22.467543970717834,0.08904506096881519,0.0,3.714996811533972,18.752547159183862,6.594605034719326,0.0,0.0,0.0,2.176773406666441,0.0,0,0.0,0,18.752547159183862,,,,,,,,,,,
6589,4/14/1985,9.808,11.046,4.000,4.235,4.235,6.810999999999999,0.0,0,6.721558554281569,0.0,25.47410571346543,0.0,0.0,4.579984653033411,20.89412106043202,7.970513959866194,0.08944144571843,0.08944144571843,0.0,2.720823860637087,0.08944144571843,0,0.0,0,20.89412106043202,,,,,,,,,,,
6590,4/15/1985,8.316,8.690,4.000,4.235,4.235,4.454999999999999,0.0,0,4.454999999999999,0.08944144571843,25.349519209691422,0.0,0.08944144571843,4.542713240044469,20.806805969646952,7.911869756409099,0.0,0.0,0.00039814925940304455,2.6972314907208674,0.08904329645902696,0,0.0,0,20.806805969646952,,,,,,,,,,,
6591,4/16/1985,4.773,3.941,4.000,4.235,3.941,0.0,0.2940000000000005,0.0,0.0,0.08904329645902696,20.80709084942934,0.02504704633174085,0.06399625012728612,3.2687726624952798,17.53831818693406,5.871347538516563,0.0,0.0,0.0002848797823881846,1.8992525541174872,0.06371137034489793,0,0.0,0,17.53831818693406,,,,,,,,,,,
6592,4/17/1985,10.857,13.368,4.000,4.235,4.235,9.133,0.0,0,9.107269924626467,0.06371137034489793,26.64587172319845,0.0,0.06371137034489793,4.936460499265591,21.70941122393286,8.52872638822979,0.025730075373532075,0.025730075373532075,0.0002836116379226554,2.947093967833166,0.08915783408050734,0,0.0,0,21.70941122393286,,,,,,,,,,,
6593,4/18/1985,15.260,0.784,4.000,4.235,0.784,0.0,3.4510000000000005,0.0,0.0,0.08915783408050734,21.70941122393286,0.08915783408050734,0.0,3.508427610806364,18.200983613126496,6.261032269714886,0.0,0.0,0.0,2.048011660919803,0.0,0,0.0,0,18.200983613126496,,,,,,,,,,,
6594,4/19/1985,9.808,0.621,4.000,4.235,0.621,0.0,3.6140000000000003,0.0,0.0,0.0,18.200983613126496,0.0,0.0,2.6153142244581487,15.585669388668347,4.792517505349364,0.0,0.0,0.0,1.4974364203813642,0.0,0,0.0,0,15.585669388668347,,,,,,,,,,,
6595,4/20/1985,8.967,0.327,4.000,4.235,0.327,0.0,3.9080000000000004,0.0,0.0,0.0,15.585669388668347,0.0,0.0,2.019489241987711,13.566180146680637,3.7842971812425916,0.0,0.0,0.0,1.1367836872934358,0.0,0,0.0,0,13.566180146680637,,,,,,,,,,,
6596,4/21/1985,6.629,0.194,4.000,4.235,0.194,0.0,4.041,0.0,0.0,0.0,13.566180146680637,0.0,0.0,1.6024890764253412,11.963691070255296,3.0612944136497373,0.0,0.0,0.0,0.8884274015449636,0.0,0,0.0,0,11.963691070255296,,,,,,,,,,,
6597,4/22/1985,3.280,2.575,4.000,4.235,2.575,0.0,1.6600000000000001,0.0,0.0,0.0,11.963691070255296,0.0,0.0,1.299594191064413,10.664096879190883,2.5249532179209813,0.0,0.0,0.0,0.7106366848068837,0.0,0,0.0,0,10.664096879190883,,,,,,,,,,,
6598,4/23/1985,5.432,3.524,4.000,4.235,3.524,0.0,0.7110000000000003,0.0,0.0,0.0,10.664096879190883,0.0,0.0,1.0729329458607577,9.591163933330124,2.1160988575442943,0.0,0.0,0.0,0.5793426894995417,0.0,0,0.0,0,9.591163933330124,,,,,,,,,,,
6599,4/24/1985,6.054,2.951,4.000,4.235,2.951,0.0,1.2840000000000003,0.0,0.0,0.0,9.591163933330124,0.0,0.0,0.8991206416972439,8.69204329163288,1.7973609097774954,0.0,0.0,0.0,0.4798775477048205,0.0,0,0.0,0,8.69204329163288,,,,,,,,,,,
6600,4/25/1985,3.503,9.560,4.000,4.235,4.235,5.325,0.0,0,5.23555855428157,0.0,13.927601845914449,0.0,0.0,1.674273292868726,12.253328553045723,3.1869353802317706,0.08944144571843,0.08944144571843,0.0,0.930905257047979,0.08944144571843,0,0.0,0,12.253328553045723,,,,,,,,,,,
6601,4/26/1985,6.702,11.850,4.000,4.235,4.235,7.614999999999999,0.0,0,7.614999999999999,0.08944144571843,19.868726702305125,0.0,0.08944144571843,3.026791494099683,16.84193520820544,5.474762791979613,0.0,0.0,0.00039814925940304455,1.749776689060737,0.08904329645902696,0,0.0,0,16.84193520820544,,,,,,,,,,,
6602,4/27/1985,8.477,16.928,4.000,4.235,4.235,12.693000000000001,0.0,0,12.692601850740598,0.08904329645902696,29.534933435841058,0.0,0.08904329645902696,5.860379928138542,23.674553507702516,9.954693559020363,0.0003981492594030382,0.0003981492594030382,0.0003963768950199571,3.5383996821417614,0.08904506882341005,0,0.0,0,23.674553507702516,,,,,,,,,,,
6603,4/28/1985,7.530,9.018,4.000,4.235,4.235,4.783,0.0,0,4.78260362310498,0.08904506882341005,28.45755351559221,0.0,0.08904506882341005,5.508436917382705,22.949116598209507,9.41485745303778,0.00039637689501995115,0.00039637689501995115,0.000396384784713162,3.312376044668042,0.08904506093371685,0,0.0,0,22.949116598209507,,,,,,,,,,,
6604,4/29/1985,4.968,2.901,4.000,4.235,2.901,0.0,1.3340000000000005,0.0,0.0,0.08904506093371685,22.949116598209507,0.08904506093371685,0.0,3.8486557418958927,19.100460856313614,6.809355385419231,0.0,0.0,0.0,2.2603407828092745,0.0,0,0.0,0,19.100460856313614,,,,,,,,,,,
6605,4/30/1985,4.210,6.123,4.000,4.235,4.235,1.888,0.0,0,1.7985585542815699,0.0,20.899019410595184,0.0,0.0,3.2928778976974136,17.60614151289777,5.91067870438281,0.08944144571843,0.08944144571843,0.0,1.9141836053377652,0.08944144571843,0,0.0,0,17.60614151289777,,,,,,,,,,,
6606,5/1/1985,3.733,0.971,5.000,3.714,0.971,0.0,2.743,0.0,0.0,0.08944144571843,17.60614151289777,0.08944144571843,0.0,2.474416246968154,15.131725265929617,4.556417463159285,0.0,0.0,0.0,1.4116099155383208,0.0,0,0.0,0,15.131725265929617,,,,,,,,,,,
6607,5/2/1985,3.062,1.291,5.000,3.714,1.291,0.0,2.423,0.0,0.0,0.0,15.131725265929617,0.0,0.0,1.9224122448962822,13.209313021033335,3.6174000559916952,0.0,0.0,0.0,1.0786362489723094,0.0,0,0.0,0,13.209313021033335,,,,,,,,,,,
6608,5/3/1985,2.544,0.249,5.000,3.714,0.249,0.0,3.465,0.0,0.0,0.0,13.209313021033335,0.0,0.0,1.5328494335524276,11.676463587480907,2.9388948511372397,0.0,0.0,0.0,0.8473380464923249,0.0,0,0.0,0,11.676463587480907,,,,,,,,,,,
6609,5/4/1985,2.065,0.750,5.000,3.714,0.75,0.0,2.964,0.0,0.0,0.0,11.676463587480907,0.0,0.0,1.2480097941802515,10.428453793300655,2.43251771450109,0.0,0.0,0.0,0.6806133145577677,0.0,0,0.0,0,10.428453793300655,,,,,,,,,,,
6610,5/5/1985,1.668,5.223,5.000,3.714,3.714,1.509,0.0,0,1.4195585542815703,0.0,11.848012347582225,0.0,0.0,1.2787184799340345,10.56929386764819,2.4875867237697267,0.0894414457184296,0.0894414457184296,0.0,0.6984768885127531,0.0894414457184296,0,0.0,0,10.56929386764819,,,,,,,,,,,
6611,5/6/1985,1.544,1.036,5.000,3.714,1.036,0.0,2.678,0.0,0.0,0.0894414457184296,10.56929386764819,0.0894414457184296,0.0,1.0570829466554081,9.512210920992782,2.0872337963990337,0.0,0.0,0.0,0.5702256049119456,0.0,0,0.0,0,9.512210920992782,,,,,,,,,,,
6612,5/7/1985,1.544,7.118,5.000,3.714,3.714,3.4040000000000004,0.0,0,3.3145585542815703,0.0,12.826769475274352,0.0,0.0,1.4595800794480331,11.367189395826319,2.809547400512219,0.08944144571843,0.08944144571843,0.0,0.8042396085935015,0.08944144571843,0,0.0,0,11.367189395826319,,,,,,,,,,,
6613,5/8/1985,15.056,40.230,5.000,3.714,3.714,36.516,0.0,0,36.516,0.08944144571843,47.883587545085724,0.0,0.08944144571843,13.11224072372886,34.771346821356865,20.42592350566378,0.0,0.0,0.00039814925940304455,8.347795630045832,0.08904329645902696,0,0.0,0,34.771346821356865,,,,,,,,,,,
6614,5/9/1985,22.464,9.898,5.000,3.714,3.714,6.183999999999999,0.0,0,6.1836018507405965,0.08904329645902696,40.95534504899248,0.0,0.08904329645902696,10.105320534440297,30.85002451455218,16.2105317080903,0.0003981492594030382,0.0003981492594030382,0.0003963768950199571,6.324135892228738,0.08904506882341005,0,0.0,0,30.85002451455218,,,,,,,,,,,
6615,5/10/1985,16.506,1.251,5.000,3.714,1.251,0.0,2.463,0.0,0.0,0.08904506882341005,30.85002451455218,0.08904506882341005,0.0,6.301708364490742,24.54831615006144,10.626235249654512,0.0,0.0,0.0,3.8230877828803336,0.0,0,0.0,0,24.54831615006144,,,,,,,,,,,
6616,5/11/1985,6.850,1.460,5.000,3.714,1.46,0.0,2.254,0.0,0.0,0.0,24.54831615006144,0.0,0.0,4.305946449909976,20.242369700151464,7.5380394712778,0.0,0.0,0.0,2.5476624161447474,0.0,0,0.0,0,20.242369700151464,,,,,,,,,,,
6617,5/12/1985,4.457,3.745,5.000,3.714,3.714,0.03100000000000014,0.0,0,0.0011844451842936005,0.0,20.243554145335757,0.0,0.0,3.122557067067201,17.120997078268555,5.632102344534058,0.029815554815706538,0.029815554815706538,0.0,1.8088420531489626,0.029815554815706538,0,0.0,0,17.120997078268555,,,,,,,,,,,
6618,5/13/1985,3.335,3.339,5.000,3.714,3.339,0.0,0.375,0.0,0.0,0.029815554815706538,17.12108076553455,0.011015795976713844,0.018799758838992695,2.3618432516256367,14.759237513908914,4.36679522274247,0.0,0.0,8.368726599371622e-05,1.3432672215947372,0.01871607157299898,0,0.0,0,14.759237513908914,,,,,,,,,,,
6619,5/14/1985,3.008,7.415,5.000,3.714,3.714,3.701,0.0,0,3.630274625854569,0.01871607157299898,18.38959545449499,0.0,0.01871607157299898,2.6606397219929625,15.728955732502028,4.86818752107894,0.07072537414543102,0.07072537414543102,8.331473150806224e-05,1.5251115220806248,0.08935813098692194,0,0.0,0,15.728955732502028,,,,,,,,,,,
6620,5/15/1985,2.955,0.552,5.000,3.714,0.552,0.0,3.162,0.0,0.0,0.08935813098692194,15.728955732502028,0.08935813098692194,0.0,2.050527485760098,13.67842824674193,3.8374905148325302,0.0,0.0,0.0,1.1554143296582808,0.0,0,0.0,0,13.67842824674193,,,,,,,,,,,
6621,5/16/1985,2.746,4.073,5.000,3.714,3.714,0.35900000000000043,0.0,0,0.26961691027264795,0.0,13.948045157014578,0.0,0.0,1.678371202691388,12.26967395432319,3.194092060107714,0.0893830897273525,0.0893830897273525,0.0,0.9333338368003239,0.0893830897273525,0,0.0,0,12.26967395432319,,,,,,,,,,,
6622,5/17/1985,2.544,1.792,5.000,3.714,1.792,0.0,1.922,0.0,0.0,0.0893830897273525,12.26967395432319,0.0893830897273525,0.0,1.3554624215341582,10.914211532789032,2.624685617447325,0.0,0.0,0.0,0.7432418524597743,0.0,0,0.0,0,10.914211532789032,,,,,,,,,,,
6623,5/18/1985,2.644,6.795,5.000,3.714,3.714,3.081,0.0,0,2.99155855428157,0.0,13.905770087070602,0.0,0.0,1.6699014910985714,12.23586859597203,3.179298520809012,0.08944144571843,0.08944144571843,0.0,0.9283147895415025,0.08944144571843,0,0.0,0,12.23586859597203,,,,,,,,,,,
6624,5/19/1985,2.347,2.105,5.000,3.714,2.105,0.0,1.609,0.0,0.0,0.08944144571843,12.23586859597203,0.08944144571843,0.0,1.3492438649247525,10.886624731047279,2.6136036964976643,0.0,0.0,0.0,0.739608207317532,0.0,0,0.0,0,10.886624731047279,,,,,,,,,,,
6625,5/20/1985,1.884,1.514,5.000,3.714,1.514,0.0,2.2,0.0,0.0,0.0,10.886624731047279,0.0,0.0,1.1105067415055085,9.77611798954177,2.184375057431866,0.0,0.0,0.0,0.6009907324859384,0.0,0,0.0,0,9.77611798954177,,,,,,,,,,,
6626,5/21/1985,1.626,2.255,5.000,3.714,2.255,0.0,1.459,0.0,0.0,0.0,9.77611798954177,0.0,0.0,0.9282034298800126,8.847914559661758,1.8510445669733957,0.0,0.0,0.0,0.4964383641360036,0.0,0,0.0,0,8.847914559661758,,,,,,,,,,,
6627,5/22/1985,9.133,15.317,5.000,3.714,3.714,11.603,0.0,0,11.51355855428157,0.0,20.361473113943326,0.0,0.0,3.152930783769758,17.208542330173568,5.681897761248102,0.08944144571843,0.08944144571843,0.0,1.8276007489304167,0.08944144571843,0,0.0,0,17.208542330173568,,,,,,,,,,,
6628,5/23/1985,16.930,33.582,5.000,3.714,3.714,29.868000000000002,0.0,0,29.868000000000002,0.08944144571843,47.07694047943297,0.0,0.08944144571843,12.746163809156654,34.330776670276315,19.92041659733665,0.0,0.0,0.00039814925940304455,8.099630637964388,0.08904329645902696,0,0.0,0,34.330776670276315,,,,,,,,,,,
6629,5/24/1985,10.768,0.558,5.000,3.714,0.558,0.0,3.1559999999999997,0.0,0.0,0.08904329645902696,34.330776670276315,0.08904329645902696,0.0,7.530754546104948,26.800022124171367,12.467723960859384,0.0,0.0,0.0,4.622597848159827,0.0,0,0.0,0,26.800022124171367,,,,,,,,,,,
6630,5/25/1985,4.583,0.413,5.000,3.714,0.413,0.0,3.301,0.0,0.0,0.0,26.800022124171367,0.0,0.0,4.98414917751145,21.815872946659915,8.603045519987383,0.0,0.0,0.0,2.9774473504400762,0.0,0,0.0,0,21.815872946659915,,,,,,,,,,,
6631,5/26/1985,2.955,0.314,5.000,3.714,0.314,0.0,3.4,0.0,0.0,0.0,21.815872946659915,0.0,0.0,3.537149676257222,18.278723270402693,6.307538503201372,0.0,0.0,0.0,2.065885923288518,0.0,0,0.0,0,18.278723270402693,,,,,,,,,,,
6632,5/27/1985,2.347,0.411,5.000,3.714,0.411,0.0,3.303,0.0,0.0,0.0,18.278723270402693,0.0,0.0,2.633958176312197,15.644765094090497,4.823659459935038,0.0,0.0,0.0,1.5088163612499474,0.0,0,0.0,0,15.644765094090497,,,,,,,,,,,
6633,5/28/1985,2.065,0.337,5.000,3.714,0.337,0.0,3.377,0.0,0.0,0.0,15.644765094090497,0.0,0.0,2.032267424250679,13.612497669839819,3.8062061380583865,0.0,0.0,0.0,1.1444514997961441,0.0,0,0.0,0,13.612497669839819,,,,,,,,,,,
6634,5/29/1985,1.797,0.437,5.000,3.714,0.437,0.0,3.277,0.0,0.0,0.0,13.612497669839819,0.0,0.0,1.6116181217141499,12.000879548125669,3.0773018970836965,0.0,0.0,0.0,0.8938226241800259,0.0,0,0.0,0,12.000879548125669,,,,,,,,,,,
6635,5/30/1985,1.626,2.391,5.000,3.714,2.391,0.0,1.323,0.0,0.0,0.0,12.000879548125669,0.0,0.0,1.3063340270734665,10.694545521052202,2.5370053792122236,0.0,0.0,0.0,0.7145652961133471,0.0,0,0.0,0,10.694545521052202,,,,,,,,,,,
6636,5/31/1985,1.626,1.573,5.000,3.714,1.573,0.0,2.141,0.0,0.0,0.0,10.694545521052202,0.0,0.0,1.0780436199549448,9.616501901097257,2.125397978683893,0.0,0.0,0.0,0.5822842987738767,0.0,0,0.0,0,9.616501901097257,,,,,,,,,,,
6637,6/1/1985,1.626,4.851,6.000,3.269,3.269,1.5819999999999999,0.0,0,1.49255855428157,0.0,11.109060455378827,0.0,0.0,1.1485802080780598,9.960480247300767,2.253348212167709,0.08944144571842992,0.08944144571842992,0.0,0.6229758783230328,0.08944144571842992,0,0.0,0,9.960480247300767,,,,,,,,,,,
6638,6/2/1985,1.626,3.398,6.000,3.269,3.269,0.129,0.0,0,0.12899999999999992,0.08944144571842992,10.08987839656017,0.0,0.08944144571842992,0.9783832260179064,9.111495170542264,1.9433288032627913,7.50009456833768e-17,7.50009456833768e-17,0.00039814925940304417,0.5250924174260219,0.08904329645902695,0,0.0,0,9.111495170542264,,,,,,,,,,,
6639,6/3/1985,2.445,13.754,6.000,3.269,3.269,10.485,0.0,0,10.484601850740596,0.08904329645902695,19.596493398177877,0.0,0.08904329645902695,2.9579878608119095,16.63850553736597,5.361396541368227,0.00039814925940305816,0.00039814925940305816,0.00039637689501995706,1.707416280059243,0.08904506882341005,0,0.0,0,16.63850553736597,,,,,,,,,,,
6640,6/4/1985,2.850,9.996,6.000,3.269,3.269,6.727,0.0,0,6.72660362310498,0.08904506882341005,23.365505545255665,0.0,0.08904506882341005,3.9657416171700137,19.39976392808565,6.996803229887859,0.00039637689501995115,0.00039637689501995115,0.000396384784713162,2.333703545018159,0.08904506093371685,0,0.0,0,19.39976392808565,,,,,,,,,,,
6641,6/5/1985,2.494,1.387,6.000,3.269,1.387,0.0,1.8820000000000001,0.0,0.0,0.08904506093371685,19.39976392808565,0.08904506093371685,0.0,2.908661528035329,16.491102400050323,5.279952020337443,0.0,0.0,0.0,1.6770872743080423,0.0,0,0.0,0,16.491102400050323,,,,,,,,,,,
6642,6/6/1985,1.797,0.705,6.000,3.269,0.705,0.0,2.564,0.0,0.0,0.0,16.491102400050323,0.0,0.0,2.2187851921776605,14.272317207872662,4.124493015931818,0.0,0.0,0.0,1.2567273195807431,0.0,0,0.0,0,14.272317207872662,,,,,,,,,,,
6643,6/7/1985,1.753,4.453,6.000,3.269,3.269,1.1840000000000002,0.0,0,1.0945585542821383,0.0,15.3668757621548,0.0,0.0,1.9724609393509929,13.394414822803807,3.70354586224788,0.08944144571786189,0.08944144571786189,0.0,1.1085910189665256,0.08944144571786189,0,0.0,0,13.394414822803807,,,,,,,,,,,
6644,6/8/1985,1.753,0.216,6.000,3.269,0.216,0.0,3.053,0.0,0.0,0.08944144571786189,13.394414822803807,0.08944144571786189,0.0,1.568816034444882,11.825598788358924,3.002174511355824,0.0,0.0,0.0,0.8685443616833879,0.0,0,0.0,0,11.825598788358924,,,,,,,,,,,
6645,6/9/1985,1.753,0.657,6.000,3.269,0.657,0.0,2.612,0.0,0.0,0.0,11.825598788358924,0.0,0.0,1.274689315271782,10.550909473087142,2.4803682999516954,0.0,0.0,0.0,0.6961314559928641,0.0,0,0.0,0,10.550909473087142,,,,,,,,,,,
6646,6/10/1985,3.733,0.506,6.000,3.269,0.506,0.0,2.763,0.0,0.0,0.0,10.550909473087142,0.0,0.0,1.0540202128834786,9.496889260203663,2.0816517036559605,0.0,0.0,0.0,0.5684649211733888,0.0,0,0.0,0,9.496889260203663,,,,,,,,,,,
6647,6/11/1985,1.086,0.440,6.000,3.269,0.44,0.0,2.829,0.0,0.0,0.0,9.496889260203663,0.0,0.0,0.8844393726372092,8.612449887566454,1.770203831546391,0.0,0.0,0.0,0.4715307980167532,0.0,0,0.0,0,8.612449887566454,,,,,,,,,,,
6648,6/12/1985,1.050,1.699,6.000,3.269,1.699,0.0,1.57,0.0,0.0,0.0,8.612449887566454,0.0,0.0,0.7514676533128534,7.8609822342536,1.522376489863431,0.0,0.0,0.0,0.39636600046190656,0.0,0,0.0,0,7.8609822342536,,,,,,,,,,,
6649,6/13/1985,1.015,2.377,6.000,3.269,2.377,0.0,0.8920000000000003,0.0,0.0,0.0,7.8609822342536,0.0,0.0,0.6453972877587749,7.215584946494825,1.3220309858749253,0.0,0.0,0.0,0.33702718921208336,0.0,0,0.0,0,7.215584946494825,,,,,,,,,,,
6650,6/14/1985,1.157,2.886,6.000,3.269,2.886,0.0,0.383,0.0,0.0,0.0,7.215584946494825,0.0,0.0,0.5595235250702164,6.656061421424609,1.1578407267976445,0.0,0.0,0.0,0.2894515957139844,0.0,0,0.0,0,6.656061421424609,,,,,,,,,,,
6651,6/15/1985,2.644,2.354,6.000,3.269,2.354,0.0,0.915,0.0,0.0,0.0,6.656061421424609,0.0,0.0,0.48909660271082694,6.166964818713782,1.0216634274698861,0.0,0.0,0.0,0.25078868468427795,0.0,0,0.0,0,6.166964818713782,,,,,,,,,,,
6652,6/16/1985,6.125,14.672,6.000,3.269,3.269,11.403,0.0,0,11.31355855428157,0.0,17.480523372995354,0.0,0.0,2.4450617432683455,15.035461629727008,4.507057833277967,0.08944144571843,0.08944144571843,0.0,1.3937687833807508,0.08944144571843,0,0.0,0,15.035461629727008,,,,,,,,,,,
6653,6/17/1985,5.500,20.023,6.000,3.269,3.269,16.753999999999998,0.0,0,16.753999999999998,0.08944144571843,31.78985977898641,0.0,0.08944144571843,6.624912278043507,25.164947500942905,11.114435108705843,0.0,0.0,0.00039814925940304455,4.032416726591519,0.08904329645902696,0,0.0,0,25.164947500942905,,,,,,,,,,,
6654,6/18/1985,6.924,12.618,6.000,3.269,3.269,9.349,0.0,0,9.348601850740597,0.08904329645902696,34.51394572857852,0.0,0.08904329645902696,7.597839784124728,26.91610594445379,12.567117134229248,0.0003981492594030382,0.0003981492594030382,0.0003963768950199571,4.66649914949854,0.08904506882341005,0,0.0,0,26.91610594445379,,,,,,,,,,,
6655,6/19/1985,6.483,4.261,6.000,3.269,3.269,0.992,0.0,0,0.9916036231050724,0.08904506882341005,27.908105952343575,0.0,0.08904506882341005,5.332322200464166,22.57578375187941,9.143208045126297,0.00039637689492758694,0.00039637689492758694,0.000396384784713162,3.19962486126939,0.08904506093362448,0,0.0,0,22.57578375187941,,,,,,,,,,,
6656,6/20/1985,3.008,1.272,6.000,3.269,1.272,0.0,1.997,0.0,0.0,0.08904506093362448,22.57578375187941,0.08904506093362448,0.0,3.7448736740575326,18.830910077821876,6.642680840832544,0.0,0.0,0.0,2.195436355728636,0.0,0,0.0,0,18.830910077821876,,,,,,,,,,,
6657,6/21/1985,5.844,8.053,6.000,3.269,3.269,4.784000000000001,0.0,0,4.694558554281571,0.0,23.525468632103447,0.0,0.0,4.011094715002092,19.514373917101356,7.069245686379382,0.08944144571843,0.08944144571843,0.0,2.3621590907611147,0.08944144571843,0,0.0,0,19.514373917101356,,,,,,,,,,,
6658,6/22/1985,26.027,43.868,6.000,3.269,3.269,40.599000000000004,0.0,0,40.599000000000004,0.08944144571843,60.11377206636076,0.0,0.08944144571843,19.156775604725784,40.95699646163497,28.521234903421824,0.0,0.0,0.00039814925940304455,12.504060114838156,0.08904329645902696,0,0.0,0,40.95699646163497,,,,,,,,,,,
6659,6/23/1985,18.008,2.352,6.000,3.269,2.352,0.0,0.9170000000000003,0.0,0.0,0.08904329645902696,40.957045073726306,0.0781229302251916,0.010920366233835369,10.10601965086142,30.851025422864886,16.211529773041814,0.0,0.0,4.861209133514314e-05,6.324602205190075,0.010871754142500226,0,0.0,0,30.851025422864886,,,,,,,,,,,
6660,6/24/1985,11.855,1.888,6.000,3.269,1.888,0.0,1.3810000000000002,0.0,0.0,0.010871754142500226,30.851025422864886,0.010871754142500226,0.0,6.302049125997419,24.548976296867465,10.626751537681114,0.0,0.0,0.0,3.8233081177167256,0.0,0,0.0,0,24.548976296867465,,,,,,,,,,,
6661,6/25/1985,5.914,0.367,6.000,3.269,0.367,0.0,2.902,0.0,0.0,0.0,24.548976296867465,0.0,0.0,4.306139442256129,20.242836854611337,7.538345113591081,0.0,0.0,0.0,2.5477841159483856,0.0,0,0.0,0,20.242836854611337,,,,,,,,,,,
6662,6/26/1985,3.675,0.816,6.000,3.269,0.816,0.0,2.4530000000000003,0.0,0.0,0.0,20.242836854611337,0.0,0.0,3.1223726664137996,17.120464188197538,5.631799876897991,0.0,0.0,0.0,1.8087282045293167,0.0,0,0.0,0,17.120464188197538,,,,,,,,,,,
6663,6/27/1985,2.850,1.343,6.000,3.269,1.343,0.0,1.9260000000000002,0.0,0.0,0.0,17.120464188197538,0.0,0.0,2.3617014925118873,14.75876269568565,4.366555868264188,0.0,0.0,0.0,1.3431812930665372,0.0,0,0.0,0,14.75876269568565,,,,,,,,,,,
6664,6/28/1985,2.347,0.503,6.000,3.269,0.503,0.0,2.766,0.0,0.0,0.0,14.75876269568565,0.0,0.0,1.8440910546638976,12.914671641021753,3.482147265589942,0.0,0.0,0.0,1.031863423907252,0.0,0,0.0,0,12.914671641021753,,,,,,,,,,,
6665,6/29/1985,2.204,0.546,6.000,3.269,0.546,0.0,2.723,0.0,0.0,0.0,12.914671641021753,0.0,0.0,1.4762890293343918,11.438382611687361,2.8390974927446155,0.0,0.0,0.0,0.8140558570597514,0.0,0,0.0,0,11.438382611687361,,,,,,,,,,,
6666,6/30/1985,2.065,1.465,6.000,3.269,1.465,0.0,1.804,0.0,0.0,0.0,11.438382611687361,0.0,0.0,1.205887547858627,10.232495063828734,2.3567789627749214,0.0,0.0,0.0,0.6561574970741523,0.0,0,0.0,0,10.232495063828734,,,,,,,,,,,
6667,7/1/1985,1.463,1.742,7.000,3.463,1.742,0.0,1.721,0.0,0.0,0.0,10.232495063828734,0.0,0.0,1.0015401199967628,9.230954943831971,1.9857746975800945,0.0,0.0,0.0,0.5383486020014093,0.0,0,0.0,0,9.230954943831971,,,,,,,,,,,
6668,7/2/1985,1.463,5.763,7.000,3.463,3.463,2.3,0.0,0,2.2105585542815698,0.0,11.44151349811354,0.0,0.0,1.2064377190886646,10.235075779024875,2.3577697438526224,0.08944144571843,0.08944144571843,0.0,0.6564765638430741,0.08944144571843,0,0.0,0,10.235075779024875,,,,,,,,,,,
6669,7/3/1985,1.626,2.556,7.000,3.463,2.556,0.0,0.907,0.0,0.0,0.08944144571843,10.235128485609962,0.0776012801078895,0.011840165610540507,1.0019697486460897,9.233158736963873,1.9865613706304734,0.0,0.0,5.270658508681414e-05,0.5385947353706245,0.011787459025453693,0,0.0,0,9.233158736963873,,,,,,,,,,,
6670,7/4/1985,1.585,5.100,7.000,3.463,3.463,1.6369999999999996,0.0,0,1.5593460133070232,0.011787459025453693,10.792557222232228,0.0,0.011787459025453693,1.0945603484651287,9.6979968737671,2.155424155735727,0.0776539866929763,0.0776539866929763,5.247196133213959e-05,0.5917972767854845,0.08938897375709785,0,0.0,0,9.6979968737671,,,,,,,,,,,
6671,7/5/1985,1.585,3.564,7.000,3.463,3.463,0.10099999999999998,0.0,0,0.10095301338841446,0.08938897375709785,9.799347802835591,0.0,0.08938897375709785,0.9318823043041272,8.867465498531464,1.857824837733209,4.69866115855195e-05,4.69866115855195e-05,0.0003979156800777551,0.498535707730118,0.08903804468860561,0,0.0,0,8.867465498531464,,,,,,,,,,,
6672,7/6/1985,19.449,30.714,7.000,3.463,3.463,27.250999999999998,0.0,0,27.250596598970173,0.08903804468860561,36.11845845101836,0.0,0.08903804468860561,8.195606946681563,27.922851504336798,13.448037709861012,0.0004034010298243925,0.0004034010298243925,0.0003963535167249506,5.058787342483722,0.08904509220170505,0,0.0,0,27.922851504336798,,,,,,,,,,,
6673,7/7/1985,15.056,8.397,7.000,3.463,3.463,4.934,0.0,0,4.9336036464832755,0.08904509220170505,32.856851535708856,0.0,0.08904509220170505,6.999639724849944,25.857211810858914,11.676856299726179,0.0003963535167249555,0.0003963535167249555,0.0003963848887818157,4.27595672018943,0.08904506082964819,0,0.0,0,25.857211810858914,,,,,,,,,,,
6674,7/8/1985,8.967,10.749,7.000,3.463,3.463,7.2860000000000005,0.0,0,7.285603615111219,0.08904506082964819,33.143211810719265,0.0,0.08904506082964819,7.101609133433448,26.041602677285816,11.829254518391505,0.0003963848887818108,0.0003963848887818108,0.0003963847491288718,4.342378509836404,0.08904506096930113,0,0.0,0,26.041602677285816,,,,,,,,,,,
6675,7/9/1985,4.968,2.132,7.000,3.463,2.132,0.0,1.331,0.0,0.0,0.08904506096930113,26.041602677285816,0.08904506096930113,0.0,4.751294596559874,21.290308080725943,8.23936877084703,0.0,0.0,0.0,2.8294221238453736,0.0,0,0.0,0,21.290308080725943,,,,,,,,,,,
6676,7/10/1985,9.050,13.679,7.000,3.463,3.463,10.216000000000001,0.0,0,10.126558554281571,0.0,31.416866635007516,0.0,0.0,6.495868515171723,24.920998119835794,10.919867977647945,0.08944144571843,0.08944144571843,0.0,3.9487566846909674,0.08944144571843,0,0.0,0,24.920998119835794,,,,,,,,,,,
6677,7/11/1985,21.401,20.183,7.000,3.463,3.463,16.72,0.0,0,16.72,0.08944144571843,41.641396269095196,0.0,0.08944144571843,10.389020034944638,31.25237623415056,16.614802689807245,0.0,0.0,0.00039814925940304455,6.5135372379972285,0.08904329645902696,0,0.0,0,31.25237623415056,,,,,,,,,,,
6678,7/12/1985,14.352,16.494,7.000,3.463,3.463,13.030999999999999,0.0,0,13.030601850740595,0.08904329645902696,44.283374461786174,0.0,0.08904329645902696,11.510661711672423,32.772712750113755,18.199178504010096,0.0003981492594030382,0.0003981492594030382,0.0003963768950199571,7.2656156206866465,0.08904506882341005,0,0.0,0,32.772712750113755,,,,,,,,,,,
6679,7/13/1985,19.562,13.151,7.000,3.463,3.463,9.687999999999999,0.0,0,9.687603623104978,0.08904506882341005,42.460712758003446,0.0,0.08904506882341005,10.731931988140609,31.728780769862837,17.10150507245913,0.00039637689501995115,0.00039637689501995115,0.000396384784713162,6.742923514938385,0.08904506093371685,0,0.0,0,31.728780769862837,,,,,,,,,,,
6680,7/14/1985,27.822,20.087,7.000,3.463,3.463,16.624,0.0,0,16.623603615215284,0.08904506093371685,48.35278076982772,0.0,0.08904506093371685,13.327075886111457,35.02570488371626,20.721670005203332,0.0003963847847131611,0.0003963847847131611,0.0003963847495921342,8.493646496158327,0.08904506096883787,0,0.0,0,35.02570488371626,,,,,,,,,,,
6681,7/15/1985,29.932,20.752,7.000,3.463,3.463,17.288999999999998,0.0,0,17.288603615250405,0.08904506096883787,52.314704883716416,0.0,0.08904506096883787,15.196330996831641,37.118373886884775,23.26793256611086,0.0003963847495921373,0.0003963847495921373,0.00039638474974847566,9.768973593676035,0.08904506096868153,0,0.0,0,37.118373886884775,,,,,,,,,,,
6682,7/16/1985,29.134,9.761,7.000,3.463,3.463,6.297999999999999,0.0,0,6.29760361525025,0.08904506096868153,43.41637388688478,0.0,0.08904506096868153,11.137516469018884,32.27885741786589,17.674492474952785,0.0003963847497484729,0.0003963847497484729,0.0003963847497477797,7.014855922861617,0.08904506096868223,0,0.0,0,32.27885741786589,,,,,,,,,,,
6683,7/17/1985,18.447,2.620,7.000,3.463,2.62,0.0,0.843,0.0,0.0,0.08904506096868223,32.27893409565364,0.07181993238056114,0.017225128588121086,6.795651310418614,25.483282785235026,11.371163112125757,0.0,0.0,7.667778774588221e-05,4.143272714953175,0.017148450800375203,0,0.0,0,25.483282785235026,,,,,,,,,,,
6684,7/18/1985,9.216,3.594,7.000,3.463,3.463,0.13099999999999978,0.0,0,0.06496324246024474,0.017148450800375203,25.548322364151275,0.0,0.017148450800375203,4.602245239204155,20.94607712494712,8.005513712540887,0.06603675753975505,0.06603675753975505,7.633645600466912e-05,2.73492058582672,0.08310887188412558,0,0.0,0,20.94607712494712,,,,,,,,,,,
6685,7/19/1985,7.225,4.054,7.000,3.463,3.463,0.5910000000000002,0.0,0,0.5846674381297877,0.08310887188412558,21.53111452283689,0.0,0.08310887188412558,3.460535401091016,18.070579121745876,6.183394162170388,0.006332561870212486,0.006332561870212486,0.0003699597599826,2.018228913940407,0.08907147399435547,0,0.0,0,18.070579121745876,,,,,,,,,,,
6686,7/20/1985,5.500,2.193,7.000,3.463,2.193,0.0,1.27,0.0,0.0,0.08907147399435547,18.070579121745876,0.08907147399435547,0.0,2.584158988084305,15.486420133661571,4.740426167873755,0.0,0.0,0.0,1.4784317395106896,0.0,0,0.0,0,15.486420133661571,,,,,,,,,,,
6687,7/21/1985,4.838,2.204,7.000,3.463,2.204,0.0,1.259,0.0,0.0,0.0,15.486420133661571,0.0,0.0,1.9981013198151825,13.488318813846389,3.7475956501517795,0.0,0.0,0.0,1.1239565741187376,0.0,0,0.0,0,13.488318813846389,,,,,,,,,,,
6688,7/22/1985,4.709,7.207,7.000,3.463,3.463,3.7439999999999998,0.0,0,3.6545585542815697,0.0,17.14287736812796,0.0,0.0,2.3668567592995746,14.776020608828384,4.375259390830658,0.08944144571843,0.08944144571843,0.0,1.3463064212718447,0.08944144571843,0,0.0,0,14.776020608828384,,,,,,,,,,,
6689,7/23/1985,6.267,11.104,7.000,3.463,3.463,7.640999999999999,0.0,0,7.640999999999999,0.08944144571843,22.417418758087788,0.0,0.08944144571843,3.701193456733626,18.71622530135416,6.572379342472043,0.0,0.0,0.00039814925940304455,2.1681543016921507,0.08904329645902696,0,0.0,0,18.71622530135416,,,,,,,,,,,
6690,7/24/1985,6.339,3.894,7.000,3.463,3.463,0.43100000000000005,0.0,0,0.4306018767698269,0.08904329645902696,19.147223555019007,0.0,0.08904329645902696,2.845828939300437,16.30139461571857,5.175996501462315,0.0003981232301731084,0.0003981232301731084,0.0003963768950199571,1.6385028113300364,0.08904504279418012,0,0.0,0,16.30139461571857,,,,,,,,,,,
6691,7/25/1985,4.149,1.663,7.000,3.463,1.663,0.0,1.8,0.0,0.0,0.08904504279418012,16.30139461571857,0.08904504279418012,0.0,2.1764083293474883,14.124986286371083,4.052420466063529,0.0,0.0,0.0,1.2311617263371812,0.0,0,0.0,0,14.124986286371083,,,,,,,,,,,
6692,7/26/1985,3.733,0.996,7.000,3.463,0.996,0.0,2.467,0.0,0.0,0.0,14.124986286371083,0.0,0.0,1.7140066511005514,12.410979635270532,3.2562564747645517,0.0,0.0,0.0,0.9544691359099308,0.0,0,0.0,0,12.410979635270532,,,,,,,,,,,
6693,7/27/1985,3.618,1.155,7.000,3.463,1.155,0.0,2.308,0.0,0.0,0.0,12.410979635270532,0.0,0.0,1.3815795081850115,11.029400127085522,2.671177043458918,0.0,0.0,0.0,0.7585145899433626,0.0,0,0.0,0,11.029400127085522,,,,,,,,,,,
6694,7/28/1985,3.618,3.371,7.000,3.463,3.371,0.0,0.09200000000000008,0.0,0.0,0.0,11.029400127085522,0.0,0.0,1.1348860702915278,9.894514056793994,2.2285642159772987,0.0,0.0,0.0,0.6150627270861918,0.0,0,0.0,0,9.894514056793994,,,,,,,,,,,
6695,7/29/1985,3.618,12.824,7.000,3.463,3.463,9.361,0.0,0,9.27155855428157,0.0,19.166072611075563,0.0,0.0,2.8504996590606244,16.31557295201494,5.183732334851197,0.08944144571843,0.08944144571843,0.0,1.641369110671975,0.08944144571843,0,0.0,0,16.31557295201494,,,,,,,,,,,
6696,7/30/1985,12.414,2.500,7.000,3.463,2.5,0.0,0.9630000000000001,0.0,0.0,0.08944144571843,16.315604330276145,0.08239253885765997,0.007048906860770032,2.1795711595795373,14.136033170696606,4.057804471932222,0.0,0.0,3.1378261204003844e-05,1.233068711253921,0.007017528599566028,0,0.0,0,14.136033170696606,,,,,,,,,,,
6697,7/31/1985,24.899,33.570,7.000,3.463,3.463,30.107,0.0,0,30.024576082881136,0.007017528599566028,44.160640492158386,0.0,0.007017528599566028,11.457540058696033,32.70310043346235,18.124625006697627,0.08242391711886397,0.08242391711886397,3.1238580641381237e-05,7.229883930244327,0.08941020713778862,0,0.0,0,32.70310043346235,,,,,,,,,,,
6698,8/1/1985,16.717,2.576,8.000,3.792,2.576,0.0,1.2159999999999997,0.0,0.0,0.08941020713778862,32.70310043346235,0.08941020713778862,0.0,6.945134462869239,25.757965970593112,11.595283885628877,0.0,0.0,0.0,4.2404786169082085,0.0,0,0.0,0,25.757965970593112,,,,,,,,,,,
6699,8/2/1985,11.035,4.030,8.000,3.792,3.792,0.23800000000000043,0.0,0,0.14942786236048772,0.0,25.9073938329536,0.0,0.0,4.710554035841308,21.19683979711229,8.175531946701847,0.08857213763951272,0.08857213763951272,0.0,2.803571809999145,0.08857213763951272,0,0.0,0,21.19683979711229,,,,,,,,,,,
6700,8/3/1985,6.196,2.264,8.000,3.792,2.264,0.0,1.528,0.0,0.0,0.08857213763951272,21.19683979711229,0.08857213763951272,0.0,3.371457121404502,17.825382675707786,6.038678987866416,0.0,0.0,0.0,1.9629061460672441,0.0,0,0.0,0,17.825382675707786,,,,,,,,,,,
6701,8/4/1985,4.583,2.196,8.000,3.792,2.196,0.0,1.5959999999999996,0.0,0.0,0.0,17.825382675707786,0.0,0.0,2.525983726132393,15.299398949575393,4.642984003562078,0.0,0.0,0.0,1.4429853319747796,0.0,0,0.0,0,15.299398949575393,,,,,,,,,,,
6702,8/5/1985,4.029,3.436,8.000,3.792,3.436,0.0,0.35599999999999987,0.0,0.0,0.0,15.299398949575393,0.0,0.0,1.9580467675669242,13.341352182008468,3.678757844413969,0.0,0.0,0.0,1.0999587717998753,0.0,0,0.0,0,13.341352182008468,,,,,,,,,,,
6703,8/6/1985,4.457,6.707,8.000,3.792,3.792,2.915,0.0,0,2.82555855428157,0.0,16.16691073629004,0.0,0.0,2.1465656670451696,14.020345069244868,4.00158142333586,0.08944144571843,0.08944144571843,0.0,1.213177515753054,0.08944144571843,0,0.0,0,14.020345069244868,,,,,,,,,,,
6704,8/7/1985,9.133,16.655,8.000,3.792,3.792,12.863000000000001,0.0,0,12.863000000000001,0.08944144571843,26.88374321850427,0.0,0.08944144571843,5.0101263194697925,21.87361689903448,8.643494367970703,0.0,0.0,0.00039814925940304455,2.9939896036764555,0.08904329645902696,0,0.0,0,21.87361689903448,,,,,,,,,,,
6705,8/8/1985,14.252,3.929,8.000,3.792,3.792,0.137,0.0,0,0.13662049417838562,0.08904329645902696,22.010633770107884,0.0,0.08904329645902696,3.5899358746437295,18.420697895464155,6.39290235757008,0.0003795058216143914,0.0003795058216143914,0.0003963768950199571,2.0987605912606435,0.0890264253856214,0,0.0,0,18.420697895464155,,,,,,,,,,,
6706,8/9/1985,9.637,4.811,8.000,3.792,3.792,1.0190000000000001,0.0,0,1.0185849796672444,0.0890264253856214,19.439679176924713,0.0,0.0890264253856214,2.9186427110217,16.521036465903013,5.29644394745558,0.00041502033275571994,0.00041502033275571994,0.00039630179331148405,1.683221635816716,0.08904514392506563,0,0.0,0,16.521036465903013,,,,,,,,,,,
6707,8/10/1985,5.637,0.879,8.000,3.792,0.879,0.0,2.913,0.0,0.0,0.08904514392506563,16.521036465903013,0.08904514392506563,0.0,2.225501686770232,14.29553477913278,4.135903392313021,0.0,0.0,0.0,1.2607822888938618,0.0,0,0.0,0,14.29553477913278,,,,,,,,,,,
6708,8/11/1985,4.333,0.993,8.000,3.792,0.993,0.0,2.799,0.0,0.0,0.0,14.29553477913278,0.0,0.0,1.7486375045475642,12.546897274585216,3.316549542272086,0.0,0.0,0.0,0.9750363407983009,0.0,0,0.0,0,12.546897274585216,,,,,,,,,,,
6709,8/12/1985,3.618,0.914,8.000,3.792,0.914,0.0,2.8779999999999997,0.0,0.0,0.0,12.546897274585216,0.0,0.0,1.4068885071958148,11.140008767389402,2.716152209502172,0.0,0.0,0.0,0.7733329147316298,0.0,0,0.0,0,11.140008767389402,,,,,,,,,,,
6710,8/13/1985,3.391,0.730,8.000,3.792,0.73,0.0,3.062,0.0,0.0,0.0,11.140008767389402,0.0,0.0,1.1539181359070436,9.986090631482359,2.2630017002924174,0.0,0.0,0.0,0.6260620835251332,0.0,0,0.0,0,9.986090631482359,,,,,,,,,,,
6711,8/14/1985,3.062,0.041,8.000,3.792,0.041,0.0,3.751,0.0,0.0,0.0,9.986090631482359,0.0,0.0,0.9616675245788039,9.024423106903555,1.9126345694912552,0.0,0.0,0.0,0.5155362939348445,0.0,0,0.0,0,9.024423106903555,,,,,,,,,,,
6712,8/15/1985,2.644,1.251,8.000,3.792,1.251,0.0,2.541,0.0,0.0,0.0,9.024423106903555,0.0,0.0,0.8123281926970901,8.212094914206466,1.6362350842814897,0.0,0.0,0.0,0.43066847399426905,0.0,0,0.0,0,8.212094914206466,,,,,,,,,,,
6713,8/16/1985,2.594,2.369,8.000,3.792,2.369,0.0,1.4229999999999996,0.0,0.0,0.0,8.212094914206466,0.0,0.0,0.6941538100722486,7.517941104134217,1.4144388151563931,0.0,0.0,0.0,0.364229140016665,0.0,0,0.0,0,7.517941104134217,,,,,,,,,,,
6714,8/17/1985,2.544,2.266,8.000,3.792,2.266,0.0,1.5259999999999998,0.0,0.0,0.0,7.517941104134217,0.0,0.0,0.5991432118039727,6.918797892330245,1.233831695945318,0.0,0.0,0.0,0.3113460226806873,0.0,0,0.0,0,6.918797892330245,,,,,,,,,,,
6715,8/18/1985,2.347,0.707,8.000,3.792,0.707,0.0,3.085,0.0,0.0,0.0,6.918797892330245,0.0,0.0,0.5216952134298164,6.397102678900429,1.0848785434451238,0.0,0.0,0.0,0.2686420649576863,0.0,0,0.0,0,6.397102678900429,,,,,,,,,,,
6716,8/19/1985,2.111,2.963,8.000,3.792,2.963,0.0,0.8289999999999997,0.0,0.0,0.0,6.397102678900429,0.0,0.0,0.45779528344788234,5.939307395452547,0.9606488438764621,0.0,0.0,0.0,0.23371931108411795,0.0,0,0.0,0,5.939307395452547,,,,,,,,,,,
6717,8/20/1985,3.733,13.046,8.000,3.792,3.792,9.254,0.0,0,9.16455855428157,0.0,15.103865949734116,0.0,0.0,1.9165168810614615,13.187349068672654,3.6072383524131006,0.08944144571843,0.08944144571843,0.0,1.0751111514681675,0.08944144571843,0,0.0,0,13.187349068672654,,,,,,,,,,,
6718,8/21/1985,2.850,1.411,8.000,3.792,1.411,0.0,2.381,0.0,0.0,0.08944144571843,13.187349068672654,0.08944144571843,0.0,1.5286038471087062,11.658745221563947,2.9314159672025633,0.0,0.0,0.0,0.8448369457683759,0.0,0,0.0,0,11.658745221563947,,,,,,,,,,,
6719,8/22/1985,2.594,3.248,8.000,3.792,3.248,0.0,0.5439999999999996,0.0,0.0,0.0,11.658745221563947,0.0,0.0,1.2448550851029014,10.413890136461045,2.426853494714707,0.0,0.0,0.0,0.6787798120424267,0.0,0,0.0,0,10.413890136461045,,,,,,,,,,,
6720,8/23/1985,2.445,0.745,8.000,3.792,0.745,0.0,3.0469999999999997,0.0,0.0,0.0,10.413890136461045,0.0,0.0,1.031305730328067,9.382584406132978,2.0402073243319747,0.0,0.0,0.0,0.5554175398227845,0.0,0,0.0,0,9.382584406132978,,,,,,,,,,,
6721,8/24/1985,2.111,0.629,8.000,3.792,0.629,0.0,3.163,0.0,0.0,0.0,9.382584406132978,0.0,0.0,0.8667687493015612,8.515815656831416,1.7374652516766915,0.0,0.0,0.0,0.4614966062084772,0.0,0,0.0,0,8.515815656831416,,,,,,,,,,,
6722,8/25/1985,2.019,0.734,8.000,3.792,0.734,0.0,3.058,0.0,0.0,0.0,8.515815656831416,0.0,0.0,0.7374674630660735,7.778348193765343,1.49607624712709,0.0,0.0,0.0,0.38850046857870507,0.0,0,0.0,0,7.778348193765343,,,,,,,,,,,
6723,8/26/1985,2.445,4.793,8.000,3.792,3.792,1.0010000000000003,0.0,0,0.9115585543155797,0.0,8.689906748080922,0.0,0.0,0.7627653767200496,7.9271413713608725,1.5435697851177712,0.08944144568442057,0.08944144568442057,0.0,0.40272028561694656,0.08944144568442057,0,0.0,0,7.9271413713608725,,,,,,,,,,,
6724,8/27/1985,2.065,0.661,8.000,3.792,0.661,0.0,3.131,0.0,0.0,0.08944144568442057,7.9271413713608725,0.08944144568442057,0.0,0.6544755855709492,7.272665785789924,1.3392796430928304,0.0,0.0,0.0,0.34208215460397895,0.0,0,0.0,0,7.272665785789924,,,,,,,,,,,
6725,8/28/1985,1.884,0.453,8.000,3.792,0.453,0.0,3.339,0.0,0.0,0.0,7.272665785789924,0.0,0.0,0.5669200648949635,6.70574572089496,1.1720596560662813,0.0,0.0,0.0,0.2935315017633921,0.0,0,0.0,0,6.70574572089496,,,,,,,,,,,
6726,8/29/1985,1.753,0.237,8.000,3.792,0.237,0.0,3.5549999999999997,0.0,0.0,0.0,6.70574572089496,0.0,0.0,0.49519651530052855,6.210549205594432,1.0335172245729836,0.0,0.0,0.0,0.25412364197422493,0.0,0,0.0,0,6.210549205594432,,,,,,,,,,,
6727,8/30/1985,1.840,1.917,8.000,3.792,1.917,0.0,1.8749999999999998,0.0,0.0,0.0,6.210549205594432,0.0,0.0,0.435761766674199,5.7747874389202325,0.917503791818616,0.0,0.0,0.0,0.2217495856262449,0.0,0,0.0,0,5.7747874389202325,,,,,,,,,,,
6728,8/31/1985,1.711,0.079,8.000,3.792,0.079,0.0,3.7129999999999996,0.0,0.0,0.0,5.7747874389202325,0.0,0.0,0.3860045730765247,5.388782865843708,0.8194309644749761,0.0,0.0,0.0,0.19486835163604993,0.0,0,0.0,0,5.388782865843708,,,,,,,,,,,
6729,9/1/1985,1.463,0.069,9.000,4.609,0.069,0.0,4.54,0.0,0.0,0.0,5.388782865843708,0.0,0.0,0.34396711117335893,5.044815754670349,0.7358183772453301,0.0,0.0,0.0,0.17233392864742675,0.0,0,0.0,0,5.044815754670349,,,,,,,,,,,
6730,9/2/1985,1.345,0.166,9.000,4.609,0.166,0.0,4.443,0.0,0.0,0.0,5.044815754670349,0.0,0.0,0.30815883772135094,4.7366569169489985,0.6639875403849512,0.0,0.0,0.0,0.15328054405807812,0.0,0,0.0,0,4.7366569169489985,,,,,,,,,,,
6731,9/3/1985,1.307,1.638,9.000,4.609,1.638,0.0,2.971,0.0,0.0,0.0,4.7366569169489985,0.0,0.0,0.27742930041953545,4.459227616529463,0.6018500996420129,0.0,0.0,0.0,0.13704486426041038,0.0,0,0.0,0,4.459227616529463,,,,,,,,,,,
6732,9/4/1985,1.423,0.635,9.000,4.609,0.635,0.0,3.974,0.0,0.0,0.0,4.459227616529463,0.0,0.0,0.2508795024068162,4.208348114122647,0.547758599000654,0.0,0.0,0.0,0.12311216944839655,0.0,0,0.0,0,4.208348114122647,,,,,,,,,,,
6733,9/5/1985,1.345,0.483,9.000,4.609,0.483,0.0,4.126,0.0,0.0,0.0,4.208348114122647,0.0,0.0,0.2277990316666273,3.98054908245602,0.5003994943634951,0.0,0.0,0.0,0.11107843809637613,0.0,0,0.0,0,3.98054908245602,,,,,,,,,,,
6734,9/6/1985,1.307,0.513,9.000,4.609,0.513,0.0,4.096,0.0,0.0,0.0,3.98054908245602,0.0,0.0,0.20762074746521875,3.7729283349908016,0.4587152697363827,0.0,0.0,0.0,0.10062320017258423,0.0,0,0.0,0,3.7729283349908016,,,,,,,,,,,
6735,9/7/1985,1.194,0.270,9.000,4.609,0.27,0.0,4.339,0.0,0.0,0.0,3.7729283349908016,0.0,0.0,0.18988764338210098,3.5830406916087005,0.42184694287134805,0.0,0.0,0.0,0.09148981100545103,0.0,0,0.0,0,3.5830406916087005,,,,,,,,,,,
6736,9/8/1985,1.157,0.147,9.000,4.609,0.147,0.0,4.462,0.0,0.0,0.0,3.5830406916087005,0.0,0.0,0.17422829173695353,3.408812399871747,0.3890910784913156,0.0,0.0,0.0,0.08347092258300773,0.0,0,0.0,0,3.408812399871747,,,,,,,,,,,
6737,9/9/1985,1.086,0.405,9.000,4.609,0.405,0.0,4.204,0.0,0.0,0.0,3.408812399871747,0.0,0.0,0.16033842486968677,3.24847397500206,0.3598672708624162,0.0,0.0,0.0,0.07639764967966327,0.0,0,0.0,0,3.24847397500206,,,,,,,,,,,
6738,9/10/1985,1.463,1.475,9.000,4.609,1.475,0.0,3.134,0.0,0.0,0.0,3.24847397500206,0.0,0.0,0.14796696440740303,3.100507010594657,0.33369328011330995,0.0,0.0,0.0,0.07013139869650568,0.0,0,0.0,0,3.100507010594657,,,,,,,,,,,
6739,9/11/1985,1.797,8.712,9.000,4.609,4.609,4.103,0.0,0,4.01355855428157,0.0,7.114065564876227,0.0,0.0,0.5464648308518009,6.567600734024426,1.1326997627476345,0.08944144571843,0.08944144571843,0.0,0.2822571525188,0.08944144571843,0,0.0,0,6.567600734024426,,,,,,,,,,,
6740,9/12/1985,1.585,4.018,9.000,4.609,4.018,0.0,0.5910000000000002,0.0,0.0,0.08944144571843,6.56777379329428,0.05056489144847046,0.03887655426995954,0.47833198488771733,6.089441808406563,1.0007161356283905,0.0,0.0,0.0001730592698541005,0.24491012363174647,0.03870349500010544,0,0.0,0,6.089441808406563,,,,,,,,,,,
6741,9/13/1985,1.544,1.585,9.000,4.609,1.585,0.0,3.024,0.0,0.0,0.03870349500010544,6.089441808406563,0.03870349500010544,0.0,0.421691569902659,5.667750238503904,0.8898634615876007,0.0,0.0,0.0,0.21412662908452476,0.0,0,0.0,0,5.667750238503904,,,,,,,,,,,
6742,9/14/1985,1.668,2.213,9.000,4.609,2.213,0.0,2.396,0.0,0.0,0.0,5.667750238503904,0.0,0.0,0.37415390688031513,5.293596331623588,0.7959335418668501,0.0,0.0,0.0,0.1884985725012474,0.0,0,0.0,0,5.293596331623588,,,,,,,,,,,
6743,9/15/1985,1.384,1.179,9.000,4.609,1.179,0.0,3.4299999999999997,0.0,0.0,0.0,5.293596331623588,0.0,0.0,0.33390055871189894,4.959695772911689,0.7156842625456897,0.0,0.0,0.0,0.16696375546936873,0.0,0,0.0,0,4.959695772911689,,,,,,,,,,,
6744,9/16/1985,1.231,1.057,9.000,4.609,1.057,0.0,3.552,0.0,0.0,0.0,4.959695772911689,0.0,0.0,0.29954184986940974,4.660153923042279,0.6466115154043655,0.0,0.0,0.0,0.14871659777086765,0.0,0,0.0,0,4.660153923042279,,,,,,,,,,,
6745,9/17/1985,1.121,0.629,9.000,4.609,0.629,0.0,3.98,0.0,0.0,0.0,4.660153923042279,0.0,0.0,0.2700015229279205,4.390152400114359,0.5867565857060077,0.0,0.0,0.0,0.13313772163257018,0.0,0,0.0,0,4.390152400114359,,,,,,,,,,,
6746,9/18/1985,1.269,4.294,9.000,4.609,4.294,0.0,0.3150000000000004,0.0,0.0,0.0,4.390152400114359,0.0,0.0,0.2444359647894679,4.145716435324891,0.5345697588733669,0.0,0.0,0.0,0.11974499234999365,0.0,0,0.0,0,4.145716435324891,,,,,,,,,,,
6747,9/19/1985,1.307,5.031,9.000,4.609,4.609,0.4219999999999997,0.0,0,0.3325728229434513,0.0,4.478289258268342,0.0,0.0,0.25266941851591235,4.225619839752429,0.5514178980999909,0.08942717705654842,0.08942717705654842,0.0,0.12404853640778984,0.08942717705654842,0,0.0,0,4.225619839752429,,,,,,,,,,,
6748,9/20/1985,1.384,2.672,9.000,4.609,2.672,0.0,1.9369999999999998,0.0,0.0,0.08942717705654842,4.225619839752429,0.08942717705654842,0.0,0.22935936777141427,3.996260471981015,0.503611625559357,0.0,0.0,0.0,0.11188952911992371,0.0,0,0.0,0,3.996260471981015,,,,,,,,,,,
6749,9/21/1985,1.307,0.418,9.000,4.609,0.418,0.0,4.191,0.0,0.0,0.0,3.996260471981015,0.0,0.0,0.2089883562435133,3.787272115737502,0.4615492196663865,0.0,0.0,0.0,0.10132977647242043,0.0,0,0.0,0,3.787272115737502,,,,,,,,,,,
6750,9/22/1985,1.231,0.251,9.000,4.609,0.251,0.0,4.358,0.0,0.0,0.0,3.787272115737502,0.0,0.0,0.19109234728619842,3.5961797684513037,0.4243589734324016,0.0,0.0,0.0,0.09210857167528175,0.0,0,0.0,0,3.5961797684513037,,,,,,,,,,,
6751,9/23/1985,1.231,0.872,9.000,4.609,0.872,0.0,3.737,0.0,0.0,0.0,3.5961797684513037,0.0,0.0,0.17529442343468798,3.420885345016616,0.39132743485650084,0.0,0.0,0.0,0.08401541338118242,0.0,0,0.0,0,3.420885345016616,,,,,,,,,,,
6752,9/24/1985,1.231,2.525,9.000,4.609,2.525,0.0,2.084,0.0,0.0,0.0,3.420885345016616,0.0,0.0,0.16128598918457068,3.2595993558320453,0.36186624100622017,0.0,0.0,0.0,0.07687894457512902,0.0,0,0.0,0,3.2595993558320453,,,,,,,,,,,
6753,9/25/1985,1.231,0.290,9.000,4.609,0.29,0.0,4.319,0.0,0.0,0.0,3.2595993558320453,0.0,0.0,0.14881252420889812,3.1107868316231473,0.33548677739442895,0.0,0.0,0.0,0.07055861661401243,0.0,0,0.0,0,3.1107868316231473,,,,,,,,,,,
6754,9/26/1985,1.086,0.211,9.000,4.609,0.211,0.0,4.398,0.0,0.0,0.0,3.1107868316231473,0.0,0.0,0.13766267288683443,2.973124158736313,0.31178062205853185,0.0,0.0,0.0,0.06493834026802678,0.0,0,0.0,0,2.973124158736313,,,,,,,,,,,
6755,9/27/1985,1.086,0.392,9.000,4.609,0.392,0.0,4.217,0.0,0.0,0.0,2.973124158736313,0.0,0.0,0.12765980822240233,2.8454643505139106,0.29040431359600727,0.0,0.0,0.0,0.05992160256853166,0.0,0,0.0,0,2.8454643505139106,,,,,,,,,,,
6756,9/28/1985,1.050,0.002,9.000,4.609,0.002,0.0,4.607,0.0,0.0,0.0,2.8454643505139106,0.0,0.0,0.11865545054381431,2.7268088999700963,0.2710673847024567,0.0,0.0,0.0,0.05542767674230166,0.0,0,0.0,0,2.7268088999700963,,,,,,,,,,,
6757,9/29/1985,0.785,0.054,9.000,4.609,0.054,0.0,4.555,0.0,0.0,0.0,2.7268088999700963,0.0,0.0,0.11052409035363704,2.6162848096164595,0.2535228855608659,0.0,0.0,0.0,0.05138865552681508,0.0,0,0.0,0,2.6162848096164595,,,,,,,,,,,
6758,9/30/1985,0.817,0.000,9.000,4.609,0.0,0.0,4.609,0.0,0.0,0.0,2.6162848096164595,0.0,0.0,0.10315908403076932,2.5131257255856903,0.23755982267793335,0.0,0.0,0.0,0.04774711055009666,0.0,0,0.0,0,2.5131257255856903,,,,,,,,,,,
6759,10/1/1985,0.849,0.020,10.000,5.054,0.02,0.0,5.034000000000001,0.0,0.0,0.0,2.5131257255856903,0.0,0.0,0.09646937634610564,2.4166563492395845,0.22299708361209544,0.0,0.0,0.0,0.04445423193284718,0.0,0,0.0,0,2.4166563492395845,,,,,,,,,,,
6760,10/2/1985,0.817,0.038,10.000,5.054,0.038,0.0,5.016,0.0,0.0,0.0,2.4166563492395845,0.0,0.0,0.09037686534063662,2.326279483898948,0.20967852340611173,0.0,0.0,0.0,0.04146833927982259,0.0,0,0.0,0,2.326279483898948,,,,,,,,,,,
6761,10/3/1985,0.817,0.788,10.000,5.054,0.788,0.0,4.266,0.0,0.0,0.0,2.326279483898948,0.0,0.0,0.08481427005768778,2.24146521384126,0.19746896595082916,0.0,0.0,0.0,0.03875368211324494,0.0,0,0.0,0,2.24146521384126,,,,,,,,,,,
6762,10/4/1985,0.817,0.010,10.000,5.054,0.01,0.0,5.0440000000000005,0.0,0.0,0.0,2.24146521384126,0.0,0.0,0.07972339473361224,2.1617418191076476,0.18625093091466294,0.0,0.0,0.0,0.03627946752296713,0.0,0,0.0,0,2.1617418191076476,,,,,,,,,,,
6763,10/5/1985,0.817,0.094,10.000,5.054,0.094,0.0,4.96,0.0,0.0,0.0,2.1617418191076476,0.0,0.0,0.07505370766812076,2.086688111439527,0.17592193981980103,0.0,0.0,0.0,0.03401906740751073,0.0,0,0.0,0,2.086688111439527,,,,,,,,,,,
6764,10/6/1985,0.785,0.000,10.000,5.054,0.0,0.0,5.054,0.0,0.0,0.0,2.086688111439527,0.0,0.0,0.07076117145200081,2.0159269399875264,0.16639228724003347,0.0,0.0,0.0,0.031949368580632326,0.0,0,0.0,0,2.0159269399875264,,,,,,,,,,,
6765,10/7/1985,0.785,0.016,10.000,5.054,0.016,0.0,5.038,0.0,0.0,0.0,2.0159269399875264,0.0,0.0,0.06680727517884887,1.9491196648086775,0.15758318772011978,0.0,0.0,0.0,0.030050237223043712,0.0,0,0.0,0,1.9491196648086775,,,,,,,,,,,
6766,10/8/1985,0.694,0.026,10.000,5.054,0.026,0.0,5.0280000000000005,0.0,0.0,0.0,1.9491196648086775,0.0,0.0,0.06315822988943419,1.8859614349192433,0.14942522787400891,0.0,0.0,0.0,0.02830407538232542,0.0,0,0.0,0,1.8859614349192433,,,,,,,,,,,
6767,10/9/1985,0.694,0.455,10.000,5.054,0.455,0.0,4.599,0.0,0.0,0.0,1.8859614349192433,0.0,0.0,0.05978429664390389,1.8261771382753393,0.14185706766070127,0.0,0.0,0.0,0.02669545197879577,0.0,0,0.0,0,1.8261771382753393,,,,,,,,,,,
6768,10/10/1985,0.694,0.010,10.000,5.054,0.01,0.0,5.0440000000000005,0.0,0.0,0.0,1.8261771382753393,0.0,0.0,0.05665922290757093,1.7695179153677685,0.1348243461241009,0.0,0.0,0.0,0.025210794432751767,0.0,0,0.0,0,1.7695179153677685,,,,,,,,,,,
6769,10/11/1985,0.694,0.089,10.000,5.054,0.089,0.0,4.965,0.0,0.0,0.0,1.7695179153677685,0.0,0.0,0.05375976782469797,1.7157581475430705,0.1282787557000067,0.0,0.0,0.0,0.023838129860608313,0.0,0,0.0,0,1.7157581475430705,,,,,,,,,,,
6770,10/12/1985,0.694,0.004,10.000,5.054,0.004,0.0,5.050000000000001,0.0,0.0,0.0,1.7157581475430705,0.0,0.0,0.05106530077719791,1.6646928467658726,0.12217725612139162,0.0,0.0,0.0,0.02256686699398071,0.0,0,0.0,0,1.6646928467658726,,,,,,,,,,,
6771,10/13/1985,0.665,0.022,10.000,5.054,0.022,0.0,5.032,0.0,0.0,0.0,1.6646928467658726,0.0,0.0,0.048557460631472635,1.6161353861343999,0.11648140442789356,0.0,0.0,0.0,0.02138761170503844,0.0,0,0.0,0,1.6161353861343999,,,,,,,,,,,
6772,10/14/1985,0.665,0.048,10.000,5.054,0.048,0.0,5.006,0.0,0.0,0.0,1.6161353861343999,0.0,0.0,0.04621986545412832,1.5699155206802715,0.11115678193525753,0.0,0.0,0.0,0.020292010384359634,0.0,0,0.0,0,1.5699155206802715,,,,,,,,,,,
6773,10/15/1985,0.665,0.000,10.000,5.054,0.0,0.0,5.054,0.0,0.0,0.0,1.5699155206802715,0.0,0.0,0.044037864367524965,1.5258776563127465,0.10617250249434498,0.0,0.0,0.0,0.019272616497436446,0.0,0,0.0,0,1.5258776563127465,,,,,,,,,,,
6774,10/16/1985,0.636,0.615,10.000,5.054,0.615,0.0,4.439,0.0,0.0,0.0,1.5258776563127465,0.0,0.0,0.04199832472652707,1.4838793315862195,0.1015007891573533,0.0,0.0,0.0,0.018322776506070147,0.0,0,0.0,0,1.4838793315862195,,,,,,,,,,,
6775,10/17/1985,0.665,0.082,10.000,5.054,0.082,0.0,4.972,0.0,0.0,0.0,1.4838793315862195,0.0,0.0,0.040089449010582826,1.4437898825756368,0.09711660861703474,0.0,0.0,0.0,0.017436532029264217,0.0,0,0.0,0,1.4437898825756368,,,,,,,,,,,
6776,10/18/1985,0.694,0.464,10.000,5.054,0.464,0.0,4.59,0.0,0.0,0.0,1.4437898825756368,0.0,0.0,0.03830061680354071,1.405489265772096,0.09299735460570936,0.0,0.0,0.0,0.016608535671746912,0.0,0,0.0,0,1.405489265772096,,,,,,,,,,,
6777,10/19/1985,0.636,0.330,10.000,5.054,0.33,0.0,4.724,0.0,0.0,0.0,1.405489265772096,0.0,0.0,0.03662224802625286,1.3688670177458433,0.08912257292227051,0.0,0.0,0.0,0.015833978395350765,0.0,0,0.0,0,1.3688670177458433,,,,,,,,,,,
6778,10/20/1985,0.636,1.287,10.000,5.054,1.287,0.0,3.7670000000000003,0.0,0.0,0.0,1.3688670177458433,0.0,0.0,0.035045684231976536,1.3338213335138667,0.08547372196552214,0.0,0.0,0.0,0.015108526671167133,0.0,0,0.0,0,1.3338213335138667,,,,,,,,,,,
6779,10/21/1985,0.754,2.180,10.000,5.054,2.18,0.0,2.874,0.0,0.0,0.0,1.3338213335138667,0.0,0.0,0.03356308530152683,1.30025824821234,0.08203396364467784,0.0,0.0,0.0,0.014428267945832643,0.0,0,0.0,0,1.30025824821234,,,,,,,,,,,
6780,10/22/1985,0.724,0.211,10.000,5.054,0.211,0.0,4.843,0.0,0.0,0.0,1.30025824821234,0.0,0.0,0.03216733930734188,1.268090908904998,0.07878798035495231,0.0,0.0,0.0,0.013789663196919736,0.0,0,0.0,0,1.268090908904998,,,,,,,,,,,
6781,10/23/1985,0.636,0.000,10.000,5.054,0.0,0.0,5.054,0.0,0.0,0.0,1.268090908904998,0.0,0.0,0.030851983671464474,1.2372389252335336,0.07572181438136032,0.0,0.0,0.0,0.013189505550756117,0.0,0,0.0,0,1.2372389252335336,,,,,,,,,,,
6782,10/24/1985,0.636,0.232,10.000,5.054,0.232,0.0,4.822,0.0,0.0,0.0,1.2372389252335336,0.0,0.0,0.029611136036478757,1.2076277891970548,0.07282272665373062,0.0,0.0,0.0,0.012624884099435095,0.0,0,0.0,0,1.2076277891970548,,,,,,,,,,,
6783,10/25/1985,0.636,0.000,10.000,5.054,0.0,0.0,5.054,0.0,0.0,0.0,1.2076277891970548,0.0,0.0,0.02843943351225109,1.1791883556848037,0.07007907224181344,0.0,0.0,0.0,0.012093152188922686,0.0,0,0.0,0,1.1791883556848037,,,,,,,,,,,
6784,10/26/1985,0.636,0.000,10.000,5.054,0.0,0.0,5.054,0.0,0.0,0.0,1.1791883556848037,0.0,0.0,0.02733197916417136,1.1518563765206324,0.06748019036827292,0.0,0.0,0.0,0.01159189956229846,0.0,0,0.0,0,1.1518563765206324,,,,,,,,,,,
6785,10/27/1985,0.636,1.808,10.000,5.054,1.808,0.0,3.2460000000000004,0.0,0.0,0.0,1.1518563765206324,0.0,0.0,0.026284294777904567,1.125572081742728,0.06501630704305411,0.0,0.0,0.0,0.011118927835510255,0.0,0,0.0,0,1.125572081742728,,,,,,,,,,,
6786,10/28/1985,0.636,0.089,10.000,5.054,0.089,0.0,4.965,0.0,0.0,0.0,1.125572081742728,0.0,0.0,0.02529227907742921,1.1002798026652987,0.06267844869620522,0.0,0.0,0.0,0.010672228860972972,0.0,0,0.0,0,1.1002798026652987,,,,,,,,,,,
6787,10/29/1985,0.636,0.024,10.000,5.054,0.024,0.0,5.03,0.0,0.0,0.0,1.1002798026652987,0.0,0.0,0.024352170692199766,1.0759276319730988,0.0604583654167376,0.0,0.0,0.0,0.01024996559963691,0.0,0,0.0,0,1.0759276319730988,,,,,,,,,,,
6788,10/30/1985,0.636,0.132,10.000,5.054,0.132,0.0,4.922000000000001,0.0,0.0,0.0,1.0759276319730988,0.0,0.0,0.023460515269554255,1.0524671167035446,0.05834846259985643,0.0,0.0,0.0,0.009850455177008171,0.0,0,0.0,0,1.0524671167035446,,,,,,,,,,,
6789,10/31/1985,0.580,0.228,10.000,5.054,0.228,0.0,4.8260000000000005,0.0,0.0,0.0,1.0524671167035446,0.0,0.0,0.022614136213194372,1.0298529804903502,0.05634173996989545,0.0,0.0,0.0,0.00947215384482312,0.0,0,0.0,0,1.0298529804903502,,,,,,,,,,,
6790,11/1/1985,0.636,0.184,11.000,5.054,0.184,0.0,4.87,0.0,0.0,0.0,1.0298529804903502,0.0,0.0,0.021810108600310536,1.0080428718900396,0.05443173708645712,0.0,0.0,0.0,0.009113643609128858,0.0,0,0.0,0,1.0080428718900396,,,,,,,,,,,
6791,11/2/1985,0.636,0.117,11.000,5.054,0.117,0.0,4.937,0.0,0.0,0.0,1.0080428718900396,0.0,0.0,0.02104573589085106,0.9869971359991886,0.05261248456063862,0.0,0.0,0.0,0.008773620318602775,0.0,0,0.0,0,0.9869971359991886,,,,,,,,,,,
6792,11/3/1985,0.636,0.371,11.000,5.054,0.371,0.0,4.683,0.0,0.0,0.0,0.9869971359991886,0.0,0.0,0.020318529094307338,0.9666786069048813,0.05087846031015329,0.0,0.0,0.0,0.008450883035041486,0.0,0,0.0,0,0.9666786069048813,,,,,,,,,,,
6793,11/4/1985,0.636,0.135,11.000,5.054,0.135,0.0,4.9190000000000005,0.0,0.0,0.0,0.9666786069048813,0.0,0.0,0.019626188103660652,0.9470524188012206,0.049224550269397586,0.0,0.0,0.0,0.008144324531873843,0.0,0,0.0,0,0.9470524188012206,,,,,,,,,,,
6794,11/5/1985,0.580,0.031,11.000,5.054,0.031,0.0,5.023000000000001,0.0,0.0,0.0,0.9470524188012206,0.0,0.0,0.018966584944015107,0.9280858338572054,0.04764601304535825,0.0,0.0,0.0,0.00785292278697387,0.0,0,0.0,0,0.9280858338572054,,,,,,,,,,,
6795,11/6/1985,0.580,0.018,11.000,5.054,0.018,0.0,5.0360000000000005,0.0,0.0,0.0,0.9280858338572054,0.0,0.0,0.018337748715923974,0.9097480851412815,0.04613844807460921,0.0,0.0,0.0,0.0075757333535210305,0.0,0,0.0,0,0.9097480851412815,,,,,,,,,,,
6796,11/7/1985,0.580,0.065,11.000,5.054,0.065,0.0,4.989,0.0,0.0,0.0,0.9097480851412815,0.0,0.0,0.017737852041335822,0.8920102330999456,0.04469776689210723,0.0,0.0,0.0,0.007311882507638235,0.0,0,0.0,0,0.8920102330999456,,,,,,,,,,,
6797,11/8/1985,0.580,0.065,11.000,5.054,0.065,0.0,4.989,0.0,0.0,0.0,0.8920102330999456,0.0,0.0,0.017165198844135764,0.8748450342558098,0.04332016717039085,0.0,0.0,0.0,0.007060561084415045,0.0,0,0.0,0,0.8748450342558098,,,,,,,,,,,
6798,11/9/1985,0.580,0.994,11.000,5.054,0.994,0.0,4.0600000000000005,0.0,0.0,0.0,0.8748450342558098,0.0,0.0,0.016618213318016467,0.8582268209377933,0.04200210922923587,0.0,0.0,0.0,0.0068210189250147366,0.0,0,0.0,0,0.8582268209377933,,,,,,,,,,,
6799,11/10/1985,0.580,0.936,11.000,5.054,0.936,0.0,4.118,0.0,0.0,0.0,0.8582268209377933,0.0,0.0,0.01609542995237078,0.8421313909854226,0.04074029475176457,0.0,0.0,0.0,0.006592559867137036,0.0,0,0.0,0,0.8421313909854226,,,,,,,,,,,
6800,11/11/1985,0.552,0.309,11.000,5.054,0.309,0.0,4.745,0.0,0.0,0.0,0.8421313909854226,0.0,0.0,0.015595484502462094,0.8265359064829605,0.0395316474742358,0.0,0.0,0.0,0.006374537219387995,0.0,0,0.0,0,0.8265359064829605,,,,,,,,,,,
6801,11/12/1985,0.580,0.505,11.000,5.054,0.505,0.0,4.549,0.0,0.0,0.0,0.8265359064829605,0.0,0.0,0.015117105803645326,0.8114188006793152,0.038373295643930466,0.0,0.0,0.0,0.006166349667283722,0.0,0,0.0,0,0.8114188006793152,,,,,,,,,,,
6802,11/13/1985,0.580,2.105,11.000,5.054,2.105,0.0,2.9490000000000003,0.0,0.0,0.0,0.8114188006793152,0.0,0.0,0.014659108341172455,0.7967596923381427,0.03726255606325866,0.0,0.0,0.0,0.005967437564844827,0.0,0,0.0,0,0.7967596923381427,,,,,,,,,,,
6803,11/14/1985,0.580,4.513,11.000,5.054,4.513,0.0,0.5410000000000004,0.0,0.0,0.0,0.7967596923381427,0.0,0.0,0.014220385497368754,0.782539306840774,0.03619691955893257,0.0,0.0,0.0,0.005777279571158093,0.0,0,0.0,0,0.782539306840774,,,,,,,,,,,
6804,11/15/1985,0.607,3.663,11.000,5.054,3.663,0.0,1.3910000000000005,0.0,0.0,0.0,0.782539306840774,0.0,0.0,0.013799903406918872,0.7687394034338552,0.035174037733182936,0.0,0.0,0.0,0.005595389596005178,0.0,0,0.0,0,0.7687394034338552,,,,,,,,,,,
6805,11/16/1985,0.580,0.411,11.000,5.054,0.411,0.0,4.643000000000001,0.0,0.0,0.0,0.7687394034338552,0.0,0.0,0.013396695358834561,0.7553427080750206,0.034191710869897245,0.0,0.0,0.0,0.005421314022781885,0.0,0,0.0,0,0.7553427080750206,,,,,,,,,,,
6806,11/17/1985,0.580,0.069,11.000,5.054,0.069,0.0,4.985,0.0,0.0,0.0,0.7553427080750206,0.0,0.0,0.01300985669053934,0.7423328513844812,0.0332478768825212,0.0,0.0,0.0,0.005254629180538062,0.0,0,0.0,0,0.7423328513844812,,,,,,,,,,,
6807,11/18/1985,0.525,0.483,11.000,5.054,0.483,0.0,4.571000000000001,0.0,0.0,0.0,0.7423328513844812,0.0,0.0,0.012638540125530283,0.729694311258951,0.03234060120284966,0.0,0.0,0.0,0.005094939040127648,0.0,0,0.0,0,0.729694311258951,,,,,,,,,,,
6808,11/19/1985,0.525,0.037,11.000,5.054,0.037,0.0,5.017,0.0,0.0,0.0,0.729694311258951,0.0,0.0,0.012281951511374269,0.7174123597475768,0.03146806752065621,0.0,0.0,0.0,0.004941873112230938,0.0,0,0.0,0,0.7174123597475768,,,,,,,,,,,
6809,11/20/1985,0.525,1.139,11.000,5.054,1.139,0.0,3.915,0.0,0.0,0.0,0.7174123597475768,0.0,0.0,0.011939345919460517,0.7054730138281162,0.030628569293661864,0.0,0.0,0.0,0.004795084527447844,0.0,0,0.0,0,0.7054730138281162,,,,,,,,,,,
6810,11/21/1985,0.636,1.858,11.000,5.054,1.858,0.0,3.196,0.0,0.0,0.0,0.7054730138281162,0.0,0.0,0.011610024072045465,0.6938629897560707,0.029820501955784742,0.0,0.0,0.0,0.004654248280806074,0.0,0,0.0,0,0.6938629897560707,,,,,,,,,,,
6811,11/22/1985,0.636,0.327,11.000,5.054,0.327,0.0,4.727,0.0,0.0,0.0,0.6938629897560707,0.0,0.0,0.011293329065759814,0.6825696606903109,0.029042355759083916,0.0,0.0,0.0,0.004519059624919285,0.0,0,0.0,0,0.6825696606903109,,,,,,,,,,,
6812,11/23/1985,0.580,0.218,11.000,5.054,0.218,0.0,4.836,0.0,0.0,0.0,0.6825696606903109,0.0,0.0,0.010988643363962177,0.6715810173263487,0.028292709191432838,0.0,0.0,0.0,0.004389232597700115,0.0,0,0.0,0,0.6715810173263487,,,,,,,,,,,
6813,11/24/1985,0.552,0.134,11.000,5.054,0.134,0.0,4.92,0.0,0.0,0.0,0.6715810173263487,0.0,0.0,0.010695386033171552,0.6608856312931771,0.027570222917836524,0.0,0.0,0.0,0.004264498672009621,0.0,0,0.0,0,0.6608856312931771,,,,,,,,,,,
6814,11/25/1985,0.525,0.008,11.000,5.054,0.008,0.0,5.046,0.0,0.0,0.0,0.6608856312931771,0.0,0.0,0.01041301020133691,0.6504726210918402,0.026873634198531,0.0,0.0,0.0,0.004144605515932081,0.0,0,0.0,0,0.6504726210918402,,,,,,,,,,,
6815,11/26/1985,0.525,0.000,11.000,5.054,0.0,0.0,5.054,0.0,0.0,0.0,0.6504726210918402,0.0,0.0,0.01014100071794643,0.6403316203738938,0.0262017517416541,0.0,0.0,0.0,0.004029315853523562,0.0,0,0.0,0,0.6403316203738938,,,,,,,,,,,
6816,11/27/1985,0.525,0.057,11.000,5.054,0.057,0.0,4.997,0.0,0.0,0.0,0.6403316203738938,0.0,0.0,0.009878871997975125,0.6304527483759187,0.025553450952421227,0.0,0.0,0.0,0.003918406416912197,0.0,0,0.0,0,0.6304527483759187,,,,,,,,,,,
6817,11/28/1985,0.525,0.222,11.000,5.054,0.222,0.0,4.832,0.0,0.0,0.0,0.6304527483759187,0.0,0.0,0.009626166033447518,0.6208265823424711,0.024927669544437623,0.0,0.0,0.0,0.0038116669815434203,0.0,0,0.0,0,0.6208265823424711,,,,,,,,,,,
6818,11/29/1985,0.525,0.000,11.000,5.054,0.0,0.0,5.054,0.0,0.0,0.0,0.6208265823424711,0.0,0.0,0.0093824505579778,0.6114441317844933,0.02432340348208338,0.0,0.0,0.0,0.0037088994771783883,0.0,0,0.0,0,0.6114441317844933,,,,,,,,,,,
6819,11/30/1985,0.525,0.002,11.000,5.054,0.002,0.0,5.0520000000000005,0.0,0.0,0.0,0.6114441317844933,0.0,0.0,0.009147317351065816,0.6022968144334275,0.02373970322586308,0.0,0.0,0.0,0.003609917167980244,0.0,0,0.0,0,0.6022968144334275,,,,,,,,,,,
6820,12/1/1985,0.525,0.002,12.000,5.337,0.002,0.0,5.335,0.0,0.0,0.0,0.6022968144334275,0.0,0.0,0.008920380670193035,0.5933764337632345,0.023175670255259382,0.0,0.0,0.0,0.003514543895671247,0.0,0,0.0,0,0.5933764337632345,,,,,,,,,,,
6821,12/2/1985,0.525,0.000,12.000,5.337,0.0,0.0,5.337,0.0,0.0,0.0,0.5933764337632345,0.0,0.0,0.008701275799895944,0.5846751579633385,0.022630453846004168,0.0,0.0,0.0,0.00342261338032321,0.0,0,0.0,0,0.5846751579633385,,,,,,,,,,,
6822,12/3/1985,0.525,0.042,12.000,5.337,0.042,0.0,5.295,0.0,0.0,0.0,0.5846751579633385,0.0,0.0,0.008489657708009673,0.5761855002553288,0.022103248080811565,0.0,0.0,0.0,0.003333968573862041,0.0,0,0.0,0,0.5761855002553288,,,,,,,,,,,
6823,12/4/1985,0.499,0.118,12.000,5.337,0.118,0.0,5.218999999999999,0.0,0.0,0.0,0.5761855002553288,0.0,0.0,0.008285199800185728,0.5679003004551431,0.021593289074532843,0.0,0.0,0.0,0.0032484610618314816,0.0,0,0.0,0,0.5679003004551431,,,,,,,,,,,
6824,12/5/1985,0.499,0.000,12.000,5.337,0.0,0.0,5.337,0.0,0.0,0.0,0.5679003004551431,0.0,0.0,0.008087592764606147,0.5598127076905369,0.0210998523964163,0.0,0.0,0.0,0.003165950509377559,0.0,0,0.0,0,0.5598127076905369,,,,,,,,,,,
6825,12/6/1985,0.499,0.123,12.000,5.337,0.123,0.0,5.2139999999999995,0.0,0.0,0.0,0.5598127076905369,0.0,0.0,0.007896543499552109,0.5519161641909848,0.02062225067370745,0.0,0.0,0.0,0.003086304147789001,0.0,0,0.0,0,0.5519161641909848,,,,,,,,,,,
6826,12/7/1985,0.473,1.398,12.000,5.337,1.398,0.0,3.939,0.0,0.0,0.0,0.5519161641909848,0.0,0.0,0.007711774117147539,0.5442043900738373,0.020159831362224483,0.0,0.0,0.0,0.003009396298264862,0.0,0,0.0,0,0.5442043900738373,,,,,,,,,,,
6827,12/8/1985,0.448,4.392,12.000,5.337,4.392,0.0,0.9449999999999994,0.0,0.0,0.0,0.5442043900738373,0.0,0.0,0.007533021017195005,0.5366713690566423,0.019711974670806796,0.0,0.0,0.0,0.0029351079298827964,0.0,0,0.0,0,0.5366713690566423,,,,,,,,,,,
6828,12/9/1985,0.448,0.140,12.000,5.337,0.14,0.0,5.197,0.0,0.0,0.0,0.5366713690566423,0.0,0.0,0.007360034025559727,0.5293113350310825,0.019278091627676075,0.0,0.0,0.0,0.002863326249013675,0.0,0,0.0,0,0.5293113350310825,,,,,,,,,,,
6829,12/10/1985,0.448,1.108,12.000,5.337,1.108,0.0,4.228999999999999,0.0,0.0,0.0,0.5293113350310825,0.0,0.0,0.0071925755920436525,0.5221187594390388,0.018857622277781216,0.0,0.0,0.0,0.00279394431767363,0.0,0,0.0,0,0.5221187594390388,,,,,,,,,,,
6830,12/11/1985,0.473,0.857,12.000,5.337,0.857,0.0,4.4799999999999995,0.0,0.0,0.0,0.5221187594390388,0.0,0.0,0.007030420043130974,0.5150883393959079,0.018450034001133115,0.0,0.0,0.0,0.0027268606985261,0.0,0,0.0,0,0.5150883393959079,,,,,,,,,,,
6831,12/12/1985,0.525,0.940,12.000,5.337,0.94,0.0,4.397,0.0,0.0,0.0,0.5150883393959079,0.0,0.0,0.006873352885384083,0.5082149865105239,0.01805481994298177,0.0,0.0,0.0,0.002661979124446534,0.0,0,0.0,0,0.5082149865105239,,,,,,,,,,,
6832,12/13/1985,0.665,2.912,12.000,5.337,2.912,0.0,2.425,0.0,0.0,0.0,0.5082149865105239,0.0,0.0,0.00672117015562897,0.5014938163548949,0.0176714975474562,0.0,0.0,0.0,0.0025992081907433456,0.0,0,0.0,0,0.5014938163548949,,,,,,,,,,,
6833,12/14/1985,1.231,7.712,12.000,5.337,5.337,2.375,0.0,0,2.28555855428157,0.0,2.7870523706364647,0.0,0.0,0.11462367461851522,2.6724286960179495,0.26237839485449094,0.08944144571843,0.08944144571843,0.0,0.053422649572755186,0.08944144571843,0,0.0,0,2.6724286960179495,,,,,,,,,,,
6834,12/15/1985,1.384,3.378,12.000,5.337,3.378,0.0,1.9589999999999996,0.0,0.0,0.08944144571843,2.6724286960179495,0.08944144571843,0.0,0.10687496577369589,2.5655537302442535,0.24562255133130037,0.0,0.0,0.0,0.049582321978969605,0.0,0,0.0,0,2.5655537302442535,,,,,,,,,,,
6835,12/16/1985,1.194,0.017,12.000,5.337,0.017,0.0,5.319999999999999,0.0,0.0,0.0,2.5655537302442535,0.0,0.0,0.0998468347903824,2.465706895453871,0.2303572116926521,0.0,0.0,0.0,0.04611490503262955,0.0,0,0.0,0,2.465706895453871,,,,,,,,,,,
6836,12/17/1985,0.636,0.673,12.000,5.337,0.673,0.0,4.664,0.0,0.0,0.0,2.465706895453871,0.0,0.0,0.09345478169474275,2.3722521137591284,0.21641388188377883,0.0,0.0,0.0,0.04297520081017892,0.0,0,0.0,0,2.3722521137591284,,,,,,,,,,,
6837,12/18/1985,0.580,0.312,12.000,5.337,0.312,0.0,5.0249999999999995,0.0,0.0,0.0,2.3722521137591284,0.0,0.0,0.08762617373669432,2.2846259400224342,0.2036470014621601,0.0,0.0,0.0,0.040124529236233414,0.0,0,0.0,0,2.2846259400224342,,,,,,,,,,,
6838,12/19/1985,0.580,0.160,12.000,5.337,0.16,0.0,5.177,0.0,0.0,0.0,2.2846259400224342,0.0,0.0,0.08229831632132972,2.2023276237011045,0.19193031632202798,0.0,0.0,0.0,0.037529645094495946,0.0,0,0.0,0,2.2023276237011045,,,,,,,,,,,
6839,12/20/1985,0.754,3.021,12.000,5.337,3.021,0.0,2.316,0.0,0.0,0.0,2.2023276237011045,0.0,0.0,0.07741687822852315,2.1249107454725813,0.18115390158818626,0.0,0.0,0.0,0.035161857671726846,0.0,0,0.0,0,2.1249107454725813,,,,,,,,,,,
6840,12/21/1985,0.636,0.668,12.000,5.337,0.668,0.0,4.669,0.0,0.0,0.0,2.1249107454725813,0.0,0.0,0.07293459891569552,2.051976146556886,0.17122170503964396,0.0,0.0,0.0,0.032996311068785075,0.0,0,0.0,0,2.051976146556886,,,,,,,,,,,
6841,12/22/1985,0.580,0.313,12.000,5.337,0.313,0.0,5.024,0.0,0.0,0.0,2.051976146556886,0.0,0.0,0.06881022180357284,1.983165924753313,0.16204950977014188,0.0,0.0,0.0,0.031011392705637165,0.0,0,0.0,0,1.983165924753313,,,,,,,,,,,
6842,12/23/1985,0.525,0.382,12.000,5.337,0.382,0.0,4.955,0.0,0.0,0.0,1.983165924753313,0.0,0.0,0.06500760966142984,1.9181583150918833,0.15356323641877254,0.0,0.0,0.0,0.029188244719490504,0.0,0,0.0,0,1.9181583150918833,,,,,,,,,,,
6843,12/24/1985,0.525,0.155,12.000,5.337,0.155,0.0,5.1819999999999995,0.0,0.0,0.0,1.9181583150918833,0.0,0.0,0.06149500754386367,1.8566633075480197,0.1456975219213579,0.0,0.0,0.0,0.02751035841465747,0.0,0,0.0,0,1.8566633075480197,,,,,,,,,,,
6844,12/25/1985,0.473,0.226,12.000,5.337,0.226,0.0,5.111,0.0,0.0,0.0,1.8566633075480197,0.0,0.0,0.05824442591488704,1.7984188816331326,0.13839452458891552,0.0,0.0,0.0,0.0259632361078548,0.0,0,0.0,0,1.7984188816331326,,,,,,,,,,,
6845,12/26/1985,0.580,0.011,12.000,5.337,0.011,0.0,5.326,0.0,0.0,0.0,1.7984188816331326,0.0,0.0,0.055231122159674136,1.7431877594734584,0.13160291532917323,0.0,0.0,0.0,0.024534107942392788,0.0,0,0.0,0,1.7431877594734584,,,,,,,,,,,
6846,12/27/1985,0.552,0.043,12.000,5.337,0.043,0.0,5.294,0.0,0.0,0.0,1.7431877594734584,0.0,0.0,0.052433163021721116,1.6907545964517372,0.1252770226685087,0.0,0.0,0.0,0.02321169375308855,0.0,0,0.0,0,1.6907545964517372,,,,,,,,,,,
6847,12/28/1985,0.424,0.190,12.000,5.337,0.19,0.0,5.146999999999999,0.0,0.0,0.0,1.6907545964517372,0.0,0.0,0.049831053904336356,1.640923542547401,0.1193761054103797,0.0,0.0,0.0,0.021986002023682675,0.0,0,0.0,0,1.640923542547401,,,,,,,,,,,
6848,12/29/1985,0.376,0.740,12.000,5.337,0.74,0.0,4.5969999999999995,0.0,0.0,0.0,1.640923542547401,0.0,0.0,0.04740742365755576,1.5935161188898452,0.11386373166186584,0.0,0.0,0.0,0.020848159518806208,0.0,0,0.0,0,1.5935161188898452,,,,,,,,,,,
6849,12/30/1985,0.376,0.586,12.000,5.337,0.586,0.0,4.7509999999999994,0.0,0.0,0.0,1.5935161188898452,0.0,0.0,0.04514675559826119,1.548369363291584,0.10870724685938221,0.0,0.0,0.0,0.019790266389665075,0.0,0,0.0,0,1.548369363291584,,,,,,,,,,,
6850,12/31/1985,0.424,0.858,12.000,5.337,0.858,0.0,4.479,0.0,0.0,0.0,1.548369363291584,0.0,0.0,0.04303515720625774,1.5053342060853263,0.1038773165463228,0.0,0.0,0.0,0.018805272519435437,0.0,0,0.0,0,1.5053342060853263,,,,,,,,,,,
6851,1/1/1986,0.448,0.228,1.000,5.134,0.228,0.0,4.906000000000001,0.0,0.0,0.0,1.5053342060853263,0.0,0.0,0.04106016229666569,1.4642740437886606,0.09934753216654725,0.0,0.0,0.0,0.017886871646224628,0.0,0,0.0,0,1.4642740437886606,,,,,,,,,,,
6852,1/2/1986,0.473,0.181,1.000,5.134,0.181,0.0,4.953,0.0,0.0,0.0,1.4642740437886606,0.0,0.0,0.03921056056151424,1.4250634832271463,0.09509407016697984,0.0,0.0,0.0,0.01702941042062649,0.0,0,0.0,0,1.4250634832271463,,,,,,,,,,,
6853,1/3/1986,0.448,0.035,1.000,5.134,0.035,0.0,5.099,0.0,0.0,0.0,1.4250634832271463,0.0,0.0,0.0374762502566311,1.3875872329705152,0.0910953963498475,0.0,0.0,0.0,0.016227810053876243,0.0,0,0.0,0,1.3875872329705152,,,,,,,,,,,
6854,1/4/1986,0.448,0.234,1.000,5.134,0.234,0.0,4.9,0.0,0.0,0.0,1.3875872329705152,0.0,0.0,0.03584811052701581,1.3517391224434994,0.08733200875785585,0.0,0.0,0.0,0.015477498616495588,0.0,0,0.0,0,1.3517391224434994,,,,,,,,,,,
6855,1/5/1986,0.448,0.755,1.000,5.134,0.755,0.0,4.3790000000000004,0.0,0.0,0.0,1.3517391224434994,0.0,0.0,0.034317890448539216,1.31742123199496,0.08378621347463208,0.0,0.0,0.0,0.014774352375619316,0.0,0,0.0,0,1.31742123199496,,,,,,,,,,,
6856,1/6/1986,0.448,1.113,1.000,5.134,1.113,0.0,4.021000000000001,0.0,0.0,0.0,1.31742123199496,0.0,0.0,0.03287811234239512,1.284543119652565,0.08044192862580882,0.0,0.0,0.0,0.01411464482713869,0.0,0,0.0,0,1.284543119652565,,,,,,,,,,,
6857,1/7/1986,0.424,0.124,1.000,5.134,0.124,0.0,5.010000000000001,0.0,0.0,0.0,1.284543119652565,0.0,0.0,0.031521987311996284,1.2530211323405687,0.07728451261091995,0.0,0.0,0.0,0.013495002298335545,0.0,0,0.0,0,1.2530211323405687,,,,,,,,,,,
6858,1/8/1986,0.424,0.085,1.000,5.134,0.085,0.0,5.049,0.0,0.0,0.0,1.2530211323405687,0.0,0.0,0.03024334127636228,1.2227777910642064,0.07430061321278307,0.0,0.0,0.0,0.012912365177233846,0.0,0,0.0,0,1.2227777910642064,,,,,,,,,,,
6859,1/9/1986,0.400,1.465,1.000,5.134,1.465,0.0,3.6690000000000005,0.0,0.0,0.0,1.2227777910642064,0.0,0.0,0.029036550042518542,1.1937412410216879,0.07147803474312242,0.0,0.0,0.0,0.012363953973922445,0.0,0,0.0,0,1.1937412410216879,,,,,,,,,,,
6860,1/10/1986,0.424,0.705,1.000,5.134,0.705,0.0,4.429,0.0,0.0,0.0,1.1937412410216879,0.0,0.0,0.027896482182406923,1.165844758839281,0.0688056208099583,0.0,0.0,0.0,0.01184723954253699,0.0,0,0.0,0,1.165844758839281,,,,,,,,,,,
6861,1/11/1986,0.424,0.391,1.000,5.134,0.391,0.0,4.743,0.0,0.0,0.0,1.165844758839281,0.0,0.0,0.02681844866561783,1.1390263101736633,0.06627315064911186,0.0,0.0,0.0,0.011359916895168213,0.0,0,0.0,0,1.1390263101736633,,,,,,,,,,,
6862,1/12/1986,0.424,0.299,1.000,5.134,0.299,0.0,4.835,0.0,0.0,0.0,1.1390263101736633,0.0,0.0,0.025798158354584284,1.113228151819079,0.06387124726144221,0.0,0.0,0.0,0.010899882124488088,0.0,0,0.0,0,1.113228151819079,,,,,,,,,,,
6863,1/13/1986,0.424,0.707,1.000,5.134,0.707,0.0,4.4270000000000005,0.0,0.0,0.0,1.113228151819079,0.0,0.0,0.024831678599128163,1.0883964732199507,0.06159129584918746,0.0,0.0,0.0,0.010465212023412626,0.0,0,0.0,0,1.0883964732199507,,,,,,,,,,,
6864,1/14/1986,0.424,0.000,1.000,5.134,0.0,0.0,5.134,0.0,0.0,0.0,1.0883964732199507,0.0,0.0,0.023915400276793036,1.0644810729431577,0.05942537125717629,0.0,0.0,0.0,0.010054146050121771,0.0,0,0.0,0,1.0644810729431577,,,,,,,,,,,
6865,1/15/1986,0.400,0.397,1.000,5.134,0.397,0.0,4.737,0.0,0.0,0.0,1.0644810729431577,0.0,0.0,0.0230460067177933,1.0414350662253644,0.05736617330437445,0.0,0.0,0.0,0.009665070337236974,0.0,0,0.0,0,1.0414350662253644,,,,,,,,,,,
6866,1/16/1986,0.376,0.138,1.000,5.134,0.138,0.0,4.996,0.0,0.0,0.0,1.0414350662253644,0.0,0.0,0.02222044603155631,1.0192146201938082,0.05540696904367233,0.0,0.0,0.0,0.00929650348654611,0.0,0,0.0,0,1.0192146201938082,,,,,,,,,,,
6867,1/17/1986,0.376,0.060,1.000,5.134,0.06,0.0,5.074000000000001,0.0,0.0,0.0,1.0192146201938082,0.0,0.0,0.021435906418108813,0.9977787137756994,0.0535415411174843,0.0,0.0,0.0,0.008947083926695281,0.0,0,0.0,0,0.9977787137756994,,,,,,,,,,,
6868,1/18/1986,0.376,1.098,1.000,5.134,1.098,0.0,4.0360000000000005,0.0,0.0,0.0,0.9977787137756994,0.0,0.0,0.020689794103910163,0.9770889196717892,0.051764141487296515,0.0,0.0,0.0,0.008615558641827965,0.0,0,0.0,0,0.9770889196717892,,,,,,,,,,,
6869,1/19/1986,0.353,0.304,1.000,5.134,0.304,0.0,4.83,0.0,0.0,0.0,0.9770889196717892,0.0,0.0,0.019979713589770336,0.9571092060820189,0.05006944990981807,0.0,0.0,0.0,0.008300773105140897,0.0,0,0.0,0,0.9571092060820189,,,,,,,,,,,
6870,1/20/1986,0.353,1.281,1.000,5.134,1.281,0.0,3.8530000000000006,0.0,0.0,0.0,0.9571092060820189,0.0,0.0,0.019303449939536973,0.937805756142482,0.048452536613378054,0.0,0.0,0.0,0.00800166227348136,0.0,0,0.0,0,0.937805756142482,,,,,,,,,,,
6871,1/21/1986,0.376,0.962,1.000,5.134,0.962,0.0,4.172000000000001,0.0,0.0,0.0,0.937805756142482,0.0,0.0,0.018658952873393246,0.9191468032690887,0.046908828697769876,0.0,0.0,0.0,0.007717242518043298,0.0,0,0.0,0,0.9191468032690887,,,,,,,,,,,
6872,1/22/1986,0.448,4.585,1.000,5.134,4.585,0.0,0.5490000000000004,0.0,0.0,0.0,0.9191468032690887,0.0,0.0,0.018044322459790763,0.901102480809298,0.04543407984061798,0.0,0.0,0.0,0.007446604382436161,0.0,0,0.0,0,0.901102480809298,,,,,,,,,,,
6873,1/23/1986,0.424,5.223,1.000,5.134,5.134,0.08899999999999952,0.0,0,0.021068011514890864,0.0,0.9221704923241889,0.0,0.0,0.018143363996429452,0.9040271283277594,0.04567189429183172,0.06793198848510866,0.06793198848510866,0.0,0.0074901745522611045,0.06793198848510866,0,0.0,0,0.9040271283277594,,,,,,,,,,,
6874,1/24/1986,0.424,0.144,1.000,5.134,0.144,0.0,4.99,0.0,0.0,0.06793198848510866,0.9040271283277594,0.06793198848510866,0.0,0.01755233434275207,0.8864747939850074,0.04425173166360912,0.0,0.0,0.0,0.007230404675621022,0.0,0,0.0,0,0.8864747939850074,,,,,,,,,,,
6875,1/25/1986,0.424,0.005,1.000,5.134,0.005,0.0,5.1290000000000004,0.0,0.0,0.0,0.8864747939850074,0.0,0.0,0.01698803302839209,0.8694867609566153,0.0428934941180315,0.0,0.0,0.0,0.006982918814343936,0.0,0,0.0,0,0.8694867609566153,,,,,,,,,,,
6876,1/26/1986,0.424,0.587,1.000,5.134,0.587,0.0,4.547000000000001,0.0,0.0,0.0,0.8694867609566153,0.0,0.0,0.016448920459697737,0.8530378404969176,0.041593721165881975,0.0,0.0,0.0,0.006746984550564588,0.0,0,0.0,0,0.8530378404969176,,,,,,,,,,,
6877,1/27/1986,0.424,11.113,1.000,5.134,5.134,5.978999999999999,0.0,0,5.889558554281569,0.0,6.742596394778487,0.0,0.0,0.4997403132348013,6.242856081543685,1.042339523789265,0.08944144571843,0.08944144571843,0.0,0.256609596100145,0.08944144571843,0,0.0,0,6.242856081543685,,,,,,,,,,,
6878,1/28/1986,0.785,0.528,1.000,5.134,0.528,0.0,4.606,0.0,0.0,0.08944144571843,6.242856081543685,0.08944144571843,0.0,0.43954632150046247,5.803309760043223,0.9249264448563077,0.0,0.0,0.0,0.22380277086044384,0.0,0,0.0,0,5.803309760043223,,,,,,,,,,,
6879,1/29/1986,0.552,1.348,1.000,5.134,1.348,0.0,3.7860000000000005,0.0,0.0,0.0,5.803309760043223,0.0,0.0,0.389187334548692,5.414122425494531,0.825732248764394,0.0,0.0,0.0,0.1965813081807536,0.0,0,0.0,0,5.414122425494531,,,,,,,,,,,
6880,1/30/1986,0.448,2.472,1.000,5.134,2.472,0.0,2.6620000000000004,0.0,0.0,0.0,5.414122425494531,0.0,0.0,0.34666704975329077,5.067455375741241,0.7412109265468748,0.0,0.0,0.0,0.17377602911516432,0.0,0,0.0,0,5.067455375741241,,,,,,,,,,,
6881,1/31/1986,0.473,6.843,1.000,5.134,5.134,1.7089999999999996,0.0,0,1.6195585542815696,0.0,6.68701393002281,0.0,0.0,0.49289319757580324,6.194120732447007,1.0290426183752566,0.08944144571843,0.08944144571843,0.0,0.25286404770900506,0.08944144571843,0,0.0,0,6.194120732447007,,,,,,,,,,,
6882,2/1/1986,4.646,29.783,2.000,4.866,4.866,24.917,0.0,0,24.917,0.08944144571843,31.111518881706413,0.0,0.08944144571843,6.390985051836935,24.720533829869478,10.761384024446281,0.0,0.0,0.00039814925940304455,3.880840367201497,0.08904329645902696,0,0.0,0,24.720533829869478,,,,,,,,,,,
6883,2/2/1986,2.299,1.434,2.000,4.866,1.434,0.0,3.4319999999999995,0.0,0.0,0.08904329645902696,24.720533829869478,0.08904329645902696,0.0,4.356411071183811,20.364122758685667,7.617908167094974,0.0,0.0,0.0,2.579497279218446,0.0,0,0.0,0,20.364122758685667,,,,,,,,,,,
6884,2/3/1986,1.269,2.094,2.000,4.866,2.094,0.0,2.772,0.0,0.0,0.0,20.364122758685667,0.0,0.0,3.1536146331814825,17.210508125504184,5.683018292048611,0.0,0.0,0.0,1.8280232291328946,0.0,0,0.0,0,17.210508125504184,,,,,,,,,,,
6885,2/4/1986,1.269,4.444,2.000,4.866,4.444,0.0,0.4219999999999997,0.0,0.0,0.0,17.210508125504184,0.0,0.0,2.3824397835998945,14.82806834190429,4.401556205742868,0.0,0.0,0.0,1.3557555867650841,0.0,0,0.0,0,14.82806834190429,,,,,,,,,,,
6886,2/5/1986,1.384,7.128,2.000,4.866,4.866,2.2620000000000005,0.0,0,2.1725585542815704,0.0,17.00062689618586,0.0,0.0,2.3342140125572346,14.666412883628626,4.320116786789224,0.08944144571843,0.08944144571843,0.0,1.3265259526637234,0.08944144571843,0,0.0,0,14.666412883628626,,,,,,,,,,,
6887,2/6/1986,5.774,20.751,2.000,4.866,4.866,15.885000000000002,0.0,0,15.885000000000002,0.08944144571843,30.551811032888033,0.0,0.08944144571843,6.200509495065055,24.351301537822977,10.472759301666883,0.0,0.0,0.00039814925940304455,3.7576879179493634,0.08904329645902696,0,0.0,0,24.351301537822977,,,,,,,,,,,
6888,2/7/1986,8.156,19.766,2.000,4.866,4.866,14.899999999999999,0.0,0,14.899601850740595,0.08904329645902696,39.25129976545859,0.0,0.08904329645902696,9.414324904071137,29.836974861387453,15.219512413669403,0.0003981492594030382,0.0003981492594030382,0.0003963768950199571,5.86430028817318,0.08904506882341005,0,0.0,0,29.836974861387453,,,,,,,,,,,
6889,2/8/1986,6.054,4.455,2.000,4.866,4.455,0.0,0.4109999999999996,0.0,0.0,0.08904506882341005,29.837215374793203,0.03501541482562979,0.054029653997780265,5.960686215926885,23.87652915886632,10.107838424714375,0.0,0.0,0.00024051340575084526,3.6029841919759154,0.05378914059202942,0,0.0,0,23.87652915886632,,,,,,,,,,,
6890,2/9/1986,2.695,0.833,2.000,4.866,0.833,0.0,4.0329999999999995,0.0,0.0,0.05378914059202942,23.87652915886632,0.05378914059202942,0.0,4.111349877628068,19.76517928123825,7.229062309245596,0.0,0.0,0.0,2.4251362559201564,0.0,0,0.0,0,19.76517928123825,,,,,,,,,,,
6891,2/10/1986,1.345,0.082,2.000,4.866,0.082,0.0,4.784,0.0,0.0,0.0,19.76517928123825,0.0,0.0,3.000546591958847,16.764632689279402,5.431552024545154,0.0,0.0,0.0,1.7336109066639995,0.0,0,0.0,0,16.764632689279402,,,,,,,,,,,
6892,2/11/1986,1.307,0.418,2.000,4.866,0.418,0.0,4.4479999999999995,0.0,0.0,0.0,16.764632689279402,0.0,0.0,2.2804602977953325,14.48417239148407,4.22914147080309,0.0,0.0,0.0,1.2939926687810521,0.0,0,0.0,0,14.48417239148407,,,,,,,,,,,
6893,2/12/1986,1.384,0.847,2.000,4.866,0.847,0.0,4.019,0.0,0.0,0.0,14.48417239148407,0.0,0.0,1.7872635023031005,12.69690888918097,3.3836626885075813,0.0,0.0,0.0,0.9980078737647826,0.0,0,0.0,0,12.69690888918097,,,,,,,,,,,
6894,2/13/1986,1.015,4.550,2.000,4.866,4.55,0.0,0.31599999999999984,0.0,0.0,0.0,12.69690888918097,0.0,0.0,1.4350348564699151,11.261874032711054,2.766081148206235,0.0,0.0,0.0,0.7898330984369905,0.0,0,0.0,0,11.261874032711054,,,,,,,,,,,
6895,2/14/1986,0.817,0.904,2.000,4.866,0.904,0.0,3.9619999999999997,0.0,0.0,0.0,11.261874032711054,0.0,0.0,1.1750334237886624,10.086840608922392,2.3011487734552523,0.0,0.0,0.0,0.6382793827543103,0.0,0,0.0,0,10.086840608922392,,,,,,,,,,,
6896,2/15/1986,0.817,0.299,2.000,4.866,0.299,0.0,4.566999999999999,0.0,0.0,0.0,10.086840608922392,0.0,0.0,0.9778923343758115,9.10894827454658,1.9424280631097635,0.0,0.0,0.0,0.5248116277654401,0.0,0,0.0,0,9.10894827454658,,,,,,,,,,,
6897,2/16/1986,0.754,0.593,2.000,4.866,0.593,0.0,4.273,0.0,0.0,0.0,9.10894827454658,0.0,0.0,0.8250485485067196,8.283899726039861,1.659938878454926,0.0,0.0,0.0,0.4378598055803433,0.0,0,0.0,0,8.283899726039861,,,,,,,,,,,
6898,2/17/1986,0.724,0.029,2.000,4.866,0.029,0.0,4.837,0.0,0.0,0.0,8.283899726039861,0.0,0.0,0.7042991541082476,7.579600571931613,1.433598075572616,0.0,0.0,0.0,0.36990549422885716,0.0,0,0.0,0,7.579600571931613,,,,,,,,,,,
6899,2/18/1986,0.665,0.548,2.000,4.866,0.548,0.0,4.318,0.0,0.0,0.0,7.579600571931613,0.0,0.0,0.6073555128047835,6.97224505912683,1.2495308924486717,0.0,0.0,0.0,0.3158964104400024,0.0,0,0.0,0,6.97224505912683,,,,,,,,,,,
6900,2/19/1986,0.636,0.308,2.000,4.866,0.308,0.0,4.558,0.0,0.0,0.0,6.97224505912683,0.0,0.0,0.5284292512375197,6.44381580788931,1.0978972381755048,0.0,0.0,0.0,0.27233942948023204,0.0,0,0.0,0,6.44381580788931,,,,,,,,,,,
6901,2/20/1986,0.665,1.589,2.000,4.866,1.589,0.0,3.2769999999999997,0.0,0.0,0.0,6.44381580788931,0.0,0.0,0.4633803797908235,5.980435428098486,0.9715591741388679,0.0,0.0,0.0,0.23675952031462247,0.0,0,0.0,0,5.980435428098486,,,,,,,,,,,
6902,2/21/1986,0.636,2.620,2.000,4.866,2.62,0.0,2.2459999999999996,0.0,0.0,0.0,5.980435428098486,0.0,0.0,0.40918570577815644,5.57124972232033,0.8652360968019601,0.0,0.0,0.0,0.20736521647971737,0.0,0,0.0,0,5.57124972232033,,,,,,,,,,,
6903,2/22/1986,0.607,0.483,2.000,4.866,0.483,0.0,4.383,0.0,0.0,0.0,5.57124972232033,0.0,0.0,0.36359688485624647,5.207652837464083,0.7749533094628652,0.0,0.0,0.0,0.1828352907927037,0.0,0,0.0,0,5.207652837464083,,,,,,,,,,,
6904,2/23/1986,0.580,0.337,2.000,4.866,0.337,0.0,4.529,0.0,0.0,0.0,5.207652837464083,0.0,0.0,0.324914544481856,4.882738292982228,0.697672823158453,0.0,0.0,0.0,0.16217899627657759,0.0,0,0.0,0,4.882738292982228,,,,,,,,,,,
6905,2/24/1986,0.525,0.121,2.000,4.866,0.121,0.0,4.744999999999999,0.0,0.0,0.0,4.882738292982228,0.0,0.0,0.2918355472208377,4.59090274576139,0.6310405563142885,0.0,0.0,0.0,0.14464229636914672,0.0,0,0.0,0,4.59090274576139,,,,,,,,,,,
6906,2/25/1986,0.473,0.188,2.000,4.866,0.188,0.0,4.678,0.0,0.0,0.0,4.59090274576139,0.0,0.0,0.2633475399695579,4.327555205791833,0.5732097459400975,0.0,0.0,0.0,0.12964360433412273,0.0,0,0.0,0,4.327555205791833,,,,,,,,,,,
6907,2/26/1986,0.473,0.200,2.000,4.866,0.2,0.0,4.6659999999999995,0.0,0.0,0.0,4.327555205791833,0.0,0.0,0.2386547811054288,4.088900424686404,0.5227153695243424,0.0,0.0,0.0,0.11672890210992572,0.0,0,0.0,0,4.088900424686404,,,,,,,,,,,
6908,2/27/1986,0.473,0.102,2.000,4.866,0.102,0.0,4.763999999999999,0.0,0.0,0.0,4.088900424686404,0.0,0.0,0.21712508529848645,3.8717753393879177,0.47838339132531316,0.0,0.0,0.0,0.10553985386122283,0.0,0,0.0,0,3.8717753393879177,,,,,,,,,,,
6909,2/28/1986,0.473,0.859,2.000,4.866,0.859,0.0,4.007,0.0,0.0,0.0,3.8717753393879177,0.0,0.0,0.19825129223689542,3.673524047151022,0.4392642106187991,0.0,0.0,0.0,0.09579079822138753,0.0,0,0.0,0,3.673524047151022,,,,,,,,,,,
6910,3/1/1986,0.499,0.926,3.000,4.631,0.926,0.0,3.705,0.0,0.0,0.0,3.673524047151022,0.0,0.0,0.18162289327579062,3.4919011538752316,0.4045832039769577,0.0,0.0,0.0,0.08725191119314064,0.0,0,0.0,0,3.4919011538752316,,,,,,,,,,,
6911,3/2/1986,0.580,1.716,3.000,4.631,1.716,0.0,2.915,0.0,0.0,0.0,3.4919011538752316,0.0,0.0,0.16690487189708772,3.324996281978144,0.37370352064312107,0.0,0.0,0.0,0.07973672476648229,0.0,0,0.0,0,3.324996281978144,,,,,,,,,,,
6912,3/3/1986,0.694,4.740,3.000,4.631,4.631,0.10899999999999999,0.0,0,0.033935129621953664,0.0,3.3589314116000977,0.0,0.0,0.15644715534290565,3.202484256257192,0.351649835686699,0.07506487037804632,0.07506487037804632,0.0,0.07442313650883091,0.07506487037804632,0,0.0,0,3.202484256257192,,,,,,,,,,,
6913,3/4/1986,0.817,2.288,3.000,4.631,2.288,0.0,2.3430000000000004,0.0,0.0,0.07506487037804632,3.202484256257192,0.07506487037804632,0.0,0.14449210460978484,3.057992151647407,0.32631556590120203,0.0,0.0,0.0,0.06837742629331676,0.0,0,0.0,0,3.057992151647407,,,,,,,,,,,
6914,3/5/1986,3.062,8.968,3.000,4.631,4.631,4.337,0.0,0,4.24755855428157,0.0,7.305550705928977,0.0,0.0,0.5711989192476313,6.734351786681345,1.180278351411642,0.08944144571843,0.08944144571843,0.0,0.2958933058194689,0.08944144571843,0,0.0,0,6.734351786681345,,,,,,,,,,,
6915,3/6/1986,2.019,3.453,3.000,4.631,3.453,0.0,1.1780000000000004,0.0,0.0,0.08944144571843,6.734351786681345,0.08944144571843,0.0,0.49872228713264377,6.235629499548701,1.0403634669628787,0.0,0.0,0.0,0.25605249477569486,0.0,0,0.0,0,6.235629499548701,,,,,,,,,,,
6916,3/7/1986,1.884,3.071,3.000,4.631,3.071,0.0,1.56,0.0,0.0,0.0,6.235629499548701,0.0,0.0,0.4386986347777338,5.796930864770967,0.9232643105797851,0.0,0.0,0.0,0.2233427849678208,0.0,0,0.0,0,5.796930864770967,,,,,,,,,,,
6917,3/8/1986,4.457,13.588,3.000,4.631,4.631,8.956999999999999,0.0,0,8.867558554281569,0.0,14.664489419052536,0.0,0.0,1.8245006495795593,12.839988769472978,3.448229968016012,0.08944144571843,0.08944144571843,0.0,1.0201843919352378,0.08944144571843,0,0.0,0,12.839988769472978,,,,,,,,,,,
6918,3/9/1986,8.802,7.020,3.000,4.631,4.631,2.3889999999999993,0.0,0,2.3889999999999993,0.08944144571843,15.22938691873238,0.0,0.08944144571843,1.9431357661995312,13.286251152532849,3.6530965691121295,0.0,0.0,0.00039814925940304455,1.091033386562671,0.08904329645902696,0,0.0,0,13.286251152532849,,,,,,,,,,,
6919,3/10/1986,2.644,2.502,3.000,4.631,2.502,0.0,2.1290000000000004,0.0,0.0,0.08904329645902696,13.286251152532849,0.08904329645902696,0.0,1.5477585352657934,11.738492617267056,2.965142780380347,0.0,0.0,0.0,0.8561246922165167,0.0,0,0.0,0,11.738492617267056,,,,,,,,,,,
6920,3/11/1986,1.423,3.724,3.000,4.631,3.724,0.0,0.907,0.0,0.0,0.0,11.738492617267056,0.0,0.0,1.2590790469793742,10.479413570287681,2.452382023410774,0.0,0.0,0.0,0.6870491215742357,0.0,0,0.0,0,10.479413570287681,,,,,,,,,,,
6921,3/12/1986,1.974,12.282,3.000,4.631,4.631,7.651,0.0,0,7.56155855428157,0.0,18.04097212456925,0.0,0.0,2.5771063275774724,15.46386579699178,4.7286252263246045,0.08944144571843,0.08944144571843,0.0,1.4741317054909335,0.08944144571843,0,0.0,0,15.46386579699178,,,,,,,,,,,
6922,3/13/1986,10.502,23.866,3.000,4.631,4.631,19.235,0.0,0,19.235,0.08944144571843,34.699263946251186,0.0,0.08944144571843,7.665954119477395,27.03330982677379,12.667923106768699,0.0,0.0,0.00039814925940304455,4.7111000059553145,0.08904329645902696,0,0.0,0,27.03330982677379,,,,,,,,,,,
6923,3/14/1986,7.685,11.780,3.000,4.631,4.631,7.148999999999999,0.0,0,7.148601850740596,0.08904329645902696,34.182308054409404,0.0,0.08904329645902696,7.4765530264910876,26.705755027918315,12.387338733912275,0.0003981492594030382,0.0003981492594030382,0.0003963768950199571,4.587146570121411,0.08904506882341005,0,0.0,0,26.705755027918315,,,,,,,,,,,
6924,3/15/1986,3.733,1.534,3.000,4.631,1.534,0.0,3.0970000000000004,0.0,0.0,0.08904506882341005,26.705755027918315,0.08904506882341005,0.0,4.954964489073741,21.750790538844573,8.55757320835841,0.0,0.0,0.0,2.958869297828601,0.0,0,0.0,0,21.750790538844573,,,,,,,,,,,
6925,3/16/1986,2.746,1.855,3.000,4.631,1.855,0.0,2.7760000000000002,0.0,0.0,0.0,21.750790538844573,0.0,0.0,3.5195801126673625,18.23121042617721,6.279095076765664,0.0,0.0,0.0,2.0549509259884795,0.0,0,0.0,0,18.23121042617721,,,,,,,,,,,
6926,3/17/1986,1.668,0.653,3.000,4.631,0.653,0.0,3.978,0.0,0.0,0.0,18.23121042617721,0.0,0.0,2.622557090126521,15.60865333605069,4.804618346874361,0.0,0.0,0.0,1.501856706448025,0.0,0,0.0,0,15.60865333605069,,,,,,,,,,,
6927,3/18/1986,1.307,0.082,3.000,4.631,0.082,0.0,4.549,0.0,0.0,0.0,15.60865333605069,0.0,0.0,2.024455197767463,13.584198138283227,3.7928132302542954,0.0,0.0,0.0,1.1397632336009247,0.0,0,0.0,0,13.584198138283227,,,,,,,,,,,
6928,3/19/1986,1.231,0.082,3.000,4.631,0.082,0.0,4.549,0.0,0.0,0.0,13.584198138283227,0.0,0.0,1.6060379034125924,11.978160234870636,3.067518193539726,0.0,0.0,0.0,0.890524501879425,0.0,0,0.0,0,11.978160234870636,,,,,,,,,,,
6929,3/20/1986,1.121,0.348,3.000,4.631,0.348,0.0,4.283,0.0,0.0,0.0,11.978160234870636,0.0,0.0,1.3022148457659102,10.675945389104726,2.529640148702572,0.0,0.0,0.0,0.712164090316461,0.0,0,0.0,0,10.675945389104726,,,,,,,,,,,
6930,3/21/1986,0.947,0.253,3.000,4.631,0.253,0.0,4.378,0.0,0.0,0.0,10.675945389104726,0.0,0.0,1.0749205128670563,9.60102487623767,2.1197158014439914,0.0,0.0,0.0,0.5804865869105703,0.0,0,0.0,0,9.60102487623767,,,,,,,,,,,
6931,3/22/1986,0.881,1.130,3.000,4.631,1.13,0.0,3.5010000000000003,0.0,0.0,0.0,9.60102487623767,0.0,0.0,0.9006618546220653,8.700363021615605,1.8002095691263296,0.0,0.0,0.0,0.4807542971083541,0.0,0,0.0,0,8.700363021615605,,,,,,,,,,,
6932,3/23/1986,0.817,3.239,3.000,4.631,3.239,0.0,1.3920000000000003,0.0,0.0,0.0,8.700363021615605,0.0,0.0,0.7642956735315636,7.936067348084041,1.5464384039196484,0.0,0.0,0.0,0.40358146326856253,0.0,0,0.0,0,7.936067348084041,,,,,,,,,,,
6933,3/24/1986,0.947,24.155,3.000,4.631,4.631,19.524,0.0,0,19.434558554281573,0.0,27.370625902365614,0.0,0.0,5.1622653728021985,22.208360529563414,8.879907011922816,0.08944144571843,0.08944144571843,0.0,3.0909842684944353,0.08944144571843,0,0.0,0,22.208360529563414,,,,,,,,,,,
6934,3/25/1986,4.333,13.744,3.000,4.631,4.631,9.113,0.0,0,9.113,0.08944144571843,31.321758678822818,0.0,0.08944144571843,6.463126806352747,24.85863187247007,10.870427132386457,0.0,0.0,0.00039814925940304455,3.9275472912930462,0.08904329645902696,0,0.0,0,24.85863187247007,,,,,,,,,,,
6935,3/26/1986,2.746,1.829,3.000,4.631,1.829,0.0,2.8020000000000005,0.0,0.0,0.08904329645902696,24.85863187247007,0.08904329645902696,0.0,4.3970474255124765,20.461584446957595,7.682146292393051,0.0,0.0,0.0,2.6051497812469226,0.0,0,0.0,0,20.461584446957595,,,,,,,,,,,
6936,3/27/1986,1.544,1.413,3.000,4.631,1.413,0.0,3.218,0.0,0.0,0.0,20.461584446957595,0.0,0.0,3.1788098159776434,17.28277463097995,5.724284229976466,0.0,0.0,0.0,1.843592933039835,0.0,0,0.0,0,17.28277463097995,,,,,,,,,,,
6937,3/28/1986,1.269,2.126,3.000,4.631,2.126,0.0,2.5050000000000003,0.0,0.0,0.0,17.28277463097995,0.0,0.0,2.399136120533882,14.883638510446069,4.42971241928659,0.0,0.0,0.0,1.365884351200434,0.0,0,0.0,0,14.883638510446069,,,,,,,,,,,
6938,3/29/1986,2.299,13.504,3.000,4.631,4.631,8.873,0.0,0,8.78355855428157,0.0,23.667197064727638,0.0,0.0,4.051450057995503,19.615747006732136,7.133628863286187,0.08944144571843,0.08944144571843,0.0,2.387496747467573,0.08944144571843,0,0.0,0,19.615747006732136,,,,,,,,,,,
6939,3/30/1986,3.280,17.065,3.000,4.631,4.631,12.434000000000001,0.0,0,12.434000000000001,0.08944144571843,32.05014515599154,0.0,0.08944144571843,6.7155632867966055,25.33458186919493,11.250839571066269,0.0,0.0,0.00039814925940304455,4.091250737142828,0.08904329645902696,0,0.0,0,25.33458186919493,,,,,,,,,,,
6940,3/31/1986,6.556,5.569,3.000,4.631,4.631,0.9379999999999997,0.0,0,0.9376018507409071,0.08904329645902696,26.272580096830858,0.0,0.08904329645902696,4.821738493433903,21.450841603396952,8.34960078403077,0.0003981492590926869,0.0003981492590926869,0.0003963768950199571,2.874153872417543,0.0890450688230997,0,0.0,0,21.450841603396952,,,,,,,,,,,
6941,4/1/1986,3.116,9.325,4.000,4.235,4.235,5.089999999999999,0.0,0,5.089603623104669,0.0890450688230997,26.540841611286332,0.0,0.0890450688230997,4.904073026140377,21.636768585145955,8.478205900475663,0.0003963768953303033,0.0003963768953303033,0.0003963847847117805,2.9264906419433947,0.08904506093371822,0,0.0,0,21.636768585145955,,,,,,,,,,,
6942,4/2/1986,6.556,6.472,4.000,4.235,4.235,2.237,0.0,0,2.236603615215288,0.08904506093371822,23.873768585110835,0.0,0.08904506093371822,4.110557659806058,19.763210925304776,7.227801148504943,0.0003963847847117796,0.0003963847847117796,0.00039638474959214026,2.424638209918651,0.08904506096883787,0,0.0,0,19.763210925304776,,,,,,,,,,,
6943,4/3/1986,2.746,1.161,4.000,4.235,1.161,0.0,3.0740000000000003,0.0,0.0,0.08904506096883787,19.763210925304776,0.08904506096883787,0.0,3.000048582509633,16.76316234279514,5.430731695276806,0.0,0.0,0.0,1.7333042429699335,0.0,0,0.0,0,16.76316234279514,,,,,,,,,,,
6944,4/4/1986,1.929,0.877,4.000,4.235,0.877,0.0,3.3580000000000005,0.0,0.0,0.0,16.76316234279514,0.0,0.0,2.2801269602650667,14.483035382530074,4.228576645161594,0.0,0.0,0.0,1.2937910795536558,0.0,0,0.0,0,14.483035382530074,,,,,,,,,,,
6945,4/5/1986,1.626,0.588,4.000,4.235,0.588,0.0,3.6470000000000002,0.0,0.0,0.0,14.483035382530074,0.0,0.0,1.7870296744879253,12.696005708042149,3.3832568343253606,0.0,0.0,0.0,0.9978687133934904,0.0,0,0.0,0,12.696005708042149,,,,,,,,,,,
6946,4/6/1986,1.307,3.299,4.000,4.235,3.299,0.0,0.9360000000000004,0.0,0.0,0.0,12.696005708042149,0.0,0.0,1.4348647277014235,11.261140980340725,2.765779632125596,0.0,0.0,0.0,0.7897332997473648,0.0,0,0.0,0,11.261140980340725,,,,,,,,,,,
6947,4/7/1986,8.639,11.089,4.000,4.235,4.235,6.854,0.0,0,6.76455855428157,0.0,18.025699534622294,0.0,0.0,2.573471270257237,15.452228264365058,4.72254153100801,0.08944144571843,0.08944144571843,0.0,1.471915699421653,0.08944144571843,0,0.0,0,15.452228264365058,,,,,,,,,,,
6948,4/8/1986,47.492,58.027,4.000,4.235,4.235,53.792,0.0,0,53.792,0.08944144571843,69.24462641362446,0.0,0.08944144571843,24.24799902298927,44.99662739063519,35.04075848946249,0.0,0.0,0.00039814925940304455,16.074573237968632,0.08904329645902696,0,0.0,0,44.99662739063519,,,,,,,,,,,
6949,4/9/1986,33.502,7.961,4.000,4.235,4.235,3.726,0.0,0,3.725601850740597,0.08904329645902696,48.722625618270804,0.0,0.08904329645902696,13.497404135472221,35.22522148279858,20.955675238977214,0.0003981492594030382,0.0003981492594030382,0.0003963768950199571,8.609391897030456,0.08904506882341005,0,0.0,0,35.22522148279858,,,,,,,,,,,
6950,4/10/1986,25.523,17.209,4.000,4.235,4.235,12.974,0.0,0,12.97360362310498,0.08904506882341005,48.199221490688274,0.0,0.08904506882341005,13.256610136243319,34.942611354444956,20.624739031917866,0.00039637689501995115,0.00039637689501995115,0.000396384784713162,8.445790362935812,0.08904506093371685,0,0.0,0,34.942611354444956,,,,,,,,,,,
6951,4/11/1986,16.506,7.234,4.000,4.235,4.235,2.9989999999999997,0.0,0,2.9986036152152864,0.08904506093371685,37.94161135440984,0.0,0.08904506093371685,8.896627288552178,29.04498406585766,14.470843056816069,0.0003963847847131611,0.0003963847847131611,0.0003963847495921342,5.521233408104768,0.08904506096883787,0,0.0,0,29.04498406585766,,,,,,,,,,,
6952,4/12/1986,8.967,1.322,4.000,4.235,1.322,0.0,2.9130000000000003,0.0,0.0,0.08904506096883787,29.04498406585766,0.08904506096883787,0.0,5.69924966624741,23.345734399610247,9.708029722545568,0.0,0.0,0.0,3.4348049488232055,0.0,0,0.0,0,23.345734399610247,,,,,,,,,,,
6953,4/13/1986,5.984,8.730,4.000,4.235,4.235,4.495,0.0,0,4.40555855428157,0.0,27.751292953891816,0.0,0.0,5.282479434287733,22.468813519604083,9.066138574058114,0.08944144571843,0.08944144571843,0.0,3.1677589206304533,0.08944144571843,0,0.0,0,22.468813519604083,,,,,,,,,,,
6954,4/14/1986,25.023,16.972,4.000,4.235,4.235,12.737000000000002,0.0,0,12.737000000000002,0.08944144571843,35.20621166886349,0.0,0.08944144571843,7.853524528107552,27.352687140755936,12.944943176887914,0.0,0.0,0.00039814925940304455,4.834054148223499,0.08904329645902696,0,0.0,0,27.352687140755936,,,,,,,,,,,
6955,4/15/1986,33.005,36.218,4.000,4.235,4.235,31.983000000000004,0.0,0,31.9826018507406,0.08904329645902696,59.33568536839156,0.0,0.08904329645902696,18.74529949348659,40.59038587490497,27.983508182660696,0.0003981492594030382,0.0003981492594030382,0.0003963768950199571,12.218011352612692,0.08904506882341005,0,0.0,0,40.59038587490497,,,,,,,,,,,
6956,4/16/1986,26.027,9.973,4.000,4.235,4.235,5.738,0.0,0,5.73760362310498,0.08904506882341005,46.32838588279466,0.0,0.08904506882341005,12.410169897771336,33.91821598502332,19.454683769630947,0.00039637689501995115,0.00039637689501995115,0.000396384784713162,7.872271153086851,0.08904506093371685,0,0.0,0,33.91821598502332,,,,,,,,,,,
6957,4/17/1986,18.779,9.575,4.000,4.235,4.235,5.339999999999999,0.0,0,5.339603615215286,0.08904506093371685,39.258215984988205,0.0,0.08904506093371685,9.417089796035745,29.841126188952458,15.22349630313963,0.0003963847847131611,0.0003963847847131611,0.0003963847495921342,5.866135918719818,0.08904506096883787,0,0.0,0,29.841126188952458,,,,,,,,,,,
6958,4/18/1986,10.679,1.025,4.000,4.235,1.025,0.0,3.2100000000000004,0.0,0.0,0.08904506096883787,29.841126188952458,0.08904506096883787,0.0,5.961988401481947,23.879137787470512,10.109824538032434,0.0,0.0,0.0,3.603823107028123,0.0,0,0.0,0,23.879137787470512,,,,,,,,,,,
6959,4/19/1986,7.225,1.167,4.000,4.235,1.167,0.0,3.0680000000000005,0.0,0.0,0.0,23.879137787470512,0.0,0.0,4.112098546987595,19.767039240482916,7.2302541187029155,0.0,0.0,0.0,2.4256069299802325,0.0,0,0.0,0,19.767039240482916,,,,,,,,,,,
6960,4/20/1986,5.774,6.608,4.000,4.235,4.235,2.3729999999999993,0.0,0,2.2835585542815693,0.0,22.050597794764485,0.0,0.0,3.6008060067910725,18.449791787973414,6.410464124451315,0.08944144571843,0.08944144571843,0.0,2.1055343566498075,0.08944144571843,0,0.0,0,18.449791787973414,,,,,,,,,,,
6961,4/21/1986,4.838,0.595,4.000,4.235,0.595,0.0,3.6400000000000006,0.0,0.0,0.08944144571843,18.449791787973414,0.08944144571843,0.0,2.675171077432469,15.774620710540944,4.892419056737629,0.0,0.0,0.0,1.5339907550518654,0.0,0,0.0,0,15.774620710540944,,,,,,,,,,,
6962,4/22/1986,3.503,0.420,4.000,4.235,0.42,0.0,3.8150000000000004,0.0,0.0,0.0,15.774620710540944,0.0,0.0,2.0604590500123834,13.71416166052856,3.8544943639392164,0.0,0.0,0.0,1.161379664162001,0.0,0,0.0,0,13.71416166052856,,,,,,,,,,,
6963,4/23/1986,2.902,0.362,4.000,4.235,0.362,0.0,3.873,0.0,0.0,0.0,13.71416166052856,0.0,0.0,1.6317284498315285,12.082433210697031,3.112534346192961,0.0,0.0,0.0,0.9057148137515254,0.0,0,0.0,0,12.082433210697031,,,,,,,,,,,
6964,4/24/1986,2.396,0.000,4.000,4.235,0.0,0.0,4.235,0.0,0.0,0.0,12.082433210697031,0.0,0.0,1.3211631443551861,10.761270066341845,2.5635026820305997,0.0,0.0,0.0,0.7232137898176877,0.0,0,0.0,0,10.761270066341845,,,,,,,,,,,
6965,4/25/1986,2.251,0.158,4.000,4.235,0.158,0.0,4.077,0.0,0.0,0.0,10.761270066341845,0.0,0.0,1.0892769887326164,9.67199307760923,2.1458238376146013,0.0,0.0,0.0,0.5887532375202849,0.0,0,0.0,0,9.67199307760923,,,,,,,,,,,
6966,4/26/1986,2.065,1.750,4.000,4.235,1.75,0.0,2.4850000000000003,0.0,0.0,0.0,9.67199307760923,0.0,0.0,0.9117849226942025,8.760208154915027,1.820756083227029,0.0,0.0,0.0,0.4870847917493698,0.0,0,0.0,0,8.760208154915027,,,,,,,,,,,
6967,4/27/1986,2.251,2.637,4.000,4.235,2.637,0.0,1.5980000000000003,0.0,0.0,0.0,8.760208154915027,0.0,0.0,0.7730777148876323,7.987130440027395,1.5628914064171247,0.0,0.0,0.0,0.40852576250228756,0.0,0,0.0,0,7.987130440027395,,,,,,,,,,,
6968,4/28/1986,1.974,2.773,4.000,4.235,2.773,0.0,1.4620000000000002,0.0,0.0,0.0,7.987130440027395,0.0,0.0,0.6627510225536511,7.324379417473743,1.3549856259363477,0.0,0.0,0.0,0.34669409539863755,0.0,0,0.0,0,7.324379417473743,,,,,,,,,,,
6969,4/29/1986,1.711,0.583,4.000,4.235,0.583,0.0,3.652,0.0,0.0,0.0,7.324379417473743,0.0,0.0,0.5736546265817858,6.750724790891957,1.1849929435790736,0.0,0.0,0.0,0.29724931181015124,0.0,0,0.0,0,6.750724790891957,,,,,,,,,,,
6970,4/30/1986,1.797,4.780,4.000,4.235,4.235,0.5449999999999999,0.0,0,0.4555594661473755,0.0,7.206284257039333,0.0,0.0,0.558322024348484,6.647962232690849,1.1555295599447966,0.0894405338526244,0.0894405338526244,0.0,0.2887891857985835,0.0894405338526244,0,0.0,0,6.647962232690849,,,,,,,,,,,
6971,5/1/1986,1.711,1.630,5.000,3.714,1.63,0.0,2.084,0.0,0.0,0.0894405338526244,6.647962232690849,0.0894405338526244,0.0,0.4881051057601034,6.159857126930746,1.0197355734074456,0.0,0.0,0.0,0.2502468689842741,0.0,0,0.0,0,6.159857126930746,,,,,,,,,,,
6972,5/2/1986,1.626,2.885,5.000,3.714,2.885,0.0,0.8290000000000002,0.0,0.0,0.0,6.159857126930746,0.0,0.0,0.4298499130741895,5.730007213856556,0.9058987856372953,0.0,0.0,0.0,0.21854465564451991,0.0,0,0.0,0,5.730007213856556,,,,,,,,,,,
6973,5/3/1986,2.347,1.270,5.000,3.714,1.27,0.0,2.444,0.0,0.0,0.0,5.730007213856556,0.0,0.0,0.3810287323186413,5.348978481537915,0.8095717187186836,0.0,0.0,0.0,0.1921922274641979,0.0,0,0.0,0,5.348978481537915,,,,,,,,,,,
6974,5/4/1986,2.204,9.697,5.000,3.714,3.714,5.982999999999999,0.0,0,5.893558554281569,0.0,11.242537035819485,0.0,0.0,1.1716727322881944,10.070864303531291,2.295081491056653,0.08944144571843,0.08944144571843,0.0,0.6363339141125777,0.08944144571843,0,0.0,0,10.070864303531291,,,,,,,,,,,
6975,5/5/1986,2.445,9.180,5.000,3.714,3.714,5.465999999999999,0.0,0,5.465999999999999,0.08944144571843,15.537262452790694,0.0,0.08944144571843,2.009046310729377,13.528216142061318,3.7663819941979746,0.0,0.0,0.00039814925940304455,1.1305195597495814,0.08904329645902696,0,0.0,0,13.528216142061318,,,,,,,,,,,
6976,5/6/1986,2.445,3.662,5.000,3.714,3.662,0.0,0.052000000000000046,0.0,0.0,0.08904329645902696,13.528592798378593,0.0044300898273827325,0.08461320663164423,1.595095977250887,11.933496821127706,3.0483245044232605,0.0,0.0,0.000376656317275562,0.8840595962017758,0.08423655031436868,0,0.0,0,11.933496821127706,,,,,,,,,,,
6977,5/7/1986,6.556,13.734,5.000,3.714,3.714,10.02,0.0,0,10.014795104595938,0.08423655031436868,21.94866690535253,0.0,0.08423655031436868,3.573107020797342,18.375559884555187,6.365702272445434,0.0052048954040613245,0.0052048954040613245,0.0003749796288838644,2.0882762883513992,0.08906646608954615,0,0.0,0,18.375559884555187,,,,,,,,,,,
6978,5/8/1986,2.955,4.024,5.000,3.714,3.714,0.31000000000000005,0.0,0,0.3096253871700894,0.08906646608954615,18.68558175176008,0.0,0.08906646608954615,2.732395013811587,15.953186737948492,4.987710280863967,0.0003746128299106205,0.0003746128299106205,0.0003964800348021661,1.568987554178957,0.0890445988846546,0,0.0,0,15.953186737948492,,,,,,,,,,,
6979,5/9/1986,2.157,1.343,5.000,3.714,1.343,0.0,2.371,0.0,0.0,0.0890445988846546,15.953186737948492,0.0890445988846546,0.0,2.0994789572178134,13.853707780730678,3.9212222102084398,0.0,0.0,0.0,1.1848349796523352,0.0,0,0.0,0,13.853707780730678,,,,,,,,,,,
6980,5/10/1986,1.753,0.993,5.000,3.714,0.993,0.0,2.721,0.0,0.0,0.0,13.853707780730678,0.0,0.0,1.6594944946547572,12.194213286075922,3.1611114069219433,0.0,0.0,0.0,0.9221500250586311,0.0,0,0.0,0,12.194213286075922,,,,,,,,,,,
6981,5/11/1986,1.585,0.545,5.000,3.714,0.545,0.0,3.169,0.0,0.0,0.0,12.194213286075922,0.0,0.0,1.341597034336042,10.85261625173988,2.599970009519036,0.0,0.0,0.0,0.7351414999196345,0.0,0,0.0,0,10.85261625173988,,,,,,,,,,,
6982,5/12/1986,1.544,2.291,5.000,3.714,2.291,0.0,1.423,0.0,0.0,0.0,10.85261625173988,0.0,0.0,1.1047309529127813,9.747885298827098,2.1738933616706038,0.0,0.0,0.0,0.5976598499425938,0.0,0,0.0,0,9.747885298827098,,,,,,,,,,,
6983,5/13/1986,1.463,1.556,5.000,3.714,1.556,0.0,2.158,0.0,0.0,0.0,9.747885298827098,0.0,0.0,0.9237400962726643,8.824145202554433,1.8428153667429374,0.0,0.0,0.0,0.4938945311403203,0.0,0,0.0,0,8.824145202554433,,,,,,,,,,,
6984,5/14/1986,1.585,4.181,5.000,3.714,3.714,0.4670000000000001,0.0,0,0.3775637710145776,0.0,9.20170897356901,0.0,0.0,0.8390991231369399,8.36260985043207,1.6860851177502352,0.0894362289854225,0.0894362289854225,0.0,0.44581164389177463,0.0894362289854225,0,0.0,0,8.36260985043207,,,,,,,,,,,
6985,5/15/1986,1.626,0.185,5.000,3.714,0.185,0.0,3.529,0.0,0.0,0.0894362289854225,8.36260985043207,0.0894362289854225,0.0,0.7154876977374943,7.6471221526945765,1.4547006483839837,0.0,0.0,0.0,0.3761717610529777,0.0,0,0.0,0,7.6471221526945765,,,,,,,,,,,
6986,5/16/1986,1.423,0.043,5.000,3.714,0.043,0.0,3.671,0.0,0.0,0.0,7.6471221526945765,0.0,0.0,0.616399802021285,7.030722350673291,1.2668004900894942,0.0,0.0,0.0,0.3209124827816643,0.0,0,0.0,0,7.030722350673291,,,,,,,,,,,
6987,5/17/1986,1.231,0.395,5.000,3.714,0.395,0.0,3.319,0.0,0.0,0.0,7.030722350673291,0.0,0.0,0.5358365788240145,6.494885771849277,1.112202229690499,0.0,0.0,0.0,0.27641004885767606,0.0,0,0.0,0,6.494885771849277,,,,,,,,,,,
6988,5/18/1986,1.157,0.318,5.000,3.714,0.318,0.0,3.396,0.0,0.0,0.0,6.494885771849277,0.0,0.0,0.46951734454324556,6.025368427306032,0.9835356437867749,0.0,0.0,0.0,0.24010291580503332,0.0,0,0.0,0,6.025368427306032,,,,,,,,,,,
6989,5/19/1986,1.121,0.619,5.000,3.714,0.619,0.0,3.0949999999999998,0.0,0.0,0.0,6.025368427306032,0.0,0.0,0.4143224413431959,5.611045985962836,0.8753586466501833,0.0,0.0,0.0,0.21014081851037558,0.0,0,0.0,0,5.611045985962836,,,,,,,,,,,
6990,5/20/1986,1.086,1.407,5.000,3.714,1.407,0.0,2.307,0.0,0.0,0.0,5.611045985962836,0.0,0.0,0.36793589442583274,5.243110091537003,0.7835818698945147,0.0,0.0,0.0,0.1851616470591127,0.0,0,0.0,0,5.243110091537003,,,,,,,,,,,
6991,5/21/1986,1.015,2.468,5.000,3.714,2.468,0.0,1.246,0.0,0.0,0.0,5.243110091537003,0.0,0.0,0.3286099727402837,4.9145001187967186,0.7050843481594957,0.0,0.0,0.0,0.16414565061111705,0.0,0,0.0,0,4.9145001187967186,,,,,,,,,,,
6992,5/22/1986,1.463,2.393,5.000,3.714,2.393,0.0,1.3210000000000002,0.0,0.0,0.0,4.9145001187967186,0.0,0.0,0.295006347873334,4.619493770923384,0.6374509427615184,0.0,0.0,0.0,0.146317843490088,0.0,0,0.0,0,4.619493770923384,,,,,,,,,,,
6993,5/23/1986,3.850,11.081,5.000,3.714,3.714,7.366999999999999,0.0,0,7.277558554281569,0.0,11.897052325204953,0.0,0.0,1.2875518609440353,10.609500464260918,2.503404822465905,0.08944144571843,0.08944144571843,0.0,0.703620621771772,0.08944144571843,0,0.0,0,10.609500464260918,,,,,,,,,,,
6994,5/24/1986,5.844,32.442,5.000,3.714,3.714,28.728,0.0,0,28.728,0.08944144571843,39.33789861352032,0.0,0.08944144571843,9.44896788055359,29.888930732966735,15.269417964019071,0.0,0.0,0.00039814925940304455,5.887302554533268,0.08904329645902696,0,0.0,0,29.888930732966735,,,,,,,,,,,
6995,5/25/1986,19.113,26.674,5.000,3.714,3.714,22.96,0.0,0,22.959601850740597,0.08904329645902696,52.84892896060235,0.0,0.08904329645902696,15.45584529819255,37.3930836624098,23.617801136378223,0.0003981492594030382,0.0003981492594030382,0.0003963768950199571,9.946879364946149,0.08904506882341005,0,0.0,0,37.3930836624098,,,,,,,,,,,
6996,5/26/1986,8.802,6.447,5.000,3.714,3.714,2.733,0.0,0,2.73260362310498,0.08904506882341005,40.126083670299494,0.0,0.08904506882341005,9.766607520877209,30.359476149422285,15.72590030442151,0.00039637689501995115,0.00039637689501995115,0.000396384784713162,6.098465489092259,0.08904506093371685,0,0.0,0,30.359476149422285,,,,,,,,,,,
6997,5/27/1986,6.054,10.235,5.000,3.714,3.714,6.520999999999999,0.0,0,6.520603615215286,0.08904506093371685,36.880476149387164,0.0,0.08904506093371685,8.48581013809227,28.394666011294895,13.872752298719421,0.0003963847847131611,0.0003963847847131611,0.0003963847495921342,5.249923809271626,0.08904506096883787,0,0.0,0,28.394666011294895,,,,,,,,,,,
6998,5/28/1986,5.231,3.253,5.000,3.714,3.253,0.0,0.46099999999999985,0.0,0.0,0.08904506096883787,28.394887562225566,0.039275194338664283,0.04976986663017358,5.4882350163002185,22.906652545925347,9.383749157998347,0.0,0.0,0.00022155093067003867,3.2994303033196495,0.04954831569950354,0,0.0,0,22.906652545925347,,,,,,,,,,,
6999,5/29/1986,3.733,4.228,5.000,3.714,3.714,0.5139999999999998,0.0,0,0.47410739345635244,0.04954831569950354,23.38098050407676,0.0,0.04954831569950354,3.9701200969112533,19.410860407165508,7.00380095755032,0.039892606543647346,0.039892606543647346,0.00022056469505792628,2.336449771058894,0.08922035754809297,0,0.0,0,19.410860407165508,,,,,,,,,,,
7000,5/30/1986,3.503,10.572,5.000,3.714,3.714,6.857999999999999,0.0,0,6.857778911829662,0.08922035754809297,26.269036484078942,0.0,0.08922035754809297,4.8206546254021365,21.448381858676804,8.347906129358146,0.00022108817033703558,0.00022108817033703558,0.0003971650837719889,2.873465290754994,0.08904428063465801,0,0.0,0,21.448381858676804,,,,,,,,,,,
7001,5/31/1986,3.560,2.870,5.000,3.714,2.87,0.0,0.8439999999999999,0.0,0.0,0.08904428063465801,21.44845815642382,0.07190452553775205,0.017139755096905962,3.4384225108737536,18.010035645550065,6.147507804969085,0.0,0.0,7.629774701614086e-05,2.0044866894827855,0.017063457349889823,0,0.0,0,18.010035645550065,,,,,,,,,,,
7002,6/1/1986,4.210,5.213,6.000,3.269,3.269,1.944,0.0,0,1.8716220116314597,0.017063457349889823,19.881733615288553,0.0,0.017063457349889823,3.0300946586218362,16.85163895666672,5.480198459131247,0.07237798836854019,0.07237798836854019,7.595810702905669e-05,1.7518119580243703,0.08936548761140096,0,0.0,0,16.85163895666672,,,,,,,,,,,
7003,6/2/1986,5.637,8.850,6.000,3.269,3.269,5.5809999999999995,0.0,0,5.58092404189297,0.08936548761140096,22.432960809691014,0.0,0.08936548761140096,3.7054711892402485,18.727489620450765,6.579268169856476,7.595810702904214e-05,7.595810702904214e-05,0.0003978111313258836,2.1708251820129276,0.08904363458710413,0,0.0,0,18.727489620450765,,,,,,,,,,,
7004,6/3/1986,4.395,3.725,6.000,3.269,3.269,0.45599999999999996,0.0,0,0.455602203738644,0.08904363458710413,19.183488202589608,0.0,0.08904363458710413,2.8548178948607057,16.328670307728903,5.1908831913668845,0.00039779626135593956,0.00039779626135593956,0.00039637840019960205,1.644019374728583,0.08904505244826047,0,0.0,0,16.328670307728903,,,,,,,,,,,
7005,6/4/1986,3.618,5.313,6.000,3.269,3.269,2.0439999999999996,0.0,0,2.04360360672983,0.08904505244826047,18.37267029917055,0.0,0.08904505244826047,2.656559704387431,15.71611059478312,4.861381494890391,0.00039639327016953847,0.00039639327016953847,0.00039638471181906214,1.5226190428829662,0.08904506100661094,0,0.0,0,15.71611059478312,,,,,,,,,,,
7006,6/5/1986,3.675,2.759,6.000,3.269,2.759,0.0,0.5100000000000002,0.0,0.0,0.08904506100661094,15.716313562509681,0.0434497811731953,0.045595279833415644,2.047781364569413,13.668532197940268,3.8327874391736163,0.0,0.0,0.00020296772656267916,1.1537652235299558,0.04539231210685297,0,0.0,0,13.668532197940268,,,,,,,,,,,
7007,6/6/1986,2.955,2.588,6.000,3.269,2.588,0.0,0.681,0.0,0.0,0.04539231210685297,13.668599732821919,0.03022107341029289,0.015171238696560077,1.622703431940619,12.0458963008813,3.0967280391026057,0.0,0.0,6.753488165070589e-05,0.900376693162714,0.01510370381490937,0,0.0,0,12.0458963008813,,,,,,,,,,,
7008,6/7/1986,2.445,1.656,6.000,3.269,1.656,0.0,1.6130000000000002,0.0,0.0,0.01510370381490937,12.0458963008813,0.01510370381490937,0.0,1.3145112632642983,10.731385037617,2.551620220884563,0.0,0.0,0.0,0.719333550052707,0.0,0,0.0,0,10.731385037617,,,,,,,,,,,
7009,6/8/1986,2.251,6.090,6.000,3.269,3.269,2.8209999999999997,0.0,0,2.7315585542815697,0.0,13.46294359189857,0.0,0.0,1.5822161811705242,11.880727410728046,3.0257154843132517,0.08944144571843,0.08944144571843,0.0,0.876453463018772,0.08944144571843,0,0.0,0,11.880727410728046,,,,,,,,,,,
7010,6/9/1986,2.157,3.061,6.000,3.269,3.061,0.0,0.20800000000000018,0.0,0.0,0.08944144571843,11.881046340498742,0.01779610392771889,0.07164534179071111,1.2846660912324699,10.596380249266272,2.498238319512281,0.0,0.0,0.00031892977069546347,0.7019399637723926,0.07132641202001565,0,0.0,0,10.596380249266272,,,,,,,,,,,
7011,6/10/1986,3.792,8.805,6.000,3.269,3.269,5.536,0.0,0,5.517884966301585,0.07132641202001565,16.11458272562031,0.0,0.07132641202001565,2.134998390316166,13.979584335304143,3.9818568568790256,0.01811503369841436,0.01811503369841436,0.00031751005245428334,1.2062110892061355,0.08912393566597572,0,0.0,0,13.979584335304143,,,,,,,,,,,
7012,6/11/1986,3.850,8.161,6.000,3.269,3.269,4.8919999999999995,0.0,0,4.891682489947545,0.08912393566597572,18.871663561112737,0.0,0.08912393566597572,2.7778966705690293,16.09376689054371,5.063333298427395,0.0003175100524542817,0.0003175100524542817,0.0003967358610481514,1.5968497776495922,0.08904470985738186,0,0.0,0,16.09376689054371,,,,,,,,,,,
7013,6/12/1986,11.947,15.415,6.000,3.269,3.269,12.145999999999999,0.0,0,12.14560326413895,0.08904470985738186,28.239766537869432,0.0,0.08904470985738186,5.438355766948132,22.8014107709213,9.306883954194577,0.00039673586104814284,0.00039673586104814284,0.00039638318677322345,3.267480233181236,0.08904506253165678,0,0.0,0,22.8014107709213,,,,,,,,,,,
7014,6/13/1986,28.606,27.169,6.000,3.269,3.269,23.9,0.0,0,23.899603616813227,0.08904506253165678,46.701410772491236,0.0,0.08904506253165678,12.577155924286185,34.124254848205055,19.68636306170005,0.0003963831867732198,0.0003963831867732198,0.00039638475670537566,7.98521686822481,0.08904506096172463,0,0.0,0,34.124254848205055,,,,,,,,,,,
7015,6/14/1986,26.791,12.973,6.000,3.269,3.269,9.704,0.0,0,9.703603615243296,0.08904506096172463,43.828254848198064,0.0,0.08904506096172463,11.314171098265337,32.51408374993272,17.92318026369613,0.00039638475670537675,0.00039638475670537675,0.000396384749716811,7.133502926915087,0.08904506096871319,0,0.0,0,32.51408374993272,,,,,,,,,,,
7016,6/15/1986,21.051,2.830,6.000,3.269,2.83,0.0,0.43900000000000006,0.0,0.0,0.08904506096871319,32.51431364434283,0.037400890053471914,0.051644170915241275,6.8784422625616095,25.635871381781218,11.495365652636076,0.0,0.0,0.00022989441010511989,4.197092825969047,0.05141427650513616,0,0.0,0,25.635871381781218,,,,,,,,,,,
7017,6/16/1986,11.216,2.262,6.000,3.269,2.262,0.0,1.0070000000000001,0.0,0.0,0.05141427650513616,25.635875604240614,0.05046573054198411,0.0009485459631520463,4.628561487462714,21.0073141167779,8.046865271799524,0.0,0.0,4.222459394581486e-06,2.7515913836080297,0.0009443235037574647,0,0.0,0,21.0073141167779,,,,,,,,,,,
7018,6/17/1986,6.924,8.265,6.000,3.269,3.269,4.996,0.0,0,4.907502877785328,0.0009443235037574647,25.91482119822631,0.0,0.0009443235037574647,4.712805024436209,21.2020161737901,8.17906068597474,0.08849712221467254,0.08849712221467254,4.20366308524963e-06,2.8049997031530514,0.08943724205534476,0,0.0,0,21.2020161737901,,,,,,,,,,,
7019,6/18/1986,80.211,74.018,6.000,3.269,3.269,70.749,0.0,0,70.74899579633691,0.08943724205534476,91.95141010067378,0.0,0.08943724205534476,38.901209203700574,53.05020089697321,52.7232962143725,4.203663085250259e-06,4.203663085250259e-06,0.0003981305467656232,26.603246279198725,0.08904331517166438,0,0.0,0,53.05020089697321,,,,,,,,,,,
7020,6/19/1986,144.429,21.061,6.000,3.269,3.269,17.792,0.0,0,17.791601869453235,0.08904331517166438,70.84219914340476,0.0,0.08904331517166438,25.187544790056716,45.654654353348036,36.21920688588413,0.00039813054676562785,0.00039813054676562785,0.00039637697831940144,16.7392402374282,0.0890450687401106,0,0.0,0,45.654654353348036,,,,,,,,,,,
7021,6/20/1986,156.537,5.176,6.000,3.269,3.269,1.907,0.0,0,1.9066036230216805,0.0890450687401106,47.56165436115406,0.0,0.0890450687401106,12.965642194000607,34.596012167153454,20.22372683041454,0.00039637697831940437,0.00039637697831940437,0.0003963847843423539,8.248360449239508,0.08904506093408765,0,0.0,0,34.596012167153454,,,,,,,,,,,
7022,6/21/1986,113.460,8.067,6.000,3.269,3.269,4.798,0.0,0,4.797603615215658,0.08904506093408765,39.3940121671187,0.0,0.08904506093408765,9.471442697163422,29.92256946995528,15.301781727036058,0.00039638478434235523,0.00039638478434235523,0.0003963847495937848,5.902228367452929,0.08904506096883621,0,0.0,0,29.92256946995528,,,,,,,,,,,
7023,6/22/1986,74.908,4.334,6.000,3.269,3.269,1.0649999999999995,0.0,0,1.0646036152504237,0.08904506096883621,30.987569469955453,0.0,0.08904506096883621,6.348604908644324,24.638964561311127,10.69725671630014,0.0003963847495757383,0.0003963847495757383,0.0003963847497484683,3.8534182276743385,0.08904506096866348,0,0.0,0,24.638964561311127,,,,,,,,,,,
7024,6/23/1986,35.012,3.381,6.000,3.269,3.269,0.11199999999999966,0.0,0,0.11163607466120354,0.08904506096866348,24.750997020722078,0.0,0.08904506096866348,4.365362110862674,20.385634909859405,7.632063784018484,0.0003639253387961224,0.0003639253387961224,0.00039638474974769937,2.585146453031583,0.0890126015577119,0,0.0,0,20.385634909859405,,,,,,,,,,,
7025,6/24/1986,18.867,2.374,6.000,3.269,2.374,0.0,0.895,0.0,0.0,0.0890126015577119,20.38569184050825,0.07622352957482151,0.012789071982890393,3.159183625373178,17.226508215135073,5.692142478591786,0.0,0.0,5.6930648845614585e-05,1.8314639608423935,0.012732141334044779,0,0.0,0,17.226508215135073,,,,,,,,,,,
7026,6/25/1986,11.168,2.072,6.000,3.269,2.072,0.0,1.197,0.0,0.0,0.012732141334044779,17.226508215135073,0.012732141334044779,0.0,2.3861323979569082,14.840375817178165,4.407785042035974,0.0,0.0,0.0,1.3579952950389131,0.0,0,0.0,0,14.840375817178165,,,,,,,,,,,
7027,6/26/1986,7.156,0.442,6.000,3.269,0.442,0.0,2.827,0.0,0.0,0.0,14.840375817178165,0.0,0.0,1.8611181451741723,12.979257672003992,3.5115981876671376,0.0,0.0,0.0,1.0420209449140363,0.0,0,0.0,0,12.979257672003992,,,,,,,,,,,
7028,6/27/1986,6.048,0.538,6.000,3.269,0.538,0.0,2.731,0.0,0.0,0.0,12.979257672003992,0.0,0.0,1.4886143529952331,11.49064331900876,2.860874946705146,0.0,0.0,0.0,0.8213014846350577,0.0,0,0.0,0,11.49064331900876,,,,,,,,,,,
7029,6/28/1986,4.999,3.929,6.000,3.269,3.269,0.6599999999999997,0.0,0,0.5705586239664076,0.0,12.061201942975167,0.0,0.0,1.3172961617539247,10.743905781221242,2.556595643728716,0.08944137603359215,0.08944137603359215,0.0,0.7209579071865289,0.08944137603359215,0,0.0,0,10.743905781221242,,,,,,,,,,,
7030,6/29/1986,4.711,5.933,6.000,3.269,3.269,2.6639999999999997,0.0,0,2.663999930315162,0.08944137603359215,13.408303860485605,0.0,0.08944137603359215,1.5715282190590825,11.836775641426522,3.006940728277726,6.968483786529361e-08,6.968483786529361e-08,0.00039814894920047166,0.8701448032313477,0.08904329676922954,0,0.0,0,11.836775641426522,,,,,,,,,,,
7031,6/30/1986,4.358,3.299,6.000,3.269,3.269,0.029999999999999805,0.0,0,0.029805639937370402,0.08904329676922954,11.866977658260293,0.0,0.08904329676922954,1.2821317431395505,10.584845915120741,2.4937001017927707,0.00019436006262940392,0.00019436006262940392,0.00039637689640082617,0.7004641768329893,0.08884127993545811,0,0.0,0,10.584845915120741,,,,,,,,,,,
7032,7/1/1986,12.300,9.418,7.000,3.463,3.463,5.954999999999999,0.0,0,5.9543998342170275,0.08884127993545811,16.539641226954735,0.0,0.08884127993545811,2.2296802449813797,14.309960981973356,4.143000430208731,0.0006001657829718949,0.0006001657829718949,0.0003954776169660298,1.2633054288140066,0.08904596810146398,0,0.0,0,14.309960981973356,,,,,,,,,,,
7033,7/2/1986,27.199,41.655,7.000,3.463,3.463,38.192,0.0,0,38.19160452238303,0.08904596810146398,52.50196189314424,0.0,0.08904596810146398,15.28709621571899,37.21486567742525,23.39039593356967,0.00039547761696602166,0.00039547761696602166,0.00039638878785609304,9.831173641931894,0.08904505693057391,0,0.0,0,37.21486567742525,,,,,,,,,,,
7034,7/3/1986,30.806,2.156,7.000,3.463,2.156,0.0,1.307,0.0,0.0,0.08904505693057391,37.21486567742525,0.08904505693057391,0.0,8.61442983312771,28.600435844297543,14.060394222264872,0.0,0.0,0.0,5.33477512136186,0.0,0,0.0,0,28.600435844297543,,,,,,,,,,,
7035,7/4/1986,16.410,1.218,7.000,3.463,1.218,0.0,2.245,0.0,0.0,0.0,28.600435844297543,0.0,0.0,5.554609474316867,23.045826369980677,9.485906953639796,0.0,0.0,0.0,3.3419759631872,0.0,0,0.0,0,23.045826369980677,,,,,,,,,,,
7036,7/5/1986,10.160,2.795,7.000,3.463,2.795,0.0,0.6680000000000001,0.0,0.0,0.0,23.045826369980677,0.0,0.0,3.875724700078156,19.17010166990252,6.852746507705564,0.0,0.0,0.0,2.277288552609079,0.0,0,0.0,0,19.17010166990252,,,,,,,,,,,
7037,7/6/1986,7.075,2.609,7.000,3.463,2.609,0.0,0.8540000000000001,0.0,0.0,0.0,19.17010166990252,0.0,0.0,2.8514984409361945,16.318603228966328,5.18538638542264,0.0,0.0,0.0,1.6419820772806062,0.0,0,0.0,0,16.318603228966328,,,,,,,,,,,
7038,7/7/1986,6.516,3.466,7.000,3.463,3.463,0.0030000000000001137,0.0,0,1.124525985179807e-06,0.0,16.31860435349231,0.0,0.0,2.1802391463639865,14.138365207128325,4.058941469046282,0.002998875474014934,0.002998875474014934,0.0,1.233471487982134,0.002998875474014934,0,0.0,0,14.138365207128325,,,,,,,,,,,
7039,7/8/1986,5.895,1.569,7.000,3.463,1.569,0.0,1.8940000000000001,0.0,0.0,0.002998875474014934,14.138365207128325,0.002998875474014934,0.0,1.7167132966214496,12.421651910506876,3.2609729952087174,0.0,0.0,0.0,0.9560756303075159,0.0,0,0.0,0,12.421651910506876,,,,,,,,,,,
7040,7/9/1986,4.999,2.814,7.000,3.463,2.814,0.0,0.649,0.0,0.0,0.0,12.421651910506876,0.0,0.0,1.383560123082345,11.03809178742453,2.6746994236169406,0.0,0.0,0.0,0.7596735926938906,0.0,0,0.0,0,11.03809178742453,,,,,,,,,,,
7041,7/10/1986,4.927,5.041,7.000,3.463,3.463,1.5780000000000003,0.0,0,1.4885585542815705,0.0,12.526650341706102,0.0,0.0,1.40310671535423,11.123543626351871,2.709436617498451,0.08944144571842992,0.08944144571842992,0.0,0.7711175670884889,0.08944144571842992,0,0.0,0,11.123543626351871,,,,,,,,,,,
7042,7/11/1986,6.994,7.783,7.000,3.463,3.463,4.32,0.0,0,4.32,0.08944144571842992,15.443941775611275,0.0,0.08944144571842992,1.9889752128224771,13.454966562788798,3.7319235487076576,7.943996191388973e-17,7.943996191388973e-17,0.00039814925940304417,1.1184860603143865,0.08904329645902696,0,0.0,0,13.454966562788798,,,,,,,,,,,
7043,7/12/1986,16.305,18.117,7.000,3.463,3.463,14.654,0.0,0,14.653601850740596,0.08904329645902696,28.108964790424412,0.0,0.08904329645902696,5.396438069525123,22.71252672089929,9.242223827885804,0.0003981492594030382,0.0003981492594030382,0.0003963768950199571,3.240644821827855,0.08904506882341005,0,0.0,0,22.71252672089929,,,,,,,,,,,
7044,7/13/1986,20.079,17.833,7.000,3.463,3.463,14.369999999999997,0.0,0,14.369603623104977,0.08904506882341005,37.082526728788984,0.0,0.08904506882341005,8.563434409053407,28.519092319735577,13.986040592679933,0.00039637689501995115,0.00039637689501995115,0.000396384784713162,5.301123039710985,0.08904506093371685,0,0.0,0,28.519092319735577,,,,,,,,,,,
7045,7/14/1986,41.327,30.503,7.000,3.463,3.463,27.04,0.0,0,27.039603615215285,0.08904506093371685,55.559092319700454,0.0,0.08904506093371685,16.799293391769897,38.75979892793056,25.415795348384762,0.0003963847847131611,0.0003963847847131611,0.0003963847495921342,10.870936643734158,0.08904506096883787,0,0.0,0,38.75979892793056,,,,,,,,,,,
7046,7/15/1986,41.327,3.126,7.000,3.463,3.126,0.0,0.3370000000000002,0.0,0.0,0.08904506096883787,38.76006750574532,0.02871093382240754,0.06033412714643033,9.218777209973629,29.541290295771688,14.937362591976699,0.0,0.0,0.0002685778147605509,5.7345653997133015,0.06006554933166978,0,0.0,0,29.541290295771688,,,,,,,,,,,
7047,7/16/1986,36.292,16.128,7.000,3.463,3.463,12.665,0.0,0,12.635624103613239,0.06006554933166978,42.17718178162355,0.0,0.06006554933166978,10.612760755543484,31.56442102608007,16.932600621747138,0.029375896386760234,0.029375896386760234,0.00026738223862490075,6.663150059449003,0.08917406347980512,0,0.0,0,31.56442102608007,,,,,,,,,,,
7048,7/17/1986,51.600,14.997,7.000,3.463,3.463,11.533999999999999,0.0,0,11.533732617761373,0.08917406347980512,43.09855060284683,0.0,0.08917406347980512,11.001964016359622,32.096586586487206,17.48330741812951,0.00026738223862487684,0.00026738223862487684,0.0003969590053834353,6.923898306059574,0.08904448671304657,0,0.0,0,32.096586586487206,,,,,,,,,,,
7049,7/18/1986,37.069,1.326,7.000,3.463,1.326,0.0,2.137,0.0,0.0,0.08904448671304657,32.096586586487206,0.08904448671304657,0.0,6.731789473430069,25.364797113057136,11.275231719820471,0.0,0.0,0.0,4.101787337529475,0.0,0,0.0,0,25.364797113057136,,,,,,,,,,,
7050,7/19/1986,22.225,2.681,7.000,3.463,2.681,0.0,0.782,0.0,0.0,0.0,25.364797113057136,0.0,0.0,4.547277236917247,20.81751987613989,7.919053840599233,0.0,0.0,0.0,2.7001197653349776,0.0,0,0.0,0,20.81751987613989,,,,,,,,,,,
7051,7/20/1986,15.477,8.177,7.000,3.463,3.463,4.7139999999999995,0.0,0,4.6245585542815695,0.0,25.44207843042146,0.0,0.0,4.570391710238704,20.87168672018276,7.955425267003485,0.08944144571843,0.08944144571843,0.0,2.714750428167575,0.08944144571843,0,0.0,0,20.87168672018276,,,,,,,,,,,
7052,7/21/1986,20.637,8.128,7.000,3.463,3.463,4.665,0.0,0,4.665,0.08944144571843,25.53708486944216,0.0,0.08944144571843,4.598871885061981,20.93821298438018,8.000211112633545,0.0,0.0,0.00039814925940304455,2.7327840886670605,0.08904329645902696,0,0.0,0,20.93821298438018,,,,,,,,,,,
7053,7/22/1986,17.572,1.380,7.000,3.463,1.38,0.0,2.083,0.0,0.0,0.08904329645902696,20.93821298438018,0.08904329645902696,0.0,3.3031766516011696,17.63503633277901,5.927473190474601,0.0,0.0,0.0,1.9205649644251364,0.0,0,0.0,0,17.63503633277901,,,,,,,,,,,
7054,7/23/1986,9.534,0.932,7.000,3.463,0.932,0.0,2.531,0.0,0.0,0.0,17.63503633277901,0.0,0.0,2.481188213269084,15.153848119509925,4.567796028434924,0.0,0.0,0.0,1.4157277766534737,0.0,0,0.0,0,15.153848119509925,,,,,,,,,,,
7055,7/24/1986,9.007,3.285,7.000,3.463,3.285,0.0,0.17799999999999994,0.0,0.0,0.0,15.153848119509925,0.0,0.0,1.9270988626571977,13.226749256852727,3.6254760952582203,0.0,0.0,0.0,1.081439091654506,0.0,0,0.0,0,13.226749256852727,,,,,,,,,,,
7056,7/25/1986,8.661,4.821,7.000,3.463,3.463,1.3579999999999997,0.0,0,1.2685585542815812,0.0,14.495307811134309,0.0,0.0,1.789554166939134,12.705753644195175,3.387638316197698,0.0894414457184184,0.0894414457184184,0.0,0.9993712040828727,0.0894414457184184,0,0.0,0,12.705753644195175,,,,,,,,,,,
7057,7/26/1986,6.994,0.571,7.000,3.463,0.571,0.0,2.8920000000000003,0.0,0.0,0.0894414457184184,12.705753644195175,0.0894414457184184,0.0,1.4367013354088565,11.269052308786318,2.7690344417010344,0.0,0.0,0.0,0.7908107074358479,0.0,0,0.0,0,11.269052308786318,,,,,,,,,,,
7058,7/27/1986,6.281,0.060,7.000,3.463,0.06,0.0,3.403,0.0,0.0,0.0,11.269052308786318,0.0,0.0,1.17628195877922,10.092770350007097,2.3034024374939173,0.0,0.0,0.0,0.6390022397470603,0.0,0,0.0,0,10.092770350007097,,,,,,,,,,,
7059,7/28/1986,5.666,0.078,7.000,3.463,0.078,0.0,3.3850000000000002,0.0,0.0,0.0,10.092770350007097,0.0,0.0,0.9788506431243564,9.11391970688274,1.9441864329049783,0.0,0.0,0.0,0.5253597882853692,0.0,0,0.0,0,9.11391970688274,,,,,,,,,,,
7060,7/29/1986,4.082,0.330,7.000,3.463,0.33,0.0,3.133,0.0,0.0,0.0,9.11391970688274,0.0,0.0,0.8257991692262505,8.28812053765649,1.6613366431888092,0.0,0.0,0.0,0.43828439093963084,0.0,0,0.0,0,8.28812053765649,,,,,,,,,,,
7061,7/30/1986,3.946,0.512,7.000,3.463,0.512,0.0,2.951,0.0,0.0,0.0,8.28812053765649,0.0,0.0,0.7048973463862858,7.5832231912702035,1.4347270250916184,0.0,0.0,0.0,0.37024035359098895,0.0,0,0.0,0,7.5832231912702035,,,,,,,,,,,
7062,7/31/1986,4.014,1.684,7.000,3.463,1.684,0.0,1.7790000000000001,0.0,0.0,0.0,7.5832231912702035,0.0,0.0,0.6078393923780956,6.975383798892108,1.2504553658765405,0.0,0.0,0.0,0.31616465213107,0.0,0,0.0,0,6.975383798892108,,,,,,,,,,,
7063,8/1/1986,3.811,0.043,8.000,3.792,0.043,0.0,3.7489999999999997,0.0,0.0,0.0,6.975383798892108,0.0,0.0,0.5288257879736764,6.446558010918432,1.0986634335402734,0.0,0.0,0.0,0.27255724745513116,0.0,0,0.0,0,6.446558010918432,,,,,,,,,,,
7064,8/2/1986,3.481,0.649,8.000,3.792,0.649,0.0,3.143,0.0,0.0,0.0,6.446558010918432,0.0,0.0,0.4637090834036,5.982848927514832,0.9722009641369134,0.0,0.0,0.0,0.23693852331746007,0.0,0,0.0,0,5.982848927514832,,,,,,,,,,,
7065,8/3/1986,3.288,1.922,8.000,3.792,1.922,0.0,1.8699999999999999,0.0,0.0,0.0,5.982848927514832,0.0,0.0,0.4094609650849281,5.573387962429904,0.8657787762066022,0.0,0.0,0.0,0.20751389320009223,0.0,0,0.0,0,5.573387962429904,,,,,,,,,,,
7066,8/4/1986,3.224,1.119,8.000,3.792,1.119,0.0,2.673,0.0,0.0,0.0,5.573387962429904,0.0,0.0,0.36382949481512766,5.209558467614777,0.775416075763906,0.0,0.0,0.0,0.18295995828171785,0.0,0,0.0,0,5.209558467614777,,,,,,,,,,,
7067,8/5/1986,3.097,2.889,8.000,3.792,2.889,0.0,0.903,0.0,0.0,0.0,5.209558467614777,0.0,0.0,0.3251127279669491,4.884445739647828,0.698070458036445,0.0,0.0,0.0,0.16228442951010918,0.0,0,0.0,0,4.884445739647828,,,,,,,,,,,
7068,8/6/1986,3.352,10.280,8.000,3.792,3.792,6.4879999999999995,0.0,0,6.3985585542815695,0.0,11.283004293929398,0.0,0.0,1.1787101784048402,10.104294115524558,2.3077848678183117,0.08944144571843,0.08944144571843,0.0,0.6404082363798411,0.08944144571843,0,0.0,0,10.104294115524558,,,,,,,,,,,
7069,8/7/1986,18.867,29.259,8.000,3.792,3.792,25.467,0.0,0,25.467,0.08944144571843,35.57169226478396,0.0,0.08944144571843,7.989875077118432,27.58181718766553,13.145795889436304,0.0,0.0,0.00039814925940304455,4.923554834089208,0.08904329645902696,0,0.0,0,27.58181718766553,,,,,,,,,,,
7070,8/8/1986,27.443,25.269,8.000,3.792,3.792,21.476999999999997,0.0,0,21.476601850740593,0.08904329645902696,49.05881541530114,0.0,0.08904329645902696,13.652982723341967,35.405832691959176,21.169056326853365,0.0003981492594030382,0.0003981492594030382,0.0003963768950199571,8.715198317833465,0.08904506882341005,0,0.0,0,35.405832691959176,,,,,,,,,,,
7071,8/9/1986,23.149,1.250,8.000,3.792,1.25,0.0,2.542,0.0,0.0,0.08904506882341005,35.405832691959176,0.08904506882341005,0.0,7.9278811874240604,27.477951504535117,13.054528954354808,0.0,0.0,0.0,4.882849396833422,0.0,0,0.0,0,27.477951504535117,,,,,,,,,,,
7072,8/10/1986,13.465,1.494,8.000,3.792,1.494,0.0,2.298,0.0,0.0,0.0,27.477951504535117,0.0,0.0,5.196046544966213,22.281904959568905,8.93229010632373,0.0,0.0,0.0,3.1125468314464277,0.0,0,0.0,0,22.281904959568905,,,,,,,,,,,
7073,8/11/1986,8.319,3.058,8.000,3.792,3.058,0.0,0.734,0.0,0.0,0.0,22.281904959568905,0.0,0.0,3.6639789839966683,18.617925975572238,6.512412601584935,0.0,0.0,0.0,2.144927360256998,0.0,0,0.0,0,18.617925975572238,,,,,,,,,,,
7074,8/12/1986,6.595,4.332,8.000,3.792,3.792,0.54,0.0,0,0.4505595740157086,0.0,19.068485549587948,0.0,0.0,2.8263511280374174,16.24213442155053,5.143722240467844,0.0894404259842914,0.0894404259842914,0.0,1.6265531269791103,0.0894404259842914,0,0.0,0,16.24213442155053,,,,,,,,,,,
7075,8/13/1986,6.359,3.701,8.000,3.792,3.701,0.0,0.09099999999999975,0.0,0.0,0.0894404259842914,16.242497908122008,0.007785710611968536,0.08165471537232287,2.1633185650273705,14.079179343094637,4.030129767128939,0.0,0.0,0.000363486571478324,1.2232713749662125,0.08129122880084455,0,0.0,0,14.079179343094637,,,,,,,,,,,
7076,8/14/1986,6.048,6.710,8.000,3.792,3.792,2.918,0.0,0,2.909849783082415,0.08129122880084455,16.98939099468536,0.0,0.08129122880084455,2.3316433994691526,14.657747595216206,4.315771012348935,0.008150216917585457,0.008150216917585457,0.0003618685083077818,1.3249690124068623,0.08907957721012222,0,0.0,0,14.657747595216206,,,,,,,,,,,
7077,8/15/1986,6.834,5.770,8.000,3.792,3.792,1.9779999999999998,0.0,0,1.977638131491692,0.08907957721012222,16.63578226510695,0.0,0.08907957721012222,2.251323081884729,14.384459183222221,4.179738232521571,0.0003618685083077865,0.0003618685083077865,0.00039653839905271437,1.2763789962821905,0.0890449073193773,0,0.0,0,14.384459183222221,,,,,,,,,,,
7078,8/16/1986,7.319,5.074,8.000,3.792,3.792,1.282,0.0,0,1.2816034616009475,0.0890449073193773,15.666459028888946,0.0,0.0890449073193773,2.036966360483283,13.629492668405664,3.814259319708197,0.00039653839905256816,0.00039653839905256816,0.0003963840657767616,1.1472719925992825,0.0890450616526531,0,0.0,0,13.629492668405664,,,,,,,,,,,
7079,8/17/1986,6.203,1.878,8.000,3.792,1.878,0.0,1.914,0.0,0.0,0.0890450616526531,13.629492668405664,0.0890450616526531,0.0,1.614972985408106,12.014519682997559,3.0831823721345386,0.0,0.0,0.0,0.8958058387293674,0.0,0,0.0,0,12.014519682997559,,,,,,,,,,,
7080,8/18/1986,5.145,0.869,8.000,3.792,0.869,0.0,2.923,0.0,0.0,0.0,12.014519682997559,0.0,0.0,1.308809584834031,10.705710098163529,2.5414307291583547,0.0,0.0,0.0,0.7160086196724653,0.0,0,0.0,0,10.705710098163529,,,,,,,,,,,
7081,8/19/1986,4.289,1.536,8.000,3.792,1.536,0.0,2.256,0.0,0.0,0.0,10.705710098163529,0.0,0.0,1.0799199797174643,9.625790118446064,2.128811118544653,0.0,0.0,0.0,0.5833645272153746,0.0,0,0.0,0,9.625790118446064,,,,,,,,,,,
7082,8/20/1986,4.289,4.595,8.000,3.792,3.792,0.8029999999999999,0.0,0,0.7135585571288392,0.0,10.339348675574904,0.0,0.0,1.0190318237840064,9.320316851790897,2.0177789976024623,0.08944144287116068,0.08944144287116068,0.0,0.54837514857429,0.08944144287116068,0,0.0,0,9.320316851790897,,,,,,,,,,,
7083,8/21/1986,4.289,0.891,8.000,3.792,0.891,0.0,2.901,0.0,0.0,0.08944144287116068,9.320316851790897,0.08944144287116068,0.0,0.8572027837012182,8.463114068089679,1.7197182796452453,0.0,0.0,0.0,0.4560702073601348,0.0,0,0.0,0,8.463114068089679,,,,,,,,,,,
7084,8/22/1986,3.878,0.116,8.000,3.792,0.116,0.0,3.6759999999999997,0.0,0.0,0.0,8.463114068089679,0.0,0.0,0.7298765918424633,7.733237476247216,1.4817987622998274,0.0,0.0,0.0,0.384239889496673,0.0,0,0.0,0,7.733237476247216,,,,,,,,,,,
7085,8/23/1986,3.481,0.142,8.000,3.792,0.142,0.0,3.65,0.0,0.0,0.0,7.733237476247216,0.0,0.0,0.6280121165612981,7.105225359685917,1.2889431793226245,0.0,0.0,0.0,0.3273599083486778,0.0,0,0.0,0,7.105225359685917,,,,,,,,,,,
7086,8/24/1986,3.224,0.255,8.000,3.792,0.255,0.0,3.537,0.0,0.0,0.0,7.105225359685917,0.0,0.0,0.545333536818565,6.559891822867352,1.130519498114595,0.0,0.0,0.0,0.2816344157182854,0.0,0,0.0,0,6.559891822867352,,,,,,,,,,,
7087,8/25/1986,3.097,0.645,8.000,3.792,0.645,0.0,3.147,0.0,0.0,0.0,6.559891822867352,0.0,0.0,0.4773756257836367,6.082516197083716,0.9988533265952554,0.0,0.0,0.0,0.24438827371183702,0.0,0,0.0,0,6.082516197083716,,,,,,,,,,,
7088,8/26/1986,2.973,0.251,8.000,3.792,0.251,0.0,3.541,0.0,0.0,0.0,6.082516197083716,0.0,0.0,0.4208925463088757,5.66162365077484,0.8882916822597112,0.0,0.0,0.0,0.21369423059364262,0.0,0,0.0,0,5.66162365077484,,,,,,,,,,,
7089,8/27/1986,2.849,0.999,8.000,3.792,0.999,0.0,2.7929999999999997,0.0,0.0,0.0,5.66162365077484,0.0,0.0,0.37348007670494016,5.2881435740699,0.7945957832071211,0.0,0.0,0.0,0.1881367809801399,0.0,0,0.0,0,5.2881435740699,,,,,,,,,,,
7090,8/28/1986,2.728,0.762,8.000,3.792,0.762,0.0,3.03,0.0,0.0,0.0,5.2881435740699,0.0,0.0,0.333327522453169,4.9548160516167306,0.7145367719407656,0.0,0.0,0.0,0.16665837692418903,0.0,0,0.0,0,4.9548160516167306,,,,,,,,,,,
7091,8/29/1986,2.728,1.371,8.000,3.792,1.371,0.0,2.421,0.0,0.0,0.0,4.9548160516167306,0.0,0.0,0.299050824684307,4.655765226932424,0.6456202655336516,0.0,0.0,0.0,0.14845678639511004,0.0,0,0.0,0,4.655765226932424,,,,,,,,,,,
7092,8/30/1986,3.097,6.450,8.000,3.792,3.792,2.6580000000000004,0.0,0,2.5685585542815703,0.0,7.224323781213994,0.0,0.0,0.5606533843291901,6.663670396884804,1.1600137203845426,0.08944144571843,0.08944144571843,0.0,0.29007459374678973,0.08944144571843,0,0.0,0,6.663670396884804,,,,,,,,,,,
7093,8/31/1986,3.612,4.375,8.000,3.792,3.792,0.5830000000000002,0.0,0,0.5830000000000002,0.08944144571843,7.247068546144207,0.0,0.08944144571843,0.5635983675315817,6.683470178612625,1.1656759747560972,0.0,0.0,0.00039814925940304455,0.29169882882965276,0.08904329645902696,0,0.0,0,6.683470178612625,,,,,,,,,,,
7094,9/1/1986,3.416,2.023,9.000,4.609,2.023,0.0,2.586,0.0,0.0,0.08904329645902696,6.683470178612625,0.08904329645902696,0.0,0.49245793045103786,6.191012248161587,1.0281968479265666,0.0,0.0,0.0,0.25262606061730775,0.0,0,0.0,0,6.191012248161587,,,,,,,,,,,
7095,9/2/1986,3.097,2.004,9.000,4.609,2.004,0.0,2.605,0.0,0.0,0.0,6.191012248161587,0.0,0.0,0.4334794862736027,5.757532761887984,0.9130251236985727,0.0,0.0,0.0,0.22051197614810936,0.0,0,0.0,0,5.757532761887984,,,,,,,,,,,
7096,9/3/1986,2.911,3.722,9.000,4.609,3.722,0.0,0.887,0.0,0.0,0.0,5.757532761887984,0.0,0.0,0.3840842286727957,5.373448533215188,0.8156271098168053,0.0,0.0,0.0,0.19383527466275946,0.0,0,0.0,0,5.373448533215188,,,,,,,,,,,
7097,9/4/1986,2.667,0.998,9.000,4.609,0.998,0.0,3.6109999999999998,0.0,0.0,0.0,5.373448533215188,0.0,0.0,0.3423373363874483,5.03111119682774,0.732561707364459,0.0,0.0,0.0,0.17146378780567334,0.0,0,0.0,0,5.03111119682774,,,,,,,,,,,
7098,9/5/1986,2.548,0.811,9.000,4.609,0.811,0.0,3.798,0.0,0.0,0.0,5.03111119682774,0.0,0.0,0.30676488021171056,4.724346316616029,0.6611791144790408,0.0,0.0,0.0,0.15254166542527173,0.0,0,0.0,0,4.724346316616029,,,,,,,,,,,
7099,9/6/1986,2.548,0.544,9.000,4.609,0.544,0.0,4.0649999999999995,0.0,0.0,0.0,4.724346316616029,0.0,0.0,0.27622860774048436,4.448117708875545,0.5994122694353362,0.0,0.0,0.0,0.13641280722538351,0.0,0,0.0,0,4.448117708875545,,,,,,,,,,,
7100,9/7/1986,2.548,1.602,9.000,4.609,1.602,0.0,3.0069999999999997,0.0,0.0,0.0,4.448117708875545,0.0,0.0,0.24983861485598113,4.198279094019564,0.5456297460094715,0.0,0.0,0.0,0.12256784711705813,0.0,0,0.0,0,4.198279094019564,,,,,,,,,,,
7101,9/8/1986,2.489,2.755,9.000,4.609,2.755,0.0,1.854,0.0,0.0,0.0,4.198279094019564,0.0,0.0,0.22689135833679824,3.971387735682766,0.49853022428487714,0.0,0.0,0.0,0.11060678102071402,0.0,0,0.0,0,3.971387735682766,,,,,,,,,,,
7102,9/9/1986,2.489,1.226,9.000,4.609,1.226,0.0,3.383,0.0,0.0,0.0,3.971387735682766,0.0,0.0,0.2068249501946739,3.764562785488092,0.45706562022809966,0.0,0.0,0.0,0.10021219159978695,0.0,0,0.0,0,3.764562785488092,,,,,,,,,,,
7103,9/10/1986,2.489,1.168,9.000,4.609,1.168,0.0,3.441,0.0,0.0,0.0,3.764562785488092,0.0,0.0,0.18918644614986105,3.575376339338231,0.4203843075517627,0.0,0.0,0.0,0.09112978051019187,0.0,0,0.0,0,3.575376339338231,,,,,,,,,,,
7104,9/11/1986,2.489,1.878,9.000,4.609,1.878,0.0,2.731,0.0,0.0,0.0,3.575376339338231,0.0,0.0,0.1736075923732718,3.4017687469649593,0.38778864461730267,0.0,0.0,0.0,0.08315402219708908,0.0,0,0.0,0,3.4017687469649593,,,,,,,,,,,
7105,9/12/1986,2.489,3.276,9.000,4.609,3.276,0.0,1.3330000000000002,0.0,0.0,0.0,3.4017687469649593,0.0,0.0,0.15978662460040843,3.241982122364551,0.3587028304089912,0.0,0.0,0.0,0.0761174607577822,0.0,0,0.0,0,3.241982122364551,,,,,,,,,,,
7106,9/13/1986,4.150,8.279,9.000,4.609,4.609,3.67,0.0,0,3.58055855428157,0.0,6.8225406766461205,0.0,0.0,0.5096546614570443,6.312886015189076,1.0615672874424638,0.08944144571843,0.08944144571843,0.0,0.26203897578842783,0.08944144571843,0,0.0,0,6.312886015189076,,,,,,,,,,,
7107,9/14/1986,8.661,9.997,9.000,4.609,4.609,5.388,0.0,0,5.388,0.08944144571843,11.70128416444848,0.0,0.08944144571843,1.2524344024908303,10.44884976195765,2.4404598117625778,0.0,0.0,0.00039814925940304455,0.6831853904077918,0.08904329645902696,0,0.0,0,10.44884976195765,,,,,,,,,,,
7108,9/15/1986,4.927,7.188,9.000,4.609,4.609,2.5789999999999997,0.0,0,2.5786018507405966,0.08904329645902696,13.027847989593267,0.0,0.08904329645902696,1.49791412340485,11.529933866188417,2.8772953778010133,0.0003981492594030382,0.0003981492594030382,0.0003963768950199571,0.8267711103587235,0.08904506882341005,0,0.0,0,11.529933866188417,,,,,,,,,,,
7109,9/16/1986,4.854,6.648,9.000,4.609,4.609,2.0389999999999997,0.0,0,2.03860362310498,0.08904506882341005,13.568933874078109,0.0,0.08904506882341005,1.6030312477905255,11.965902626287583,3.0622453351469527,0.00039637689501995115,0.00039637689501995115,0.000396384784713162,0.8887477658882706,0.08904506093371685,0,0.0,0,11.965902626287583,,,,,,,,,,,
7110,9/17/1986,3.745,2.899,9.000,4.609,2.899,0.0,1.71,0.0,0.0,0.08904506093371685,11.965902626287583,0.08904506093371685,0.0,1.299994611309899,10.665908014977685,2.525669408891772,0.0,0.0,0.0,0.710870050056987,0.0,0,0.0,0,10.665908014977685,,,,,,,,,,,
7111,9/18/1986,3.352,5.126,9.000,4.609,4.609,0.5170000000000003,0.0,0,0.4275602597521429,0.0,11.093468274729828,0.0,0.0,1.1458946389179547,9.947573635811873,2.2484899094429065,0.08943974024785743,0.08943974024785743,0.0,0.621423531686472,0.08943974024785743,0,0.0,0,9.947573635811873,,,,,,,,,,,
7112,9/19/1986,3.481,1.930,9.000,4.609,1.93,0.0,2.6790000000000003,0.0,0.0,0.08943974024785743,9.947573635811873,0.08943974024785743,0.0,0.9554934533583658,8.992080182453506,1.901285618124735,0.0,0.0,0.0,0.5120094203131671,0.0,0,0.0,0,8.992080182453506,,,,,,,,,,,
7113,9/20/1986,3.160,1.909,9.000,4.609,1.909,0.0,2.7,0.0,0.0,0.0,8.992080182453506,0.0,0.0,0.807481775817122,8.184598406636384,1.6271956828732863,0.0,0.0,0.0,0.42793054105517164,0.0,0,0.0,0,8.184598406636384,,,,,,,,,,,
7114,9/21/1986,2.849,0.439,9.000,4.609,0.439,0.0,4.17,0.0,0.0,0.0,8.184598406636384,0.0,0.0,0.6902844168140412,7.494313989822343,1.4071254055878626,0.0,0.0,0.0,0.36206563478487747,0.0,0,0.0,0,7.494313989822343,,,,,,,,,,,
7115,9/22/1986,2.608,0.336,9.000,4.609,0.336,0.0,4.273,0.0,0.0,0.0,7.494313989822343,0.0,0.0,0.59600822442386,6.898305765398483,1.2278340134562165,0.0,0.0,0.0,0.30961002364500595,0.0,0,0.0,0,6.898305765398483,,,,,,,,,,,
7116,9/23/1986,2.489,0.970,9.000,4.609,0.97,0.0,3.6390000000000002,0.0,0.0,0.0,6.898305765398483,0.0,0.0,0.5191224913347167,6.379183274063767,1.0799012400004984,0.0,0.0,0.0,0.26723032287751425,0.0,0,0.0,0,6.379183274063767,,,,,,,,,,,
7117,9/24/1986,2.315,0.623,9.000,4.609,0.623,0.0,3.9859999999999998,0.0,0.0,0.0,6.379183274063767,0.0,0.0,0.45566000510250254,5.923523268961264,0.9564748798084053,0.0,0.0,0.0,0.2325576299726526,0.0,0,0.0,0,5.923523268961264,,,,,,,,,,,
7118,9/25/1986,2.144,0.364,9.000,4.609,0.364,0.0,4.245,0.0,0.0,0.0,5.923523268961264,0.0,0.0,0.402716362952766,5.520806906008498,0.8524734915727771,0.0,0.0,0.0,0.20387281282919137,0.0,0,0.0,0,5.520806906008498,,,,,,,,,,,
7119,9/26/1986,2.089,0.369,9.000,4.609,0.369,0.0,4.24,0.0,0.0,0.0,5.520806906008498,0.0,0.0,0.3581267053768655,5.162680200631632,0.7640641361150933,0.0,0.0,0.0,0.17990506347346225,0.0,0,0.0,0,5.162680200631632,,,,,,,,,,,
7120,9/27/1986,1.978,0.204,9.000,4.609,0.204,0.0,4.405,0.0,0.0,0.0,5.162680200631632,0.0,0.0,0.3202514839936987,4.842428716637934,0.6883116119866005,0.0,0.0,0.0,0.1596994834075179,0.0,0,0.0,0,4.842428716637934,,,,,,,,,,,
7121,9/28/1986,1.923,0.533,9.000,4.609,0.533,0.0,4.076,0.0,0.0,0.0,4.842428716637934,0.0,0.0,0.28783118028531424,4.554597536352619,0.6229376123090019,0.0,0.0,0.0,0.14252798017231672,0.0,0,0.0,0,4.554597536352619,,,,,,,,,,,
7122,9/29/1986,1.923,1.039,9.000,4.609,1.039,0.0,3.5700000000000003,0.0,0.0,0.0,4.554597536352619,0.0,0.0,0.25988574346705234,4.294711792885567,0.5661520720772883,0.0,0.0,0.0,0.1278280442722438,0.0,0,0.0,0,4.294711792885567,,,,,,,,,,,
7123,9/30/1986,1.869,1.330,9.000,4.609,1.33,0.0,3.279,0.0,0.0,0.0,4.294711792885567,0.0,0.0,0.23564369236053745,4.05906810052503,0.5165329668350133,0.0,0.0,0.0,0.1151598885863667,0.0,0,0.0,0,4.05906810052503,,,,,,,,,,,
7124,10/1/1986,1.816,1.258,10.000,5.054,1.258,0.0,3.7960000000000003,0.0,0.0,0.0,4.05906810052503,0.0,0.0,0.21449129637942727,3.8445768041456025,0.4729392699216679,0.0,0.0,0.0,0.10417593249570756,0.0,0,0.0,0,3.8445768041456025,,,,,,,,,,,
7125,10/2/1986,1.763,0.766,10.000,5.054,0.766,0.0,4.288,0.0,0.0,0.0,3.8445768041456025,0.0,0.0,0.19593559804715407,3.6486412060984486,0.43444700531138614,0.0,0.0,0.0,0.094598740384529,0.0,0,0.0,0,3.6486412060984486,,,,,,,,,,,
7126,10/3/1986,1.710,0.302,10.000,5.054,0.302,0.0,4.752000000000001,0.0,0.0,0.0,3.6486412060984486,0.0,0.0,0.1795771365190037,3.469064069579445,0.40030164611299324,0.0,0.0,0.0,0.08620484844167636,0.0,0,0.0,0,3.469064069579445,,,,,,,,,,,
7127,10/4/1986,1.710,4.287,10.000,5.054,4.287,0.0,0.7670000000000003,0.0,0.0,0.0,3.469064069579445,0.0,0.0,0.16508957364967264,3.303974495929772,0.36988225143880715,0.0,0.0,0.0,0.07881275597631732,0.0,0,0.0,0,3.303974495929772,,,,,,,,,,,
7128,10/5/1986,4.428,10.119,10.000,5.054,5.054,5.0649999999999995,0.0,0,4.9755585542815695,0.0,8.279533050211342,0.0,0.0,0.7036805031148915,7.57585254709645,1.4324304305693576,0.08944144571843,0.08944144571843,0.0,0.3695592020595902,0.08944144571843,0,0.0,0,7.57585254709645,,,,,,,,,,,
7129,10/6/1986,3.352,4.761,10.000,5.054,4.761,0.0,0.29300000000000015,0.0,0.0,0.08944144571843,7.576139103518395,0.02506855024433477,0.06437289547409523,0.6068933024606332,6.969245801057762,1.2486477627510362,0.0,0.0,0.00028655642194476937,0.3156401943537772,0.06408633905215047,0,0.0,0,6.969245801057762,,,,,,,,,,,
7130,10/7/1986,2.373,0.412,10.000,5.054,0.412,0.0,4.642,0.0,0.0,0.06408633905215047,6.969245801057762,0.06408633905215047,0.0,0.5280504472767285,6.441195353781033,1.0971652633351114,0.0,0.0,0.0,0.27213136217847333,0.0,0,0.0,0,6.441195353781033,,,,,,,,,,,
7131,10/8/1986,2.144,5.705,10.000,5.054,5.054,0.6509999999999998,0.0,0,0.561558639501187,0.0,7.00275399328222,0.0,0.0,0.532288676906071,6.470465316376149,1.10535253480261,0.0894413604988128,0.0894413604988128,0.0,0.2744598712821731,0.0894413604988128,0,0.0,0,6.470465316376149,,,,,,,,,,,
7132,10/9/1986,2.144,2.251,10.000,5.054,2.251,0.0,2.8030000000000004,0.0,0.0,0.0894413604988128,6.470465316376149,0.0894413604988128,0.0,0.46657876294703177,6.003886553429117,0.9778024624242851,0.0,0.0,0.0,0.23850162639079284,0.0,0,0.0,0,6.003886553429117,,,,,,,,,,,
7133,10/10/1986,2.033,1.398,10.000,5.054,1.398,0.0,3.6560000000000006,0.0,0.0,0.0,6.003886553429117,0.0,0.0,0.4118634379456414,5.592023115483476,0.8705141059756344,0.0,0.0,0.0,0.20881182757182212,0.0,0,0.0,0,5.592023115483476,,,,,,,,,,,
7134,10/11/1986,2.033,1.599,10.000,5.054,1.599,0.0,3.455,0.0,0.0,0.0,5.592023115483476,0.0,0.0,0.3658592512546231,5.2261638642288535,0.7794532256885577,0.0,0.0,0.0,0.18404803004557865,0.0,0,0.0,0,5.2261638642288535,,,,,,,,,,,
7135,10/12/1986,2.089,1.669,10.000,5.054,1.669,0.0,3.3850000000000002,0.0,0.0,0.0,5.2261638642288535,0.0,0.0,0.32684171639366905,4.899322147835185,0.7015387284013025,0.0,0.0,0.0,0.16320442716004344,0.0,0,0.0,0,4.899322147835185,,,,,,,,,,,
7136,10/13/1986,2.033,1.019,10.000,5.054,1.019,0.0,4.035,0.0,0.0,0.0,4.899322147835185,0.0,0.0,0.2934894127682285,4.605832735066956,0.6343848024562075,0.0,0.0,0.0,0.14551610038744597,0.0,0,0.0,0,4.605832735066956,,,,,,,,,,,
7137,10/14/1986,1.923,0.219,10.000,5.054,0.219,0.0,4.835,0.0,0.0,0.0,4.605832735066956,0.0,0.0,0.26477646611165107,4.341056268955305,0.576120974135219,0.0,0.0,0.0,0.13039347247000177,0.0,0,0.0,0,4.341056268955305,,,,,,,,,,,
7138,10/15/1986,1.816,0.000,10.000,5.054,0.0,0.0,5.054,0.0,0.0,0.0,4.341056268955305,0.0,0.0,0.23989699243581056,4.101159276519494,0.5252642607849656,0.0,0.0,0.0,0.11737657227022817,0.0,0,0.0,0,4.101159276519494,,,,,,,,,,,
7139,10/16/1986,1.816,0.303,10.000,5.054,0.303,0.0,4.751,0.0,0.0,0.0,4.101159276519494,0.0,0.0,0.21821109991103133,3.8829481766084633,0.4806268538019515,0.0,0.0,0.0,0.10610257003946592,0.0,0,0.0,0,3.8829481766084633,,,,,,,,,,,
7140,10/17/1986,1.710,0.362,10.000,5.054,0.362,0.0,4.692,0.0,0.0,0.0,3.8829481766084633,0.0,0.0,0.19920570340826824,3.683742473200195,0.44124847127794775,0.0,0.0,0.0,0.09628237103152554,0.0,0,0.0,0,3.683742473200195,,,,,,,,,,,
7141,10/18/1986,1.658,0.471,10.000,5.054,0.471,0.0,4.583,0.0,0.0,0.0,3.683742473200195,0.0,0.0,0.18246568998590773,3.5012767832142875,0.40634612052995694,0.0,0.0,0.0,0.08768349912147705,0.0,0,0.0,0,3.5012767832142875,,,,,,,,,,,
7142,10/19/1986,1.606,0.316,10.000,5.054,0.316,0.0,4.738,0.0,0.0,0.0,3.5012767832142875,0.0,0.0,0.16765242947825218,3.3336243537360355,0.3752763306484375,0.0,0.0,0.0,0.08011741683426873,0.0,0,0.0,0,3.3336243537360355,,,,,,,,,,,
7143,10/20/1986,1.504,0.344,10.000,5.054,0.344,0.0,4.71,0.0,0.0,0.0,3.3336243537360355,0.0,0.0,0.15448757101411092,3.1791367827219243,0.34750643889715993,0.0,0.0,0.0,0.07343001944892749,0.0,0,0.0,0,3.1791367827219243,,,,,,,,,,,
7144,10/21/1986,1.454,0.243,10.000,5.054,0.243,0.0,4.811,0.0,0.0,0.0,3.1791367827219243,0.0,0.0,0.1427406930404905,3.0363960896814337,0.32259253319765824,0.0,0.0,0.0,0.06749443004404955,0.0,0,0.0,0,3.0363960896814337,,,,,,,,,,,
7145,10/22/1986,1.504,0.272,10.000,5.054,0.272,0.0,4.782,0.0,0.0,0.0,3.0363960896814337,0.0,0.0,0.13221979627174527,2.9041762934096886,0.3001623446015541,0.0,0.0,0.0,0.06220548286022569,0.0,0,0.0,0,2.9041762934096886,,,,,,,,,,,
7146,10/23/1986,1.504,0.487,10.000,5.054,0.487,0.0,4.567,0.0,0.0,0.0,2.9041762934096886,0.0,0.0,0.12276391726399732,2.7814123761456915,0.2799018604038042,0.0,0.0,0.0,0.05747545943030979,0.0,0,0.0,0,2.7814123761456915,,,,,,,,,,,
7147,10/24/1986,1.504,0.074,10.000,5.054,0.074,0.0,4.98,0.0,0.0,0.0,2.7814123761456915,0.0,0.0,0.11423734010309182,2.6671750360426,0.2615447616734564,0.0,0.0,0.0,0.05323076401422767,0.0,0,0.0,0,2.6671750360426,,,,,,,,,,,
7148,10/25/1986,1.454,0.153,10.000,5.054,0.153,0.0,4.901000000000001,0.0,0.0,0.0,2.6671750360426,0.0,0.0,0.10652502396834504,2.560650012074255,0.24486402470649374,0.0,0.0,0.0,0.04940931016432326,0.0,0,0.0,0,2.560650012074255,,,,,,,,,,,
7149,10/26/1986,1.454,0.468,10.000,5.054,0.468,0.0,4.586,0.0,0.0,0.0,2.560650012074255,0.0,0.0,0.09952896402075062,2.461121048053504,0.22966519468590155,0.0,0.0,0.0,0.04595845056476958,0.0,0,0.0,0,2.461121048053504,,,,,,,,,,,
7150,10/27/1986,1.405,0.181,10.000,5.054,0.181,0.0,4.873,0.0,0.0,0.0,2.461121048053504,0.0,0.0,0.09316527471001675,2.3679557733434873,0.21578096201220298,0.0,0.0,0.0,0.04283332543564611,0.0,0,0.0,0,2.3679557733434873,,,,,,,,,,,
7151,10/28/1986,1.356,0.330,10.000,5.054,0.33,0.0,4.724,0.0,0.0,0.0,2.3679557733434873,0.0,0.0,0.08736183663261524,2.280593936710872,0.2030667611215354,0.0,0.0,0.0,0.039995535987881574,0.0,0,0.0,0,2.280593936710872,,,,,,,,,,,
7152,10/29/1986,1.259,1.324,10.000,5.054,1.324,0.0,3.7300000000000004,0.0,0.0,0.0,2.280593936710872,0.0,0.0,0.08205638624394819,2.198537550466924,0.19139717758659316,0.0,0.0,0.0,0.0374120721964405,0.0,0,0.0,0,2.198537550466924,,,,,,,,,,,
7153,10/30/1986,1.307,0.848,10.000,5.054,0.848,0.0,4.206,0.0,0.0,0.0,2.198537550466924,0.0,0.0,0.07719495598750782,2.121342594479416,0.18066299845459918,0.0,0.0,0.0,0.03505444095236609,0.0,0,0.0,0,2.121342594479416,,,,,,,,,,,
7154,10/31/1986,1.307,0.630,10.000,5.054,0.63,0.0,4.424,0.0,0.0,0.0,2.121342594479416,0.0,0.0,0.07273059350903564,2.0486120009703805,0.17076877771538435,0.0,0.0,0.0,0.03289795314324229,0.0,0,0.0,0,2.0486120009703805,,,,,,,,,,,
7155,11/1/1986,1.307,0.392,11.000,5.054,0.392,0.0,4.662,0.0,0.0,0.0,2.0486120009703805,0.0,0.0,0.06862230451548709,1.9799896964548935,0.1616308167719576,0.0,0.0,0.0,0.03092113757713041,0.0,0,0.0,0,1.9799896964548935,,,,,,,,,,,
7156,11/2/1986,1.307,0.667,11.000,5.054,0.667,0.0,4.3870000000000005,0.0,0.0,0.0,1.9799896964548935,0.0,0.0,0.06483417589797705,1.9151555205569164,0.15317548113934135,0.0,0.0,0.0,0.02910525674362345,0.0,0,0.0,0,1.9151555205569164,,,,,,,,,,,
7157,11/3/1986,1.307,1.484,11.000,5.054,1.484,0.0,3.5700000000000003,0.0,0.0,0.0,1.9151555205569164,0.0,0.0,0.06133464495637031,1.853820875600546,0.14533779101076572,0.0,0.0,0.0,0.027433904795663957,0.0,0,0.0,0,1.853820875600546,,,,,,,,,,,
7158,11/4/1986,1.356,0.305,11.000,5.054,0.305,0.0,4.7490000000000006,0.0,0.0,0.0,1.853820875600546,0.0,0.0,0.058095887659129423,1.7957249879414168,0.13806023603204157,0.0,0.0,0.0,0.025892672268981256,0.0,0,0.0,0,1.7957249879414168,,,,,,,,,,,
7159,11/5/1986,1.356,0.924,11.000,5.054,0.924,0.0,4.13,0.0,0.0,0.0,1.7957249879414168,0.0,0.0,0.05509330437024867,1.7406316835711682,0.13129177451763538,0.0,0.0,0.0,0.024468865246698824,0.0,0,0.0,0,1.7406316835711682,,,,,,,,,,,
7160,11/6/1986,1.405,0.594,11.000,5.054,0.594,0.0,4.46,0.0,0.0,0.0,1.7406316835711682,0.0,0.0,0.05230508576207738,1.6883265978090907,0.12498698509399433,0.0,0.0,0.0,0.023151269155440517,0.0,0,0.0,0,1.6883265978090907,,,,,,,,,,,
7161,11/7/1986,1.405,1.000,11.000,5.054,1.0,0.0,4.054,0.0,0.0,0.0,1.6883265978090907,0.0,0.0,0.04971184499535521,1.6386147528137354,0.11910534486555585,0.0,0.0,0.0,0.021929949316622645,0.0,0,0.0,0,1.6386147528137354,,,,,,,,,,,
7162,11/8/1986,1.307,0.305,11.000,5.054,0.305,0.0,4.7490000000000006,0.0,0.0,0.0,1.6386147528137354,0.0,0.0,0.04729630490019396,1.5913184479135414,0.11361061304117227,0.0,0.0,0.0,0.020796081899542712,0.0,0,0.0,0,1.5913184479135414,,,,,,,,,,,
7163,11/9/1986,1.212,0.446,11.000,5.054,0.446,0.0,4.6080000000000005,0.0,0.0,0.0,1.5913184479135414,0.0,0.0,0.04504303099535003,1.5462754169181914,0.10847030281663401,0.0,0.0,0.0,0.01974181012659843,0.0,0,0.0,0,1.5462754169181914,,,,,,,,,,,
7164,11/10/1986,1.165,0.328,11.000,5.054,0.328,0.0,4.726,0.0,0.0,0.0,1.5462754169181914,0.0,0.0,0.04293820286012167,1.5033372140580696,0.10365522739819047,0.0,0.0,0.0,0.01876012153738648,0.0,0,0.0,0,1.5033372140580696,,,,,,,,,,,
7165,11/11/1986,1.165,0.383,11.000,5.054,0.383,0.0,4.671,0.0,0.0,0.0,1.5033372140580696,0.0,0.0,0.04096941771670746,1.4623677963413622,0.09913910853754737,0.0,0.0,0.0,0.017844742882159405,0.0,0,0.0,0,1.4623677963413622,,,,,,,,,,,
7166,11/12/1986,1.165,0.447,11.000,5.054,0.447,0.0,4.607,0.0,0.0,0.0,1.4623677963413622,0.0,0.0,0.03912552116228558,1.4232422751790765,0.09489823795793863,0.0,0.0,0.0,0.01699004982790529,0.0,0,0.0,0,1.4232422751790765,,,,,,,,,,,
7167,11/13/1986,1.165,0.062,11.000,5.054,0.062,0.0,4.992,0.0,0.0,0.0,1.4232422751790765,0.0,0.0,0.0373964608644848,1.3858458143145918,0.09091118368203448,0.0,0.0,0.0,0.016190989154249397,0.0,0,0.0,0,1.3858458143145918,,,,,,,,,,,
7168,11/14/1986,1.165,0.783,11.000,5.054,0.783,0.0,4.271,0.0,0.0,0.0,1.3858458143145918,0.0,0.0,0.03577315974401475,1.350072654570577,0.0871585346023681,0.0,0.0,0.0,0.015443011516263407,0.0,0,0.0,0,1.350072654570577,,,,,,,,,,,
7169,11/15/1986,1.165,0.755,11.000,5.054,0.755,0.0,4.299,0.0,0.0,0.0,1.350072654570577,0.0,0.0,0.03424740574728371,1.3158252488232933,0.08362267772367417,0.0,0.0,0.0,0.01474201317638124,0.0,0,0.0,0,1.3158252488232933,,,,,,,,,,,
7170,11/16/1986,1.165,0.422,11.000,5.054,0.422,0.0,4.632000000000001,0.0,0.0,0.0,1.3158252488232933,0.0,0.0,0.03281175578592618,1.2830134930373671,0.08028760340126544,0.0,0.0,0.0,0.014084285373013906,0.0,0,0.0,0,1.2830134930373671,,,,,,,,,,,
7171,11/17/1986,1.165,0.542,11.000,5.054,0.542,0.0,4.5120000000000005,0.0,0.0,0.0,1.2830134930373671,0.0,0.0,0.031459451809809,1.251554041227558,0.07713873463764313,0.0,0.0,0.0,0.013466470210943835,0.0,0,0.0,0,1.251554041227558,,,,,,,,,,,
7172,11/18/1986,1.165,1.570,11.000,5.054,1.57,0.0,3.484,0.0,0.0,0.0,1.251554041227558,0.0,0.0,0.030184347301509203,1.221369693926049,0.07416277711057344,0.0,0.0,0.0,0.012885522137476705,0.0,0,0.0,0,1.221369693926049,,,,,,,,,,,
7173,11/19/1986,1.165,0.756,11.000,5.054,0.756,0.0,4.298,0.0,0.0,0.0,1.221369693926049,0.0,0.0,0.028980842746348434,1.1923888511797005,0.07134758711348423,0.0,0.0,0.0,0.01233867421601468,0.0,0,0.0,0,1.1923888511797005,,,,,,,,,,,
7174,11/20/1986,1.212,2.207,11.000,5.054,2.207,0.0,2.8470000000000004,0.0,0.0,0.0,1.1923888511797005,0.0,0.0,0.027843828853106486,1.164545022326594,0.06868205501215872,0.0,0.0,0.0,0.011823408531057825,0.0,0,0.0,0,1.164545022326594,,,,,,,,,,,
7175,11/21/1986,1.606,5.323,11.000,5.054,5.054,0.26900000000000013,0.0,0,0.17999424800604477,0.0,1.3445392703326389,0.0,0.0,0.03401378247134724,1.3105254878612915,0.0830805000126457,0.08900575199395536,0.08900575199395536,0.0,0.01463485546438843,0.08900575199395536,0,0.0,0,1.3105254878612915,,,,,,,,,,,
7176,11/22/1986,7.319,20.651,11.000,5.054,5.054,15.597,0.0,0,15.596564306275525,0.08900575199395536,16.90748600390237,0.0,0.08900575199395536,2.3129389644643825,14.594547039437987,4.284135440623556,0.0004356937244746471,0.0004356937244746471,0.00039620976555505556,1.313643726964218,0.08904523595287495,0,0.0,0,14.594547039437987,,,,,,,,,,,
7177,11/23/1986,2.973,2.508,11.000,5.054,2.508,0.0,2.5460000000000003,0.0,0.0,0.08904523595287495,14.594547039437987,0.08904523595287495,0.0,1.8100204397160764,12.78452659972191,3.4231373534240226,0.0,0.0,0.0,1.0115571553508986,0.0,0,0.0,0,12.78452659972191,,,,,,,,,,,
7178,11/24/1986,2.144,7.806,11.000,5.054,5.054,2.752,0.0,0,2.6625585542815697,0.0,15.447085154003481,0.0,0.0,1.9896499677913815,13.4574351862121,3.7330825354351367,0.08944144571843,0.08944144571843,0.0,1.1188904760437528,0.08944144571843,0,0.0,0,13.4574351862121,,,,,,,,,,,
7179,11/25/1986,9.181,21.400,11.000,5.054,5.054,16.345999999999997,0.0,0,16.345999999999997,0.08944144571843,29.803833335471502,0.0,0.08944144571843,5.949575614430702,23.8542577210408,10.090890261934655,0.0,0.0,0.00039814925940304455,3.5958268311241706,0.08904329645902696,0,0.0,0,23.8542577210408,,,,,,,,,,,
7180,11/26/1986,4.782,11.896,11.000,5.054,5.054,6.8420000000000005,0.0,0,6.841601850740598,0.08904329645902696,30.696255948676416,0.0,0.08904329645902696,6.24944509975346,24.446810848922958,10.547011245200627,0.0003981492594030382,0.0003981492594030382,0.0003963768950199571,3.789303898975824,0.08904506882341005,0,0.0,0,24.446810848922958,,,,,,,,,,,
7181,11/27/1986,3.097,2.753,11.000,5.054,2.753,0.0,2.301,0.0,0.0,0.08904506882341005,24.446810848922958,0.08904506882341005,0.0,4.276312802387135,20.170498046535823,7.491090315937548,0.0,0.0,0.0,2.528979885360956,0.0,0,0.0,0,20.170498046535823,,,,,,,,,,,
7182,11/28/1986,2.489,2.031,11.000,5.054,2.031,0.0,3.023,0.0,0.0,0.0,20.170498046535823,0.0,0.0,3.1037982310349905,17.066699815500833,5.601322973874787,0.0,0.0,0.0,1.7972626536540304,0.0,0,0.0,0,17.066699815500833,,,,,,,,,,,
7183,11/29/1986,1.978,3.481,11.000,5.054,3.481,0.0,1.5730000000000004,0.0,0.0,0.0,17.066699815500833,0.0,0.0,2.3493534592449716,14.717346356255861,4.345701125834754,0.0,0.0,0.0,1.3356977289738248,0.0,0,0.0,0,14.717346356255861,,,,,,,,,,,
7184,11/30/1986,1.504,12.275,11.000,5.054,5.054,7.221,0.0,0,7.13155855428157,0.0,21.84890491053743,0.0,0.0,3.546080326611012,18.30282458392642,6.32199048447357,0.08944144571843,0.08944144571843,0.0,2.0714455793640205,0.08944144571843,0,0.0,0,18.30282458392642,,,,,,,,,,,
7185,12/1/1986,19.968,28.931,12.000,5.337,5.337,23.594,0.0,0,23.594,0.08944144571843,41.89722273318582,0.0,0.08944144571843,10.495613695331752,31.40160903785407,16.766318888291625,0.0,0.0,0.00039814925940304455,6.584789014905623,0.08904329645902696,0,0.0,0,31.40160903785407,,,,,,,,,,,
7186,12/2/1986,10.160,9.726,12.000,5.337,5.337,4.389000000000001,0.0,0,4.388601850740598,0.08904329645902696,35.79060726548968,0.0,0.08904329645902696,8.071995112005464,27.71861215348422,13.266555275112115,0.0003981492594030382,0.0003981492594030382,0.0003963768950199571,4.977507160307412,0.08904506882341005,0,0.0,0,27.71861215348422,,,,,,,,,,,
7187,12/3/1986,13.861,2.125,12.000,5.337,2.125,0.0,3.2119999999999997,0.0,0.0,0.08904506882341005,27.71861215348422,0.08904506882341005,0.0,5.272115479928925,22.446496673555295,9.050102666212217,0.0,0.0,0.0,3.1611354190564582,0.0,0,0.0,0,22.446496673555295,,,,,,,,,,,
7188,12/4/1986,4.428,1.045,12.000,5.337,1.045,0.0,4.292,0.0,0.0,0.0,22.446496673555295,0.0,0.0,3.709198356702106,18.737298316853188,6.585269662397525,0.0,0.0,0.0,2.173152472417376,0.0,0,0.0,0,18.737298316853188,,,,,,,,,,,
7189,12/5/1986,2.973,0.900,12.000,5.337,0.9,0.0,4.436999999999999,0.0,0.0,0.0,18.737298316853188,0.0,0.0,2.745010838464461,15.992287478388727,5.008690598236638,0.0,0.0,0.0,1.5767096186969507,0.0,0,0.0,0,15.992287478388727,,,,,,,,,,,
7190,12/6/1986,2.788,1.654,12.000,5.337,1.654,0.0,3.683,0.0,0.0,0.0,15.992287478388727,0.0,0.0,2.1080622194509826,13.884225258937745,3.9358838395877562,0.0,0.0,0.0,1.189998346175902,0.0,0,0.0,0,13.884225258937745,,,,,,,,,,,
7191,12/7/1986,2.373,0.522,12.000,5.337,0.522,0.0,4.8149999999999995,0.0,0.0,0.0,13.884225258937745,0.0,0.0,1.6655916306871148,12.21863362825063,3.171767990841431,0.0,0.0,0.0,0.9257614615358842,0.0,0,0.0,0,12.21863362825063,,,,,,,,,,,
7192,12/8/1986,2.144,0.072,12.000,5.337,0.072,0.0,5.265,0.0,0.0,0.0,12.21863362825063,0.0,0.0,1.34607786513419,10.872555763116441,2.6079598408404983,0.0,0.0,0.0,0.7377586640577004,0.0,0,0.0,0,10.872555763116441,,,,,,,,,,,
7193,12/9/1986,2.033,0.082,12.000,5.337,0.082,0.0,5.255,0.0,0.0,0.0,10.872555763116441,0.0,0.0,1.108115894494347,9.764439868622095,2.1800368275395376,0.0,0.0,0.0,0.5996117985038275,0.0,0,0.0,0,9.764439868622095,,,,,,,,,,,
7194,12/10/1986,1.923,0.036,12.000,5.337,0.036,0.0,5.301,0.0,0.0,0.0,9.764439868622095,0.0,0.0,0.926356180775224,8.83808368784687,1.8476391503556844,0.0,0.0,0.0,0.495385444868576,0.0,0,0.0,0,8.83808368784687,,,,,,,,,,,
7195,12/11/1986,1.816,0.164,12.000,5.337,0.164,0.0,5.173,0.0,0.0,0.0,8.83808368784687,0.0,0.0,0.784565657509418,8.053518030337452,1.584389965181028,0.0,0.0,0.0,0.4149990626871947,0.0,0,0.0,0,8.053518030337452,,,,,,,,,,,
7196,12/12/1986,1.763,0.015,12.000,5.337,0.015,0.0,5.322,0.0,0.0,0.0,8.053518030337452,0.0,0.0,0.6719575483542619,7.38156048198319,1.3724396361227196,0.0,0.0,0.0,0.35182938920944407,0.0,0,0.0,0,7.38156048198319,,,,,,,,,,,
7197,12/13/1986,1.658,0.000,12.000,5.337,0.0,0.0,5.337,0.0,0.0,0.0,7.38156048198319,0.0,0.0,0.5811381889318425,6.800422293051347,1.199350195438436,0.0,0.0,0.0,0.30138397597398187,0.0,0,0.0,0,6.800422293051347,,,,,,,,,,,
7198,12/14/1986,1.454,0.791,12.000,5.337,0.791,0.0,4.545999999999999,0.0,0.0,0.0,6.800422293051347,0.0,0.0,0.5069038409206036,6.293518452130743,1.0562353921191414,0.0,0.0,0.0,0.2605318455314592,0.0,0,0.0,0,6.293518452130743,,,,,,,,,,,
7199,12/15/1986,1.710,1.207,12.000,5.337,1.207,0.0,4.13,0.0,0.0,0.0,6.293518452130743,0.0,0.0,0.4455074398967391,5.8480110122340045,0.9366078939408395,0.0,0.0,0.0,0.2270391349628706,0.0,0,0.0,0,5.8480110122340045,,,,,,,,,,,
7200,12/16/1986,1.869,0.094,12.000,5.337,0.094,0.0,5.242999999999999,0.0,0.0,0.0,5.8480110122340045,0.0,0.0,0.39419648514636296,5.4538145270876415,0.8356414542280598,0.0,0.0,0.0,0.1992790888498841,0.0,0,0.0,0,5.4538145270876415,,,,,,,,,,,
7201,12/17/1986,1.869,0.093,12.000,5.337,0.093,0.0,5.244,0.0,0.0,0.0,5.4538145270876415,0.0,0.0,0.3509132110143981,5.102901316073243,0.7496853221242628,0.0,0.0,0.0,0.17604549676829748,0.0,0,0.0,0,5.102901316073243,,,,,,,,,,,
7202,12/18/1986,1.555,0.226,12.000,5.337,0.226,0.0,5.111,0.0,0.0,0.0,5.102901316073243,0.0,0.0,0.31409502729095023,4.788806288782293,0.675936754934346,0.0,0.0,0.0,0.15642952174874114,0.0,0,0.0,0,4.788806288782293,,,,,,,,,,,
7203,12/19/1986,1.405,0.272,12.000,5.337,0.272,0.0,5.0649999999999995,0.0,0.0,0.0,4.788806288782293,0.0,0.0,0.2825386686011364,4.506267620181157,0.6122153292695133,0.0,0.0,0.0,0.13973649267959867,0.0,0,0.0,0,4.506267620181157,,,,,,,,,,,
7204,12/20/1986,1.307,0.501,12.000,5.337,0.501,0.0,4.835999999999999,0.0,0.0,0.0,4.506267620181157,0.0,0.0,0.25530583751793984,4.250961782663217,0.5568043799728576,0.0,0.0,0.0,0.12542853255460218,0.0,0,0.0,0,4.250961782663217,,,,,,,,,,,
7205,12/21/1986,1.356,0.044,12.000,5.337,0.044,0.0,5.293,0.0,0.0,0.0,4.250961782663217,0.0,0.0,0.23165647601568318,4.019305306647534,0.5083376564507671,0.0,0.0,0.0,0.11308426788322742,0.0,0,0.0,0,4.019305306647534,,,,,,,,,,,
7206,12/22/1986,1.307,0.091,12.000,5.337,0.091,0.0,5.2459999999999996,0.0,0.0,0.0,4.019305306647534,0.0,0.0,0.21100080168783783,3.8083045049596964,0.4657170257722634,0.0,0.0,0.0,0.10237006105718521,0.0,0,0.0,0,3.8083045049596964,,,,,,,,,,,
7207,12/23/1986,1.212,0.729,12.000,5.337,0.729,0.0,4.608,0.0,0.0,0.0,3.8083045049596964,0.0,0.0,0.19286431926573389,3.6154401856939624,0.42805186465453693,0.0,0.0,0.0,0.09301915898058552,0.0,0,0.0,0,3.6154401856939624,,,,,,,,,,,
7208,12/24/1986,1.119,0.596,12.000,5.337,0.596,0.0,4.741,0.0,0.0,0.0,3.6154401856939624,0.0,0.0,0.17686195150997533,3.438578234183987,0.3946138430288555,0.0,0.0,0.0,0.08481637091251011,0.0,0,0.0,0,3.438578234183987,,,,,,,,,,,
7209,12/25/1986,1.073,3.654,12.000,5.337,3.654,0.0,1.6829999999999998,0.0,0.0,0.0,3.438578234183987,0.0,0.0,0.162678675420663,3.275899558763324,0.364802788150593,0.0,0.0,0.0,0.07758666703807801,0.0,0,0.0,0,3.275899558763324,,,,,,,,,,,
7210,12/26/1986,1.073,3.688,12.000,5.337,3.688,0.0,1.6489999999999996,0.0,0.0,0.0,3.275899558763324,0.0,0.0,0.1500548626956884,3.1258446960676354,0.33812063135392784,0.0,0.0,0.0,0.07118659597176101,0.0,0,0.0,0,3.1258446960676354,,,,,,,,,,,
7211,12/27/1986,1.763,3.386,12.000,5.337,3.386,0.0,1.9509999999999996,0.0,0.0,0.0,3.1258446960676354,0.0,0.0,0.13877506493864936,2.987069631128986,0.31415132249646793,0.0,0.0,0.0,0.06549775501788593,0.0,0,0.0,0,2.987069631128986,,,,,,,,,,,
7212,12/28/1986,5.895,13.978,12.000,5.337,5.337,8.641,0.0,0,8.55155855428157,0.0,11.538628185410555,0.0,0.0,1.2235528789848127,10.315075306425744,2.3885713288228247,0.08944144571843,0.08944144571843,0.0,0.6664071056068646,0.08944144571843,0,0.0,0,10.315075306425744,,,,,,,,,,,
7213,12/29/1986,3.352,4.448,12.000,5.337,4.448,0.0,0.8889999999999993,0.0,0.0,0.08944144571843,10.315134868543508,0.07606123265260609,0.013380213065823918,1.0150574643107488,9.30007740423276,2.0105114665937687,0.0,0.0,5.956211776343194e-05,0.5460959757322739,0.013320650948060486,0,0.0,0,9.30007740423276,,,,,,,,,,,
7214,12/30/1986,2.033,0.650,12.000,5.337,0.65,0.0,4.686999999999999,0.0,0.0,0.013320650948060486,9.30007740423276,0.013320650948060486,0.0,0.8541026120029561,8.445974792229803,1.7139631233710961,0.0,0.0,0.0,0.4543124535978914,0.0,0,0.0,0,8.445974792229803,,,,,,,,,,,
7215,12/31/1986,1.869,0.241,12.000,5.337,0.241,0.0,5.096,0.0,0.0,0.0,8.445974792229803,0.0,0.0,0.7274147104796094,7.718560081750194,1.47716559194714,0.0,0.0,0.0,0.3828587174466164,0.0,0,0.0,0,7.718560081750194,,,,,,,,,,,
7216,1/1/1987,1.606,0.167,1.000,5.134,0.167,0.0,4.9670000000000005,0.0,0.0,0.0,7.718560081750194,0.0,0.0,0.6260268012600956,7.092533280490098,1.2851599250910575,0.0,0.0,0.0,0.32625705532913163,0.0,0,0.0,0,7.092533280490098,,,,,,,,,,,
7217,1/2/1987,1.504,0.609,1.000,5.134,0.609,0.0,4.525,0.0,0.0,0.0,7.092533280490098,0.0,0.0,0.5437109529634427,6.548822327526656,1.1273917683104666,0.0,0.0,0.0,0.28074138991303604,0.0,0,0.0,0,6.548822327526656,,,,,,,,,,,
7218,1/3/1987,1.405,1.529,1.000,5.134,1.529,0.0,3.6050000000000004,0.0,0.0,0.0,6.548822327526656,0.0,0.0,0.47603380122435984,6.072788526302296,0.9962392055293654,0.0,0.0,0.0,0.24365620548907146,0.0,0,0.0,0,6.072788526302296,,,,,,,,,,,
7219,1/4/1987,1.212,0.476,1.000,5.134,0.476,0.0,4.658,0.0,0.0,0.0,6.072788526302296,0.0,0.0,0.419771266629729,5.653017259672567,0.886085594358486,0.0,0.0,0.0,0.2130875315489682,0.0,0,0.0,0,5.653017259672567,,,,,,,,,,,
7220,1/5/1987,1.212,7.497,1.000,5.134,5.134,2.3629999999999995,0.0,0,2.2735585542815695,0.0,7.926575813954137,0.0,0.0,0.6543977654390227,7.272178048515114,1.3391318702322808,0.08944144571843,0.08944144571843,0.0,0.3420388032039182,0.08944144571843,0,0.0,0,7.272178048515114,,,,,,,,,,,
7221,1/6/1987,1.212,2.128,1.000,5.134,2.128,0.0,3.0060000000000002,0.0,0.0,0.08944144571843,7.272178048515114,0.08944144571843,0.0,0.5668566993482358,6.705321349166878,1.1719379077318797,0.0,0.0,0.0,0.29349653460238945,0.0,0,0.0,0,6.705321349166878,,,,,,,,,,,
7222,1/7/1987,1.259,34.431,1.000,5.134,5.134,29.296999999999997,0.0,0,29.20755855428157,0.0,35.91287990344845,0.0,0.0,8.11800847235368,27.79487143109477,13.334151168563405,0.08944144571843,0.08944144571843,0.0,5.0077534527520475,0.08944144571843,0,0.0,0,27.79487143109477,,,,,,,,,,,
7223,1/8/1987,2.258,7.841,1.000,5.134,5.134,2.707,0.0,0,2.707,0.08944144571843,30.502269580354174,0.0,0.08944144571843,6.183761105530794,24.31850847482338,10.447330164889603,0.0,0.0,0.00039814925940304455,3.7468709971157232,0.08904329645902696,0,0.0,0,24.31850847482338,,,,,,,,,,,
7224,1/9/1987,2.258,4.731,1.000,5.134,4.731,0.0,0.40300000000000047,0.0,0.0,0.08904329645902696,24.31875201724088,0.03433319616221618,0.05471010029681078,4.239043941740827,20.07970807550005,7.43199267998908,0.0,0.0,0.0002435424175008948,2.505495833101151,0.05446655787930989,0,0.0,0,20.07970807550005,,,,,,,,,,,
7225,1/10/1987,2.144,3.582,1.000,5.134,3.582,0.0,1.5520000000000005,0.0,0.0,0.05446655787930989,20.07970807550005,0.05446655787930989,0.0,3.0805488676448376,16.999159207855215,5.563148172539322,0.0,0.0,0.0,1.7829177466462116,0.0,0,0.0,0,16.999159207855215,,,,,,,,,,,
7226,1/11/1987,1.454,0.150,1.000,5.134,0.15,0.0,4.984,0.0,0.0,0.0,16.999159207855215,0.0,0.0,2.3338781621892304,14.665281045665985,4.319549039231203,0.0,0.0,0.0,1.3263225321496992,0.0,0,0.0,0,14.665281045665985,,,,,,,,,,,
7227,1/12/1987,1.307,0.827,1.000,5.134,0.827,0.0,4.307,0.0,0.0,0.0,14.665281045665985,0.0,0.0,1.8246648045458798,12.840616241120106,3.448514319532165,0.0,0.0,0.0,1.0202822205400774,0.0,0,0.0,0,12.840616241120106,,,,,,,,,,,
7228,1/13/1987,1.212,0.523,1.000,5.134,0.523,0.0,4.611000000000001,0.0,0.0,0.0,12.840616241120106,0.0,0.0,1.4622071029948434,11.378409138125262,2.8141954318887112,0.0,0.0,0.0,0.805782456422094,0.0,0,0.0,0,11.378409138125262,,,,,,,,,,,
7229,1/14/1987,1.307,0.019,1.000,5.134,0.019,0.0,5.115,0.0,0.0,0.0,11.378409138125262,0.0,0.0,1.1953681711366233,10.183040966988639,2.3378271242620228,0.0,0.0,0.0,0.6500587280174036,0.0,0,0.0,0,10.183040966988639,,,,,,,,,,,
7230,1/15/1987,1.119,0.214,1.000,5.134,0.214,0.0,4.92,0.0,0.0,0.0,10.183040966988639,0.0,0.0,0.9934856450307149,9.189555321957924,1.9710209963926284,0.0,0.0,0.0,0.5337354989379242,0.0,0,0.0,0,9.189555321957924,,,,,,,,,,,
7231,1/16/1987,1.119,14.429,1.000,5.134,5.134,9.295,0.0,0,9.20555855428157,0.0,18.395113876239492,0.0,0.0,2.6619705470556387,15.733143329183854,4.870407285616846,0.08944144571843,0.08944144571843,0.0,1.5259245763674132,0.08944144571843,0,0.0,0,15.733143329183854,,,,,,,,,,,
7232,1/17/1987,1.307,0.427,1.000,5.134,0.427,0.0,4.707000000000001,0.0,0.0,0.08944144571843,15.733143329183854,0.08944144571843,0.0,2.0514374364114345,13.681705892772419,3.83904878154976,0.0,0.0,0.0,1.1559608070882719,0.0,0,0.0,0,13.681705892772419,,,,,,,,,,,
7233,1/18/1987,1.212,0.287,1.000,5.134,0.287,0.0,4.847,0.0,0.0,0.0,13.681705892772419,0.0,0.0,1.625297480570116,12.056408412202302,3.101272080086535,0.0,0.0,0.0,0.9019108223342058,0.0,0,0.0,0,12.056408412202302,,,,,,,,,,,
7234,1/19/1987,1.212,0.182,1.000,5.134,0.182,0.0,4.952,0.0,0.0,0.0,12.056408412202302,0.0,0.0,1.3164237137245065,10.739984698477794,2.555037056440311,0.0,0.0,0.0,0.7204490071532273,0.0,0,0.0,0,10.739984698477794,,,,,,,,,,,
7235,1/20/1987,1.165,0.206,1.000,5.134,0.206,0.0,4.928,0.0,0.0,0.0,10.739984698477794,0.0,0.0,1.0856884452589244,9.65429625321887,2.1393007724036095,0.0,0.0,0.0,0.5866862304428134,0.0,0,0.0,0,9.65429625321887,,,,,,,,,,,
7236,1/21/1987,1.119,0.281,1.000,5.134,0.281,0.0,4.853000000000001,0.0,0.0,0.0,9.65429625321887,0.0,0.0,0.9090061340859562,8.745290119132914,1.8156251612207817,0.0,0.0,0.0,0.4855028154258633,0.0,0,0.0,0,8.745290119132914,,,,,,,,,,,
7237,1/22/1987,1.028,0.185,1.000,5.134,0.185,0.0,4.949000000000001,0.0,0.0,0.0,8.745290119132914,0.0,0.0,0.770884796437876,7.974405322695038,1.5587845030522742,0.0,0.0,0.0,0.4072907990542459,0.0,0,0.0,0,7.974405322695038,,,,,,,,,,,
7238,1/23/1987,1.028,1.057,1.000,5.134,1.057,0.0,4.077,0.0,0.0,0.0,7.974405322695038,0.0,0.0,0.660992129504225,7.313413193190812,1.351648782706525,0.0,0.0,0.0,0.34571353711338054,0.0,0,0.0,0,7.313413193190812,,,,,,,,,,,
7239,1/24/1987,0.811,0.051,1.000,5.134,0.051,0.0,5.083,0.0,0.0,0.0,7.313413193190812,0.0,0.0,0.5722238602719151,6.741189332918897,1.1822462850051019,0.0,0.0,0.0,0.29645921684927257,0.0,0,0.0,0,6.741189332918897,,,,,,,,,,,
7240,1/25/1987,0.853,0.145,1.000,5.134,0.145,0.0,4.989000000000001,0.0,0.0,0.0,6.741189332918897,0.0,0.0,0.49956651356389536,6.241622819355002,1.0420021896720764,0.0,0.0,0.0,0.2565144812377436,0.0,0,0.0,0,6.241622819355002,,,,,,,,,,,
7241,1/26/1987,0.896,0.077,1.000,5.134,0.077,0.0,5.057,0.0,0.0,0.0,6.241622819355002,0.0,0.0,0.43940161205032274,5.8022212073046795,0.9246427179752301,0.0,0.0,0.0,0.22372424207264338,0.0,0,0.0,0,5.8022212073046795,,,,,,,,,,,
7242,1/27/1987,0.853,0.094,1.000,5.134,0.094,0.0,5.04,0.0,0.0,0.0,5.8022212073046795,0.0,0.0,0.3890656728110577,5.4131555344936215,0.8254914536791558,0.0,0.0,0.0,0.19651581305718346,0.0,0,0.0,0,5.4131555344936215,,,,,,,,,,,
7243,1/28/1987,0.770,0.120,1.000,5.134,0.12,0.0,5.014,0.0,0.0,0.0,5.4131555344936215,0.0,0.0,0.34656387227576513,5.066591662217856,0.7410049100118828,0.0,0.0,0.0,0.17372090598725415,0.0,0,0.0,0,5.066591662217856,,,,,,,,,,,
7244,1/29/1987,0.770,0.105,1.000,5.134,0.105,0.0,5.029,0.0,0.0,0.0,5.066591662217856,0.0,0.0,0.3103789679993263,4.75621269421853,0.6684585228946347,0.0,0.0,0.0,0.1544577961192474,0.0,0,0.0,0,4.75621269421853,,,,,,,,,,,
7245,1/30/1987,0.811,0.363,1.000,5.134,0.363,0.0,4.771000000000001,0.0,0.0,0.0,4.75621269421853,0.0,0.0,0.27934091890544765,4.476871775313082,0.6057297690623686,0.0,0.0,0.0,0.13805153115724017,0.0,0,0.0,0,4.476871775313082,,,,,,,,,,,
7246,1/31/1987,0.811,0.533,1.000,5.134,0.533,0.0,4.601,0.0,0.0,0.0,4.476871775313082,0.0,0.0,0.25253613964383337,4.224335635669249,0.5511454878229227,0.0,0.0,0.0,0.12397879854562831,0.0,0,0.0,0,4.224335635669249,,,,,,,,,,,
7247,2/1/1987,0.770,0.102,2.000,4.866,0.102,0.0,4.763999999999999,0.0,0.0,0.0,4.224335635669249,0.0,0.0,0.22924320556381364,3.995092430105435,0.5033725460669021,0.0,0.0,0.0,0.11182913335610278,0.0,0,0.0,0,3.995092430105435,,,,,,,,,,,
7248,2/2/1987,0.770,0.000,2.000,4.866,0.0,0.0,4.866,0.0,0.0,0.0,3.995092430105435,0.0,0.0,0.20888655967238554,3.7862058704330495,0.4613383225195075,0.0,0.0,0.0,0.10127717267715128,0.0,0,0.0,0,3.7862058704330495,,,,,,,,,,,
7249,2/3/1987,0.770,0.719,2.000,4.866,0.719,0.0,4.146999999999999,0.0,0.0,0.0,3.7862058704330495,0.0,0.0,0.19100269076022455,3.5952031796728248,0.4241720609738783,0.0,0.0,0.0,0.09206251338102125,0.0,0,0.0,0,3.5952031796728248,,,,,,,,,,,
7250,2/4/1987,0.770,0.315,2.000,4.866,0.315,0.0,4.550999999999999,0.0,0.0,0.0,3.5952031796728248,0.0,0.0,0.17521509153198736,3.4199880881408373,0.39116105763391856,0.0,0.0,0.0,0.08397488976744914,0.0,0,0.0,0,3.4199880881408373,,,,,,,,,,,
7251,2/5/1987,0.770,2.692,2.000,4.866,2.692,0.0,2.1739999999999995,0.0,0.0,0.0,3.4199880881408373,0.0,0.0,0.16121548973998243,3.258772598400855,0.3617175437613443,0.0,0.0,0.0,0.07684312947950528,0.0,0,0.0,0,3.258772598400855,,,,,,,,,,,
7252,2/6/1987,0.811,0.196,2.000,4.866,0.196,0.0,4.67,0.0,0.0,0.0,3.258772598400855,0.0,0.0,0.14874962207241624,3.110022976328439,0.33535338075725046,0.0,0.0,0.0,0.07052682988601343,0.0,0,0.0,0,3.110022976328439,,,,,,,,,,,
7253,2/7/1987,0.811,4.936,2.000,4.866,4.866,0.07000000000000028,0.0,0,0.01148593135840903,0.0,3.121508907686848,0.0,0.0,0.13845439371287313,2.9830545139739746,0.3134680467055639,0.058514068641591255,0.058514068641591255,0.0,0.06533646116315991,0.058514068641591255,0,0.0,0,2.9830545139739746,,,,,,,,,,,
7254,2/8/1987,0.770,0.975,2.000,4.866,0.975,0.0,3.8909999999999996,0.0,0.0,0.058514068641591255,2.9830545139739746,0.058514068641591255,0.0,0.12837124735307928,2.854683266620895,0.29192823403255375,0.0,0.0,0.0,0.0602775799133533,0.0,0,0.0,0,2.854683266620895,,,,,,,,,,,
7255,2/9/1987,0.853,13.749,2.000,4.866,4.866,8.883000000000001,0.0,0,8.79355855428157,0.0,11.648241820902467,0.0,0.0,1.242986489957453,10.405255330945014,2.423497850009564,0.08944144571843,0.08944144571843,0.0,0.6776939371958733,0.08944144571843,0,0.0,0,10.405255330945014,,,,,,,,,,,
7256,2/10/1987,1.028,2.496,2.000,4.866,2.496,0.0,2.3699999999999997,0.0,0.0,0.08944144571843,10.405255330945014,0.08944144571843,0.0,1.0298809244833957,9.375374406461619,2.0376049699312335,0.0,0.0,0.0,0.554599745683273,0.0,0,0.0,0,9.375374406461619,,,,,,,,,,,
7257,2/11/1987,2.849,16.424,2.000,4.866,4.866,11.558,0.0,0,11.46855855428157,0.0,20.84393296074319,0.0,0.0,3.2784247847918486,17.56550817595134,5.887100083107352,0.08944144571843,0.08944144571843,0.0,1.9052303194740725,0.08944144571843,0,0.0,0,17.56550817595134,,,,,,,,,,,
7258,2/12/1987,1.816,0.913,2.000,4.866,0.913,0.0,3.9529999999999994,0.0,0.0,0.08944144571843,17.56550817595134,0.08944144571843,0.0,2.464905700072331,15.10060247587901,4.540432041451028,0.0,0.0,0.0,1.4058280452924048,0.0,0,0.0,0,15.10060247587901,,,,,,,,,,,
7259,2/13/1987,1.816,3.354,2.000,4.866,3.354,0.0,1.5119999999999996,0.0,0.0,0.0,15.10060247587901,0.0,0.0,1.915826765003551,13.184775710875458,3.6060486153658355,0.0,0.0,0.0,1.074698547310076,0.0,0,0.0,0,13.184775710875458,,,,,,,,,,,
7260,2/14/1987,1.405,0.485,2.000,4.866,0.485,0.0,4.380999999999999,0.0,0.0,0.0,13.184775710875458,0.0,0.0,1.528106730675979,11.656668980199479,2.9305401353712486,0.0,0.0,0.0,0.8445441213310848,0.0,0,0.0,0,11.656668980199479,,,,,,,,,,,
7261,2/15/1987,1.212,1.293,2.000,4.866,1.293,0.0,3.5729999999999995,0.0,0.0,0.0,11.656668980199479,0.0,0.0,1.2444856247904978,10.412183355408981,2.4261900501173175,0.0,0.0,0.0,0.6785651033796161,0.0,0,0.0,0,10.412183355408981,,,,,,,,,,,
7262,2/16/1987,1.165,1.009,2.000,4.866,1.009,0.0,3.8569999999999998,0.0,0.0,0.0,10.412183355408981,0.0,0.0,1.0310240365370873,9.381159318871894,2.0396928464867754,0.0,0.0,0.0,0.5552558504685534,0.0,0,0.0,0,9.381159318871894,,,,,,,,,,,
7263,2/17/1987,1.212,16.512,2.000,4.866,4.866,11.646,0.0,0,11.55655855428157,0.0,20.937717873153467,0.0,0.0,3.3030464727940583,17.63467140035941,5.92726093906142,0.08944144571843,0.08944144571843,0.0,1.920484294283025,0.08944144571843,0,0.0,0,17.63467140035941,,,,,,,,,,,
7264,2/18/1987,1.212,0.709,2.000,4.866,0.709,0.0,4.157,0.0,0.0,0.08944144571843,17.63467140035941,0.08944144571843,0.0,2.481102639324556,15.153568761034853,4.567652263005215,0.0,0.0,0.0,1.4156757366882549,0.0,0,0.0,0,15.153568761034853,,,,,,,,,,,
7265,2/19/1987,1.307,16.853,2.000,4.866,4.866,11.987000000000002,0.0,0,11.897558554281572,0.0,27.051127315316425,0.0,0.0,5.062224392815635,21.98890292250079,8.724543140789331,0.08944144571843,0.08944144571843,0.0,3.0271826601745815,0.08944144571843,0,0.0,0,21.98890292250079,,,,,,,,,,,
7266,2/20/1987,1.259,0.649,2.000,4.866,0.649,0.0,4.217,0.0,0.0,0.08944144571843,21.98890292250079,0.08944144571843,0.0,3.5840306476629555,18.404872274837835,6.383359458846008,0.0,0.0,0.0,2.0950812913961054,0.0,0,0.0,0,18.404872274837835,,,,,,,,,,,
7267,2/21/1987,1.028,0.863,2.000,4.866,0.863,0.0,4.003,0.0,0.0,0.0,18.404872274837835,0.0,0.0,2.664324538355483,15.740547736482352,4.874333370953248,0.0,0.0,0.0,1.527362789342071,0.0,0,0.0,0,15.740547736482352,,,,,,,,,,,
7268,2/22/1987,0.939,1.190,2.000,4.866,1.19,0.0,3.6759999999999997,0.0,0.0,0.0,15.740547736482352,0.0,0.0,2.053046784351523,13.68750095213083,3.841804580452172,0.0,0.0,0.0,1.1569273516537109,0.0,0,0.0,0,13.68750095213083,,,,,,,,,,,
7269,2/23/1987,5.293,42.590,2.000,4.866,4.866,37.724000000000004,0.0,0,37.634558554281575,0.0,51.3220595064124,0.0,0.0,14.718805670514646,36.60325383589775,22.621900292673295,0.08944144571843,0.08944144571843,0.0,9.44213840847736,0.08944144571843,0,0.0,0,36.60325383589775,,,,,,,,,,,
7270,2/24/1987,4.428,8.695,2.000,4.866,4.866,3.8290000000000006,0.0,0,3.8290000000000006,0.08944144571843,40.43265198515716,0.0,0.08944144571843,9.891287482198615,30.541364502958544,15.90454545597247,0.0,0.0,0.00039814925940304455,6.1814756078931445,0.08904329645902696,0,0.0,0,30.541364502958544,,,,,,,,,,,
7271,2/25/1987,2.258,0.462,2.000,4.866,0.462,0.0,4.404,0.0,0.0,0.08904329645902696,30.541364502958544,0.08904329645902696,0.0,6.196976347989411,24.34438815496913,10.467395599184313,0.0,0.0,0.0,3.75540588032637,0.0,0,0.0,0,24.34438815496913,,,,,,,,,,,
7272,2/26/1987,1.710,0.443,2.000,4.866,0.443,0.0,4.423,0.0,0.0,0.0,24.34438815496913,0.0,0.0,4.246494358080935,20.097893796888197,7.443811527221287,0.0,0.0,0.0,2.5101894463673187,0.0,0,0.0,0,20.097893796888197,,,,,,,,,,,
7273,2/27/1987,1.504,0.731,2.000,4.866,0.731,0.0,4.135,0.0,0.0,0.0,20.097893796888197,0.0,0.0,3.0852002395783162,17.01269355730988,5.570788030917677,0.0,0.0,0.0,1.785787084795167,0.0,0,0.0,0,17.01269355730988,,,,,,,,,,,
7274,2/28/1987,1.356,0.221,2.000,4.866,0.221,0.0,4.645,0.0,0.0,0.0,17.01269355730988,0.0,0.0,2.3369759531449197,14.67571760416496,4.324785472721186,0.0,0.0,0.0,1.3281988997585894,0.0,0,0.0,0,14.67571760416496,,,,,,,,,,,
7275,3/1/1987,1.212,0.170,3.000,4.631,0.17,0.0,4.461,0.0,0.0,0.0,14.67571760416496,0.0,0.0,1.8268295247372075,12.848888079427752,3.4522638457944694,0.0,0.0,0.0,1.02157234566112,0.0,0,0.0,0,12.848888079427752,,,,,,,,,,,
7276,3/2/1987,1.119,0.361,3.000,4.631,0.361,0.0,4.2700000000000005,0.0,0.0,0.0,12.848888079427752,0.0,0.0,1.463777346655055,11.385110732772697,2.8169733135908848,0.0,0.0,0.0,0.8067047457881911,0.0,0,0.0,0,11.385110732772697,,,,,,,,,,,
7277,3/3/1987,1.028,0.975,3.000,4.631,0.975,0.0,3.656,0.0,0.0,0.0,11.385110732772697,0.0,0.0,1.1965418040924785,10.188568928680219,2.339942303693312,0.0,0.0,0.0,0.6507389851775024,0.0,0,0.0,0,10.188568928680219,,,,,,,,,,,
7278,3/4/1987,1.028,8.764,3.000,4.631,4.631,4.132999999999999,0.0,0,4.043558554281569,0.0,14.232127482961788,0.0,0.0,1.7357299349619297,12.496397547999859,3.2940907395839574,0.08944144571843,0.08944144571843,0.0,0.9673673951724487,0.08944144571843,0,0.0,0,12.496397547999859,,,,,,,,,,,
7279,3/5/1987,1.119,2.012,3.000,4.631,2.012,0.0,2.619,0.0,0.0,0.08944144571843,12.496397547999859,0.08944144571843,0.0,1.3974635843668302,11.098933963633028,2.6994125825160746,0.0,0.0,0.0,0.7678125905682518,0.0,0,0.0,0,11.098933963633028,,,,,,,,,,,
7280,3/6/1987,1.119,2.541,3.000,4.631,2.541,0.0,2.0900000000000003,0.0,0.0,0.0,11.098933963633028,0.0,0.0,1.1468357530944138,9.952098210538615,2.2501925395604485,0.0,0.0,0.0,0.6219674991827513,0.0,0,0.0,0,9.952098210538615,,,,,,,,,,,
7281,3/7/1987,1.028,0.188,3.000,4.631,0.188,0.0,4.4430000000000005,0.0,0.0,0.0,9.952098210538615,0.0,0.0,0.9562178941641706,8.995880316374445,1.9026175907497014,0.0,0.0,0.0,0.5124231720851967,0.0,0,0.0,0,8.995880316374445,,,,,,,,,,,
7282,3/8/1987,0.983,3.606,3.000,4.631,3.606,0.0,1.0250000000000004,0.0,0.0,0.0,8.995880316374445,0.0,0.0,0.8080506043619656,8.187829712012478,1.6282568855552462,0.0,0.0,0.0,0.42825183896033264,0.0,0,0.0,0,8.187829712012478,,,,,,,,,,,
7283,3/9/1987,0.853,0.648,3.000,4.631,0.648,0.0,3.983,0.0,0.0,0.0,8.187829712012478,0.0,0.0,0.6907386873765816,7.497091024635896,1.4079841839106984,0.0,0.0,0.0,0.36231959116501816,0.0,0,0.0,0,7.497091024635896,,,,,,,,,,,
7284,3/10/1987,0.853,0.961,3.000,4.631,0.961,0.0,3.6700000000000004,0.0,0.0,0.0,7.497091024635896,0.0,0.0,0.5963763568552422,6.900714667780654,1.228538437045652,0.0,0.0,0.0,0.3098138458794155,0.0,0,0.0,0,6.900714667780654,,,,,,,,,,,
7285,3/11/1987,0.853,5.787,3.000,4.631,4.631,1.1559999999999997,0.0,0,1.0665585542826324,0.0,7.967273222063286,0.0,0.0,0.6600071330024856,7.3072660890608,1.3497797980218837,0.08944144571736745,0.08944144571736745,0.0,0.34516449029628765,0.08944144571736745,0,0.0,0,7.3072660890608,,,,,,,,,,,
7286,3/12/1987,0.896,8.474,3.000,4.631,4.631,3.843,0.0,0,3.8429999999989373,0.08944144571736745,11.150664238319136,0.0,0.08944144571736745,1.1557582692562671,9.994905969062868,2.266328593745493,1.062549210585543e-12,1.062549210585543e-12,0.0003981492593983146,0.6271262029435634,0.0890432964590317,0,0.0,0,9.994905969062868,,,,,,,,,,,
7287,3/13/1987,0.853,0.310,3.000,4.631,0.31,0.0,4.321000000000001,0.0,0.0,0.0890432964590317,9.994905969062868,0.0890432964590317,0.0,0.9630828128456252,9.031823156217243,1.91523519897872,0.0,0.0,0.0,0.5163449728408405,0.0,0,0.0,0,9.031823156217243,,,,,,,,,,,
7288,3/14/1987,0.939,0.629,3.000,4.631,0.629,0.0,4.002000000000001,0.0,0.0,0.0,9.031823156217243,0.0,0.0,0.8134386813400099,8.218384474877233,1.6383056867296075,0.0,0.0,0.0,0.43129598463758123,0.0,0,0.0,0,8.218384474877233,,,,,,,,,,,
7289,3/15/1987,1.119,7.055,3.000,4.631,4.631,2.4239999999999995,0.0,0,2.3345585542815694,0.0,10.552943029158802,0.0,0.0,1.0543588166963584,9.498584212462443,2.0822689087801707,0.08944144571843,0.08944144571843,0.0,0.5686595589166306,0.08944144571843,0,0.0,0,9.498584212462443,,,,,,,,,,,
7290,3/16/1987,1.073,4.685,3.000,4.631,4.631,0.05399999999999938,0.0,0,0.05399999999999938,0.08944144571843,9.552982361721845,0.0,0.08944144571843,0.8931630289483518,8.659819332773493,1.7863453241752758,0.0,0.0,0.00039814925940304455,0.4764893733836199,0.08904329645902696,0,0.0,0,8.659819332773493,,,,,,,,,,,
7291,3/17/1987,1.028,16.304,3.000,4.631,4.631,11.672999999999998,0.0,0,11.672601850740595,0.08904329645902696,20.332817560409104,0.0,0.08904329645902696,3.1455388344594026,17.187278725949703,5.66978393074049,0.0003981492594030382,0.0003981492594030382,0.0003963768950199571,1.823034408964564,0.08904506882341005,0,0.0,0,17.187278725949703,,,,,,,,,,,
7292,3/18/1987,1.028,9.463,3.000,4.631,4.631,4.831999999999999,0.0,0,4.831603623104979,0.08904506882341005,22.019278733839396,0.0,0.08904506882341005,3.592286172587898,18.4269925612515,6.396699984558484,0.00039637689501995115,0.00039637689501995115,0.000396384784713162,2.100225074408358,0.08904506093371685,0,0.0,0,18.4269925612515,,,,,,,,,,,
7293,3/19/1987,1.028,1.765,3.000,4.631,1.765,0.0,2.8660000000000005,0.0,0.0,0.08904506093371685,18.4269925612515,0.08904506093371685,0.0,2.6696636345176614,15.757328926733837,4.8832368111781985,0.0,0.0,0.0,1.5306251151645924,0.0,0,0.0,0,15.757328926733837,,,,,,,,,,,
7294,3/20/1987,1.504,20.764,3.000,4.631,4.631,16.133,0.0,0,16.04355855428157,0.0,31.80088748101541,0.0,0.0,6.628742954790908,25.1721445262245,11.120203781112538,0.08944144571843,0.08944144571843,0.0,4.034901832699848,0.08944144571843,0,0.0,0,25.1721445262245,,,,,,,,,,,
7295,3/21/1987,1.710,4.968,3.000,4.631,4.631,0.33699999999999974,0.0,0,0.33699999999999974,0.08944144571843,25.509542675483903,0.0,0.08944144571843,4.590608250654438,20.918934424829466,7.98721957707452,0.0,0.0,0.00039814925940304455,2.727550792537072,0.08904329645902696,0,0.0,0,20.918934424829466,,,,,,,,,,,
7296,3/22/1987,2.089,8.035,3.000,4.631,4.631,3.404,0.0,0,3.4036018507405967,0.08904329645902696,24.32293265246508,0.0,0.08904329645902696,4.240258567660965,20.082674084804115,7.43391964079247,0.0003981492594030382,0.0003981492594030382,0.0003963768950199571,2.5062609861275478,0.08904506882341005,0,0.0,0,20.082674084804115,,,,,,,,,,,
7297,3/23/1987,4.358,20.347,3.000,4.631,4.631,15.716000000000001,0.0,0,15.71560362310498,0.08904506882341005,35.79867409269381,0.0,0.08904506882341005,8.075027578097151,27.72364651459666,13.271011611193822,0.00039637689501995115,0.00039637689501995115,0.000396384784713162,4.979500164532202,0.08904506093371685,0,0.0,0,27.72364651459666,,,,,,,,,,,
7298,3/24/1987,9.890,15.891,3.000,4.631,4.631,11.26,0.0,0,11.259603615215287,0.08904506093371685,38.98364651456154,0.0,0.08904506093371685,9.307575025167537,29.676071489394005,15.065581500586056,0.0003963847847131611,0.0003963847847131611,0.0003963847495921342,5.793455536565427,0.08904506096883787,0,0.0,0,29.676071489394005,,,,,,,,,,,
7299,3/25/1987,8.489,18.684,3.000,4.631,4.631,14.053,0.0,0,14.052603615250408,0.08904506096883787,43.72907148939416,0.0,0.08904506096883787,11.271530006475498,32.45754148291866,17.863199890277862,0.0003963847495921373,0.0003963847495921373,0.00039638474974847566,7.104852546280643,0.08904506096868153,0,0.0,0,32.45754148291866,,,,,,,,,,,
7300,3/26/1987,2.608,0.370,3.000,4.631,0.37,0.0,4.261,0.0,0.0,0.08904506096868153,32.45754148291866,0.08904506096868153,0.0,6.858436883152959,25.5991045997657,11.465370518787925,0.0,0.0,0.0,4.1840839560821115,0.0,0,0.0,0,25.5991045997657,,,,,,,,,,,
7301,3/27/1987,2.033,0.605,3.000,4.631,0.605,0.0,4.026,0.0,0.0,0.0,25.5991045997657,0.0,0.0,4.617501760689731,20.98160283907597,8.02949003688935,0.0,0.0,0.0,2.744584514112046,0.0,0,0.0,0,20.98160283907597,,,,,,,,,,,
7302,3/28/1987,1.555,3.033,3.000,4.631,3.033,0.0,1.5980000000000003,0.0,0.0,0.0,20.98160283907597,0.0,0.0,3.314593045721351,17.667009793354616,5.946083686622886,0.0,0.0,0.0,1.9276403706315954,0.0,0,0.0,0,17.667009793354616,,,,,,,,,,,
7303,3/29/1987,3.547,7.586,3.000,4.631,4.631,2.955,0.0,0,2.86555855428157,0.0,20.532568347636186,0.0,0.0,3.197210570023617,17.33535777761257,5.754399893890039,0.08944144571843,0.08944144571843,0.0,1.8549690633454796,0.08944144571843,0,0.0,0,17.33535777761257,,,,,,,,,,,
7304,3/30/1987,15.683,24.719,3.000,4.631,4.631,20.088,0.0,0,20.088,0.08944144571843,37.42375592687197,0.0,0.08944144571843,8.695169752921432,28.72858617395054,14.178001844301141,0.0,0.0,0.00039814925940304455,5.38808249654456,0.08904329645902696,0,0.0,0,28.72858617395054,,,,,,,,,,,
7305,3/31/1987,8.661,11.503,3.000,4.631,4.631,6.872,0.0,0,6.871601850740597,0.08904329645902696,35.600584401586154,0.0,0.08904329645902696,8.000693935342174,27.59989046624398,13.161714178936712,0.0003981492594030382,0.0003981492594030382,0.0003963768950199571,4.930660674574044,0.08904506882341005,0,0.0,0,27.59989046624398,,,,,,,,,,,
7306,4/1/1987,24.674,40.424,4.000,4.235,4.235,36.189,0.0,0,36.18860362310498,0.08904506882341005,63.78889047413367,0.0,0.08904506882341005,21.148238134335198,42.64065233979848,31.099812102794626,0.00039637689501995115,0.00039637689501995115,0.000396384784713162,13.89405708609335,0.08904506093371685,0,0.0,0,42.64065233979848,,,,,,,,,,,
7307,4/2/1987,19.636,11.317,4.000,4.235,4.235,7.082,0.0,0,7.081603615215287,0.08904506093371685,49.72265233976336,0.0,0.08904506093371685,13.96227722038262,35.76037511938074,21.592256678367104,0.0003963847847131611,0.0003963847847131611,0.0003963847495921342,8.925779293409326,0.08904506096883787,0,0.0,0,35.76037511938074,,,,,,,,,,,
7308,4/3/1987,8.833,10.020,4.000,4.235,4.235,5.784999999999999,0.0,0,5.784603615250407,0.08904506096883787,41.54537511938089,0.0,0.08904506096883787,10.349123890849851,31.19625122853104,16.55803990892361,0.0003963847495921373,0.0003963847495921373,0.00039638474974847566,6.48688128609301,0.08904506096868153,0,0.0,0,31.19625122853104,,,,,,,,,,,
7309,4/4/1987,5.516,9.505,4.000,4.235,4.235,5.2700000000000005,0.0,0,5.269603615250252,0.08904506096868153,36.46625122853104,0.0,0.08904506096868153,8.327557581266081,28.13869364726496,13.641381175884062,0.0003963847497484729,0.0003963847497484729,0.0003963847497477797,5.145639681863435,0.08904506096868223,0,0.0,0,28.13869364726496,,,,,,,,,,,
7310,4/5/1987,4.640,11.688,4.000,4.235,4.235,7.453,0.0,0,7.452603615250252,0.08904506096868223,35.59169364726496,0.0,0.08904506096868223,7.997364107859699,27.594329539405262,13.15681513774853,0.0003963847497477797,0.0003963847497477797,0.0003963847497477828,4.928473572058023,0.08904506096868223,0,0.0,0,27.594329539405262,,,,,,,,,,,
7311,4/6/1987,3.811,1.885,4.000,4.235,1.885,0.0,2.3500000000000005,0.0,0.0,0.08904506096868223,27.594329539405262,0.08904506096868223,0.0,5.232776538773504,22.36155300063176,8.989200942425686,0.0,0.0,0.0,3.1360020984699735,0.0,0,0.0,0,22.36155300063176,,,,,,,,,,,
7312,4/7/1987,2.973,20.737,4.000,4.235,4.235,16.502,0.0,0,16.41255855428157,0.0,38.77411155491333,0.0,0.0,9.224344993394862,29.54976656151847,14.945406834929436,0.08944144571843,0.08944144571843,0.0,5.7382568246992385,0.08944144571843,0,0.0,0,29.54976656151847,,,,,,,,,,,
7313,4/8/1987,3.224,3.030,4.000,4.235,3.03,0.0,1.2050000000000005,0.0,0.0,0.08944144571843,29.54976656151847,0.08944144571843,0.0,5.865286112863866,23.684480448654604,9.96219139519234,0.0,0.0,0.0,3.541556960446629,0.0,0,0.0,0,23.684480448654604,,,,,,,,,,,
7314,4/9/1987,4.927,22.869,4.000,4.235,4.235,18.634,0.0,0,18.544558554281572,0.0,42.229039002936176,0.0,0.0,10.6345171406313,31.594521862304877,16.96345527655982,0.08944144571843,0.08944144571843,0.0,6.67770944760795,0.08944144571843,0,0.0,0,31.594521862304877,,,,,,,,,,,
7315,4/10/1987,8.747,43.563,4.000,4.235,4.235,39.328,0.0,0,39.328,0.08944144571843,70.92292001156427,0.0,0.08944144571843,25.23539603867995,45.68752397288432,36.27903597741213,0.0,0.0,0.00039814925940304455,16.773136062125996,0.08904329645902696,0,0.0,0,45.68752397288432,,,,,,,,,,,
7316,4/11/1987,10.070,20.816,4.000,4.235,4.235,16.581,0.0,0,16.580601850740596,0.08904329645902696,62.26852220051993,0.0,0.08904329645902696,20.314838609076936,41.953683591442996,30.0254181045467,0.0003981492594030382,0.0003981492594030382,0.0003963768950199571,13.311265138613171,0.08904506882341005,0,0.0,0,41.953683591442996,,,,,,,,,,,
7317,4/12/1987,6.994,6.170,4.000,4.235,4.235,1.9349999999999996,0.0,0,1.9346036231049797,0.08904506882341005,43.88868359933269,0.0,0.08904506882341005,11.34018230209208,32.548501297240605,17.959753518997285,0.00039637689501995115,0.00039637689501995115,0.000396384784713162,7.150983242690119,0.08904506093371685,0,0.0,0,32.548501297240605,,,,,,,,,,,
7318,4/13/1987,4.014,17.676,4.000,4.235,4.235,13.440999999999999,0.0,0,13.440603615215286,0.08904506093371685,45.989501297205486,0.0,0.08904506093371685,12.259241822548962,33.73025947465652,19.244914999364497,0.0003963847847131611,0.0003963847847131611,0.0003963847495921342,7.7702726544403795,0.08904506096883787,0,0.0,0,33.73025947465652,,,,,,,,,,,
7319,4/14/1987,3.097,1.489,4.000,4.235,1.489,0.0,2.7460000000000004,0.0,0.0,0.08904506096883787,33.73025947465652,0.08904506096883787,0.0,7.312489379799562,26.41777009485696,12.14357530727242,0.0,0.0,0.0,4.479941917430895,0.0,0,0.0,0,26.41777009485696,,,,,,,,,,,
7320,4/15/1987,2.973,2.408,4.000,4.235,2.408,0.0,1.8270000000000004,0.0,0.0,0.0,26.41777009485696,0.0,0.0,4.8662308249638535,21.551539269893105,8.419128072964648,0.0,0.0,0.0,2.902428628739878,0.0,0,0.0,0,21.551539269893105,,,,,,,,,,,
7321,4/16/1987,2.911,15.625,4.000,4.235,4.235,11.39,0.0,0,11.30055855428157,0.0,32.85209782417468,0.0,0.0,6.997951966091381,25.854145858083296,11.67433157742552,0.08944144571843,0.08944144571843,0.0,4.27485786507456,0.08944144571843,0,0.0,0,25.854145858083296,,,,,,,,,,,
7322,4/17/1987,2.911,14.282,4.000,4.235,4.235,10.047,0.0,0,10.047,0.08944144571843,35.9015440073427,0.0,0.08944144571843,8.113738174436198,27.7878058329065,13.327879930708727,0.0,0.0,0.00039814925940304455,5.004945951286329,0.08904329645902696,0,0.0,0,27.7878058329065,,,,,,,,,,,
7323,4/18/1987,2.911,1.304,4.000,4.235,1.304,0.0,2.931,0.0,0.0,0.08904329645902696,27.7878058329065,0.08904329645902696,0.0,5.294068270391093,22.493737562515406,9.084065371919715,0.0,0.0,0.0,3.1751662447403173,0.0,0,0.0,0,22.493737562515406,,,,,,,,,,,
7324,4/19/1987,2.548,1.660,4.000,4.235,1.66,0.0,2.575,0.0,0.0,0.0,22.493737562515406,0.0,0.0,3.722218111209755,18.77151945130565,6.606228923912415,0.0,0.0,0.0,2.1812833781704435,0.0,0,0.0,0,18.77151945130565,,,,,,,,,,,
7325,4/20/1987,2.144,0.873,4.000,4.235,0.873,0.0,3.362,0.0,0.0,0.0,18.77151945130565,0.0,0.0,2.7533715743411835,16.018147876964466,5.0225891157227425,0.0,0.0,0.0,1.581828458390728,0.0,0,0.0,0,16.018147876964466,,,,,,,,,,,
7326,4/21/1987,2.089,8.254,4.000,4.235,4.235,4.018999999999999,0.0,0,3.929558554281569,0.0,19.947706431246036,0.0,0.0,3.0468709377031735,16.900835493542864,5.507795751802766,0.08944144571843,0.08944144571843,0.0,1.7621510355940455,0.08944144571843,0,0.0,0,16.900835493542864,,,,,,,,,,,
7327,4/22/1987,2.973,10.995,4.000,4.235,4.235,6.759999999999999,0.0,0,6.759999999999999,0.08944144571843,23.661233642802266,0.0,0.08944144571843,4.049748794938805,19.611484847863462,7.13091609971502,0.0,0.0,0.00039814925940304455,2.3864282495871167,0.08904329645902696,0,0.0,0,19.611484847863462,,,,,,,,,,,
7328,4/23/1987,4.569,8.545,4.000,4.235,4.235,4.31,0.0,0,4.309601850740597,0.08904329645902696,23.921483075499076,0.0,0.08904329645902696,4.1242591553223855,19.79722392017669,7.2496092526706155,0.0003981492594030382,0.0003981492594030382,0.0003963768950199571,2.433252860041386,0.08904506882341005,0,0.0,0,19.79722392017669,,,,,,,,,,,
7329,4/24/1987,2.489,1.517,4.000,4.235,1.517,0.0,2.7180000000000004,0.0,0.0,0.08904506882341005,19.79722392017669,0.08904506882341005,0.0,3.0086587862917256,16.788565133884966,5.4449125428076055,0.0,0.0,0.0,1.7386066957255597,0.0,0,0.0,0,16.788565133884966,,,,,,,,,,,
7330,4/25/1987,2.315,2.598,4.000,4.235,2.598,0.0,1.6370000000000005,0.0,0.0,0.0,16.788565133884966,0.0,0.0,2.2858886855625484,14.502676448322417,4.23833846369773,0.0,0.0,0.0,1.2972758136337261,0.0,0,0.0,0,14.502676448322417,,,,,,,,,,,
7331,4/26/1987,2.373,5.381,4.000,4.235,4.235,1.146,0.0,0,1.0565585542828988,0.0,15.559235002605316,0.0,0.0,2.013783811539004,13.545451191066313,3.77451046581494,0.08944144571710118,0.08944144571710118,0.0,1.133361055382069,0.08944144571710118,0,0.0,0,13.545451191066313,,,,,,,,,,,
7332,4/27/1987,2.144,3.021,4.000,4.235,3.021,0.0,1.2140000000000004,0.0,0.0,0.08944144571710118,13.545451191066313,0.08944144571710118,0.0,1.5984101828272137,11.947041008239099,3.054139407475762,0.0,0.0,0.0,0.8860174476181032,0.0,0,0.0,0,11.947041008239099,,,,,,,,,,,
7333,4/28/1987,1.763,0.080,4.000,4.235,0.08,0.0,4.155,0.0,0.0,0.0,11.947041008239099,0.0,0.0,1.2965811460007342,10.650459862238364,2.519563439686377,0.0,0.0,0.0,0.708880831490681,0.0,0,0.0,0,10.650459862238364,,,,,,,,,,,
7334,4/29/1987,1.606,0.169,4.000,4.235,0.169,0.0,4.066000000000001,0.0,0.0,0.0,10.650459862238364,0.0,0.0,1.0706471815818674,9.579812680656497,2.1119385197856393,0.0,0.0,0.0,0.5780273440522304,0.0,0,0.0,0,9.579812680656497,,,,,,,,,,,
7335,4/30/1987,1.454,0.178,4.000,4.235,0.178,0.0,4.057,0.0,0.0,0.0,9.579812680656497,0.0,0.0,0.8973478087773216,8.682464871879175,1.7940836175323802,0.0,0.0,0.0,0.478869158994898,0.0,0,0.0,0,8.682464871879175,,,,,,,,,,,
7336,5/1/1987,1.356,0.093,5.000,3.714,0.093,0.0,3.621,0.0,0.0,0.0,8.682464871879175,0.0,0.0,0.7616769904795117,7.920787881399663,1.541529253520969,0.0,0.0,0.0,0.4021078632050303,0.0,0,0.0,0,7.920787881399663,,,,,,,,,,,
7337,5/2/1987,1.307,0.076,5.000,3.714,0.076,0.0,3.638,0.0,0.0,0.0,7.920787881399663,0.0,0.0,0.6536015645217681,7.267186316877895,1.3376198785560027,0.0,0.0,0.0,0.34159528163169955,0.0,0,0.0,0,7.267186316877895,,,,,,,,,,,
7338,5/3/1987,1.212,0.353,5.000,3.714,0.353,0.0,3.3609999999999998,0.0,0.0,0.0,7.267186316877895,0.0,0.0,0.5662083495630599,6.700977967314835,1.170692127861386,0.0,0.0,0.0,0.29313876897563046,0.0,0,0.0,0,6.700977967314835,,,,,,,,,,,
7339,5/4/1987,1.119,0.321,5.000,3.714,0.321,0.0,3.393,0.0,0.0,0.0,6.700977967314835,0.0,0.0,0.49460985040502,6.2063681169098155,1.0323776803780897,0.0,0.0,0.0,0.253802781253832,0.0,0,0.0,0,6.2063681169098155,,,,,,,,,,,
7340,5/5/1987,1.073,0.938,5.000,3.714,0.938,0.0,2.776,0.0,0.0,0.0,6.2063681169098155,0.0,0.0,0.435272934516896,5.771095182392919,0.9165446787127323,0.0,0.0,0.0,0.22148447122301787,0.0,0,0.0,0,5.771095182392919,,,,,,,,,,,
7341,5/6/1987,1.165,0.247,5.000,3.714,0.247,0.0,3.467,0.0,0.0,0.0,5.771095182392919,0.0,0.0,0.3855933244241021,5.385501857968817,0.8186164775830047,0.0,0.0,0.0,0.19464708597633001,0.0,0,0.0,0,5.385501857968817,,,,,,,,,,,
7342,5/7/1987,1.923,15.992,5.000,3.714,3.714,12.278,0.0,0,12.18855855428157,0.0,17.57406041225039,0.0,0.0,2.466906199840021,15.107154212410368,4.543795023161583,0.08944144571843,0.08944144571843,0.0,1.407044113369329,0.08944144571843,0,0.0,0,15.107154212410368,,,,,,,,,,,
7343,5/8/1987,1.504,0.435,5.000,3.714,0.435,0.0,3.279,0.0,0.0,0.08944144571843,15.107154212410368,0.08944144571843,0.0,1.9172123396807437,13.189941872729625,3.6084372574571346,0.0,0.0,0.0,1.0755269597082022,0.0,0,0.0,0,13.189941872729625,,,,,,,,,,,
7344,5/9/1987,1.454,0.459,5.000,3.714,0.459,0.0,3.255,0.0,0.0,0.0,13.189941872729625,0.0,0.0,1.5291047855435627,11.660837087186062,2.9322985055555124,0.0,0.0,0.0,0.8451320278793051,0.0,0,0.0,0,11.660837087186062,,,,,,,,,,,
7345,5/10/1987,1.356,0.727,5.000,3.714,0.727,0.0,2.987,0.0,0.0,0.0,11.660837087186062,0.0,0.0,1.245227370062914,10.415609717123148,2.4275219933848575,0.0,0.0,0.0,0.6789961664660181,0.0,0,0.0,0,10.415609717123148,,,,,,,,,,,
7346,5/11/1987,2.201,15.095,5.000,3.714,3.714,11.381,0.0,0,11.29155855428157,0.0,21.70716827140472,0.0,0.0,3.50782349757271,18.19934477383201,6.260053658794887,0.08944144571843,0.08944144571843,0.0,2.0476358133993307,0.08944144571843,0,0.0,0,18.19934477383201,,,,,,,,,,,
7347,5/12/1987,2.728,32.778,5.000,3.714,3.714,29.064,0.0,0,29.064,0.08944144571843,47.263742923091414,0.0,0.08944144571843,12.830570401294512,34.433172521796905,20.037147904274995,0.0,0.0,0.00039814925940304455,8.156809090210928,0.08904329645902696,0,0.0,0,34.433172521796905,,,,,,,,,,,
7348,5/13/1987,1.763,1.038,5.000,3.714,1.038,0.0,2.676,0.0,0.0,0.08904329645902696,34.433172521796905,0.08904329645902696,0.0,7.568227454170158,26.86494506762675,12.523257183855439,0.0,0.0,0.0,4.647117364337194,0.0,0,0.0,0,26.86494506762675,,,,,,,,,,,
7349,5/14/1987,1.454,0.533,5.000,3.714,0.533,0.0,3.181,0.0,0.0,0.0,26.86494506762675,0.0,0.0,5.004288890983285,21.860656176643463,8.63440705616014,0.0,0.0,0.0,2.990271834463058,0.0,0,0.0,0,21.860656176643463,,,,,,,,,,,
7350,5/15/1987,1.405,13.771,5.000,3.714,3.714,10.057,0.0,0,9.96755855428157,0.0,31.828214730925033,0.0,0.0,6.6382393982459975,25.189975332679037,11.13450286825205,0.08944144571843,0.08944144571843,0.0,4.041062945169923,0.08944144571843,0,0.0,0,25.189975332679037,,,,,,,,,,,
7351,5/16/1987,1.356,4.958,5.000,3.714,3.714,1.2440000000000002,0.0,0,1.2440000000000002,0.08944144571843,26.43437348193844,0.0,0.08944144571843,4.871329213858775,21.563044268079665,8.427090554355111,0.0,0.0,0.00039814925940304455,2.905669730477927,0.08904329645902696,0,0.0,0,21.563044268079665,,,,,,,,,,,
7352,5/17/1987,1.307,1.876,5.000,3.714,1.876,0.0,1.838,0.0,0.0,0.08904329645902696,21.563044268079665,0.08904329645902696,0.0,3.4690926778952944,18.09395159018437,6.197274856756619,0.0,0.0,0.0,2.0235484518390274,0.0,0,0.0,0,18.09395159018437,,,,,,,,,,,
7353,5/18/1987,1.307,1.746,5.000,3.714,1.746,0.0,1.968,0.0,0.0,0.0,18.09395159018437,0.0,0.0,2.589731970361097,15.504219619823274,4.749748879384514,0.0,0.0,0.0,1.4818301543998702,0.0,0,0.0,0,15.504219619823274,,,,,,,,,,,
7354,5/19/1987,1.212,0.181,5.000,3.714,0.181,0.0,3.533,0.0,0.0,0.0,15.504219619823274,0.0,0.0,2.001930352013913,13.502289267809362,3.7541690780252868,0.0,0.0,0.0,1.1262523225875094,0.0,0,0.0,0,13.502289267809362,,,,,,,,,,,
7355,5/20/1987,1.073,0.320,5.000,3.714,0.32,0.0,3.394,0.0,0.0,0.0,13.502289267809362,0.0,0.0,1.5899304414900532,11.91235882631931,3.039259081498248,0.0,0.0,0.0,0.8810086140260105,0.0,0,0.0,0,11.91235882631931,,,,,,,,,,,
7356,5/21/1987,1.028,0.018,5.000,3.714,0.018,0.0,3.696,0.0,0.0,0.0,11.91235882631931,0.0,0.0,1.29031394074091,10.622044885578399,2.508348883301565,0.0,0.0,0.0,0.7052294755524621,0.0,0,0.0,0,10.622044885578399,,,,,,,,,,,
7357,5/22/1987,0.983,0.301,5.000,3.714,0.301,0.0,3.413,0.0,0.0,0.0,10.622044885578399,0.0,0.0,1.0658906809536013,9.556154204624798,2.1032786340842016,0.0,0.0,0.0,0.5752908034972815,0.0,0,0.0,0,9.556154204624798,,,,,,,,,,,
7358,5/23/1987,0.939,0.118,5.000,3.714,0.118,0.0,3.596,0.0,0.0,0.0,9.556154204624798,0.0,0.0,0.8936573399109587,8.66249686471384,1.7872595437404015,0.0,0.0,0.0,0.4767704382268823,0.0,0,0.0,0,8.66249686471384,,,,,,,,,,,
7359,5/24/1987,0.939,0.905,5.000,3.714,0.905,0.0,2.809,0.0,0.0,0.0,8.66249686471384,0.0,0.0,0.758759710372466,7.903737154341373,1.5360586510776972,0.0,0.0,0.0,0.4004666274816381,0.0,0,0.0,0,7.903737154341373,,,,,,,,,,,
7360,5/25/1987,0.939,0.165,5.000,3.714,0.165,0.0,3.549,0.0,0.0,0.0,7.903737154341373,0.0,0.0,0.6512582826275389,7.252478871713834,1.3331690832055945,0.0,0.0,0.0,0.34029016920209015,0.0,0,0.0,0,7.252478871713834,,,,,,,,,,,
7361,5/26/1987,0.896,0.003,5.000,3.714,0.003,0.0,3.711,0.0,0.0,0.0,7.252478871713834,0.0,0.0,0.5642998027364668,6.688179068977368,1.1670242552475811,0.0,0.0,0.0,0.29208577111230716,0.0,0,0.0,0,6.688179068977368,,,,,,,,,,,
7362,5/27/1987,0.896,0.284,5.000,3.714,0.284,0.0,3.43,0.0,0.0,0.0,6.688179068977368,0.0,0.0,0.4930363412930983,6.195142727684269,1.0293207489282672,0.0,0.0,0.0,0.2529423161344521,0.0,0,0.0,0,6.195142727684269,,,,,,,,,,,
7363,5/28/1987,0.811,21.619,5.000,3.714,3.714,17.905,0.0,0,17.815558554281573,0.0,24.010701281965844,0.0,0.0,4.149927593489621,19.860773688476222,7.290442932239003,0.08944144571843,0.08944144571843,0.0,2.4493966456648733,0.08944144571843,0,0.0,0,19.860773688476222,,,,,,,,,,,
7364,5/29/1987,0.811,2.570,5.000,3.714,2.57,0.0,1.1440000000000001,0.0,0.0,0.08944144571843,19.860773688476222,0.08944144571843,0.0,3.0247725002149277,16.836001188261292,5.471440039623298,0.0,0.0,0.0,1.7485327431759987,0.0,0,0.0,0,16.836001188261292,,,,,,,,,,,
7365,5/30/1987,0.939,8.246,5.000,3.714,3.714,4.532,0.0,0,4.44255855428157,0.0,21.27855974254286,0.0,0.0,3.393148185332361,17.8854115572105,6.073955512638879,0.08944144571843,0.08944144571843,0.0,1.9763687905883751,0.08944144571843,0,0.0,0,17.8854115572105,,,,,,,,,,,
7366,5/31/1987,1.028,0.216,5.000,3.714,0.216,0.0,3.4979999999999998,0.0,0.0,0.08944144571843,17.8854115572105,0.08944144571843,0.0,2.540177168637497,15.345234388573003,4.666778714115037,0.0,0.0,0.0,1.4516285435726635,0.0,0,0.0,0,15.345234388573003,,,,,,,,,,,
7367,6/1/1987,1.212,2.559,6.000,3.269,2.559,0.0,0.71,0.0,0.0,0.0,15.345234388573003,0.0,0.0,1.9678333751865325,13.37740101338647,3.695589796643139,0.0,0.0,0.0,1.1058192454459994,0.0,0,0.0,0,13.37740101338647,,,,,,,,,,,
7368,6/2/1987,1.212,0.494,6.000,3.269,0.494,0.0,2.7750000000000004,0.0,0.0,0.0,13.37740101338647,0.0,0.0,1.5654962136541362,11.811904799732334,2.9963394116390214,0.0,0.0,0.0,0.8665856060219207,0.0,0,0.0,0,11.811904799732334,,,,,,,,,,,
7369,6/3/1987,0.939,0.374,6.000,3.269,0.374,0.0,2.895,0.0,0.0,0.0,11.811904799732334,0.0,0.0,1.2722301244650476,10.539674675267285,2.4759615253352525,0.0,0.0,0.0,0.6947001666024086,0.0,0,0.0,0,10.539674675267285,,,,,,,,,,,
7370,6/4/1987,0.939,2.938,6.000,3.269,2.938,0.0,0.33099999999999996,0.0,0.0,0.0,10.539674675267285,0.0,0.0,1.0521503108245518,9.487524364442734,2.0782429389007895,0.0,0.0,0.0,0.5673901299210207,0.0,0,0.0,0,9.487524364442734,,,,,,,,,,,
7371,6/5/1987,1.028,25.712,6.000,3.269,3.269,22.442999999999998,0.0,0,22.35355855428157,0.0,31.841082918724304,0.0,0.0,6.642713082132287,25.198369836592015,11.141238169955027,0.08944144571843,0.08944144571843,0.0,4.043965587475433,0.08944144571843,0,0.0,0,25.198369836592015,,,,,,,,,,,
7372,6/6/1987,1.978,18.064,6.000,3.269,3.269,14.795,0.0,0,14.795,0.08944144571843,39.99376798585142,0.0,0.08944144571843,9.71299092476872,30.280777061082702,15.648985179945885,0.0,0.0,0.00039814925940304455,6.06278971643473,0.08904329645902696,0,0.0,0,30.280777061082702,,,,,,,,,,,
7373,6/7/1987,3.745,38.087,6.000,3.269,3.269,34.818000000000005,0.0,0,34.8176018507406,0.08904329645902696,65.09877528871833,0.0,0.08904329645902696,21.8769685267062,43.22180676201213,32.033944154370445,0.0003981492594030382,0.0003981492594030382,0.0003963768950199571,14.404896675693628,0.08904506882341005,0,0.0,0,43.22180676201213,,,,,,,,,,,
7374,6/8/1987,2.144,4.642,6.000,3.269,3.269,1.3730000000000002,0.0,0,1.3726036231049803,0.08904506882341005,44.59480676990182,0.0,0.08904506882341005,11.645896399760701,32.94891037014112,18.38876388674957,0.0003963768950199327,0.0003963768950199327,0.000396384784713162,7.356628604606854,0.08904506093371684,0,0.0,0,32.94891037014112,,,,,,,,,,,
7375,6/9/1987,1.763,5.018,6.000,3.269,3.269,1.7489999999999997,0.0,0,1.7486036152152864,0.08904506093371684,34.697910370106,0.0,0.08904506093371684,7.665455726691144,27.03245464341486,12.667185916437031,0.000396384784713171,0.000396384784713171,0.0003963847495921341,4.71077356636657,0.08904506096883787,0,0.0,0,27.03245464341486,,,,,,,,,,,
7376,6/10/1987,1.555,1.082,6.000,3.269,1.082,0.0,2.1870000000000003,0.0,0.0,0.08904506096883787,27.03245464341486,0.08904506096883787,0.0,5.056401868735777,21.976052774679083,8.715489864341018,0.0,0.0,0.0,3.0234718564555654,0.0,0,0.0,0,21.976052774679083,,,,,,,,,,,
7377,6/11/1987,1.504,3.105,6.000,3.269,3.105,0.0,0.16400000000000015,0.0,0.0,0.0,21.976052774679083,0.0,0.0,3.5805405272335413,18.39551224744554,6.377718589715142,0.0,0.0,0.0,2.09290693087577,0.0,0,0.0,0,18.39551224744554,,,,,,,,,,,
7378,6/12/1987,2.489,17.189,6.000,3.269,3.269,13.92,0.0,0,13.83055855428157,0.0,32.22607080172711,0.0,0.0,6.777112678471548,25.448958123255565,11.34332629437853,0.08944144571843,0.08944144571843,0.0,4.131227154895992,0.08944144571843,0,0.0,0,25.448958123255565,,,,,,,,,,,
7379,6/13/1987,6.994,13.589,6.000,3.269,3.269,10.32,0.0,0,10.32,0.08944144571843,35.76935627251497,0.0,0.08944144571843,8.064008661015858,27.70534761149911,13.254817839677122,0.0,0.0,0.00039814925940304455,4.972258522697709,0.08904329645902696,0,0.0,0,27.70534761149911,,,,,,,,,,,
7380,6/14/1987,4.150,20.883,6.000,3.269,3.269,17.613999999999997,0.0,0,17.613601850740594,0.08904329645902696,45.31934583913472,0.0,0.08904329645902696,11.962955823304448,33.35639001583027,18.832085449710053,0.0003981492594030382,0.0003981492594030382,0.0003963768950199571,7.570281137148326,0.08904506882341005,0,0.0,0,33.35639001583027,,,,,,,,,,,
7381,6/15/1987,3.416,1.636,6.000,3.269,1.636,0.0,1.6330000000000002,0.0,0.0,0.08904506882341005,33.35639001583027,0.08904506882341005,0.0,7.177901870656377,26.178488145173894,11.943101470127903,0.0,0.0,0.0,4.392115896919064,0.0,0,0.0,0,26.178488145173894,,,,,,,,,,,
7382,6/16/1987,2.849,6.236,6.000,3.269,3.269,2.9669999999999996,0.0,0,2.8775585542815696,0.0,29.056046699455464,0.0,0.0,5.70286800272282,23.353178696732645,9.713577778129945,0.08944144571843,0.08944144571843,0.0,3.4371291745965395,0.08944144571843,0,0.0,0,23.353178696732645,,,,,,,,,,,
7383,6/17/1987,3.416,25.515,6.000,3.269,3.269,22.246000000000002,0.0,0,22.246000000000002,0.08944144571843,45.599576845992054,0.0,0.08944144571843,12.086497479532536,33.51307936645952,19.00438986381196,0.0,0.0,0.00039814925940304455,7.653631958422973,0.08904329645902696,0,0.0,0,33.51307936645952,,,,,,,,,,,
7384,6/18/1987,3.745,11.156,6.000,3.269,3.269,7.8870000000000005,0.0,0,7.886601850740598,0.08904329645902696,41.40007759409514,0.0,0.08904329645902696,10.28887055628237,31.11120703781277,16.47225868316114,0.0003981492594030382,0.0003981492594030382,0.0003963768950199571,6.44663683582889,0.08904506882341005,0,0.0,0,31.11120703781277,,,,,,,,,,,
7385,6/19/1987,3.416,2.536,6.000,3.269,2.536,0.0,0.7330000000000001,0.0,0.0,0.08904506882341005,31.11132543300921,0.062448416221865366,0.026596652601544687,6.390918820999486,24.720406612009725,10.761283847688112,0.0,0.0,0.00011839519644216854,3.8807975030756596,0.02647825740510252,0,0.0,0,24.720406612009725,,,,,,,,,,,
7386,6/20/1987,3.035,0.919,6.000,3.269,0.919,0.0,2.35,0.0,0.0,0.02647825740510252,24.720406612009725,0.02647825740510252,0.0,4.35637370600217,20.364032906007555,7.617849069090454,0.0,0.0,0.0,2.5794736989311624,0.0,0,0.0,0,20.364032906007555,,,,,,,,,,,
7387,6/21/1987,2.728,1.303,6.000,3.269,1.303,0.0,1.9660000000000002,0.0,0.0,0.0,20.364032906007555,0.0,0.0,3.1535914420438806,17.210441463963676,5.682980292316501,0.0,0.0,0.0,1.8280089016159344,0.0,0,0.0,0,17.210441463963676,,,,,,,,,,,
7388,6/22/1987,2.608,9.052,6.000,3.269,3.269,5.7829999999999995,0.0,0,5.693558554281569,0.0,22.904000018245245,0.0,0.0,3.83605363209696,19.067946386148286,6.789142942450774,0.08944144571843,0.08944144571843,0.0,2.2524533227399224,0.08944144571843,0,0.0,0,19.067946386148286,,,,,,,,,,,
7389,6/23/1987,3.352,6.049,6.000,3.269,3.269,2.7800000000000002,0.0,0,2.7800000000000002,0.08944144571843,21.84834453540769,0.0,0.08944144571843,3.545928746303511,18.30241578910418,6.321745223362639,0.0,0.0,0.00039814925940304455,2.071351207392599,0.08904329645902696,0,0.0,0,18.30241578910418,,,,,,,,,,,
7390,6/24/1987,3.097,0.998,6.000,3.269,0.998,0.0,2.271,0.0,0.0,0.08904329645902696,18.30241578910418,0.08904329645902696,0.0,2.6396507750522002,15.662765014051981,4.833163565005213,0.0,0.0,0.0,1.5122920816804393,0.0,0,0.0,0,15.662765014051981,,,,,,,,,,,
7391,6/25/1987,2.728,0.688,6.000,3.269,0.688,0.0,2.5810000000000004,0.0,0.0,0.0,15.662765014051981,0.0,0.0,2.0361659251371225,13.626599088914858,3.8128876387744617,0.0,0.0,0.0,1.1467915084412788,0.0,0,0.0,0,13.626599088914858,,,,,,,,,,,
7392,6/26/1987,1.869,0.471,6.000,3.269,0.471,0.0,2.798,0.0,0.0,0.0,13.626599088914858,0.0,0.0,1.6144015870302317,12.012197501884627,3.082180895323742,0.0,0.0,0.0,0.8954680396438979,0.0,0,0.0,0,12.012197501884627,,,,,,,,,,,
7393,6/27/1987,1.454,1.439,6.000,3.269,1.439,0.0,1.83,0.0,0.0,0.0,12.012197501884627,0.0,0.0,1.3083879981258701,10.703809503758757,2.5406771479031547,0.0,0.0,0.0,0.7157628094237155,0.0,0,0.0,0,10.703809503758757,,,,,,,,,,,
7394,6/28/1987,1.606,14.040,6.000,3.269,3.269,10.770999999999999,0.0,0,10.681558554281569,0.0,21.385368058040328,0.0,0.0,3.421582322414628,17.9637857356257,6.12016164852705,0.08944144571843,0.08944144571843,0.0,1.9940251237995266,0.08944144571843,0,0.0,0,17.9637857356257,,,,,,,,,,,
7395,6/29/1987,2.373,12.446,6.000,3.269,3.269,9.177,0.0,0,9.177,0.08944144571843,27.141183884885102,0.0,0.08944144571843,5.090343509139614,22.050840375745487,8.768247826468073,0.0,0.0,0.00039814925940304455,3.045107447943707,0.08904329645902696,0,0.0,0,22.050840375745487,,,,,,,,,,,
7396,6/30/1987,2.608,5.336,6.000,3.269,3.269,2.067,0.0,0,2.066601850740597,0.08904329645902696,24.117838603381102,0.0,0.08904329645902696,4.18083555476773,19.937003048613374,7.339574338962624,0.0003981492594030382,0.0003981492594030382,0.0003963768950199571,2.468844469552122,0.08904506882341005,0,0.0,0,19.937003048613374,,,,,,,,,,,
7397,7/1/1987,3.481,9.487,7.000,3.463,3.463,6.024,0.0,0,6.02360362310498,0.08904506882341005,25.961003056503067,0.0,0.08904506882341005,4.726810867714597,21.23419218878847,8.201012483667782,0.00039637689501995115,0.00039637689501995115,0.000396384784713162,2.813885183830104,0.08904506093371685,0,0.0,0,21.23419218878847,,,,,,,,,,,
7398,7/2/1987,4.711,16.666,7.000,3.463,3.463,13.203,0.0,0,13.202603615215287,0.08904506093371685,34.43719218875335,0.0,0.08904506093371685,7.569700013690175,26.867492175063177,12.525438752629352,0.0003963847847131611,0.0003963847847131611,0.0003963847495921342,4.648081062427346,0.08904506096883787,0,0.0,0,26.867492175063177,,,,,,,,,,,
7399,7/3/1987,5.441,8.443,7.000,3.463,3.463,4.9799999999999995,0.0,0,4.979603615250407,0.08904506096883787,31.847492175063334,0.0,0.08904506096883787,6.6449417389275665,25.202550436135766,11.144593291939755,0.0003963847495921373,0.0003963847495921373,0.00039638474974847566,4.045411645898873,0.08904506096868153,0,0.0,0,25.202550436135766,,,,,,,,,,,
7400,7/4/1987,4.569,10.340,7.000,3.463,3.463,6.877,0.0,0,6.876603615250251,0.08904506096868153,32.07955043613577,0.0,0.08904506096868153,6.725835388271483,25.353715047864284,11.266282025306804,0.0003963847497484729,0.0003963847497484729,0.0003963847497477797,4.097920811746297,0.08904506096868223,0,0.0,0,25.353715047864284,,,,,,,,,,,
7401,7/5/1987,8.234,15.562,7.000,3.463,3.463,12.099,0.0,0,12.098603615250253,0.08904506096868223,37.45271504786429,0.0,0.08904506096868223,8.706386755388964,28.746328292475326,14.194329709608233,0.0003963847497477797,0.0003963847497477797,0.0003963847497477828,5.395490945742463,0.08904506096868223,0,0.0,0,28.746328292475326,,,,,,,,,,,
7402,7/6/1987,4.927,1.889,7.000,3.463,1.889,0.0,1.574,0.0,0.0,0.08904506096868223,28.746328292475326,0.08904506096868223,0.0,5.601913690457195,23.14441460201813,9.558625832994728,0.0,0.0,0.0,3.3723181502733874,0.0,0,0.0,0,23.14441460201813,,,,,,,,,,,
7403,7/7/1987,4.854,6.885,7.000,3.463,3.463,3.4219999999999997,0.0,0,3.3325585542815697,0.0,26.4769731562997,0.0,0.0,4.884420028580868,21.59255312771883,8.44753093968068,0.08944144571843,0.08944144571843,0.0,2.9139927268171495,0.08944144571843,0,0.0,0,21.59255312771883,,,,,,,,,,,
7404,7/8/1987,6.359,6.998,7.000,3.463,3.463,3.535,0.0,0,3.535,0.08944144571843,25.127951276978234,0.0,0.08944144571843,4.476730119797441,20.651221157180792,7.80791536961468,0.0,0.0,0.00039814925940304455,2.655496232167445,0.08904329645902696,0,0.0,0,20.651221157180792,,,,,,,,,,,
7405,7/9/1987,4.854,7.818,7.000,3.463,3.463,4.3549999999999995,0.0,0,4.354601850740597,0.08904329645902696,25.006219384816408,0.0,0.08904329645902696,4.440642794153296,20.565576590663113,7.750987672459563,0.0003981492594030382,0.0003981492594030382,0.0003963768950199571,2.6326875662289515,0.08904506882341005,0,0.0,0,20.565576590663113,,,,,,,,,,,
7406,7/10/1987,5.293,9.983,7.000,3.463,3.463,6.5200000000000005,0.0,0,6.51960362310498,0.08904506882341005,27.08557659855281,0.0,0.08904506882341005,5.072973422316786,22.012603176236023,8.74125333757182,0.00039637689501995115,0.00039637689501995115,0.000396384784713162,3.034033955746947,0.08904506093371685,0,0.0,0,22.012603176236023,,,,,,,,,,,
7407,7/11/1987,5.145,23.404,7.000,3.463,3.463,19.941,0.0,0,19.940603615215284,0.08904506093371685,41.9536031762009,0.0,0.08904506093371685,10.519163893760348,31.43443928244055,16.799766407587544,0.0003963847847131611,0.0003963847847131611,0.0003963847495921342,6.600537418269182,0.08904506096883787,0,0.0,0,31.43443928244055,,,,,,,,,,,
7408,7/12/1987,6.834,11.432,7.000,3.463,3.463,7.969,0.0,0,7.968603615250408,0.08904506096883787,39.40343928244071,0.0,0.08904506096883787,9.475220576923215,29.928218705517494,15.30722089688483,0.0003963847495921373,0.0003963847495921373,0.00039638474974847566,5.904737534633215,0.08904506096868153,0,0.0,0,29.928218705517494,,,,,,,,,,,
7409,7/13/1987,4.999,4.711,7.000,3.463,3.463,1.2480000000000002,0.0,0,1.247603615250252,0.08904506096868153,31.176218705517496,0.0,0.08904506096868153,6.413151663653981,24.763067041863515,10.794904868819781,0.0003963847497481713,0.0003963847497481713,0.0003963847497477797,3.8951880805257937,0.08904506096868192,0,0.0,0,24.763067041863515,,,,,,,,,,,
7410,7/14/1987,3.481,1.084,7.000,3.463,1.084,0.0,2.379,0.0,0.0,0.08904506096868192,24.763067041863515,0.08904506096868192,0.0,4.368910693664697,20.39415634819882,7.637674783481501,0.0,0.0,0.0,2.5873862431685,0.0,0,0.0,0,20.39415634819882,,,,,,,,,,,
7411,7/15/1987,3.035,4.431,7.000,3.463,3.463,0.968,0.0,0,0.8785585543527029,0.0,21.272714902551524,0.0,0.0,3.3915949323138843,17.88111997023764,6.071430241260215,0.08944144564729703,0.08944144564729703,0.0,1.9754045692886826,0.08944144564729703,0,0.0,0,17.88111997023764,,,,,,,,,,,
7412,7/16/1987,2.608,0.994,7.000,3.463,0.994,0.0,2.4690000000000003,0.0,0.0,0.08944144564729703,17.88111997023764,0.08944144564729703,0.0,2.539161394854146,15.341958575383495,4.6650762655498665,0.0,0.0,0.0,1.4510098741215263,0.0,0,0.0,0,15.341958575383495,,,,,,,,,,,
7413,7/17/1987,2.373,1.655,7.000,3.463,1.655,0.0,1.808,0.0,0.0,0.0,15.341958575383495,0.0,0.0,1.9671332885831883,13.374825286800307,3.6943859936829284,0.0,0.0,0.0,1.1053999516844548,0.0,0,0.0,0,13.374825286800307,,,,,,,,,,,
7414,7/18/1987,2.373,8.332,7.000,3.463,3.463,4.869000000000001,0.0,0,4.779558554281571,0.0,18.154383841081877,0.0,0.0,2.604163819107934,15.550220021973942,4.773881484001755,0.08944144571843,0.08944144571843,0.0,1.4906329568206245,0.08944144571843,0,0.0,0,15.550220021973942,,,,,,,,,,,
7415,7/19/1987,2.489,2.469,7.000,3.463,2.469,0.0,0.9940000000000002,0.0,0.0,0.08944144571843,15.550239593484426,0.08504484280842578,0.004396602910004224,2.011843772061961,13.538395821422466,3.7711820284962574,0.0,0.0,1.9571510483162387e-05,1.132197389949912,0.004377031399521062,0,0.0,0,13.538395821422466,,,,,,,,,,,
7416,7/20/1987,2.373,2.798,7.000,3.463,2.798,0.0,0.665,0.0,0.0,0.004377031399521062,13.538402377007893,0.0029043649953763126,0.0014726664041447494,1.5970241158327865,11.941378261175107,3.0517076382831876,0.0,0.0,6.5555854274072544e-06,0.8851986025069518,0.0014661108187173423,0,0.0,0,11.941378261175107,,,,,,,,,,,
7417,7/21/1987,2.728,14.667,7.000,3.463,3.463,11.204,0.0,0,11.116024665100287,0.0014661108187173423,23.057409452678584,0.0,0.0014661108187173423,3.8789718795452144,19.17843757313337,6.857949438423977,0.08797533489971265,0.08797533489971265,6.526403190225038e-06,2.2793221234122627,0.08943491931523977,0,0.0,0,19.17843757313337,,,,,,,,,,,
7418,7/22/1987,2.973,2.562,7.000,3.463,2.562,0.0,0.9010000000000002,0.0,0.0,0.08943491931523977,19.178492559780327,0.07708255375622561,0.012352365559014158,2.85357894635037,16.324913613429956,5.188831649126951,0.0,0.0,5.4986646958723713e-05,1.6432589583324413,0.012297378912055434,0,0.0,0,16.324913613429956,,,,,,,,,,,
7419,7/23/1987,2.144,0.668,7.000,3.463,0.668,0.0,2.795,0.0,0.0,0.012297378912055434,16.324913613429956,0.012297378912055434,0.0,2.1816442367255595,14.143269376704396,4.061332995090511,0.0,0.0,0.0,1.2343187433687213,0.0,0,0.0,0,14.143269376704396,,,,,,,,,,,
7420,7/24/1987,1.923,0.240,7.000,3.463,0.24,0.0,3.223,0.0,0.0,0.0,14.143269376704396,0.0,0.0,1.7177058708923436,12.425563505812052,3.262702446658849,0.0,0.0,0.0,0.9566648016931472,0.0,0,0.0,0,12.425563505812052,,,,,,,,,,,
7421,7/25/1987,1.710,1.071,7.000,3.463,1.071,0.0,2.3920000000000003,0.0,0.0,0.0,12.425563505812052,0.0,0.0,1.384286340949949,11.041277164862104,2.675990832193916,0.0,0.0,0.0,0.7600985832873982,0.0,0,0.0,0,11.041277164862104,,,,,,,,,,,
7422,7/26/1987,1.606,4.244,7.000,3.463,3.463,0.7809999999999997,0.0,0,0.6915585589382478,0.0,11.732835723800351,0.0,0.0,1.2580679387566,10.47476778504375,2.45056820543066,0.08944144106175185,0.08944144106175185,0.0,0.6864610951364193,0.08944144106175185,0,0.0,0,10.47476778504375,,,,,,,,,,,
7423,7/27/1987,1.816,0.470,7.000,3.463,0.47,0.0,2.9930000000000003,0.0,0.0,0.08944144106175185,10.47476778504375,0.08944144106175185,0.0,1.0413733304014237,9.433394454642327,2.0585863586824535,0.0,0.0,0.0,0.5611981415622106,0.0,0,0.0,0,9.433394454642327,,,,,,,,,,,
7424,7/28/1987,2.667,8.884,7.000,3.463,3.463,5.421,0.0,0,5.33155855428157,0.0,14.764953008923897,0.0,0.0,1.8453803561955238,12.919572652728373,3.484378229817998,0.08944144571843,0.08944144571843,0.0,1.0326323422812893,0.08944144571843,0,0.0,0,12.919572652728373,,,,,,,,,,,
7425,7/29/1987,3.352,14.245,7.000,3.463,3.463,10.782,0.0,0,10.782,0.08944144571843,23.701970801987777,0.0,0.08944144571843,4.061376106525618,19.64059469546216,7.149454006931575,0.0,0.0,0.00039814925940304455,2.393731504978352,0.08904329645902696,0,0.0,0,19.64059469546216,,,,,,,,,,,
7426,7/30/1987,2.489,0.840,7.000,3.463,0.84,0.0,2.623,0.0,0.0,0.08904329645902696,19.64059469546216,0.08904329645902696,0.0,2.969090947271259,16.6715037481909,5.379709493007494,0.0,0.0,0.0,1.7142477822955162,0.0,0,0.0,0,16.6715037481909,,,,,,,,,,,
7427,7/31/1987,1.816,0.020,7.000,3.463,0.02,0.0,3.443,0.0,0.0,0.0,16.6715037481909,0.0,0.0,2.2593858374080313,14.41211791078287,4.193415335515454,0.0,0.0,0.0,1.2812515016198924,0.0,0,0.0,0,14.41211791078287,,,,,,,,,,,
7428,8/1/1987,1.606,0.305,8.000,3.792,0.305,0.0,3.4869999999999997,0.0,0.0,0.0,14.41211791078287,0.0,0.0,1.77246957485932,12.63964833592355,3.3579747729859886,0.0,0.0,0.0,0.9892057764108318,0.0,0,0.0,0,12.63964833592355,,,,,,,,,,,
7429,8/2/1987,1.504,0.066,8.000,3.792,0.066,0.0,3.726,0.0,0.0,0.0,12.63964833592355,0.0,0.0,1.4242648725135327,11.215383463410017,2.7469871062902502,0.0,0.0,0.0,0.7835168917749353,0.0,0,0.0,0,11.215383463410017,,,,,,,,,,,
7430,8/3/1987,1.454,0.033,8.000,3.792,0.033,0.0,3.759,0.0,0.0,0.0,11.215383463410017,0.0,0.0,1.166960053474059,10.048423409935959,2.28657072289117,0.0,0.0,0.0,0.6336064129878753,0.0,0,0.0,0,10.048423409935959,,,,,,,,,,,
7431,8/4/1987,1.405,0.451,8.000,3.792,0.451,0.0,3.3409999999999997,0.0,0.0,0.0,10.048423409935959,0.0,0.0,0.971692809767424,9.076730600168535,1.9310490883054425,0.0,0.0,0.0,0.5212663038673685,0.0,0,0.0,0,9.076730600168535,,,,,,,,,,,
7432,8/5/1987,1.405,0.170,8.000,3.792,0.17,0.0,3.622,0.0,0.0,0.0,9.076730600168535,0.0,0.0,0.8201907255829802,8.256539874585554,1.65089026841575,0.0,0.0,0.0,0.435112614555027,0.0,0,0.0,0,8.256539874585554,,,,,,,,,,,
7433,8/6/1987,1.307,0.374,8.000,3.792,0.374,0.0,3.4179999999999997,0.0,0.0,0.0,8.256539874585554,0.0,0.0,0.7004265218959289,7.556113352689625,1.4262874345280456,0.0,0.0,0.0,0.36773810427140263,0.0,0,0.0,0,7.556113352689625,,,,,,,,,,,
7434,8/7/1987,1.165,0.143,8.000,3.792,0.143,0.0,3.649,0.0,0.0,0.0,7.556113352689625,0.0,0.0,0.6042220248178396,6.9518913278717855,1.2435427631844163,0.0,0.0,0.0,0.3141596824617558,0.0,0,0.0,0,6.9518913278717855,,,,,,,,,,,
7435,8/8/1987,1.119,0.077,8.000,3.792,0.077,0.0,3.715,0.0,0.0,0.0,6.9518913278717855,0.0,0.0,0.5258607247746498,6.426030603097136,1.0929331674275216,0.0,0.0,0.0,0.27092879644202744,0.0,0,0.0,0,6.426030603097136,,,,,,,,,,,
7436,8/9/1987,1.119,0.562,8.000,3.792,0.562,0.0,3.2299999999999995,0.0,0.0,0.0,6.426030603097136,0.0,0.0,0.46125075899242285,5.964779844104713,0.9674002453390353,0.0,0.0,0.0,0.23559998970136545,0.0,0,0.0,0,5.964779844104713,,,,,,,,,,,
7437,8/10/1987,1.073,0.273,8.000,3.792,0.273,0.0,3.5189999999999997,0.0,0.0,0.0,5.964779844104713,0.0,0.0,0.4074019868151129,5.5573778572896,0.8617187734823759,0.0,0.0,0.0,0.206401930131544,0.0,0,0.0,0,5.5573778572896,,,,,,,,,,,
7438,8/11/1987,1.028,0.761,8.000,3.792,0.761,0.0,3.0309999999999997,0.0,0.0,0.0,5.5573778572896,0.0,0.0,0.3620892699152896,5.195288587374311,0.771953436154453,0.0,0.0,0.0,0.18202741075783183,0.0,0,0.0,0,5.195288587374311,,,,,,,,,,,
7439,8/12/1987,1.028,3.656,8.000,3.792,3.656,0.0,0.13599999999999968,0.0,0.0,0.0,5.195288587374311,0.0,0.0,0.32362985039803716,4.871658736976274,0.6950947755615472,0.0,0.0,0.0,0.16149564421878526,0.0,0,0.0,0,4.871658736976274,,,,,,,,,,,
7440,8/13/1987,1.073,0.848,8.000,3.792,0.848,0.0,2.944,0.0,0.0,0.0,4.871658736976274,0.0,0.0,0.2907326954302697,4.580926041546004,0.6288097275577732,0.0,0.0,0.0,0.14405979613677775,0.0,0,0.0,0,4.580926041546004,,,,,,,,,,,
7441,8/14/1987,1.028,2.187,8.000,3.792,2.187,0.0,1.605,0.0,0.0,0.0,4.580926041546004,0.0,0.0,0.26239440976127665,4.318531631784727,0.5712672447556381,0.0,0.0,0.0,0.12914357188835904,0.0,0,0.0,0,4.318531631784727,,,,,,,,,,,
7442,8/15/1987,1.119,8.654,8.000,3.792,3.792,4.862,0.0,0,4.77255855428157,0.0,9.091090186066296,0.0,0.0,0.8223544651887079,8.268735720877588,1.654921206211884,0.08944144571843,0.08944144571843,0.0,0.4363361184940341,0.08944144571843,0,0.0,0,8.268735720877588,,,,,,,,,,,
7443,8/16/1987,1.259,3.487,8.000,3.792,3.487,0.0,0.3049999999999997,0.0,0.0,0.08944144571843,8.269017706944416,0.026095248547856973,0.06334619717057303,0.7021916290797181,7.566826077864698,1.4296199700219698,0.0,0.0,0.0002819860668270245,0.3687258814911807,0.063064211103746,0,0.0,0,7.566826077864698,,,,,,,,,,,
7444,8/17/1987,2.089,23.135,8.000,3.792,3.792,19.343000000000004,0.0,0,19.31662276538532,0.063064211103746,26.883729574053774,0.0,0.063064211103746,5.0101220814433365,21.87360749261044,8.643487770942668,0.02637723461468399,0.02637723461468399,0.0002807308037577915,2.993986904438581,0.0891607149146722,0,0.0,0,21.87360749261044,,,,,,,,,,,
7445,8/18/1987,1.504,0.274,8.000,3.792,0.274,0.0,3.518,0.0,0.0,0.0891607149146722,21.87360749261044,0.0891607149146722,0.0,3.5527648987772036,18.320842593833234,6.332805175296975,0.0,0.0,0.0,2.0756075727778254,0.0,0,0.0,0,18.320842593833234,,,,,,,,,,,
7446,8/19/1987,1.405,0.681,8.000,3.792,0.681,0.0,3.1109999999999998,0.0,0.0,0.0,18.320842593833234,0.0,0.0,2.6440815791388017,15.676761014694431,4.840559571132422,0.0,0.0,0.0,1.5149977316952623,0.0,0,0.0,0,15.676761014694431,,,,,,,,,,,
7447,8/20/1987,1.212,0.000,8.000,3.792,0.0,0.0,3.792,0.0,0.0,0.0,15.676761014694431,0.0,0.0,2.0391993047524495,13.637561709941982,3.8180855647456853,0.0,0.0,0.0,1.1486124467741317,0.0,0,0.0,0,13.637561709941982,,,,,,,,,,,
7448,8/21/1987,1.028,0.222,8.000,3.792,0.222,0.0,3.57,0.0,0.0,0.0,13.637561709941982,0.0,0.0,1.6165668152835466,12.020994894658436,3.0859756629932384,0.0,0.0,0.0,0.8967481200506742,0.0,0,0.0,0,12.020994894658436,,,,,,,,,,,
7449,8/22/1987,1.028,0.837,8.000,3.792,0.837,0.0,2.955,0.0,0.0,0.0,12.020994894658436,0.0,0.0,1.3099854317422994,10.711009462916136,2.5435324235951753,0.0,0.0,0.0,0.7166942362249236,0.0,0,0.0,0,10.711009462916136,,,,,,,,,,,
7450,8/23/1987,1.555,6.702,8.000,3.792,3.792,2.91,0.0,0,2.82055855428157,0.0,13.531568017197706,0.0,0.0,1.5956806780558237,11.935887339141882,3.0493504681079924,0.08944144571843,0.08944144571843,0.0,0.8844049860329558,0.08944144571843,0,0.0,0,11.935887339141882,,,,,,,,,,,
7451,8/24/1987,1.606,8.359,8.000,3.792,3.792,4.567,0.0,0,4.567,0.08944144571843,16.503285488401286,0.0,0.08944144571843,2.2215178083821585,14.281767680019128,4.129135762414708,0.0,0.0,0.00039814925940304455,1.258376992793925,0.08904329645902696,0,0.0,0,14.281767680019128,,,,,,,,,,,
7452,8/25/1987,1.405,9.573,8.000,3.792,3.792,5.781000000000001,0.0,0,5.780601850740598,0.08904329645902696,20.062765907654743,0.0,0.08904329645902696,3.0762180862314836,16.986547821423258,5.556033784078934,0.0003981492594030382,0.0003981492594030382,0.0003963768950199571,1.780246430626687,0.08904506882341005,0,0.0,0,16.986547821423258,,,,,,,,,,,
7453,8/26/1987,1.606,2.479,8.000,3.792,2.479,0.0,1.3129999999999997,0.0,0.0,0.08904506882341005,16.986547821423258,0.08904506882341005,0.0,2.3309931018447654,14.655554719578493,4.314671568786782,0.0,0.0,0.0,1.324575165291752,0.0,0,0.0,0,14.655554719578493,,,,,,,,,,,
7454,8/27/1987,2.489,7.045,8.000,3.792,3.792,3.253,0.0,0,3.16355855428157,0.0,17.81911327386006,0.0,0.0,2.5245032015493467,15.294610072310714,4.6405011785487575,0.08944144571843,0.08944144571843,0.0,1.4420839382912447,0.08944144571843,0,0.0,0,15.294610072310714,,,,,,,,,,,
7455,8/28/1987,2.788,1.623,8.000,3.792,1.623,0.0,2.1689999999999996,0.0,0.0,0.08944144571843,15.294610072310714,0.08944144571843,0.0,1.957025391139461,13.337584681171254,3.6770007072220103,0.0,0.0,0.0,1.0993472560903785,0.0,0,0.0,0,13.337584681171254,,,,,,,,,,,
7456,8/29/1987,3.745,15.215,8.000,3.792,3.792,11.423,0.0,0,11.33355855428157,0.0,24.671143235452824,0.0,0.0,4.341914188778535,20.32922904667429,7.594975131938506,0.08944144571843,0.08944144571843,0.0,2.570349637781599,0.08944144571843,0,0.0,0,20.32922904667429,,,,,,,,,,,
7457,8/30/1987,3.160,2.160,8.000,3.792,2.16,0.0,1.6319999999999997,0.0,0.0,0.08944144571843,20.32922904667429,0.08944144571843,0.0,3.1446136351513223,17.184615411522966,5.668267513132255,0.0,0.0,0.0,1.8224629213714778,0.0,0,0.0,0,17.184615411522966,,,,,,,,,,,
7458,8/31/1987,1.504,3.760,8.000,3.792,3.76,0.0,0.03200000000000003,0.0,0.0,0.0,17.184615411522966,0.0,0.0,2.376468926490652,14.808146485032314,4.39148227422103,0.0,0.0,0.0,1.3521345227312935,0.0,0,0.0,0,14.808146485032314,,,,,,,,,,,
7459,9/1/1987,1.606,15.651,9.000,4.609,4.609,11.042,0.0,0,10.95255855428157,0.0,25.760705039313883,0.0,0.0,4.666185715000495,21.09451932431339,8.105939004792907,0.08944144571843,0.08944144571843,0.0,2.775436378238773,0.08944144571843,0,0.0,0,21.09451932431339,,,,,,,,,,,
7460,9/2/1987,1.710,5.085,9.000,4.609,4.609,0.476,0.0,0,0.476,0.08944144571843,21.57091747357279,0.0,0.08944144571843,3.4712040219819174,18.099713451590873,6.200699082481611,0.0,0.0,0.00039814925940304455,2.024861078773372,0.08904329645902696,0,0.0,0,18.099713451590873,,,,,,,,,,,
7461,9/3/1987,1.710,0.884,9.000,4.609,0.884,0.0,3.725,0.0,0.0,0.08904329645902696,18.099713451590873,0.08904329645902696,0.0,2.591106578929275,15.508606872661598,4.752048063158789,0.0,0.0,0.0,1.4826684672725425,0.0,0,0.0,0,15.508606872661598,,,,,,,,,,,
7462,9/4/1987,1.555,0.561,9.000,4.609,0.561,0.0,4.048,0.0,0.0,0.0,15.508606872661598,0.0,0.0,2.002874589911083,13.505732282750515,3.755789892370646,0.0,0.0,0.0,1.1268184977276454,0.0,0,0.0,0,13.505732282750515,,,,,,,,,,,
7463,9/5/1987,1.405,0.125,9.000,4.609,0.125,0.0,4.484,0.0,0.0,0.0,13.505732282750515,0.0,0.0,1.5906062058534864,11.915126076897028,3.040445194654915,0.0,0.0,0.0,0.8814077117795709,0.0,0,0.0,0,11.915126076897028,,,,,,,,,,,
7464,9/6/1987,1.405,7.586,9.000,4.609,4.609,2.9770000000000003,0.0,0,2.8875585542815703,0.0,14.802684631178598,0.0,0.0,1.8532467871273592,12.94943784405124,3.4979867591783225,0.08944144571843,0.08944144571843,0.0,1.03732451815802,0.08944144571843,0,0.0,0,12.94943784405124,,,,,,,,,,,
7465,9/7/1987,1.307,0.120,9.000,4.609,0.12,0.0,4.489,0.0,0.0,0.08944144571843,12.94943784405124,0.08944144571843,0.0,1.4829185701745617,11.466519273876678,2.8508132540096787,0.0,0.0,0.0,0.8179526401246064,0.0,0,0.0,0,11.466519273876678,,,,,,,,,,,
7466,9/8/1987,1.259,0.025,9.000,4.609,0.025,0.0,4.584,0.0,0.0,0.0,11.466519273876678,0.0,0.0,1.2108354303097,10.255683843566977,2.3656879299122795,0.0,0.0,0.0,0.6590273200066139,0.0,0,0.0,0,10.255683843566977,,,,,,,,,,,
7467,9/9/1987,1.119,0.427,9.000,4.609,0.427,0.0,4.182,0.0,0.0,0.0,10.255683843566977,0.0,0.0,1.0053257774200413,9.250358066146937,1.992705415235884,0.0,0.0,0.0,0.5405176361311719,0.0,0,0.0,0,9.250358066146937,,,,,,,,,,,
7468,9/10/1987,1.028,0.113,9.000,4.609,0.113,0.0,4.4959999999999996,0.0,0.0,0.0,9.250358066146937,0.0,0.0,0.8465059554418821,8.403852110705055,1.6998530758856265,0.0,0.0,0.0,0.4500070336115133,0.0,0,0.0,0,8.403852110705055,,,,,,,,,,,
7469,9/11/1987,1.119,1.083,9.000,4.609,1.083,0.0,3.526,0.0,0.0,0.0,8.403852110705055,0.0,0.0,0.7213783652515653,7.682473745453489,1.4657998234030851,0.0,0.0,0.0,0.3794734925050379,0.0,0,0.0,0,7.682473745453489,,,,,,,,,,,
7470,9/12/1987,1.356,3.440,9.000,4.609,3.44,0.0,1.169,0.0,0.0,0.0,7.682473745453489,0.0,0.0,0.621156335615786,7.061317409837703,1.275874489255547,0.0,0.0,0.0,0.3235524623415438,0.0,0,0.0,0,7.061317409837703,,,,,,,,,,,
7471,9/13/1987,1.356,0.672,9.000,4.609,0.672,0.0,3.937,0.0,0.0,0.0,7.061317409837703,0.0,0.0,0.5397284786977982,6.521588931139905,1.1197118686253251,0.0,0.0,0.0,0.27855028925968883,0.0,0,0.0,0,6.521588931139905,,,,,,,,,,,
7472,9/14/1987,1.356,11.955,9.000,4.609,4.609,7.346,0.0,0,7.25655855428157,0.0,13.778147485421474,0.0,0.0,1.6444366982557301,12.133710787165745,3.134777304716244,0.08944144571843,0.08944144571843,0.0,0.9132347849075847,0.08944144571843,0,0.0,0,12.133710787165745,,,,,,,,,,,
7473,9/15/1987,1.307,5.594,9.000,4.609,4.609,0.9850000000000003,0.0,0,0.9850000000000003,0.08944144571843,13.11910893642515,0.0,0.08944144571843,1.515443241730234,11.603665694694916,2.908220208499468,0.0,0.0,0.00039814925940304455,0.8370868628916928,0.08904329645902696,0,0.0,0,11.603665694694916,,,,,,,,,,,
7474,9/16/1987,1.028,0.025,9.000,4.609,0.025,0.0,4.584,0.0,0.0,0.08904329645902696,11.603665694694916,0.08904329645902696,0.0,1.2350687265474298,10.368596968147486,2.409273922041953,0.0,0.0,0.0,0.6730939735318149,0.0,0,0.0,0,10.368596968147486,,,,,,,,,,,
7475,9/17/1987,0.939,0.051,9.000,4.609,0.051,0.0,4.558,0.0,0.0,0.0,10.368596968147486,0.0,0.0,1.0238408044141354,9.34475616373335,2.026569368135113,0.0,0.0,0.0,0.5511337329153929,0.0,0,0.0,0,9.34475616373335,,,,,,,,,,,
7476,9/18/1987,0.896,0.054,9.000,4.609,0.054,0.0,4.555,0.0,0.0,0.0,9.34475616373335,0.0,0.0,0.860952254191686,8.483803909541665,1.726676397910884,0.0,0.0,0.0,0.4581966632327913,0.0,0,0.0,0,8.483803909541665,,,,,,,,,,,
7477,9/19/1987,0.811,0.187,9.000,4.609,0.187,0.0,4.422,0.0,0.0,0.0,8.483803909541665,0.0,0.0,0.732852906347951,7.750951003193714,1.487398322307284,0.0,0.0,0.0,0.3859100796451927,0.0,0,0.0,0,7.750951003193714,,,,,,,,,,,
7478,9/20/1987,0.770,0.117,9.000,4.609,0.117,0.0,4.492,0.0,0.0,0.0,7.750951003193714,0.0,0.0,0.6304114568760103,7.120539546317704,1.2935140949991226,0.0,0.0,0.0,0.3286930605538296,0.0,0,0.0,0,7.120539546317704,,,,,,,,,,,
7479,9/21/1987,0.770,0.117,9.000,4.609,0.117,0.0,4.492,0.0,0.0,0.0,7.120539546317704,0.0,0.0,0.5472939105102776,6.573245635807426,1.1342973595683898,0.0,0.0,0.0,0.2827135850197458,0.0,0,0.0,0,6.573245635807426,,,,,,,,,,,
7480,9/22/1987,0.770,0.604,9.000,4.609,0.604,0.0,4.005,0.0,0.0,0.0,6.573245635807426,0.0,0.0,0.478996361224016,6.09424927458341,1.002010043426636,0.0,0.0,0.0,0.2452726897385435,0.0,0,0.0,0,6.09424927458341,,,,,,,,,,,
7481,9/23/1987,0.770,0.000,9.000,4.609,0.0,0.0,4.609,0.0,0.0,0.0,6.09424927458341,0.0,0.0,0.4222465746331699,5.67200269995024,0.8909550892374021,0.0,0.0,0.0,0.21442700640498086,0.0,0,0.0,0,5.67200269995024,,,,,,,,,,,
7482,9/24/1987,0.729,0.024,9.000,4.609,0.024,0.0,4.585,0.0,0.0,0.0,5.67200269995024,0.0,0.0,0.3746218976724392,5.297380802277801,0.7968625383118516,0.0,0.0,0.0,0.18874987039558355,0.0,0,0.0,0,5.297380802277801,,,,,,,,,,,
7483,9/25/1987,0.729,0.007,9.000,4.609,0.007,0.0,4.602,0.0,0.0,0.0,5.297380802277801,0.0,0.0,0.3342985042968253,4.963082297980976,0.7164810515040292,0.0,0.0,0.0,0.1671758461899014,0.0,0,0.0,0,4.963082297980976,,,,,,,,,,,
7484,9/26/1987,0.729,0.160,9.000,4.609,0.16,0.0,4.449,0.0,0.0,0.0,4.963082297980976,0.0,0.0,0.2998828105838321,4.663199487397144,0.6472997541389073,0.0,0.0,0.0,0.14889702348371903,0.0,0,0.0,0,4.663199487397144,,,,,,,,,,,
7485,9/27/1987,0.729,0.746,9.000,4.609,0.746,0.0,3.863,0.0,0.0,0.0,4.663199487397144,0.0,0.0,0.27029567849647484,4.392903808900669,0.5873548915560526,0.0,0.0,0.0,0.13329231947826428,0.0,0,0.0,0,4.392903808900669,,,,,,,,,,,
7486,9/28/1987,0.689,0.526,9.000,4.609,0.526,0.0,4.083,0.0,0.0,0.0,4.392903808900669,0.0,0.0,0.2446913407953043,4.148212468105364,0.5350929428033492,0.0,0.0,0.0,0.11987833318284964,0.0,0,0.0,0,4.148212468105364,,,,,,,,,,,
7487,9/29/1987,0.689,0.180,9.000,4.609,0.18,0.0,4.429,0.0,0.0,0.0,4.148212468105364,0.0,0.0,0.2223996496503391,3.925812818455025,0.4892720894536229,0.0,0.0,0.0,0.10827457690016563,0.0,0,0.0,0,3.925812818455025,,,,,,,,,,,
7488,9/30/1987,0.770,2.621,9.000,4.609,2.621,0.0,1.988,0.0,0.0,0.0,3.925812818455025,0.0,0.0,0.202884292952911,3.7229285255021143,0.4488902224032211,0.0,0.0,0.0,0.09817848529930459,0.0,0,0.0,0,3.7229285255021143,,,,,,,,,,,
7489,10/1/1987,0.983,7.158,10.000,5.054,5.054,2.104,0.0,0,2.01455855428157,0.0,5.737487079783684,0.0,0.0,0.38185807501734603,5.355629004766338,0.8112156786158133,0.08944144571843,0.08944144571843,0.0,0.19263810859437577,0.08944144571843,0,0.0,0,5.355629004766338,,,,,,,,,,,
7490,10/2/1987,0.896,0.128,10.000,5.054,0.128,0.0,4.926,0.0,0.0,0.08944144571843,5.355629004766338,0.08944144571843,0.0,0.34044731979839393,5.015181684967944,0.7287835501974029,0.0,0.0,0.0,0.17045504458341448,0.0,0,0.0,0,5.015181684967944,,,,,,,,,,,
7491,10/3/1987,0.770,0.108,10.000,5.054,0.108,0.0,4.946000000000001,0.0,0.0,0.0,5.015181684967944,0.0,0.0,0.30514779025036176,4.710033894717582,0.6579199536797916,0.0,0.0,0.0,0.15168479042679603,0.0,0,0.0,0,4.710033894717582,,,,,,,,,,,
7492,10/4/1987,0.770,0.175,10.000,5.054,0.175,0.0,4.8790000000000004,0.0,0.0,0.0,4.710033894717582,0.0,0.0,0.2748352909425292,4.435198603775053,0.5965823726538672,0.0,0.0,0.0,0.13567957748945814,0.0,0,0.0,0,4.435198603775053,,,,,,,,,,,
7493,10/5/1987,0.729,0.150,10.000,5.054,0.15,0.0,4.904,0.0,0.0,0.0,4.435198603775053,0.0,0.0,0.24863040137028278,4.18656820240477,0.543157870913196,0.0,0.0,0.0,0.12193621040995102,0.0,0,0.0,0,4.18656820240477,,,,,,,,,,,
7494,10/6/1987,0.853,3.639,10.000,5.054,3.639,0.0,1.4150000000000005,0.0,0.0,0.0,4.18656820240477,0.0,0.0,0.22583750243375722,3.9607306999710126,0.4963592367751267,0.0,0.0,0.0,0.11005931841667899,0.0,0,0.0,0,3.9607306999710126,,,,,,,,,,,
7495,10/7/1987,1.028,3.603,10.000,5.054,3.603,0.0,1.451,0.0,0.0,0.0,3.9607306999710126,0.0,0.0,0.2059007691657624,3.75482993080525,0.45514927743953293,0.0,0.0,0.0,0.09973500676148929,0.0,0,0.0,0,3.75482993080525,,,,,,,,,,,
7496,10/8/1987,0.896,0.263,10.000,5.054,0.263,0.0,4.791,0.0,0.0,0.0,3.75482993080525,0.0,0.0,0.18837194833979887,3.5664579824654514,0.4186848646464423,0.0,0.0,0.0,0.09071168594769904,0.0,0,0.0,0,3.5664579824654514,,,,,,,,,,,
7497,10/9/1987,0.853,0.008,10.000,5.054,0.008,0.0,5.046,0.0,0.0,0.0,3.5664579824654514,0.0,0.0,0.1728864530139919,3.3935715294514597,0.38627505278914287,0.0,0.0,0.0,0.08278593542598296,0.0,0,0.0,0,3.3935715294514597,,,,,,,,,,,
7498,10/10/1987,0.896,0.231,10.000,5.054,0.231,0.0,4.823,0.0,0.0,0.0,3.3935715294514597,0.0,0.0,0.1591454124071622,3.2344261170442974,0.35734936490269303,0.0,0.0,0.0,0.07579195091645965,0.0,0,0.0,0,3.2344261170442974,,,,,,,,,,,
7499,10/11/1987,0.983,6.591,10.000,5.054,5.054,1.537,0.0,0,1.44755855428157,0.0,4.681984671325868,0.0,0.0,0.2721128747242936,4.409871796601574,0.5910499776117452,0.0894414457184298,0.0894414457184298,0.0,0.1342476190763468,0.0894414457184298,0,0.0,0,4.409871796601574,,,,,,,,,,,
7500,10/12/1987,1.212,4.683,10.000,5.054,4.683,0.0,0.37100000000000044,0.0,0.0,0.0894414457184298,4.410128645715253,0.03174208921722929,0.057699356501200505,0.24629251205865016,4.163836133656603,0.5383723384897671,0.0,0.0,0.00025684911367942586,0.12071456959837495,0.05744250738752108,0,0.0,0,4.163836133656603,,,,,,,,,,,
7501,10/13/1987,1.259,26.686,10.000,5.054,5.054,21.631999999999998,0.0,0,21.60000106166909,0.05744250738752108,25.764092901073635,0.0,0.05744250738752108,4.667208531542102,21.096884369531534,8.10754416790534,0.03199893833090893,0.03199893833090893,0.00025570574794368263,2.776084782748853,0.08918573997048633,0,0.0,0,21.096884369531534,,,,,,,,,,,
7502,10/14/1987,1.119,0.249,10.000,5.054,0.249,0.0,4.805000000000001,0.0,0.0,0.08918573997048633,21.096884369531534,0.08918573997048633,0.0,3.345001491412892,17.751882878118643,5.99562069130261,0.0,0.0,0.0,1.9464940712543701,0.0,0,0.0,0,17.751882878118643,,,,,,,,,,,
7503,10/15/1987,0.983,0.160,10.000,5.054,0.16,0.0,4.894,0.0,0.0,0.0,17.751882878118643,0.0,0.0,2.5086485211211924,15.243234356997451,4.613903671308372,0.0,0.0,0.0,1.432433254604805,0.0,0,0.0,0,15.243234356997451,,,,,,,,,,,
7504,10/16/1987,0.853,3.726,10.000,5.054,3.726,0.0,1.3280000000000003,0.0,0.0,0.0,15.243234356997451,0.0,0.0,1.946081344065806,13.297153012931645,3.6581673250131224,0.0,0.0,0.0,1.0927961861782072,0.0,0,0.0,0,13.297153012931645,,,,,,,,,,,
7505,10/17/1987,0.811,0.059,10.000,5.054,0.059,0.0,4.995,0.0,0.0,0.0,13.297153012931645,0.0,0.0,1.54987576933573,11.747277243595915,2.9688682939518753,0.0,0.0,0.0,0.857372932292013,0.0,0,0.0,0,11.747277243595915,,,,,,,,,,,
7506,10/18/1987,0.770,0.000,10.000,5.054,0.0,0.0,5.054,0.0,0.0,0.0,11.747277243595915,0.0,0.0,1.2606498474462082,10.486627396149707,2.4551996040950956,0.0,0.0,0.0,0.6879627077680529,0.0,0,0.0,0,10.486627396149707,,,,,,,,,,,
7507,10/19/1987,0.770,0.032,10.000,5.054,0.032,0.0,5.022,0.0,0.0,0.0,10.486627396149707,0.0,0.0,1.043339156504096,9.44328823964561,2.062173252578325,0.0,0.0,0.0,0.5623273073778213,0.0,0,0.0,0,9.44328823964561,,,,,,,,,,,
7508,10/20/1987,0.729,0.000,10.000,5.054,0.0,0.0,5.054,0.0,0.0,0.0,9.44328823964561,0.0,0.0,0.876135318783946,8.567152920861664,1.754825923014627,0.0,0.0,0.0,0.4668137154372713,0.0,0,0.0,0,8.567152920861664,,,,,,,,,,,
7509,10/21/1987,0.689,0.009,10.000,5.054,0.009,0.0,5.045,0.0,0.0,0.0,8.567152920861664,0.0,0.0,0.7448919993335915,7.8222609215280725,1.5100289038437813,0.0,0.0,0.0,0.3926704804268376,0.0,0,0.0,0,7.8222609215280725,,,,,,,,,,,
7510,10/22/1987,0.650,0.024,10.000,5.054,0.024,0.0,5.03,0.0,0.0,0.0,7.8222609215280725,0.0,0.0,0.6401075384708507,7.182153383057222,1.3119712976248061,0.0,0.0,0.0,0.3340839106878419,0.0,0,0.0,0,7.182153383057222,,,,,,,,,,,
7511,10/23/1987,0.650,0.025,10.000,5.054,0.025,0.0,5.029,0.0,0.0,0.0,7.182153383057222,0.0,0.0,0.555209520028099,6.626943863029123,1.1495405780683268,0.0,0.0,0.0,0.28707364036280364,0.0,0,0.0,0,6.626943863029123,,,,,,,,,,,
7512,10/24/1987,0.611,0.015,10.000,5.054,0.015,0.0,5.039000000000001,0.0,0.0,0.0,6.626943863029123,0.0,0.0,0.48553580770600413,6.141408055323119,1.0147384168856428,0.0,0.0,0.0,0.24884318177102946,0.0,0,0.0,0,6.141408055323119,,,,,,,,,,,
7513,10/25/1987,0.536,0.105,10.000,5.054,0.105,0.0,4.949,0.0,0.0,0.0,6.141408055323119,0.0,0.0,0.427706353630989,5.71370170169213,0.9016879028933162,0.0,0.0,0.0,0.2173833048943101,0.0,0,0.0,0,5.71370170169213,,,,,,,,,,,
7514,10/26/1987,0.536,0.004,10.000,5.054,0.004,0.0,5.050000000000001,0.0,0.0,0.0,5.71370170169213,0.0,0.0,0.37922333215429,5.334478369537839,0.8059920270247529,0.0,0.0,0.0,0.19122180763859684,0.0,0,0.0,0,5.334478369537839,,,,,,,,,,,
7515,10/27/1987,0.500,0.056,10.000,5.054,0.056,0.0,4.998,0.0,0.0,0.0,5.334478369537839,0.0,0.0,0.33820942709043134,4.996268942447408,0.7243079431107219,0.0,0.0,0.0,0.1692611087971293,0.0,0,0.0,0,4.996268942447408,,,,,,,,,,,
7516,10/28/1987,0.500,0.284,10.000,5.054,0.284,0.0,4.7700000000000005,0.0,0.0,0.0,4.996268942447408,0.0,0.0,0.3032322983356002,4.693036644111808,0.6540577216741926,0.0,0.0,0.0,0.15067018274009103,0.0,0,0.0,0,4.693036644111808,,,,,,,,,,,
7517,10/29/1987,0.770,4.737,10.000,5.054,4.737,0.0,0.31700000000000017,0.0,0.0,0.0,4.693036644111808,0.0,0.0,0.27318426859520195,4.419852375516606,0.5932277052352954,0.0,0.0,0.0,0.1348110474842236,0.0,0,0.0,0,4.419852375516606,,,,,,,,,,,
7518,10/30/1987,0.689,0.458,10.000,5.054,0.458,0.0,4.596,0.0,0.0,0.0,4.419852375516606,0.0,0.0,0.2471982458555239,4.172654129661082,0.540226712841773,0.0,0.0,0.0,0.12118776164109905,0.0,0,0.0,0,4.172654129661082,,,,,,,,,,,
7519,10/31/1987,0.689,0.000,10.000,5.054,0.0,0.0,5.054,0.0,0.0,0.0,4.172654129661082,0.0,0.0,0.22458793603096014,3.9480661936301225,0.4937841434347805,0.0,0.0,0.0,0.10941040494532887,0.0,0,0.0,0,3.9480661936301225,,,,,,,,,,,
7520,11/1/1987,0.536,0.008,11.000,5.054,0.008,0.0,5.046,0.0,0.0,0.0,3.9480661936301225,0.0,0.0,0.2048046535370978,3.7432615400930245,0.4528756349584324,0.0,0.0,0.0,0.09916922919860983,0.0,0,0.0,0,3.7432615400930245,,,,,,,,,,,
7521,11/2/1987,0.536,0.000,11.000,5.054,0.0,0.0,5.054,0.0,0.0,0.0,3.7432615400930245,0.0,0.0,0.18740567218342874,3.555855867909596,0.41666807603663353,0.0,0.0,0.0,0.0902158354538129,0.0,0,0.0,0,3.555855867909596,,,,,,,,,,,
7522,11/3/1987,0.500,0.005,11.000,5.054,0.005,0.0,5.049,0.0,0.0,0.0,3.555855867909596,0.0,0.0,0.1720307276748954,3.3838251402347006,0.38447841788992954,0.0,0.0,0.0,0.08234928383541605,0.0,0,0.0,0,3.3838251402347006,,,,,,,,,,,
7523,11/4/1987,0.500,0.116,11.000,5.054,0.116,0.0,4.938000000000001,0.0,0.0,0.0,3.3838251402347006,0.0,0.0,0.15838436183311674,3.225440778401584,0.3557424653093059,0.0,0.0,0.0,0.07540571741649321,0.0,0,0.0,0,3.225440778401584,,,,,,,,,,,
7524,11/5/1987,0.500,0.000,11.000,5.054,0.0,0.0,5.054,0.0,0.0,0.0,3.225440778401584,0.0,0.0,0.1462225090531744,3.0792182693484094,0.3299909765252464,0.0,0.0,0.0,0.06925052349622131,0.0,0,0.0,0,3.0792182693484094,,,,,,,,,,,
7525,11/6/1987,0.500,0.086,11.000,5.054,0.086,0.0,4.968,0.0,0.0,0.0,3.0792182693484094,0.0,0.0,0.13534220130904093,2.9438760680393683,0.3068311798119416,0.0,0.0,0.0,0.06377234994645142,0.0,0,0.0,0,2.9438760680393683,,,,,,,,,,,
7526,11/7/1987,0.500,0.022,11.000,5.054,0.022,0.0,5.032,0.0,0.0,0.0,2.9438760680393683,0.0,0.0,0.12557359169241933,2.818302476346949,0.28593234855513366,0.0,0.0,0.0,0.05887849343548982,0.0,0,0.0,0,2.818302476346949,,,,,,,,,,,
7527,11/8/1987,0.500,0.025,11.000,5.054,0.025,0.0,5.029,0.0,0.0,0.0,2.818302476346949,0.0,0.0,0.11677371984362993,2.7015287565033193,0.26701444803715096,0.0,0.0,0.0,0.05449131305108849,0.0,0,0.0,0,2.7015287565033193,,,,,,,,,,,
7528,11/9/1987,0.500,0.005,11.000,5.054,0.005,0.0,5.049,0.0,0.0,0.0,2.7015287565033193,0.0,0.0,0.10882159885515215,2.5927071576481673,0.24983912909816827,0.0,0.0,0.0,0.05054541797590109,0.0,0,0.0,0,2.5927071576481673,,,,,,,,,,,
7529,11/10/1987,0.500,0.158,11.000,5.054,0.158,0.0,4.896,0.0,0.0,0.0,2.5927071576481673,0.0,0.0,0.10161431384543419,2.491092843802733,0.23420253069464475,0.0,0.0,0.0,0.04698544489922263,0.0,0,0.0,0,2.491092843802733,,,,,,,,,,,
7530,11/11/1987,0.500,0.042,11.000,5.054,0.042,0.0,5.0120000000000005,0.0,0.0,0.0,2.491092843802733,0.0,0.0,0.09506390163300589,2.3960289421697274,0.21992948819744443,0.0,0.0,0.0,0.04376428863347695,0.0,0,0.0,0,2.3960289421697274,,,,,,,,,,,
7531,11/12/1987,0.500,0.228,11.000,5.054,0.228,0.0,4.8260000000000005,0.0,0.0,0.0,2.3960289421697274,0.0,0.0,0.08909483830685369,2.306934103862874,0.20686884256888427,0.0,0.0,0.0,0.04084168384165107,0.0,0,0.0,0,2.306934103862874,,,,,,,,,,,
7532,11/13/1987,0.500,0.014,11.000,5.054,0.014,0.0,5.04,0.0,0.0,0.0,2.306934103862874,0.0,0.0,0.08364200344327989,2.223292100419594,0.1948896179299174,0.0,0.0,0.0,0.03818306085502995,0.0,0,0.0,0,2.223292100419594,,,,,,,,,,,
7533,11/14/1987,0.464,0.534,11.000,5.054,0.534,0.0,4.5200000000000005,0.0,0.0,0.0,2.223292100419594,0.0,0.0,0.0786490206935746,2.144643079726019,0.18387788880493605,0.0,0.0,0.0,0.03575861699111536,0.0,0,0.0,0,2.144643079726019,,,,,,,,,,,
7534,11/15/1987,0.464,0.410,11.000,5.054,0.41,0.0,4.644,0.0,0.0,0.0,2.144643079726019,0.0,0.0,0.07406689753834413,2.0705761821876747,0.17373419863694578,0.0,0.0,0.0,0.0335425584517306,0.0,0,0.0,0,2.0705761821876747,,,,,,,,,,,
7535,11/16/1987,0.464,0.046,11.000,5.054,0.046,0.0,5.008,0.0,0.0,0.0,2.0705761821876747,0.0,0.0,0.06985290433376701,2.0007232778539077,0.1643714216214083,0.0,0.0,0.0,0.03151247810683674,0.0,0,0.0,0,2.0007232778539077,,,,,,,,,,,
7536,11/17/1987,0.464,0.016,11.000,5.054,0.016,0.0,5.038,0.0,0.0,0.0,2.0007232778539077,0.0,0.0,0.06596964589457903,1.9347536319593286,0.1557129830973195,0.0,0.0,0.0,0.02964884217987505,0.0,0,0.0,0,1.9347536319593286,,,,,,,,,,,
7537,11/18/1987,0.500,0.090,11.000,5.054,0.09,0.0,4.964,0.0,0.0,0.0,1.9347536319593286,0.0,0.0,0.06238428886528273,1.8723693430940458,0.14769137152089298,0.0,0.0,0.0,0.027934564708285856,0.0,0,0.0,0,1.8723693430940458,,,,,,,,,,,
7538,11/19/1987,0.500,0.585,11.000,5.054,0.585,0.0,4.469,0.0,0.0,0.0,1.8723693430940458,0.0,0.0,0.05906791581758386,1.8133014272764618,0.14024688878370736,0.0,0.0,0.0,0.026354653135259455,0.0,0,0.0,0,1.8133014272764618,,,,,,,,,,,
7539,11/20/1987,0.500,0.284,11.000,5.054,0.284,0.0,4.7700000000000005,0.0,0.0,0.0,1.8133014272764618,0.0,0.0,0.05599498295599672,1.7573064443204651,0.13332659631504434,0.0,0.0,0.0,0.024895911842050148,0.0,0,0.0,0,1.7573064443204651,,,,,,,,,,,
7540,11/21/1987,0.464,0.192,11.000,5.054,0.192,0.0,4.862,0.0,0.0,0.0,1.7573064443204651,0.0,0.0,0.05314286293929116,1.704163581381174,0.1268834227599914,0.0,0.0,0.0,0.023546693107805976,0.0,0,0.0,0,1.704163581381174,,,,,,,,,,,
7541,11/22/1987,0.464,0.047,11.000,5.054,0.047,0.0,5.007000000000001,0.0,0.0,0.0,1.704163581381174,0.0,0.0,0.05049145794714261,1.6536721234340312,0.12087540559598085,0.0,0.0,0.0,0.02229668707281578,0.0,0,0.0,0,1.6536721234340312,,,,,,,,,,,
7542,11/23/1987,0.464,0.069,11.000,5.054,0.069,0.0,4.985,0.0,0.0,0.0,1.6536721234340312,0.0,0.0,0.048022870973289784,1.6056492524607415,0.11526504424953714,0.0,0.0,0.0,0.021136743920303066,0.0,0,0.0,0,1.6056492524607415,,,,,,,,,,,
7543,11/24/1987,0.464,0.065,11.000,5.054,0.065,0.0,4.989,0.0,0.0,0.0,1.6056492524607415,0.0,0.0,0.04572112558465562,1.5599281268760858,0.11001874641062051,0.0,0.0,0.0,0.020058722785394577,0.0,0,0.0,0,1.5599281268760858,,,,,,,,,,,
7544,11/25/1987,0.464,0.379,11.000,5.054,0.379,0.0,4.675000000000001,0.0,0.0,0.0,1.5599281268760858,0.0,0.0,0.04357192618326103,1.5163562006928248,0.10510635254845421,0.0,0.0,0.0,0.0190553629260088,0.0,0,0.0,0,1.5163562006928248,,,,,,,,,,,
7545,11/26/1987,0.464,0.277,11.000,5.054,0.277,0.0,4.777,0.0,0.0,0.0,1.5163562006928248,0.0,0.0,0.04156245224555333,1.4747937484472715,0.1005007262892493,0.0,0.0,0.0,0.0181201735085541,0.0,0,0.0,0,1.4747937484472715,,,,,,,,,,,
7546,11/27/1987,0.464,0.837,11.000,5.054,0.837,0.0,4.2170000000000005,0.0,0.0,0.0,1.4747937484472715,0.0,0.0,0.03968118116943394,1.4351125672778375,0.09617740046053817,0.0,0.0,0.0,0.01724733901682143,0.0,0,0.0,0,1.4351125672778375,,,,,,,,,,,
7547,11/28/1987,0.464,0.058,11.000,5.054,0.058,0.0,4.996,0.0,0.0,0.0,1.4351125672778375,0.0,0.0,0.03791773529242854,1.397194831985409,0.09211427034541564,0.0,0.0,0.0,0.01643163782008096,0.0,0,0.0,0,1.397194831985409,,,,,,,,,,,
7548,11/29/1987,0.464,0.103,11.000,5.054,0.103,0.0,4.9510000000000005,0.0,0.0,0.0,1.397194831985409,0.0,0.0,0.0362627494012497,1.3609320825841593,0.08829132710566814,0.0,0.0,0.0,0.01566837186298457,0.0,0,0.0,0,1.3609320825841593,,,,,,,,,,,
7549,11/30/1987,0.464,0.015,11.000,5.054,0.015,0.0,5.039000000000001,0.0,0.0,0.0,1.3609320825841593,0.0,0.0,0.0347077556693751,1.3262243269147842,0.08469042549026551,0.0,0.0,0.0,0.014953305786257759,0.0,0,0.0,0,1.3262243269147842,,,,,,,,,,,
7550,12/1/1987,0.464,0.048,12.000,5.337,0.048,0.0,5.289,0.0,0.0,0.0,1.3262243269147842,0.0,0.0,0.03324508346329477,1.2929792434514895,0.08129508089582434,0.0,0.0,0.0,0.014282614069571849,0.0,0,0.0,0,1.2929792434514895,,,,,,,,,,,
7551,12/2/1987,0.464,0.054,12.000,5.337,0.054,0.0,5.2829999999999995,0.0,0.0,0.0,1.2929792434514895,0.0,0.0,0.03186777187184851,1.261111471579641,0.07809029162852951,0.0,0.0,0.0,0.0136528350191447,0.0,0,0.0,0,1.261111471579641,,,,,,,,,,,
7552,12/3/1987,0.464,0.014,12.000,5.337,0.014,0.0,5.3229999999999995,0.0,0.0,0.0,1.261111471579641,0.0,0.0,0.030569493154014353,1.2305419784256266,0.07506238286442546,0.0,0.0,0.0,0.01306083061254328,0.0,0,0.0,0,1.2305419784256266,,,,,,,,,,,
7553,12/4/1987,0.464,0.081,12.000,5.337,0.081,0.0,5.255999999999999,0.0,0.0,0.0,1.2305419784256266,0.0,0.0,0.0293444855824511,1.2011974928431755,0.07219886934227226,0.0,0.0,0.0,0.012503751369779208,0.0,0,0.0,0,1.2011974928431755,,,,,,,,,,,
7554,12/5/1987,0.464,0.003,12.000,5.337,0.003,0.0,5.334,0.0,0.0,0.0,1.2011974928431755,0.0,0.0,0.028187494394059234,1.1730099984491162,0.06948833427055354,0.0,0.0,0.0,0.0119790055493936,0.0,0,0.0,0,1.1730099984491162,,,,,,,,,,,
7555,12/6/1987,0.464,0.001,12.000,5.337,0.001,0.0,5.335999999999999,0.0,0.0,0.0,1.1730099984491162,0.0,0.0,0.02709371975361971,1.1459162786954966,0.06692032230397724,0.0,0.0,0.0,0.011484232075842865,0.0,0,0.0,0,1.1459162786954966,,,,,,,,,,,
7556,12/7/1987,0.464,0.000,12.000,5.337,0.0,0.0,5.337,0.0,0.0,0.0,1.1459162786954966,0.0,0.0,0.026058770799277545,1.119857507896219,0.06448524475802664,0.0,0.0,0.0,0.011017276694145043,0.0,0,0.0,0,1.119857507896219,,,,,,,,,,,
7557,12/8/1987,0.464,0.000,12.000,5.337,0.0,0.0,5.337,0.0,0.0,0.0,1.119857507896219,0.0,0.0,0.025078624974965817,1.0947788829212532,0.062174295493404,0.0,0.0,0.0,0.010576170922662685,0.0,0,0.0,0,1.0947788829212532,,,,,,,,,,,
7558,12/9/1987,0.464,0.269,12.000,5.337,0.269,0.0,5.068,0.0,0.0,0.0,1.0947788829212532,0.0,0.0,0.02414959196943424,1.070629290951819,0.05997937612416751,0.0,0.0,0.0,0.010159113437693932,0.0,0,0.0,0,1.070629290951819,,,,,,,,,,,
7559,12/10/1987,0.429,0.163,12.000,5.337,0.163,0.0,5.1739999999999995,0.0,0.0,0.0,1.070629290951819,0.0,0.0,0.02326828167810819,1.0473610092737107,0.05789302939101268,0.0,0.0,0.0,0.009764453576334728,0.0,0,0.0,0,1.0473610092737107,,,,,,,,,,,
7560,12/11/1987,0.429,0.000,12.000,5.337,0.0,0.0,5.337,0.0,0.0,0.0,1.0473610092737107,0.0,0.0,0.022431575685617225,1.0249294335880934,0.055908379700230854,0.0,0.0,0.0,0.009390676688581822,0.0,0,0.0,0,1.0249294335880934,,,,,,,,,,,
7561,12/12/1987,0.429,0.167,12.000,5.337,0.167,0.0,5.17,0.0,0.0,0.0,1.0249294335880934,0.0,0.0,0.02163660183599723,1.0032928317520962,0.05401907996409214,0.0,0.0,0.0,0.009036391107271792,0.0,0,0.0,0,1.0032928317520962,,,,,,,,,,,
7562,12/13/1987,0.429,0.018,12.000,5.337,0.018,0.0,5.319,0.0,0.0,0.0,1.0032928317520962,0.0,0.0,0.020880711516341455,0.9824121202357547,0.052219263993630465,0.0,0.0,0.0,0.008700316536344377,0.0,0,0.0,0,0.9824121202357547,,,,,,,,,,,
7563,12/14/1987,0.429,0.018,12.000,5.337,0.018,0.0,5.319,0.0,0.0,0.0,0.9824121202357547,0.0,0.0,0.02016145932973996,0.9622506609060147,0.050503503793244864,0.0,0.0,0.0,0.008381273685021999,0.0,0,0.0,0,0.9622506609060147,,,,,,,,,,,
7564,12/15/1987,0.429,0.021,12.000,5.337,0.021,0.0,5.316,0.0,0.0,0.0,0.9622506609060147,0.0,0.0,0.01947658487610112,0.9427740760299136,0.04886677119082934,0.0,0.0,0.0,0.008078174998588367,0.0,0,0.0,0,0.9427740760299136,,,,,,,,,,,
7565,12/16/1987,0.464,0.053,12.000,5.337,0.053,0.0,5.284,0.0,0.0,0.0,0.9427740760299136,0.0,0.0,0.018823996396046077,0.9239500796338675,0.04730440330949953,0.0,0.0,0.0,0.007790016356169096,0.0,0,0.0,0,0.9239500796338675,,,,,,,,,,,
7566,12/17/1987,0.464,0.118,12.000,5.337,0.118,0.0,5.218999999999999,0.0,0.0,0.0,0.9239500796338675,0.0,0.0,0.01820175606446746,0.9057483235694,0.04581207144923141,0.0,0.0,0.0,0.007515869622798155,0.0,0,0.0,0,0.9057483235694,,,,,,,,,,,
7567,12/18/1987,0.464,0.222,12.000,5.337,0.222,0.0,5.114999999999999,0.0,0.0,0.0,0.9057483235694,0.0,0.0,0.017608066747345278,0.8881402568220548,0.04438575300039567,0.0,0.0,0.0,0.0072548759575372344,0.0,0,0.0,0,0.8881402568220548,,,,,,,,,,,
7568,12/19/1987,0.464,0.231,12.000,5.337,0.231,0.0,5.106,0.0,0.0,0.0,0.8881402568220548,0.0,0.0,0.01704126005868295,0.8710989967633718,0.043021706057541624,0.0,0.0,0.0,0.007006239791868995,0.0,0,0.0,0,0.8710989967633718,,,,,,,,,,,
7569,12/20/1987,0.464,0.141,12.000,5.337,0.141,0.0,5.196,0.0,0.0,0.0,0.8710989967633718,0.0,0.0,0.016499785574522717,0.8545992111888491,0.04171644644193249,0.0,0.0,0.0,0.006769223403316883,0.0,0,0.0,0,0.8545992111888491,,,,,,,,,,,
7570,12/21/1987,0.464,0.000,12.000,5.337,0.0,0.0,5.337,0.0,0.0,0.0,0.8545992111888491,0.0,0.0,0.015982201078391156,0.838617010110458,0.04046672687616368,0.0,0.0,0.0,0.006543142018511273,0.0,0,0.0,0,0.838617010110458,,,,,,,,,,,
7571,12/22/1987,0.464,0.003,12.000,5.337,0.003,0.0,5.334,0.0,0.0,0.0,0.838617010110458,0.0,0.0,0.015487163727606232,0.8231298463828517,0.039269518084472585,0.0,0.0,0.0,0.006327359387940356,0.0,0,0.0,0,0.8231298463828517,,,,,,,,,,,
7572,12/23/1987,0.464,0.000,12.000,5.337,0.0,0.0,5.337,0.0,0.0,0.0,0.8231298463828517,0.0,0.0,0.015013422042979542,0.8081164243398722,0.03812199161871527,0.0,0.0,0.0,0.006121283781576069,0.0,0,0.0,0,0.8081164243398722,,,,,,,,,,,
7573,12/24/1987,0.464,0.000,12.000,5.337,0.0,0.0,5.337,0.0,0.0,0.0,0.8081164243398722,0.0,0.0,0.014559808635852732,0.7935566157040195,0.037021504232992455,0.0,0.0,0.0,0.005924364360604317,0.0,0,0.0,0,0.7935566157040195,,,,,,,,,,,
7574,12/25/1987,0.464,0.000,12.000,5.337,0.0,0.0,5.337,0.0,0.0,0.0,0.7935566157040195,0.0,0.0,0.014125233596352964,0.7794313821076665,0.0359655836500159,0.0,0.0,0.0,0.005736087885744067,0.0,0,0.0,0,0.7794313821076665,,,,,,,,,,,
7575,12/26/1987,0.464,0.000,12.000,5.337,0.0,0.0,5.337,0.0,0.0,0.0,0.7794313821076665,0.0,0.0,0.013708678475441655,0.7657227036322248,0.034951915579915234,0.0,0.0,0.0,0.005555975727221953,0.0,0,0.0,0,0.7657227036322248,,,,,,,,,,,
7576,12/27/1987,0.429,0.097,12.000,5.337,0.097,0.0,5.239999999999999,0.0,0.0,0.0,0.7657227036322248,0.0,0.0,0.013309190800935032,0.7524135128312898,0.03397833186762938,0.0,0.0,0.0,0.005383581145470908,0.0,0,0.0,0,0.7524135128312898,,,,,,,,,,,
7577,12/28/1987,0.429,0.035,12.000,5.337,0.035,0.0,5.302,0.0,0.0,0.0,0.7524135128312898,0.0,0.0,0.012925879074341602,0.7394876337569481,0.03304279965859651,0.0,0.0,0.0,0.005218486815122656,0.0,0,0.0,0,0.7394876337569481,,,,,,,,,,,
7578,12/29/1987,0.429,0.000,12.000,5.337,0.0,0.0,5.337,0.0,0.0,0.0,0.7394876337569481,0.0,0.0,0.012557908201215271,0.7269297255557329,0.032143411484397005,0.0,0.0,0.0,0.00506030256793239,0.0,0,0.0,0,0.7269297255557329,,,,,,,,,,,
7579,12/30/1987,0.395,0.000,12.000,5.337,0.0,0.0,5.337,0.0,0.0,0.0,0.7269297255557329,0.0,0.0,0.01220449531287155,0.7147252302428613,0.03127837618052924,0.0,0.0,0.0,0.004908663332967551,0.0,0,0.0,0,0.7147252302428613,,,,,,,,,,,
7580,12/31/1987,0.395,0.110,12.000,5.337,0.11,0.0,5.226999999999999,0.0,0.0,0.0,0.7147252302428613,0.0,0.0,0.011864905941849607,0.7028603243010116,0.030446010557788623,0.0,0.0,0.0,0.004763227254760854,0.0,0,0.0,0,0.7028603243010116,,,,,,,,,,,
7581,1/1/1988,0.395,0.088,1.000,5.134,0.088,0.0,5.046,0.0,0.0,0.0,0.7028603243010116,0.0,0.0,0.011538450517504382,0.6913218737835073,0.02964473175693425,0.0,0.0,0.0,0.004623673972213246,0.0,0,0.0,0,0.6913218737835073,,,,,,,,,,,
7582,1/2/1988,0.395,0.129,1.000,5.134,0.129,0.0,5.005000000000001,0.0,0.0,0.0,0.6913218737835073,0.0,0.0,0.011224481151648601,0.6800973926318586,0.028873050223600302,0.0,0.0,0.0,0.0044897030428716934,0.0,0,0.0,0,0.6800973926318586,,,,,,,,,,,
7583,1/3/1988,0.395,0.002,1.000,5.134,0.002,0.0,5.132000000000001,0.0,0.0,0.0,0.6800973926318586,0.0,0.0,0.010922388687293127,0.6691750039445655,0.028129563246857392,0.0,0.0,0.0,0.004361032498831242,0.0,0,0.0,0,0.6691750039445655,,,,,,,,,,,
7584,1/4/1988,0.395,0.000,1.000,5.134,0.0,0.0,5.134,0.0,0.0,0.0,0.6691750039445655,0.0,0.0,0.010631599986306561,0.6585434039582589,0.027412949010554414,0.0,0.0,0.0,0.004237397521947795,0.0,0,0.0,0,0.6585434039582589,,,,,,,,,,,
7585,1/5/1988,0.395,0.004,1.000,5.134,0.004,0.0,5.130000000000001,0.0,0.0,0.0,0.6585434039582589,0.0,0.0,0.010351575434275142,0.6481918285239838,0.026721961111662113,0.0,0.0,0.0,0.0041185492273207915,0.0,0,0.0,0,0.6481918285239838,,,,,,,,,,,
7586,1/6/1988,0.395,0.000,1.000,5.134,0.0,0.0,5.134,0.0,0.0,0.0,0.6481918285239838,0.0,0.0,0.010081806643030215,0.6381100218809536,0.02605542350437158,0.0,0.0,0.0,0.004004253545134068,0.0,0,0.0,0,0.6381100218809536,,,,,,,,,,,
7587,1/7/1988,0.395,0.000,1.000,5.134,0.0,0.0,5.134,0.0,0.0,0.0,0.6381100218809536,0.0,0.0,0.009821814333255722,0.6282882075476979,0.02541222583274117,0.0,0.0,0.0,0.003894290191945951,0.0,0,0.0,0,0.6282882075476979,,,,,,,,,,,
7588,1/8/1988,0.395,0.008,1.000,5.134,0.008,0.0,5.126,0.0,0.0,0.0,0.6282882075476979,0.0,0.0,0.009571146381321215,0.6187170611663767,0.02479131911829148,0.0,0.0,0.0,0.003788451723411517,0.0,0,0.0,0,0.6187170611663767,,,,,,,,,,,
7589,1/9/1988,0.395,0.894,1.000,5.134,0.894,0.0,4.24,0.0,0.0,0.0,0.6187170611663767,0.0,0.0,0.00932937601603197,0.6093876851503447,0.024191711772171238,0.0,0.0,0.0,0.003686542661214234,0.0,0,0.0,0,0.6093876851503447,,,,,,,,,,,
7590,1/10/1988,0.395,1.110,1.000,5.134,1.11,0.0,4.024,0.0,0.0,0.0,0.6093876851503447,0.0,0.0,0.009096100152368673,0.600291584997976,0.023612465904400803,0.0,0.0,0.0,0.0035883786876923928,0.0,0,0.0,0,0.600291584997976,,,,,,,,,,,
7591,1/11/1988,0.395,2.490,1.000,5.134,2.49,0.0,2.644,0.0,0.0,0.0,0.600291584997976,0.0,0.0,0.008870937850524122,0.5914206471474518,0.02305269390528374,0.0,0.0,0.0,0.003493785902278025,0.0,0,0.0,0,0.5914206471474518,,,,,,,,,,,
7592,1/12/1988,0.896,57.805,1.000,5.134,5.134,52.671,0.0,0,52.58155855428157,0.0,53.17297920142902,0.0,0.0,15.614117194826365,37.55886200660266,23.830763290593172,0.08944144571843,0.08944144571843,0.0,10.055476812808616,0.08944144571843,0,0.0,0,37.55886200660266,,,,,,,,,,,
7593,1/13/1988,1.259,2.514,1.000,5.134,2.514,0.0,2.6200000000000006,0.0,0.0,0.08944144571843,37.55886200660266,0.08944144571843,0.0,8.747551072799435,28.811310933803224,14.254226897222532,0.0,0.0,0.0,5.4226839554872015,0.0,0,0.0,0,28.811310933803224,,,,,,,,,,,
7594,1/14/1988,1.073,0.257,1.000,5.134,0.257,0.0,4.877000000000001,0.0,0.0,0.0,28.811310933803224,0.0,0.0,5.623035308534557,23.188275625268666,9.591071869592255,0.0,0.0,0.0,3.3858715739514262,0.0,0,0.0,0,23.188275625268666,,,,,,,,,,,
7595,1/15/1988,0.689,0.307,1.000,5.134,0.307,0.0,4.827,0.0,0.0,0.0,23.188275625268666,0.0,0.0,3.915734174437977,19.27254145083069,6.91681997571089,0.0,0.0,0.0,2.302352581775757,0.0,0,0.0,0,19.27254145083069,,,,,,,,,,,
7596,1/16/1988,0.500,1.369,1.000,5.134,1.369,0.0,3.7650000000000006,0.0,0.0,0.0,19.27254145083069,0.0,0.0,2.876939697100414,16.395601753730276,5.2274984660334,0.0,0.0,0.0,1.6576004876971127,0.0,0,0.0,0,16.395601753730276,,,,,,,,,,,
7597,1/17/1988,0.429,5.536,1.000,5.134,5.134,0.40199999999999925,0.0,0,0.3125808688695654,0.0,16.708182622599843,0.0,0.0,2.2676766801729835,14.44050594242686,4.207474234388788,0.0894191311304339,0.0894191311304339,0.0,1.2862630384704234,0.0894191311304339,0,0.0,0,14.44050594242686,,,,,,,,,,,
7598,1/18/1988,0.429,0.316,1.000,5.134,0.316,0.0,4.8180000000000005,0.0,0.0,0.0894191311304339,14.44050594242686,0.0894191311304339,0.0,1.7782922157382526,12.662213726688607,3.3680875678905036,0.0,0.0,0.0,0.9926695591430139,0.0,0,0.0,0,12.662213726688607,,,,,,,,,,,
7599,1/19/1988,0.429,0.012,1.000,5.134,0.012,0.0,5.122000000000001,0.0,0.0,0.0,12.662213726688607,0.0,0.0,1.4285052615112919,11.233708465177315,2.754506469718619,0.0,0.0,0.0,0.7860033530159408,0.0,0,0.0,0,11.233708465177315,,,,,,,,,,,
7600,1/20/1988,0.429,0.192,1.000,5.134,0.192,0.0,4.942,0.0,0.0,0.0,11.233708465177315,0.0,0.0,1.170139643046691,10.063568822130625,2.2923131793987523,0.0,0.0,0.0,0.6354465469062427,0.0,0,0.0,0,10.063568822130625,,,,,,,,,,,
7601,1/21/1988,0.429,0.003,1.000,5.134,0.003,0.0,5.131,0.0,0.0,0.0,10.063568822130625,0.0,0.0,0.9741349973240218,9.089433824806603,1.9355323835123515,0.0,0.0,0.0,0.5226627412111954,0.0,0,0.0,0,9.089433824806603,,,,,,,,,,,
7602,1/22/1988,0.395,0.033,1.000,5.134,0.033,0.0,5.101,0.0,0.0,0.0,9.089433824806603,0.0,0.0,0.8221047640482668,8.267329060758335,1.6544560719761738,0.0,0.0,0.0,0.4361949121556331,0.0,0,0.0,0,8.267329060758335,,,,,,,,,,,
7603,1/23/1988,0.395,0.106,1.000,5.134,0.106,0.0,5.0280000000000005,0.0,0.0,0.0,8.267329060758335,0.0,0.0,0.7019526501705116,7.565376410587824,1.4291688171003658,0.0,0.0,0.0,0.36859213617512065,0.0,0,0.0,0,7.565376410587824,,,,,,,,,,,
7604,1/24/1988,0.395,0.226,1.000,5.134,0.226,0.0,4.908,0.0,0.0,0.0,7.565376410587824,0.0,0.0,0.6054570579911833,6.959919352596641,1.245903227494102,0.0,0.0,0.0,0.31484412595938777,0.0,0,0.0,0,6.959919352596641,,,,,,,,,,,
7605,1/25/1988,0.395,0.057,1.000,5.134,0.057,0.0,5.077,0.0,0.0,0.0,6.959919352596641,0.0,0.0,0.5268732184815199,6.433046134115121,1.0948901981274084,0.0,0.0,0.0,0.2714848033068863,0.0,0,0.0,0,6.433046134115121,,,,,,,,,,,
7606,1/26/1988,0.395,0.966,1.000,5.134,0.966,0.0,4.168,0.0,0.0,0.0,6.433046134115121,0.0,0.0,0.4620903380562541,5.970955796058867,0.9690400362195613,0.0,0.0,0.0,0.23605707963988387,0.0,0,0.0,0,5.970955796058867,,,,,,,,,,,
7607,1/27/1988,0.395,0.026,1.000,5.134,0.026,0.0,5.1080000000000005,0.0,0.0,0.0,5.970955796058867,0.0,0.0,0.4081052716118588,5.562850524447008,0.8631057256670093,0.0,0.0,0.0,0.20678170164726653,0.0,0,0.0,0,5.562850524447008,,,,,,,,,,,
7608,1/28/1988,0.395,0.007,1.000,5.134,0.007,0.0,5.127000000000001,0.0,0.0,0.0,5.562850524447008,0.0,0.0,0.36268374825219224,5.200166776194815,0.7731364505622783,0.0,0.0,0.0,0.18234594528296227,0.0,0,0.0,0,5.200166776194815,,,,,,,,,,,
7609,1/29/1988,0.395,0.068,1.000,5.134,0.068,0.0,5.066000000000001,0.0,0.0,0.0,5.200166776194815,0.0,0.0,0.32413647018221586,4.876030306012599,0.6961115211947568,0.0,0.0,0.0,0.16176510318414833,0.0,0,0.0,0,4.876030306012599,,,,,,,,,,,
7610,1/30/1988,0.395,0.000,1.000,5.134,0.0,0.0,5.134,0.0,0.0,0.0,4.876030306012599,0.0,0.0,0.29116763906504783,4.584862666947552,0.6296895980233357,0.0,0.0,0.0,0.14428950574521854,0.0,0,0.0,0,4.584862666947552,,,,,,,,,,,
7611,1/31/1988,0.395,0.000,1.000,5.134,0.0,0.0,5.134,0.0,0.0,0.0,4.584862666947552,0.0,0.0,0.2627703324276677,4.322092334519884,0.5720334448434645,0.0,0.0,0.0,0.12934077469181648,0.0,0,0.0,0,4.322092334519884,,,,,,,,,,,
7612,2/1/1988,0.299,0.000,2.000,4.866,0.0,0.0,4.866,0.0,0.0,0.0,4.322092334519884,0.0,0.0,0.2381528842997548,4.08393945022013,0.5216852589112592,0.0,0.0,0.0,0.11646728356903102,0.0,0,0.0,0,4.08393945022013,,,,,,,,,,,
7613,2/2/1988,0.299,0.001,2.000,4.866,0.001,0.0,4.864999999999999,0.0,0.0,0.0,4.08393945022013,0.0,0.0,0.21668620760302817,3.8672532426171013,0.47747654347512514,0.0,0.0,0.0,0.10531250279707438,0.0,0,0.0,0,3.8672532426171013,,,,,,,,,,,
7614,2/3/1988,0.299,0.010,2.000,4.866,0.01,0.0,4.856,0.0,0.0,0.0,3.8672532426171013,0.0,0.0,0.19786552499685475,3.6693877176202467,0.4384619951757288,0.0,0.0,0.0,0.0955921515994552,0.0,0,0.0,0,3.6693877176202467,,,,,,,,,,,
7615,2/4/1988,0.299,0.591,2.000,4.866,0.591,0.0,4.2749999999999995,0.0,0.0,0.0,3.6693877176202467,0.0,0.0,0.18128218041344327,3.4881055372068035,0.40387035904708524,0.0,0.0,0.0,0.08707747284600656,0.0,0,0.0,0,3.4881055372068035,,,,,,,,,,,
7616,2/5/1988,0.299,0.046,2.000,4.866,0.046,0.0,4.819999999999999,0.0,0.0,0.0,3.4881055372068035,0.0,0.0,0.1666026118375663,3.321502925369237,0.37306744973092143,0.0,0.0,0.0,0.07958283131256497,0.0,0,0.0,0,3.321502925369237,,,,,,,,,,,
7617,2/6/1988,0.299,1.718,2.000,4.866,1.718,0.0,3.1479999999999997,0.0,0.0,0.0,3.321502925369237,0.0,0.0,0.1535524829354137,3.167950442433823,0.34552801462571714,0.0,0.0,0.0,0.07295640836590614,0.0,0,0.0,0,3.167950442433823,,,,,,,,,,,
7618,2/7/1988,0.299,0.494,2.000,4.866,0.494,0.0,4.372,0.0,0.0,0.0,3.167950442433823,0.0,0.0,0.14190457906101972,3.0260458633728033,0.32081410319657355,0.0,0.0,0.0,0.06707314343288732,0.0,0,0.0,0,3.0260458633728033,,,,,,,,,,,
7619,2/8/1988,0.299,0.912,2.000,4.866,0.912,0.0,3.9539999999999997,0.0,0.0,0.0,3.0260458633728033,0.0,0.0,0.13146948283329973,2.8945763805395037,0.2985582788167046,0.0,0.0,0.0,0.06182932549636115,0.0,0,0.0,0,2.8945763805395037,,,,,,,,,,,
7620,2/9/1988,0.330,0.677,2.000,4.866,0.677,0.0,4.189,0.0,0.0,0.0,2.8945763805395037,0.0,0.0,0.12208832474024571,2.772488055799258,0.27845047329802125,0.0,0.0,0.0,0.05713840994346249,0.0,0,0.0,0,2.772488055799258,,,,,,,,,,,
7621,2/10/1988,0.330,0.000,2.000,4.866,0.0,0.0,4.866,0.0,0.0,0.0,2.772488055799258,0.0,0.0,0.11362709865777885,2.658860957141479,0.2602276086547181,0.0,0.0,0.0,0.05292775485811902,0.0,0,0.0,0,2.658860957141479,,,,,,,,,,,
7622,2/11/1988,0.330,0.014,2.000,4.866,0.014,0.0,4.851999999999999,0.0,0.0,0.0,2.658860957141479,0.0,0.0,0.10597216881225677,2.5528887883292226,0.2436653404001271,0.0,0.0,0.0,0.049136053899357816,0.0,0,0.0,0,2.5528887883292226,,,,,,,,,,,
7623,2/12/1988,0.299,0.250,2.000,4.866,0.25,0.0,4.616,0.0,0.0,0.0,2.5528887883292226,0.0,0.0,0.0990266919060629,2.4538620964231597,0.2285714413227344,0.0,0.0,0.0,0.04571130169302341,0.0,0,0.0,0,2.4538620964231597,,,,,,,,,,,
7624,2/13/1988,0.299,0.277,2.000,4.866,0.277,0.0,4.5889999999999995,0.0,0.0,0.0,2.4538620964231597,0.0,0.0,0.0927077480349204,2.361154348388239,0.2147804639673822,0.0,0.0,0.0,0.042609169751073844,0.0,0,0.0,0,2.361154348388239,,,,,,,,,,,
7625,2/14/1988,0.299,0.447,2.000,4.866,0.447,0.0,4.419,0.0,0.0,0.0,2.361154348388239,0.0,0.0,0.08694402484116104,2.274210323547078,0.2021494073473051,0.0,0.0,0.0,0.0397917013851499,0.0,0,0.0,0,2.274210323547078,,,,,,,,,,,
7626,2/15/1988,0.299,0.616,2.000,4.866,0.616,0.0,4.25,0.0,0.0,0.0,2.274210323547078,0.0,0.0,0.0816739366484503,2.192536386898628,0.19055417791930174,0.0,0.0,0.0,0.037226256335896594,0.0,0,0.0,0,2.192536386898628,,,,,,,,,,,
7627,2/16/1988,0.330,3.236,2.000,4.866,3.236,0.0,1.6299999999999994,0.0,0.0,0.0,2.192536386898628,0.0,0.0,0.07684408795810183,2.115692298940526,0.17988668294841267,0.0,0.0,0.0,0.03488465225597408,0.0,0,0.0,0,2.115692298940526,,,,,,,,,,,
7628,2/17/1988,0.330,1.683,2.000,4.866,1.683,0.0,3.183,0.0,0.0,0.0,2.115692298940526,0.0,0.0,0.07240801133854148,2.0432842876019843,0.17005243054973265,0.0,0.0,0.0,0.03274246240133477,0.0,0,0.0,0,2.0432842876019843,,,,,,,,,,,
7629,2/18/1988,0.299,0.329,2.000,4.866,0.329,0.0,4.537,0.0,0.0,0.0,2.0432842876019843,0.0,0.0,0.06832512529900782,1.9749591623029765,0.1609685381013013,0.0,0.0,0.0,0.030778438052214873,0.0,0,0.0,0,1.9749591623029765,,,,,,,,,,,
7630,2/19/1988,0.299,0.537,2.000,4.866,0.537,0.0,4.329,0.0,0.0,0.0,1.9749591623029765,0.0,0.0,0.06455986955251658,1.9103992927504598,0.15256207164969093,0.0,0.0,0.0,0.02897403111774822,0.0,0,0.0,0,1.9103992927504598,,,,,,,,,,,
7631,2/20/1988,0.299,6.052,2.000,4.866,4.866,1.186,0.0,0,1.0965585542821132,0.0,3.006957847032573,0.0,0.0,0.13009022890624766,2.876867618126325,0.2956080438445953,0.08944144571788673,0.08944144571788673,0.0,0.061138228094235886,0.08944144571788673,0,0.0,0,2.876867618126325,,,,,,,,,,,
7632,2/21/1988,0.299,0.056,2.000,4.866,0.056,0.0,4.81,0.0,0.0,0.08944144571788673,2.876867618126325,0.08944144571788673,0.0,0.120845989186188,2.756021628940137,0.27578016725724147,0.0,0.0,0.0,0.056518936142074004,0.0,0,0.0,0,2.756021628940137,,,,,,,,,,,
7633,2/22/1988,0.299,0.798,2.000,4.866,0.798,0.0,4.068,0.0,0.0,0.0,2.756021628940137,0.0,0.0,0.11250456559785724,2.6435170633422795,0.25780351841641186,0.0,0.0,0.0,0.05237065252838401,0.0,0,0.0,0,2.6435170633422795,,,,,,,,,,,
7634,2/23/1988,0.299,0.768,2.000,4.866,0.768,0.0,4.098,0.0,0.0,0.0,2.6435170633422795,0.0,0.0,0.10495488116567477,2.5385621821766047,0.2414586351531407,0.0,0.0,0.0,0.04863349088612195,0.0,0,0.0,0,2.5385621821766047,,,,,,,,,,,
7635,2/24/1988,0.299,1.180,2.000,4.866,1.18,0.0,3.686,0.0,0.0,0.0,2.5385621821766047,0.0,0.0,0.09810220924746516,2.4404599729291396,0.22655735203388783,0.0,0.0,0.0,0.04525661506728674,0.0,0,0.0,0,2.4404599729291396,,,,,,,,,,,
7636,2/25/1988,0.299,10.728,2.000,4.866,4.866,5.862,0.0,0,5.77255855428157,0.0,8.21301852721071,0.0,0.0,0.6942839338974043,7.518734593313306,1.4146846985672406,0.08944144571843,0.08944144571843,0.0,0.36430191035128673,0.08944144571843,0,0.0,0,7.518734593313306,,,,,,,,,,,
7637,2/26/1988,0.299,1.567,2.000,4.866,1.567,0.0,3.2989999999999995,0.0,0.0,0.08944144571843,7.518734593313306,0.08944144571843,0.0,0.5992486108697143,6.919485982443592,1.234033294941015,0.0,0.0,0.0,0.3114043978091428,0.0,0,0.0,0,6.919485982443592,,,,,,,,,,,
7638,2/27/1988,0.299,0.521,2.000,4.866,0.521,0.0,4.345,0.0,0.0,0.0,6.919485982443592,0.0,0.0,0.5217816892464503,6.397704293197142,1.0850458092624373,0.0,0.0,0.0,0.2686895252163495,0.0,0,0.0,0,6.397704293197142,,,,,,,,,,,
7639,2/28/1988,0.299,3.927,2.000,4.866,3.927,0.0,0.9389999999999996,0.0,0.0,0.0,6.397704293197142,0.0,0.0,0.45786704114692744,5.939837252050214,0.9607890866159802,0.0,0.0,0.0,0.23375835648831694,0.0,0,0.0,0,5.939837252050214,,,,,,,,,,,
7640,2/29/1988,0.299,0.001,2.000,4.866,0.001,0.0,4.864999999999999,0.0,0.0,0.0,5.939837252050214,0.0,0.0,0.4045665955454636,5.535270656504751,0.8561252025010359,0.0,0.0,0.0,0.20487126624965876,0.0,0,0.0,0,5.535270656504751,,,,,,,,,,,
7641,3/1/1988,0.299,0.259,3.000,4.631,0.259,0.0,4.372,0.0,0.0,0.0,5.535270656504751,0.0,0.0,0.3596918079629513,5.175578848541799,0.767180977275796,0.0,0.0,0.0,0.18074314783822837,0.0,0,0.0,0,5.175578848541799,,,,,,,,,,,
7642,3/2/1988,0.330,0.088,3.000,4.631,0.088,0.0,4.543,0.0,0.0,0.0,5.175578848541799,0.0,0.0,0.32158614293556465,4.853992705606235,0.6909920072014346,0.0,0.0,0.0,0.16040892724824504,0.0,0,0.0,0,4.853992705606235,,,,,,,,,,,
7643,3/3/1988,0.330,0.282,3.000,4.631,0.282,0.0,4.349,0.0,0.0,0.0,4.853992705606235,0.0,0.0,0.28897768672375856,4.565015018882476,0.6252584415757633,0.0,0.0,0.0,0.14313314199981939,0.0,0,0.0,0,4.565015018882476,,,,,,,,,,,
7644,3/4/1988,0.330,0.021,3.000,4.631,0.021,0.0,4.61,0.0,0.0,0.0,4.565015018882476,0.0,0.0,0.26087720274737014,4.304137816135106,0.5681740845774355,0.0,0.0,0.0,0.1283478593924814,0.0,0,0.0,0,4.304137816135106,,,,,,,,,,,
7645,3/5/1988,0.269,0.067,3.000,4.631,0.067,0.0,4.564,0.0,0.0,0.0,4.304137816135106,0.0,0.0,0.23650630652811172,4.067631509606994,0.5183046712157877,0.0,0.0,0.0,0.11560924416898166,0.0,0,0.0,0,4.067631509606994,,,,,,,,,,,
7646,3/6/1988,0.299,0.569,3.000,4.631,0.569,0.0,4.062,0.0,0.0,0.0,4.067631509606994,0.0,0.0,0.21524601316386596,3.8523854964431283,0.47449977274259836,0.0,0.0,0.0,0.10456665447683666,0.0,0,0.0,0,3.8523854964431283,,,,,,,,,,,
7647,3/7/1988,0.269,0.064,3.000,4.631,0.064,0.0,4.567,0.0,0.0,0.0,3.8523854964431283,0.0,0.0,0.19659931930866248,3.6557861771344657,0.4358281106839991,0.0,0.0,0.0,0.0949403121620946,0.0,0,0.0,0,3.6557861771344657,,,,,,,,,,,
7648,3/8/1988,0.330,0.144,3.000,4.631,0.144,0.0,4.487,0.0,0.0,0.0,3.6557861771344657,0.0,0.0,0.18016361548164567,3.4756225616528202,0.40152942844872697,0.0,0.0,0.0,0.0865049412576173,0.0,0,0.0,0,3.4756225616528202,,,,,,,,,,,
7649,3/9/1988,0.395,3.165,3.000,4.631,3.165,0.0,1.4660000000000002,0.0,0.0,0.0,3.4756225616528202,0.0,0.0,0.16561008908976202,3.3100124725630584,0.37097824717004024,0.0,0.0,0.0,0.0790776251303074,0.0,0,0.0,0,3.3100124725630584,,,,,,,,,,,
7650,3/10/1988,0.395,27.198,3.000,4.631,4.631,22.567,0.0,0,22.477558554281572,0.0,25.78757102684463,0.0,0.0,4.674299187448971,21.113271839395658,8.118670828417695,0.08944144571843,0.08944144571843,0.0,2.7805800914699526,0.08944144571843,0,0.0,0,21.113271839395658,,,,,,,,,,,
7651,3/11/1988,0.269,1.495,3.000,4.631,1.495,0.0,3.136,0.0,0.0,0.08944144571843,21.113271839395658,0.08944144571843,0.0,3.3493331186308684,17.76393872076479,6.0026732016290785,0.0,0.0,0.0,1.9491806664514553,0.0,0,0.0,0,17.76393872076479,,,,,,,,,,,
7652,3/12/1988,0.269,1.566,3.000,4.631,1.566,0.0,3.0650000000000004,0.0,0.0,0.0,17.76393872076479,0.0,0.0,2.5114886628339432,15.252450057930847,4.618669500305425,0.0,0.0,0.0,1.4341617437366558,0.0,0,0.0,0,15.252450057930847,,,,,,,,,,,
7653,3/13/1988,0.269,1.592,3.000,4.631,1.592,0.0,3.039,0.0,0.0,0.0,15.252450057930847,0.0,0.0,1.948042664222604,13.304407393708242,3.6615432825840575,0.0,0.0,0.0,1.093970047962273,0.0,0,0.0,0,13.304407393708242,,,,,,,,,,,
7654,3/14/1988,0.269,4.545,3.000,4.631,4.545,0.0,0.0860000000000003,0.0,0.0,0.0,13.304407393708242,0.0,0.0,1.5512852732471298,11.753122120461112,2.971348209248603,0.0,0.0,0.0,0.8582039840093191,0.0,0,0.0,0,11.753122120461112,,,,,,,,,,,
7655,3/15/1988,0.429,12.451,3.000,4.631,4.631,7.82,0.0,0,7.73055855428157,0.0,19.483680674742683,0.0,0.0,2.9296615419146987,16.554019132827985,5.314643509366697,0.08944144571843,0.08944144571843,0.0,1.6899953311871736,0.08944144571843,0,0.0,0,16.554019132827985,,,,,,,,,,,
7656,3/16/1988,0.811,0.852,3.000,4.631,0.852,0.0,3.7790000000000004,0.0,0.0,0.08944144571843,16.554019132827985,0.08944144571843,0.0,2.2329116150712442,14.32110751775674,4.148487809415604,0.0,0.0,0.0,1.2652568412592575,0.0,0,0.0,0,14.32110751775674,,,,,,,,,,,
7657,3/17/1988,0.269,1.186,3.000,4.631,1.186,0.0,3.4450000000000003,0.0,0.0,0.0,14.32110751775674,0.0,0.0,1.7538540645555176,12.567253453201223,3.325621669391014,0.0,0.0,0.0,0.9781367834356464,0.0,0,0.0,0,12.567253453201223,,,,,,,,,,,
7658,3/18/1988,1.504,13.960,3.000,4.631,4.631,9.329,0.0,0,9.23955855428157,0.0,21.806812007482794,0.0,0.0,3.534701500045692,18.2721105074371,6.303576062924058,0.08944144571843,0.08944144571843,0.0,2.0643620053673426,0.08944144571843,0,0.0,0,18.2721105074371,,,,,,,,,,,
7659,3/19/1988,0.362,0.432,3.000,4.631,0.432,0.0,4.199,0.0,0.0,0.08944144571843,18.2721105074371,0.08944144571843,0.0,2.63237020612456,15.639740301312543,4.821007879021954,0.0,0.0,0.0,1.507846885088705,0.0,0,0.0,0,15.639740301312543,,,,,,,,,,,
7660,3/20/1988,0.211,0.889,3.000,4.631,0.889,0.0,3.742,0.0,0.0,0.0,15.639740301312543,0.0,0.0,2.0311796664278248,13.608560634884718,3.804341643135977,0.0,0.0,0.0,1.143798644399259,0.0,0,0.0,0,13.608560634884718,,,,,,,,,,,
7661,3/21/1988,0.211,11.154,3.000,4.631,4.631,6.523,0.0,0,6.43355855428157,0.0,20.042119189166286,0.0,0.0,3.070943637437327,16.971175551728958,5.5473677537165225,0.08944144571843,0.08944144571843,0.0,1.7769933751776317,0.08944144571843,0,0.0,0,16.971175551728958,,,,,,,,,,,
7662,3/22/1988,0.299,4.510,3.000,4.631,4.51,0.0,0.12100000000000044,0.0,0.0,0.08944144571843,16.971527616574257,0.010352541227182651,0.07908890449124735,2.327558847715166,14.643968768859091,4.308864838345644,0.0,0.0,0.00035206484529911507,1.3224953590211659,0.07873683964594823,0,0.0,0,14.643968768859091,,,,,,,,,,,
7663,3/23/1988,0.158,3.537,3.000,4.631,3.537,0.0,1.0940000000000003,0.0,0.0,0.07873683964594823,14.643968768859091,0.07873683964594823,0.0,1.8202474644353723,12.823721304423719,3.4408616753549253,0.0,0.0,0.0,1.0176498965633003,0.0,0,0.0,0,12.823721304423719,,,,,,,,,,,
7664,3/24/1988,0.158,7.605,3.000,4.631,4.631,2.974,0.0,0,2.88455855428157,0.0,15.70827985870529,0.0,0.0,2.0460370554276746,13.662242803277614,3.82979976790059,0.08944144571843,0.08944144571843,0.0,1.152717803110745,0.08944144571843,0,0.0,0,13.662242803277614,,,,,,,,,,,
7665,3/25/1988,1.073,17.482,3.000,4.631,4.631,12.850999999999999,0.0,0,12.850999999999999,0.08944144571843,26.513640952537017,0.0,0.08944144571843,4.895699237322714,21.617941715214304,8.465137582163955,0.0,0.0,0.00039814925940304455,2.921165101350378,0.08904329645902696,0,0.0,0,21.617941715214304,,,,,,,,,,,
7666,3/26/1988,1.165,6.213,3.000,4.631,4.631,1.5819999999999999,0.0,0,1.581601850740597,0.08904329645902696,23.19993994284992,0.0,0.08904329645902696,3.919017588418849,19.28092235443107,6.922075005126285,0.000398149259403038,0.000398149259403038,0.0003963768950199571,2.304410234820611,0.08904506882341005,0,0.0,0,19.28092235443107,,,,,,,,,,,
7667,3/27/1988,0.689,11.856,3.000,4.631,4.631,7.225,0.0,0,7.224603623104979,0.08904506882341005,26.505922362320764,0.0,0.08904506882341005,4.893324093317722,21.61259826900304,8.461430412801779,0.00039637689501995115,0.00039637689501995115,0.000396384784713162,2.919654672464591,0.08904506093371685,0,0.0,0,21.61259826900304,,,,,,,,,,,
7668,3/28/1988,1.710,3.887,3.000,4.631,3.887,0.0,0.7440000000000002,0.0,0.0,0.08904506093371685,21.612712492448196,0.0633855630736368,0.025659497860080052,3.482420722863895,18.1302917695843,6.218886808763077,0.0,0.0,0.00011422344515546824,2.031835404850462,0.025545274414924584,0,0.0,0,18.1302917695843,,,,,,,,,,,
7669,3/29/1988,0.500,2.021,3.000,4.631,2.021,0.0,2.6100000000000003,0.0,0.0,0.025545274414924584,18.1302917695843,0.025545274414924584,0.0,2.5984065371808254,15.531885232403475,4.764255944171716,0.0,0.0,0.0,1.48712087844598,0.0,0,0.0,0,15.531885232403475,,,,,,,,,,,
7670,3/30/1988,0.464,8.450,3.000,4.631,4.631,3.818999999999999,0.0,0,3.729558554281569,0.0,19.261443786685042,0.0,0.0,2.874179190915062,16.38726459576998,5.222930981048828,0.08944144571843,0.08944144571843,0.0,1.655905369395896,0.08944144571843,0,0.0,0,16.38726459576998,,,,,,,,,,,
7671,3/31/1988,0.853,19.914,3.000,4.631,4.631,15.283000000000001,0.0,0,15.283000000000001,0.08944144571843,31.670662745029386,0.0,0.08944144571843,6.5835635311972975,25.08709921383209,11.052141575624447,0.0,0.0,0.00039814925940304455,4.0055982465396385,0.08904329645902696,0,0.0,0,25.08709921383209,,,,,,,,,,,
7672,4/1/1988,5.072,13.794,4.000,4.235,4.235,9.559000000000001,0.0,0,9.558601850740597,0.08904329645902696,34.64609744146771,0.0,0.08904329645902696,7.646387720322927,26.999709721144782,12.63897725641523,0.0003981492594030382,0.0003981492594030382,0.0003963768950199571,4.698285365890752,0.08904506882341005,0,0.0,0,26.999709721144782,,,,,,,,,,,
7673,4/2/1988,3.612,5.463,4.000,4.235,4.235,1.2279999999999998,0.0,0,1.2276036231049803,0.08904506882341005,28.227709729034476,0.0,0.08904506882341005,5.434486525567528,22.793223203466948,9.300917909017896,0.00039637689501947947,0.00039637689501947947,0.000396384784713162,3.2650026005894754,0.08904506093371638,0,0.0,0,22.793223203466948,,,,,,,,,,,
7674,4/3/1988,1.028,3.743,4.000,4.235,3.743,0.0,0.49200000000000044,0.0,0.0,0.08904506093371638,22.793432997676508,0.041916259451920915,0.04712880148179546,3.8052396437894616,18.988193353887045,6.7396897544737095,0.0,0.0,0.0002097942095614345,2.233174528851368,0.046919007272234026,0,0.0,0,18.988193353887045,,,,,,,,,,,
7675,4/4/1988,0.464,1.225,4.000,4.235,1.225,0.0,3.0100000000000002,0.0,0.0,0.046919007272234026,18.988193353887045,0.046919007272234026,0.0,2.8065439904850407,16.181649363402006,5.110878474610239,0.0,0.0,0.0,1.614406956092694,0.0,0,0.0,0,16.181649363402006,,,,,,,,,,,
7676,4/5/1988,0.269,2.078,4.000,4.235,2.078,0.0,2.1570000000000005,0.0,0.0,0.0,16.181649363402006,0.0,0.0,2.1498281996563717,14.031821163745633,4.007142789647642,0.0,0.0,0.0,1.2151428328708662,0.0,0,0.0,0,14.031821163745633,,,,,,,,,,,
7677,4/6/1988,0.269,5.638,4.000,4.235,4.235,1.4029999999999996,0.0,0,1.3135585542815738,0.0,15.345379718027207,0.0,0.0,1.9678644364100604,13.377515281617146,3.695643205621459,0.08944144571842576,0.08944144571842576,0.0,1.1058378487679472,0.08944144571842576,0,0.0,0,13.377515281617146,,,,,,,,,,,
7678,4/7/1988,0.269,3.452,4.000,4.235,3.452,0.0,0.7830000000000004,0.0,0.0,0.08944144571842576,13.377615215205116,0.06699206430482331,0.02244938141360245,1.565537992313232,11.812077222891885,2.996412851384349,0.0,0.0,9.993358797017424e-05,0.8666102545065002,0.022349447825632276,0,0.0,0,11.812077222891885,,,,,,,,,,,
7679,4/8/1988,0.211,15.268,4.000,4.235,4.235,11.033000000000001,0.0,0,10.965908002107204,0.022349447825632276,22.77808471373195,0.0,0.022349447825632276,3.800970081548058,18.97711463218389,6.732834093865803,0.06709199789279773,0.06709199789279773,9.948873286167038e-05,2.230504082485349,0.08934195698556834,0,0.0,0,18.97711463218389,,,,,,,,,,,
7680,4/9/1988,1.307,3.847,4.000,4.235,3.847,0.0,0.38800000000000034,0.0,0.0,0.08934195698556834,18.97736472089431,0.03316127778174881,0.05618067920381953,2.8038769597353834,16.173487761158928,5.106454218749111,0.0,0.0,0.0002500887104193088,1.6127719043438835,0.05593059049340022,0,0.0,0,16.173487761158928,,,,,,,,,,,
7681,4/10/1988,0.896,2.213,4.000,4.235,2.213,0.0,2.0220000000000002,0.0,0.0,0.05593059049340022,16.173487761158928,0.05593059049340022,0.0,2.1480213079752963,14.02546645318363,4.004062836644259,0.0,0.0,0.0,1.2140543550706455,0.0,0,0.0,0,14.02546645318363,,,,,,,,,,,
7682,4/11/1988,0.536,4.111,4.000,4.235,4.111,0.0,0.12400000000000055,0.0,0.0,0.0,14.02546645318363,0.0,0.0,1.693926781337073,12.331539671846558,3.2212434695401377,0.0,0.0,0.0,0.9425562183486528,0.0,0,0.0,0,12.331539671846558,,,,,,,,,,,
7683,4/12/1988,0.500,1.695,4.000,4.235,1.695,0.0,2.54,0.0,0.0,0.0,12.331539671846558,0.0,0.0,1.366872330289204,10.964667341557353,2.6450066886856387,0.0,0.0,0.0,0.7499117734177972,0.0,0,0.0,0,10.964667341557353,,,,,,,,,,,
7684,4/13/1988,0.362,1.767,4.000,4.235,1.767,0.0,2.4680000000000004,0.0,0.0,0.0,10.964667341557353,0.0,0.0,1.123806513474838,9.840860828082516,2.2084924633829845,0.0,0.0,0.0,0.6086650032913031,0.0,0,0.0,0,9.840860828082516,,,,,,,,,,,
7685,4/14/1988,0.611,5.624,4.000,4.235,4.235,1.3889999999999993,0.0,0,1.299558554281575,0.0,11.14041938236409,0.0,0.0,1.1539890248230926,9.986430357540998,2.263129873707205,0.0894414457184242,0.0894414457184242,0.0,0.6261030753744935,0.0894414457184242,0,0.0,0,9.986430357540998,,,,,,,,,,,
7686,4/15/1988,0.464,2.400,4.000,4.235,2.4,0.0,1.8350000000000004,0.0,0.0,0.0894414457184242,9.986430357540998,0.0894414457184242,0.0,0.9617220516262683,9.02470830591473,1.91273477059292,0.0,0.0,0.0,0.5155674485924595,0.0,0,0.0,0,9.02470830591473,,,,,,,,,,,
7687,4/16/1988,0.330,5.330,4.000,4.235,4.235,1.0949999999999998,0.0,0,1.0055585542857264,0.0,10.030266860200456,0.0,0.0,0.968768311098137,9.06149854910232,1.925679077937556,0.08944144571427337,0.08944144571427337,0.0,0.519594385995381,0.08944144571427337,0,0.0,0,9.06149854910232,,,,,,,,,,,
7688,4/17/1988,0.573,10.246,4.000,4.235,4.235,6.011,0.0,0,6.0109999999958434,0.08944144571427337,15.072896698357548,0.0,0.08944144571427337,1.9099719212275066,13.16292477713004,3.5959533720062007,4.156636427269429e-12,4.156636427269429e-12,0.0003981492593845413,1.071198467698355,0.08904329645904546,0,0.0,0,13.16292477713004,,,,,,,,,,,
7689,4/18/1988,1.259,3.752,4.000,4.235,3.752,0.0,0.48300000000000054,0.0,0.0,0.08904329645904546,13.163137980197165,0.04114871897358238,0.04789457748546308,1.5239293532184268,11.63920862697874,2.9231792676000516,0.0,0.0,0.00021320306712494837,0.8420837017544336,0.047681374418338134,0,0.0,0,11.63920862697874,,,,,,,,,,,
7690,4/19/1988,0.689,4.225,4.000,4.235,4.225,0.0,0.010000000000000675,0.0,0.0,0.047681374418338134,11.639418808238943,0.00046562471727901547,0.047215749701059115,1.241417710092496,10.398001098146448,2.4206802614911864,0.0,0.0,0.00021018126020477067,0.6767823734312644,0.047005568440854344,0,0.0,0,10.398001098146448,,,,,,,,,,,
7691,4/20/1988,0.853,7.236,4.000,4.235,4.235,3.0009999999999994,0.0,0,2.9585641227224238,0.047005568440854344,13.356774466505637,0.0,0.047005568440854344,1.5614752305746014,11.795299235931036,2.989270341261204,0.04243587727757566,0.04243587727757566,0.00020924563676511415,0.8642135176750599,0.0892322000816649,0,0.0,0,11.795299235931036,,,,,,,,,,,
7692,4/21/1988,0.983,2.268,4.000,4.235,2.268,0.0,1.9670000000000005,0.0,0.0,0.0892322000816649,11.795299235931036,0.0892322000816649,0.0,1.2692506167288906,10.526048619202147,2.4706213172513345,0.0,0.0,0.0,0.6929662881371933,0.0,0,0.0,0,10.526048619202147,,,,,,,,,,,
7693,4/22/1988,0.689,12.324,4.000,4.235,4.235,8.088999999999999,0.0,0,7.999558554281569,0.0,18.525607173483714,0.0,0.0,2.6935178801012545,15.83208929338246,4.922993553469404,0.08944144571843,0.08944144571843,0.0,1.5452059090142833,0.08944144571843,0,0.0,0,15.83208929338246,,,,,,,,,,,
7694,4/23/1988,2.373,12.362,4.000,4.235,4.235,8.126999999999999,0.0,0,8.126999999999999,0.08944144571843,23.959487442641862,0.0,0.08944144571843,4.135185376528234,19.824302066113628,7.266994279456012,0.0,0.0,0.00039814925940304455,2.4401239399681507,0.08904329645902696,0,0.0,0,19.824302066113628,,,,,,,,,,,
7695,4/24/1988,2.849,2.341,4.000,4.235,2.341,0.0,1.8940000000000001,0.0,0.0,0.08904329645902696,19.824302066113628,0.08904329645902696,0.0,3.0155205261075797,16.80878154000605,5.4562106363928065,0.0,0.0,0.0,1.7428331007652378,0.0,0,0.0,0,16.80878154000605,,,,,,,,,,,
7696,4/25/1988,1.307,3.439,4.000,4.235,3.439,0.0,0.7960000000000003,0.0,0.0,0.0,16.80878154000605,0.0,0.0,2.2904782182297074,14.51830332177634,4.246112518363987,0.0,0.0,0.0,1.3000520105854936,0.0,0,0.0,0,14.51830332177634,,,,,,,,,,,
7697,4/26/1988,0.811,0.668,4.000,4.235,0.668,0.0,3.567,0.0,0.0,0.0,14.51830332177634,0.0,0.0,1.7942882815658092,12.724015040210531,3.3958531830755723,0.0,0.0,0.0,1.0021891614214482,0.0,0,0.0,0,12.724015040210531,,,,,,,,,,,
7698,4/27/1988,1.307,3.566,4.000,4.235,3.566,0.0,0.6690000000000005,0.0,0.0,0.0,12.724015040210531,0.0,0.0,1.4401444919666344,11.283870548243897,2.775135307221852,0.0,0.0,0.0,0.7928308077097902,0.0,0,0.0,0,11.283870548243897,,,,,,,,,,,
7699,4/28/1988,1.073,3.175,4.000,4.235,3.175,0.0,1.0600000000000005,0.0,0.0,0.0,11.283870548243897,0.0,0.0,1.1788610083436455,10.105009539900252,2.3080570574503265,0.0,0.0,0.0,0.640495576775251,0.0,0,0.0,0,10.105009539900252,,,,,,,,,,,
7700,4/29/1988,1.073,21.007,4.000,4.235,4.235,16.772000000000002,0.0,0,16.682558554281574,0.0,26.787568094181825,0.0,0.0,4.98028953345075,21.807278560731074,8.597033619877932,0.08944144571843,0.08944144571843,0.0,2.9749900110522707,0.08944144571843,0,0.0,0,21.807278560731074,,,,,,,,,,,
7701,4/30/1988,3.097,14.994,4.000,4.235,4.235,10.759,0.0,0,10.759,0.08944144571843,32.56667670999048,0.0,0.08944144571843,6.896914621293286,25.669762088697198,11.523052767431176,0.0,0.0,0.00039814925940304455,4.2091070317458685,0.08904329645902696,0,0.0,0,25.669762088697198,,,,,,,,,,,
7702,5/1/1988,6.203,11.442,5.000,3.714,3.714,7.728,0.0,0,7.727601850740597,0.08904329645902696,33.397760316332814,0.0,0.08904329645902696,7.192745338698286,26.205014977634526,11.965234080577503,0.0003981492594030382,0.0003981492594030382,0.0003963768950199571,4.401796826912803,0.08904506882341005,0,0.0,0,26.205014977634526,,,,,,,,,,,
7703,5/2/1988,5.742,6.753,5.000,3.714,3.714,3.039,0.0,0,3.0386036231049802,0.08904506882341005,29.24401498552422,0.0,0.08904506882341005,5.764488465353818,23.479526520170403,9.807997792921224,0.00039637689501995115,0.00039637689501995115,0.000396384784713162,3.476725713751419,0.08904506093371685,0,0.0,0,23.479526520170403,,,,,,,,,,,
7704,5/3/1988,4.289,19.429,5.000,3.714,3.714,15.714999999999998,0.0,0,15.714603615215285,0.08904506093371685,39.194526520135284,0.0,0.08904506093371685,9.391640982478494,29.802885537656792,15.18682176095069,0.0003963847847131611,0.0003963847847131611,0.0003963847495921342,5.849241618868972,0.08904506096883787,0,0.0,0,29.802885537656792,,,,,,,,,,,
7705,5/4/1988,9.445,9.895,5.000,3.714,3.714,6.180999999999999,0.0,0,6.180603615250407,0.08904506096883787,35.983885537656946,0.0,0.08904506096883787,8.14477714854092,27.839108389116028,13.373453400686548,0.0003963847495921373,0.0003963847495921373,0.00039638474974847566,5.025354693892448,0.08904506096868153,0,0.0,0,27.839108389116028,,,,,,,,,,,
7706,5/5/1988,8.404,4.759,5.000,3.714,3.714,1.0450000000000004,0.0,0,1.0446036152502802,0.08904506096868153,28.884108389116058,0.0,0.08904506096868153,5.646734758121502,23.237373630994554,9.627460752257491,0.0003963847497202361,0.0003963847497202361,0.0003963847497477797,3.401083141292513,0.08904506096865399,0,0.0,0,23.237373630994554,,,,,,,,,,,
7707,5/6/1988,6.203,4.754,5.000,3.714,3.714,1.0399999999999996,0.0,0,1.0396036152502552,0.08904506096865399,24.277373630994557,0.0,0.08904506096865399,4.227029530337723,20.050344100656833,7.4129289097039,0.0003963847497444445,0.0003963847497444445,0.0003963847497476571,2.497928137988605,0.08904506096865078,0,0.0,0,20.050344100656833,,,,,,,,,,,
7708,5/7/1988,4.428,4.167,5.000,3.714,3.714,0.45299999999999985,0.0,0,0.45260363109478846,0.08904506096865078,20.50334411650137,0.0,0.08904506096865078,3.189629793749702,17.313714322751668,5.741995030901934,0.0003963689052113953,0.0003963689052113953,0.0003963847497476428,1.8502817811446775,0.08904504512411454,0,0.0,0,17.313714322751668,,,,,,,,,,,
7709,5/8/1988,3.416,0.217,5.000,3.714,0.217,0.0,3.497,0.0,0.0,0.08904504512411454,17.313714322751668,0.08904504512411454,0.0,2.406298629604388,14.90741569314728,4.441784960953359,0.0,0.0,0.0,1.3702308817475415,0.0,0,0.0,0,14.90741569314728,,,,,,,,,,,
7710,5/9/1988,2.608,0.003,5.000,3.714,0.003,0.0,3.711,0.0,0.0,0.0,14.90741569314728,0.0,0.0,1.875151585013151,13.032264108134129,3.5358514164621284,0.0,0.0,0.0,1.0503972022561636,0.0,0,0.0,0,13.032264108134129,,,,,,,,,,,
7711,5/10/1988,2.033,0.511,5.000,3.714,0.511,0.0,3.203,0.0,0.0,0.0,13.032264108134129,0.0,0.0,1.498760478810613,11.533503629323516,2.878789295238017,0.0,0.0,0.0,0.8272690023228639,0.0,0,0.0,0,11.533503629323516,,,,,,,,,,,
7712,5/11/1988,1.978,0.016,5.000,3.714,0.016,0.0,3.698,0.0,0.0,0.0,11.533503629323516,0.0,0.0,1.2226473355976324,10.310856293725884,2.386942639238352,0.0,0.0,0.0,0.6658814619141936,0.0,0,0.0,0,10.310856293725884,,,,,,,,,,,
7713,5/12/1988,1.454,0.392,5.000,3.714,0.392,0.0,3.322,0.0,0.0,0.0,10.310856293725884,0.0,0.0,1.01435584174969,9.296500451976193,2.009228215389152,0.0,0.0,0.0,0.5456936776988969,0.0,0,0.0,0,9.296500451976193,,,,,,,,,,,
7714,5/13/1988,1.405,0.183,5.000,3.714,0.183,0.0,3.531,0.0,0.0,0.0,9.296500451976193,0.0,0.0,0.8535551806144788,8.442945271361715,1.7129466854048647,0.0,0.0,0.0,0.4540021112634244,0.0,0,0.0,0,8.442945271361715,,,,,,,,,,,
7715,5/14/1988,1.259,0.474,5.000,3.714,0.474,0.0,3.24,0.0,0.0,0.0,8.442945271361715,0.0,0.0,0.7269798969338183,7.715965374427897,1.4763471519328677,0.0,0.0,0.0,0.3826148089783555,0.0,0,0.0,0,7.715965374427897,,,,,,,,,,,
7716,5/15/1988,1.212,1.128,5.000,3.714,1.128,0.0,2.5860000000000003,0.0,0.0,0.0,7.715965374427897,0.0,0.0,0.6256760937264734,7.090289280701424,1.2844915077651224,0.0,0.0,0.0,0.32606225935800015,0.0,0,0.0,0,7.090289280701424,,,,,,,,,,,
7717,5/16/1988,1.212,3.885,5.000,3.714,3.714,0.17099999999999982,0.0,0,0.0853829089333143,0.0,7.175672189634739,0.0,0.0,0.5543747337688496,6.621297455865889,1.1479338481556907,0.08561709106668552,0.08561709106668552,0.0,0.2866136315987804,0.08561709106668552,0,0.0,0,6.621297455865889,,,,,,,,,,,
7718,5/17/1988,1.212,1.457,5.000,3.714,1.457,0.0,2.2569999999999997,0.0,0.0,0.08561709106668552,6.621297455865889,0.08561709106668552,0.0,0.48484651205274515,6.136450943813144,1.0133974152397438,0.0,0.0,0.0,0.2484666812141906,0.0,0,0.0,0,6.136450943813144,,,,,,,,,,,
7719,5/18/1988,1.119,1.726,5.000,3.714,1.726,0.0,1.988,0.0,0.0,0.0,6.136450943813144,0.0,0.0,0.4271311278918999,5.709319815921244,0.9005576303797784,0.0,0.0,0.0,0.21707172066597846,0.0,0,0.0,0,5.709319815921244,,,,,,,,,,,
7720,5/19/1988,1.212,3.317,5.000,3.714,3.317,0.0,0.3969999999999998,0.0,0.0,0.0,5.709319815921244,0.0,0.0,0.37873874015070186,5.330581075770542,0.8050309713840559,0.0,0.0,0.0,0.1909613864946913,0.0,0,0.0,0,5.330581075770542,,,,,,,,,,,
7721,5/20/1988,1.119,6.668,5.000,3.714,3.714,2.954,0.0,0,2.86455855428157,0.0,8.195139630052113,0.0,0.0,0.6917667875854084,7.503372842466704,1.4099275877586241,0.08944144571843,0.08944144571843,0.0,0.3628943830607238,0.08944144571843,0,0.0,0,7.503372842466704,,,,,,,,,,,
7722,5/21/1988,1.165,14.732,5.000,3.714,3.714,11.017999999999999,0.0,0,11.017999999999999,0.08944144571843,18.521770991726108,0.0,0.08944144571843,2.692588345932442,15.829182645793665,4.921445027096467,0.0,0.0,0.00039814925940304455,1.5446375760845692,0.08904329645902696,0,0.0,0,15.829182645793665,,,,,,,,,,,
7723,5/22/1988,2.033,40.478,5.000,3.714,3.714,36.764,0.0,0,36.7636018507406,0.08904329645902696,52.59318087342928,0.0,0.08904329645902696,15.331389188362188,37.261791685067095,23.45011957649611,0.0003981492594030382,0.0003981492594030382,0.0003963768950199571,9.861535787044144,0.08904506882341005,0,0.0,0,37.261791685067095,,,,,,,,,,,
7724,5/23/1988,44.085,15.066,5.000,3.714,3.714,11.352,0.0,0,11.35160362310498,0.08904506882341005,48.61379169295679,0.0,0.08904506882341005,13.447191959528526,35.166599733428264,20.8867343763508,0.00039637689501995115,0.00039637689501995115,0.000396384784713162,8.575260509532072,0.08904506093371685,0,0.0,0,35.166599733428264,,,,,,,,,,,
7725,5/24/1988,30.087,7.638,5.000,3.714,3.714,3.924,0.0,0,3.9236036152152867,0.08904506093371685,39.09059973339314,0.0,0.08904506093371685,9.35017345194192,29.74042628145122,15.127034806104357,0.0003963847847131611,0.0003963847847131611,0.0003963847495921342,5.821719683673773,0.08904506096883787,0,0.0,0,29.74042628145122,,,,,,,,,,,
7726,5/25/1988,23.966,0.235,5.000,3.714,0.235,0.0,3.479,0.0,0.0,0.08904506096883787,29.74042628145122,0.08904506096883787,0.0,5.928494574963772,23.81193170648745,10.058722778164606,0.0,0.0,0.0,3.58224901226716,0.0,0,0.0,0,23.81193170648745,,,,,,,,,,,
7727,5/26/1988,7.897,0.115,5.000,3.714,0.115,0.0,3.5989999999999998,0.0,0.0,0.0,23.81193170648745,0.0,0.0,4.092827982154651,19.719103724332797,7.199569528326112,0.0,0.0,0.0,2.4134936937269185,0.0,0,0.0,0,19.719103724332797,,,,,,,,,,,
7728,5/27/1988,4.999,0.000,5.000,3.714,0.0,0.0,3.714,0.0,0.0,0.0,19.719103724332797,0.0,0.0,2.9888977897099744,16.730205934622823,5.412360163233683,0.0,0.0,0.0,1.7264386985548597,0.0,0,0.0,0,16.730205934622823,,,,,,,,,,,
7729,5/28/1988,4.358,0.151,5.000,3.714,0.151,0.0,3.563,0.0,0.0,0.0,16.730205934622823,0.0,0.0,2.2726606344442963,14.457545300178527,4.215923106935335,0.0,0.0,0.0,1.2892762525037056,0.0,0,0.0,0,14.457545300178527,,,,,,,,,,,
7730,5/29/1988,3.678,0.000,5.000,3.714,0.0,0.0,3.714,0.0,0.0,0.0,14.457545300178527,0.0,0.0,1.7817908089645145,12.675754491214013,3.3741624044445766,0.0,0.0,0.0,0.9947511674673712,0.0,0,0.0,0,12.675754491214013,,,,,,,,,,,
7731,5/30/1988,2.373,0.115,5.000,3.714,0.115,0.0,3.5989999999999998,0.0,0.0,0.0,12.675754491214013,0.0,0.0,1.4310522026202772,11.244702288593736,2.7590218879385575,0.0,0.0,0.0,0.7874970510645598,0.0,0,0.0,0,11.244702288593736,,,,,,,,,,,
7732,5/31/1988,2.089,0.060,5.000,3.714,0.06,0.0,3.654,0.0,0.0,0.0,11.244702288593736,0.0,0.0,1.172048852982284,10.072653435611452,2.295760605186582,0.0,0.0,0.0,0.6365516281630951,0.0,0,0.0,0,10.072653435611452,,,,,,,,,,,
7733,6/1/1988,1.923,0.006,6.000,3.269,0.006,0.0,3.2630000000000003,0.0,0.0,0.0,10.072653435611452,0.0,0.0,0.9756010614913987,9.097052374120054,1.9382232658945395,0.0,0.0,0.0,0.5235011440951087,0.0,0,0.0,0,9.097052374120054,,,,,,,,,,,
7734,6/2/1988,1.454,0.239,6.000,3.269,0.239,0.0,3.0300000000000002,0.0,0.0,0.0,9.097052374120054,0.0,0.0,0.8232535329643644,8.273798841155688,1.656595856930484,0.0,0.0,0.0,0.43684456591915155,0.0,0,0.0,0,8.273798841155688,,,,,,,,,,,
7735,6/3/1988,1.356,0.292,6.000,3.269,0.292,0.0,2.9770000000000003,0.0,0.0,0.0,8.273798841155688,0.0,0.0,0.7028684364820564,7.570930404673632,1.4308976015485408,0.0,0.0,0.0,0.36910467518282347,0.0,0,0.0,0,7.570930404673632,,,,,,,,,,,
7736,6/4/1988,1.356,0.435,6.000,3.269,0.435,0.0,2.834,0.0,0.0,0.0,7.570930404673632,0.0,0.0,0.6061980494857316,6.9647323551879,1.2473192626832248,0.0,0.0,0.0,0.3152548204219596,0.0,0,0.0,0,6.9647323551879,,,,,,,,,,,
7737,6/5/1988,1.356,4.367,6.000,3.269,3.269,1.0979999999999999,0.0,0,1.0085585542854567,0.0,7.973290909473357,0.0,0.0,0.6608381819632024,7.312452727510154,1.351356689691127,0.08944144571454307,0.08944144571454307,0.0,0.34562772167584527,0.08944144571454307,0,0.0,0,7.312452727510154,,,,,,,,,,,
7738,6/6/1988,1.555,3.549,6.000,3.269,3.269,0.2799999999999998,0.0,0,0.2799999999961203,0.08944144571454307,7.59285087676566,0.0,0.08944144571454307,0.6091261281577179,6.983724748607942,1.2529134388001646,3.879506967051263e-12,3.879506967051263e-12,0.0003981492593857418,0.316878030555387,0.08904329645903684,0,0.0,0,6.983724748607942,,,,,,,,,,,
7739,6/7/1988,1.307,3.858,6.000,3.269,3.269,0.589,0.0,0,0.5886018515010777,0.08904329645903684,7.57272297700404,0.0,0.08904329645903684,0.6064372846375169,6.966285692366523,1.2477764109502907,0.00039814849892225515,0.00039814849892225515,0.00039637689502000113,0.3153874235373768,0.08904506806293909,0,0.0,0,6.966285692366523,,,,,,,,,,,
7740,6/8/1988,3.878,19.630,6.000,3.269,3.269,16.360999999999997,0.0,0,16.360603622344506,0.08904506806293909,23.327285699492357,0.0,0.08904506806293909,3.9549359892827414,19.372349710209615,6.9795299115327305,0.00039637765549091166,0.00039637765549091166,0.0003963847813279199,2.326927001880269,0.08904506093710209,0,0.0,0,19.372349710209615,,,,,,,,,,,
7741,6/9/1988,18.867,41.140,6.000,3.269,3.269,37.871,0.0,0,37.87060361521868,0.08904506093710209,57.243349710177895,0.0,0.08904506093710209,17.656617574864526,39.58673213531337,26.55215656688758,0.000396384781327913,0.000396384781327913,0.00039638474960720357,11.463199096295714,0.0890450609688228,0,0.0,0,39.58673213531337,,,,,,,,,,,
7742,6/10/1988,15.889,3.899,6.000,3.269,3.269,0.6299999999999999,0.0,0,0.6296036155530755,0.0890450609688228,40.21673213561619,0.0,0.0890450609688228,9.803407959801884,30.413324175814306,15.778659989928261,0.00039638444692440136,0.00039638444692440136,0.00039638474974840854,6.12295947711462,0.0890450606659988,0,0.0,0,30.413324175814306,,,,,,,,,,,
7743,6/11/1988,9.711,1.319,6.000,3.269,1.319,0.0,1.9500000000000002,0.0,0.0,0.0890450606659988,30.413324175814306,0.0890450606659988,0.0,6.153736982407566,24.25958719340674,10.401723737164495,0.0,0.0,0.0,3.7274847930444803,0.0,0,0.0,0,24.25958719340674,,,,,,,,,,,
7744,6/12/1988,6.595,6.324,6.000,3.269,3.269,3.0549999999999997,0.0,0,2.9655585542815697,0.0,27.22514574768831,0.0,0.0,5.1166157167376465,22.10853003095066,8.809056670036204,0.08944144571843,0.08944144571843,0.0,3.0618607961147397,0.08944144571843,0,0.0,0,22.10853003095066,,,,,,,,,,,
7745,6/13/1988,5.742,5.648,6.000,3.269,3.269,2.3789999999999996,0.0,0,2.3789999999999996,0.08944144571843,24.487928180210062,0.0,0.08944144571843,4.288306809154737,20.199621371055326,7.510097035795244,0.0,0.0,0.00039814925940304455,2.5365404831251466,0.08904329645902696,0,0.0,0,20.199621371055326,,,,,,,,,,,
7746,6/14/1988,7.075,5.257,6.000,3.269,3.269,1.9879999999999995,0.0,0,1.9876018507405966,0.08904329645902696,22.18761959869094,0.0,0.08904329645902696,3.6381753790850517,18.54944421960589,6.470794111229515,0.0003981492594030382,0.0003981492594030382,0.0003963768950199571,2.1288314687873413,0.08904506882341005,0,0.0,0,18.54944421960589,,,,,,,,,,,
7747,6/15/1988,4.498,0.294,6.000,3.269,0.294,0.0,2.975,0.0,0.0,0.08904506882341005,18.54944421960589,0.08904506882341005,0.0,2.6992966420178774,15.850147577588011,4.932619248199106,0.0,0.0,0.0,1.548739431247349,0.0,0,0.0,0,15.850147577588011,,,,,,,,,,,
7748,6/16/1988,3.481,0.862,6.000,3.269,0.862,0.0,2.407,0.0,0.0,0.0,15.850147577588011,0.0,0.0,2.0769273009893543,13.773220276598657,3.8826718249206333,0.0,0.0,0.0,1.1712753865730967,0.0,0,0.0,0,13.773220276598657,,,,,,,,,,,
7749,6/17/1988,2.911,1.635,6.000,3.269,1.635,0.0,1.6340000000000001,0.0,0.0,0.0,13.773220276598657,0.0,0.0,1.6434567023194164,12.129763574279242,3.133062625121718,0.0,0.0,0.0,0.9126547462500256,0.0,0,0.0,0,12.129763574279242,,,,,,,,,,,
7750,6/18/1988,2.849,3.908,6.000,3.269,3.269,0.6389999999999998,0.0,0,0.5495586657301685,0.0,12.67932224000941,0.0,0.0,1.4317235780107835,11.247598661998627,2.7602120302653717,0.08944133426983124,0.08944133426983124,0.0,0.7878908200218392,0.08944133426983124,0,0.0,0,11.247598661998627,,,,,,,,,,,
7751,6/19/1988,2.849,1.177,6.000,3.269,1.177,0.0,2.092,0.0,0.0,0.08944133426983124,11.247598661998627,0.08944133426983124,0.0,1.1725520503245632,10.075046611674063,2.296669134916513,0.0,0.0,0.0,0.6368429065675093,0.0,0,0.0,0,10.075046611674063,,,,,,,,,,,
7752,6/20/1988,2.315,0.582,6.000,3.269,0.582,0.0,2.6870000000000003,0.0,0.0,0.0,10.075046611674063,0.0,0.0,0.9759874161604766,9.099059195513586,1.9389323400335212,0.0,0.0,0.0,0.5237221038041207,0.0,0,0.0,0,9.099059195513586,,,,,,,,,,,
7753,6/21/1988,1.923,0.361,6.000,3.269,0.361,0.0,2.9080000000000004,0.0,0.0,0.0,9.099059195513586,0.0,0.0,0.8235562398593121,8.275502955654273,1.657159659387104,0.0,0.0,0.0,0.437015763174033,0.0,0,0.0,0,8.275502955654273,,,,,,,,,,,
7754,6/22/1988,1.763,1.330,6.000,3.269,1.33,0.0,1.939,0.0,0.0,0.0,8.275502955654273,0.0,0.0,0.7031097304244194,7.572393225229854,1.4313530751491552,0.0,0.0,0.0,0.3692397277128387,0.0,0,0.0,0,7.572393225229854,,,,,,,,,,,
7755,6/23/1988,3.288,11.507,6.000,3.269,3.269,8.238,0.0,0,8.14855855428157,0.0,15.720951779511424,0.0,0.0,2.0487887030729666,13.672163076438457,3.834512704629764,0.08944144571843,0.08944144571843,0.0,1.1543701355515164,0.08944144571843,0,0.0,0,13.672163076438457,,,,,,,,,,,
7756,6/24/1988,5.971,10.455,6.000,3.269,3.269,7.186,0.0,0,7.186,0.08944144571843,20.858561225697862,0.0,0.08944144571843,3.282260344080848,17.576300881617016,5.893358448204261,0.0,0.0,0.00039814925940304455,1.9076060849440961,0.08904329645902696,0,0.0,0,17.576300881617016,,,,,,,,,,,
7757,6/25/1988,6.834,9.197,6.000,3.269,3.269,5.927999999999999,0.0,0,5.927601850740596,0.08904329645902696,23.50429910925263,0.0,0.08904329645902696,4.0050808433817835,19.499218265870848,7.059644978014204,0.0003981492594030382,0.0003981492594030382,0.0003963768950199571,2.3583846306344247,0.08904506882341005,0,0.0,0,19.499218265870848,,,,,,,,,,,
7758,6/26/1988,4.428,0.635,6.000,3.269,0.635,0.0,2.6340000000000003,0.0,0.0,0.08904506882341005,19.499218265870848,0.08904506882341005,0.0,2.9335564239170697,16.565661841953776,5.321074880059813,0.0,0.0,0.0,1.69239006498151,0.0,0,0.0,0,16.565661841953776,,,,,,,,,,,
7759,6/27/1988,3.224,0.746,6.000,3.269,0.746,0.0,2.523,0.0,0.0,0.0,16.565661841953776,0.0,0.0,2.2355296333396546,14.330132208614122,4.152933035643446,0.0,0.0,0.0,1.2668379890877253,0.0,0,0.0,0,14.330132208614122,,,,,,,,,,,
7760,6/28/1988,2.728,3.302,6.000,3.269,3.269,0.03299999999999992,0.0,0,0.0014201387079414707,0.0,14.331552347322063,0.0,0.0,1.7559864834198398,12.575565863902224,3.3293294126089914,0.03157986129205845,0.03157986129205845,0.0,0.9794043533261324,0.03157986129205845,0,0.0,0,12.575565863902224,,,,,,,,,,,
7761,6/29/1988,2.849,4.278,6.000,3.269,3.269,1.0089999999999995,0.0,0,0.9511384155872248,0.03157986129205845,13.526844857476359,0.0,0.03157986129205845,1.594752505531004,11.932092351945355,3.0477218042996155,0.05786158441277472,0.05786158441277472,0.00014057798691074927,0.8838567071902469,0.08930086771792242,0,0.0,0,11.932092351945355,,,,,,,,,,,
7762,6/30/1988,2.728,5.787,6.000,3.269,3.269,2.518,0.0,0,2.5178594219994923,0.08930086771792242,14.450349297420239,0.0,0.08930086771792242,1.7803129596339176,12.670036337786321,3.371596458649882,0.00014057800050758126,0.00014057800050758126,0.0003975234753904889,0.9938718373591147,0.08904392224303952,0,0.0,0,12.670036337786321,,,,,,,,,,,
7763,7/1/1988,2.489,2.647,7.000,3.463,2.647,0.0,0.8160000000000003,0.0,0.0,0.08904392224303952,12.670123254013728,0.06951879981199895,0.01952512243104057,1.4299927783736897,11.240130475640038,2.757143748187847,0.0,0.0,8.69162274069851e-05,0.7868757119658992,0.019438206203633585,0,0.0,0,11.240130475640038,,,,,,,,,,,
7764,7/2/1988,2.144,4.364,7.000,3.463,3.463,0.9009999999999998,0.0,0,0.8309967606897992,0.019438206203633585,12.071213765649015,0.0,0.019438206203633585,1.319119112251279,10.752094653397736,2.5598519520587333,0.07000323931020064,0.07000323931020064,8.652931917563629e-05,0.7220213080732051,0.08935491619465859,0,0.0,0,10.752094653397736,,,,,,,,,,,
7765,7/3/1988,8.575,15.614,7.000,3.463,3.463,12.151,0.0,0,12.150913470476228,0.08935491619465859,22.903405887946548,0.0,0.08935491619465859,3.8358877879953424,19.067518099951204,6.788876897485445,8.652952377141862e-05,8.652952377141862e-05,0.0003977640725857994,2.252349534908584,0.08904368164584421,0,0.0,0,19.067518099951204,,,,,,,,,,,
7766,7/4/1988,7.237,9.644,7.000,3.463,3.463,6.181,0.0,0,6.180602235927414,0.08904368164584421,25.2485167144883,0.0,0.08904368164584421,4.512586717202776,20.735929997285524,7.864427707645024,0.00039776407258579463,0.00039776407258579463,0.0003963786096819328,2.678171054384668,0.08904506710874807,0,0.0,0,20.735929997285524,,,,,,,,,,,
7767,7/5/1988,4.640,2.407,7.000,3.463,2.407,0.0,1.056,0.0,0.0,0.08904506710874807,20.735929997285524,0.08904506710874807,0.0,3.250161749764267,17.485768247521257,5.84095991965147,0.0,0.0,0.0,1.8877296999298423,0.0,0,0.0,0,17.485768247521257,,,,,,,,,,,
7768,7/6/1988,4.358,6.912,7.000,3.463,3.463,3.449,0.0,0,3.35955855428157,0.0,20.845326801802827,0.0,0.0,3.278790175282351,17.566536626520474,5.887696313400335,0.08944144571843,0.08944144571843,0.0,1.9054566363754022,0.08944144571843,0,0.0,0,17.566536626520474,,,,,,,,,,,
7769,7/7/1988,4.289,5.723,7.000,3.463,3.463,2.26,0.0,0,2.26,0.08944144571843,19.826934775779876,0.0,0.08944144571843,3.0161880016002063,16.81074677417967,5.457309513148049,0.0,0.0,0.00039814925940304455,1.7432442579590308,0.08904329645902696,0,0.0,0,16.81074677417967,,,,,,,,,,,
7770,7/8/1988,3.481,4.226,7.000,3.463,3.463,0.7629999999999999,0.0,0,0.7626018507561323,0.08904329645902696,17.573745001830822,0.0,0.08904329645902696,2.466832408956705,15.106912592874117,4.5436709804064686,0.00039814924386759326,0.00039814924386759326,0.0003963768950199571,1.4069992560564266,0.0890450688078746,0,0.0,0,15.106912592874117,,,,,,,,,,,
7771,7/9/1988,3.224,3.601,7.000,3.463,3.463,0.1379999999999999,0.0,0,0.13762177298213926,0.0890450688078746,15.2449307506409,0.0,0.0890450688078746,1.9464423175978043,13.298488433043097,3.6587886822418354,0.0003782270178606388,0.0003782270178606388,0.00039638478464400586,1.0930122251421823,0.08902691104109124,0,0.0,0,13.298488433043097,,,,,,,,,,,
7772,7/10/1988,4.358,7.028,7.000,3.463,3.463,3.5649999999999995,0.0,0,3.564585465322661,0.08902691104109124,16.86347020232097,0.0,0.08902691104109124,2.3029120950917017,14.560558107229266,4.267165966531541,0.0004145346773387592,0.0004145346773387592,0.0003963039552104123,1.3075750692022712,0.08904514176321959,0,0.0,0,14.560558107229266,,,,,,,,,,,
7773,7/11/1988,3.097,1.488,7.000,3.463,1.488,0.0,1.975,0.0,0.0,0.08904514176321959,14.560558107229266,0.08904514176321959,0.0,1.8030003644048687,12.757557742824398,3.41096533652252,0.0,0.0,0.0,1.0073762616409785,0.0,0,0.0,0,12.757557742824398,,,,,,,,,,,
7774,7/12/1988,2.608,1.575,7.000,3.463,1.575,0.0,1.8880000000000001,0.0,0.0,0.0,12.757557742824398,0.0,0.0,1.4464775000359718,11.311080242788426,2.7863530916076273,0.0,0.0,0.0,0.7965472135107415,0.0,0,0.0,0,11.311080242788426,,,,,,,,,,,
7775,7/13/1988,2.728,3.971,7.000,3.463,3.463,0.508,0.0,0,0.4185606399469387,0.0,11.729640882735366,0.0,0.0,1.2574970392204772,10.472143843514889,2.4495440149880605,0.08943936005306131,0.08943936005306131,0.0,0.68612909295678,0.08943936005306131,0,0.0,0,10.472143843514889,,,,,,,,,,,
7776,7/14/1988,14.060,27.030,7.000,3.463,3.463,23.567,0.0,0,23.56699791433463,0.08943936005306131,34.03953989782457,0.0,0.08943936005306131,7.424580384019605,26.614959513804962,12.310191044001868,2.0856653686854232e-06,2.0856653686854232e-06,0.0003981399750481771,4.553168998109323,0.08904330574338183,0,0.0,0,26.614959513804962,,,,,,,,,,,
7777,7/15/1988,26.591,64.344,7.000,3.463,3.463,60.88099999999999,0.0,0,60.880601860024946,0.08904330574338183,87.49595775076625,0.0,0.08904330574338183,35.81066842013859,51.68528933062766,49.10497283927181,0.0003981399750481759,0.0003981399750481759,0.0003963769363493317,24.356696860192518,0.08904506878208067,0,0.0,0,51.68528933062766,,,,,,,,,,,
7778,7/16/1988,76.307,27.792,7.000,3.463,3.463,24.329,0.0,0,24.32860362306365,0.08904506878208067,76.01428933847583,0.0,0.08904506878208067,28.32638657249117,47.68790276598466,40.106692474406955,0.00039637693634933643,0.00039637693634933643,0.00039638478452918397,18.97130727188784,0.08904506093390083,0,0.0,0,47.68790276598466,,,,,,,,,,,
7779,7/17/1988,125.302,10.759,7.000,3.463,3.463,7.296,0.0,0,7.295603615215471,0.08904506093390083,54.98390276594972,0.0,0.08904506093390083,16.51042995743603,38.47347280851369,25.031016665202543,0.00039638478452917703,0.00039638478452917703,0.00039638474959295314,10.671824691566227,0.08904506096883705,0,0.0,0,38.47347280851369,,,,,,,,,,,
7780,7/18/1988,96.238,11.793,7.000,3.463,3.463,8.329999999999998,0.0,0,8.329603615250406,0.08904506096883705,46.803472808513845,0.0,0.08904506096883705,12.62299982908963,34.180472979424216,19.749893419565435,0.0003963847495929602,0.0003963847495929602,0.00039638474974847197,8.016242010892594,0.08904506096868153,0,0.0,0,34.180472979424216,,,,,,,,,,,
7781,7/19/1988,74.908,10.698,7.000,3.463,3.463,7.235,0.0,0,7.2346036152502515,0.08904506096868153,41.415472979424216,0.0,0.08904506096868153,10.295248191705582,31.120224787718634,16.481341508797822,0.0003963847497484729,0.0003963847497484729,0.0003963847497477797,6.45089585840067,0.08904506096868223,0,0.0,0,31.120224787718634,,,,,,,,,,,
7782,7/20/1988,54.926,1.492,7.000,3.463,1.492,0.0,1.971,0.0,0.0,0.08904506096868223,31.120224787718634,0.08904506096868223,0.0,6.393965968384274,24.72625881933436,10.765892648766066,0.0,0.0,0.0,3.8827696253984207,0.0,0,0.0,0,24.72625881933436,,,,,,,,,,,
7783,7/21/1988,40.514,0.901,7.000,3.463,0.901,0.0,2.5620000000000003,0.0,0.0,0.0,24.72625881933436,0.0,0.0,4.3580926916076494,20.368166127726713,7.620567814402331,0.0,0.0,0.0,2.580558524090552,0.0,0,0.0,0,20.368166127726713,,,,,,,,,,,
7784,7/22/1988,15.580,1.569,7.000,3.463,1.569,0.0,1.8940000000000001,0.0,0.0,0.0,20.368166127726713,0.0,0.0,3.1546583045968215,17.21350782312989,5.684728364293927,0.0,0.0,0.0,1.8286680179558856,0.0,0,0.0,0,17.21350782312989,,,,,,,,,,,
7785,7/23/1988,7.731,1.132,7.000,3.463,1.132,0.0,2.3310000000000004,0.0,0.0,0.0,17.21350782312989,0.0,0.0,2.3831319008912537,14.830375922238638,4.402723768905748,0.0,0.0,0.0,1.356175364322017,0.0,0,0.0,0,14.830375922238638,,,,,,,,,,,
7786,7/24/1988,4.640,3.944,7.000,3.463,3.463,0.48099999999999987,0.0,0,0.39156236884113654,0.0,15.221938291079773,0.0,0.0,1.941552058871195,13.280386232208578,3.650369935748073,0.08943763115886333,0.08943763115886333,0.0,1.0900856796066092,0.08943763115886333,0,0.0,0,13.280386232208578,,,,,,,,,,,
7787,7/25/1988,19.086,50.979,7.000,3.463,3.463,47.516,0.0,0,47.51599618544043,0.08943763115886333,60.79678054992787,0.0,0.08943763115886333,19.520911019920945,41.27586953000692,28.99564784833192,3.814559566669362e-06,3.814559566669362e-06,0.0003981322788628238,12.757536424356656,0.08904331343956719,0,0.0,0,41.27586953000692,,,,,,,,,,,
7788,7/26/1988,25.268,1.322,7.000,3.463,1.322,0.0,2.141,0.0,0.0,0.08904331343956719,41.27586953000692,0.08904331343956719,0.0,10.23747442773398,31.038395102272943,16.399034730191786,0.0,0.0,0.0,6.41232054718924,0.0,0,0.0,0,31.038395102272943,,,,,,,,,,,
7789,7/27/1988,34.759,0.730,7.000,3.463,0.73,0.0,2.733,0.0,0.0,0.0,31.038395102272943,0.0,0.0,6.365969303846929,24.672425798426016,10.723537791654547,0.0,0.0,0.0,3.864652435397572,0.0,0,0.0,0,24.672425798426016,,,,,,,,,,,
7790,7/28/1988,38.908,0.613,7.000,3.463,0.613,0.0,2.85,0.0,0.0,0.0,24.672425798426016,0.0,0.0,4.342290395832722,20.330135402593292,7.595570373461997,0.0,0.0,0.0,2.570587001881862,0.0,0,0.0,0,20.330135402593292,,,,,,,,,,,
7791,7/29/1988,13.861,2.708,7.000,3.463,2.708,0.0,0.7549999999999999,0.0,0.0,0.0,20.330135402593292,0.0,0.0,3.1448473037549345,17.185288098838356,5.668650504476379,0.0,0.0,0.0,1.822607255398373,0.0,0,0.0,0,17.185288098838356,,,,,,,,,,,
7792,7/30/1988,14.561,0.871,7.000,3.463,0.871,0.0,2.592,0.0,0.0,0.0,17.185288098838356,0.0,0.0,2.3766239722804867,14.808664126557868,4.391743897345581,0.0,0.0,0.0,1.352228543666521,0.0,0,0.0,0,14.808664126557868,,,,,,,,,,,
7793,7/31/1988,10.798,1.939,7.000,3.463,1.939,0.0,1.524,0.0,0.0,0.0,14.808664126557868,0.0,0.0,1.8544946432787706,12.954169483279099,3.500144970511075,0.0,0.0,0.0,1.0380689611152805,0.0,0,0.0,0,12.954169483279099,,,,,,,,,,,
7794,8/1/1988,7.237,1.784,8.000,3.792,1.784,0.0,2.008,0.0,0.0,0.0,12.954169483279099,0.0,0.0,1.4838217612809235,11.470347721998175,2.852408997447583,0.0,0.0,0.0,0.8184836163839189,0.0,0,0.0,0,11.470347721998175,,,,,,,,,,,
7795,8/2/1988,6.281,0.884,8.000,3.792,0.884,0.0,2.908,0.0,0.0,0.0,11.470347721998175,0.0,0.0,1.2115092960246332,10.258838425973542,2.3669010103700545,0.0,0.0,0.0,0.6594182288587308,0.0,0,0.0,0,10.258838425973542,,,,,,,,,,,
7796,8/3/1988,5.441,1.553,8.000,3.792,1.553,0.0,2.239,0.0,0.0,0.0,10.258838425973542,0.0,0.0,1.00584121650304,9.252997209470502,1.993648893983768,0.0,0.0,0.0,0.5408130042494427,0.0,0,0.0,0,9.252997209470502,,,,,,,,,,,
7797,8/4/1988,4.358,0.974,8.000,3.792,0.974,0.0,2.8179999999999996,0.0,0.0,0.0,9.252997209470502,0.0,0.0,0.8469085097678708,8.40608869970263,1.7006010538254668,0.0,0.0,0.0,0.45023511847840175,0.0,0,0.0,0,8.40608869970263,,,,,,,,,,,
7798,8/5/1988,4.082,0.439,8.000,3.792,0.439,0.0,3.3529999999999998,0.0,0.0,0.0,8.40608869970263,0.0,0.0,0.7216983712879529,7.684390328414677,1.4664025592563794,0.0,0.0,0.0,0.3796529074989584,0.0,0,0.0,0,7.684390328414677,,,,,,,,,,,
7799,8/6/1988,3.811,1.275,8.000,3.792,1.275,0.0,2.517,0.0,0.0,0.0,7.684390328414677,0.0,0.0,0.6214146284273867,7.062975699987291,1.276367068623698,0.0,0.0,0.0,0.32369585864169975,0.0,0,0.0,0,7.062975699987291,,,,,,,,,,,
7800,8/7/1988,4.150,6.879,8.000,3.792,3.792,3.0869999999999997,0.0,0,2.9975585542815697,0.0,10.06053425426886,0.0,0.0,0.973645478864995,9.086888775403866,1.9346338193189032,0.08944144571843,0.08944144571843,0.0,0.5223828171806235,0.08944144571843,0,0.0,0,9.086888775403866,,,,,,,,,,,
7801,8/8/1988,4.358,3.144,8.000,3.792,3.144,0.0,0.6479999999999997,0.0,0.0,0.08944144571843,9.08704012548691,0.05544170839020107,0.03399973732822893,0.8217439607056942,8.265296164781216,1.653783959212328,0.0,0.0,0.0001513500830448117,0.4359908823542528,0.033848387245184124,0,0.0,0,8.265296164781216,,,,,,,,,,,
7802,8/9/1988,4.082,2.809,8.000,3.792,2.809,0.0,0.9829999999999997,0.0,0.0,0.033848387245184124,8.265301204958362,0.03271614670974005,0.0011322405354440707,0.7016657089760383,7.563635495982324,1.428627102292757,0.0,0.0,5.040177146424109e-06,0.36843155257013765,0.0011272003582976466,0,0.0,0,7.563635495982324,,,,,,,,,,,
7803,8/10/1988,4.854,11.297,8.000,3.792,3.792,7.505000000000001,0.0,0,7.416685754639868,0.0011272003582976466,14.980326268362953,0.0,0.0011272003582976466,1.8904617673472428,13.089864501015711,3.562290998526707,0.08831424536013235,0.08831424536013235,5.017740760451253e-06,1.0595402246568657,0.08943642797766956,0,0.0,0,13.089864501015711,,,,,,,,,,,
7804,8/11/1988,4.219,0.299,8.000,3.792,0.299,0.0,3.493,0.0,0.0,0.08943642797766956,13.089864501015711,0.08943642797766956,0.0,1.5098171808711458,11.580047320144566,2.8982984117141886,0.0,0.0,0.0,0.8337751089475913,0.0,0,0.0,0,11.580047320144566,,,,,,,,,,,
7805,8/12/1988,3.547,0.361,8.000,3.792,0.361,0.0,3.431,0.0,0.0,0.0,11.580047320144566,0.0,0.0,1.2308817565621382,10.349165563582428,2.4017488482705276,0.0,0.0,0.0,0.6706622632683139,0.0,0,0.0,0,10.349165563582428,,,,,,,,,,,
7806,8/13/1988,3.224,0.938,8.000,3.792,0.938,0.0,2.854,0.0,0.0,0.0,10.349165563582428,0.0,0.0,1.0206448988021914,9.328520664780237,2.020727957568826,0.0,0.0,0.0,0.5493003644687829,0.0,0,0.0,0,9.328520664780237,,,,,,,,,,,
7807,8/14/1988,3.288,4.997,8.000,3.792,3.792,1.205,0.0,0,1.1155585542819253,0.0,10.444079219062163,0.0,0.0,1.0362933396659169,9.407785879396245,2.049314497544485,0.08944144571807477,0.08944144571807477,0.0,0.5582808571198051,0.08944144571807477,0,0.0,0,9.407785879396245,,,,,,,,,,,
7808,8/15/1988,3.160,1.551,8.000,3.792,1.551,0.0,2.2409999999999997,0.0,0.0,0.08944144571807477,9.407785879396245,0.08944144571807477,0.0,0.8706524342400184,8.537133445156227,1.7446655087871517,0.0,0.0,0.0,0.4637007964766603,0.0,0,0.0,0,8.537133445156227,,,,,,,,,,,
7809,8/16/1988,2.973,2.963,8.000,3.792,2.963,0.0,0.8289999999999997,0.0,0.0,0.0,8.537133445156227,0.0,0.0,0.740546888186862,7.796586556969365,1.5018647275321046,0.0,0.0,0.0,0.39022970274935587,0.0,0,0.0,0,7.796586556969365,,,,,,,,,,,
7810,8/17/1988,2.608,0.356,8.000,3.792,0.356,0.0,3.436,0.0,0.0,0.0,7.796586556969365,0.0,0.0,0.6366097502299427,7.159976806739422,1.305315675718572,0.0,0.0,0.0,0.3321385783311329,0.0,0,0.0,0,7.159976806739422,,,,,,,,,,,
7811,8/18/1988,2.431,0.149,8.000,3.792,0.149,0.0,3.643,0.0,0.0,0.0,7.159976806739422,0.0,0.0,0.55235523001145,6.607621576727972,1.1440460599719808,0.0,0.0,0.0,0.28550097317114126,0.0,0,0.0,0,6.607621576727972,,,,,,,,,,,
7812,8/19/1988,2.431,2.661,8.000,3.792,2.661,0.0,1.1309999999999998,0.0,0.0,0.0,6.607621576727972,0.0,0.0,0.48317862742364676,6.124442949304325,1.0101519763812692,0.0,0.0,0.0,0.24755581083915132,0.0,0,0.0,0,6.124442949304325,,,,,,,,,,,
7813,8/20/1988,2.489,2.206,8.000,3.792,2.206,0.0,1.5859999999999999,0.0,0.0,0.0,6.124442949304325,0.0,0.0,0.42573899802234266,5.698703951281982,0.8978217164972628,0.0,0.0,0.0,0.21631775589435065,0.0,0,0.0,0,5.698703951281982,,,,,,,,,,,
7814,8/21/1988,2.373,2.192,8.000,3.792,2.192,0.0,1.5999999999999996,0.0,0.0,0.0,5.698703951281982,0.0,0.0,0.37756576133927927,5.321138189942703,0.8027042995419061,0.0,0.0,0.0,0.19033111510307604,0.0,0,0.0,0,5.321138189942703,,,,,,,,,,,
7815,8/22/1988,2.144,0.382,8.000,3.792,0.382,0.0,3.4099999999999997,0.0,0.0,0.0,5.321138189942703,0.0,0.0,0.3368009755650586,4.9843372143776445,0.7214900107313701,0.0,0.0,0.0,0.16850995357933404,0.0,0,0.0,0,4.9843372143776445,,,,,,,,,,,
7816,8/23/1988,1.978,0.005,8.000,3.792,0.005,0.0,3.787,0.0,0.0,0.0,4.9843372143776445,0.0,0.0,0.30202633029113146,4.6823108840865135,0.65162518553694,0.0,0.0,0.0,0.15003161547244032,0.0,0,0.0,0,4.6823108840865135,,,,,,,,,,,
7817,8/24/1988,1.869,0.326,8.000,3.792,0.326,0.0,3.4659999999999997,0.0,0.0,0.0,4.6823108840865135,0.0,0.0,0.272144474127781,4.410166409958732,0.5911142158702128,0.0,0.0,0.0,0.13426423459647155,0.0,0,0.0,0,4.410166409958732,,,,,,,,,,,
7818,8/25/1988,1.763,0.391,8.000,3.792,0.391,0.0,3.401,0.0,0.0,0.0,4.410166409958732,0.0,0.0,0.2462960271023484,4.163870382856384,0.5383795360407649,0.0,0.0,0.0,0.12071640577861673,0.0,0,0.0,0,4.163870382856384,,,,,,,,,,,
7819,8/26/1988,1.606,0.393,8.000,3.792,0.393,0.0,3.399,0.0,0.0,0.0,4.163870382856384,0.0,0.0,0.2238005319241958,3.940069850932188,0.49216094662855636,0.0,0.0,0.0,0.10900161931607681,0.0,0,0.0,0,3.940069850932188,,,,,,,,,,,
7820,8/27/1988,1.555,1.131,8.000,3.792,1.131,0.0,2.6609999999999996,0.0,0.0,0.0,3.940069850932188,0.0,0.0,0.20411377424803268,3.7359560766841553,0.4514421245322638,0.0,0.0,0.0,0.09881272312477822,0.0,0,0.0,0,3.7359560766841553,,,,,,,,,,,
7821,8/28/1988,1.658,5.887,8.000,3.792,3.792,2.0949999999999998,0.0,0,2.0055585542815697,0.0,5.741514630965725,0.0,0.0,0.38230493521895526,5.359209695746769,0.8121013514409618,0.08944144571843,0.08944144571843,0.0,0.19287838134131166,0.08944144571843,0,0.0,0,5.359209695746769,,,,,,,,,,,
7822,8/29/1988,1.816,2.040,8.000,3.792,2.04,0.0,1.7519999999999998,0.0,0.0,0.08944144571843,5.359209695746769,0.08944144571843,0.0,0.3408267673860519,5.018382928360717,0.7295421951949971,0.0,0.0,0.0,0.1706575345693448,0.0,0,0.0,0,5.018382928360717,,,,,,,,,,,
7823,8/30/1988,1.816,1.481,8.000,3.792,1.481,0.0,2.311,0.0,0.0,0.0,5.018382928360717,0.0,0.0,0.3054724910751921,4.712910437285525,0.658574473883237,0.0,0.0,0.0,0.15185682125992891,0.0,0,0.0,0,4.712910437285525,,,,,,,,,,,
7824,8/31/1988,1.606,0.881,8.000,3.792,0.881,0.0,2.9109999999999996,0.0,0.0,0.0,4.712910437285525,0.0,0.0,0.27511509655266264,4.437795340732863,0.597150755952259,0.0,0.0,0.0,0.13582680495610627,0.0,0,0.0,0,4.437795340732863,,,,,,,,,,,
7825,9/1/1988,1.555,1.099,9.000,4.609,1.099,0.0,3.51,0.0,0.0,0.0,4.437795340732863,0.0,0.0,0.24887306383902727,4.188922276893836,0.5436544016275547,0.0,0.0,0.0,0.12206305469670568,0.0,0,0.0,0,4.188922276893836,,,,,,,,,,,
7826,9/2/1988,1.504,0.813,9.000,4.609,0.813,0.0,3.7960000000000003,0.0,0.0,0.0,4.188922276893836,0.0,0.0,0.22604918652944872,3.962873090364387,0.49679537265181606,0.0,0.0,0.0,0.11016927171732001,0.0,0,0.0,0,3.962873090364387,,,,,,,,,,,
7827,9/3/1988,1.454,0.272,9.000,4.609,0.272,0.0,4.337,0.0,0.0,0.0,3.962873090364387,0.0,0.0,0.20608642487495743,3.7567866654894297,0.4555342936934349,0.0,0.0,0.0,0.09983085557400313,0.0,0,0.0,0,3.7567866654894297,,,,,,,,,,,
7828,9/4/1988,1.504,0.589,9.000,4.609,0.589,0.0,4.02,0.0,0.0,0.0,3.7567866654894297,0.0,0.0,0.18853558555542302,3.5682510799340066,0.41902633319988974,0.0,0.0,0.0,0.09079567397763673,0.0,0,0.0,0,3.5682510799340066,,,,,,,,,,,
7829,9/5/1988,1.658,4.618,9.000,4.609,4.609,0.009000000000000341,0.0,0,3.025334129054015e-05,0.0,3.568281333275297,0.0,0.0,0.17303379171509253,3.3952475415602046,0.3865843355877869,0.008969746658709801,0.008969746658709801,0.0,0.08286113242381368,0.008969746658709801,0,0.0,0,3.3952475415602046,,,,,,,,,,,
7830,9/6/1988,1.710,0.268,9.000,4.609,0.268,0.0,4.341,0.0,0.0,0.008969746658709801,3.3952475415602046,0.008969746658709801,0.0,0.15927643147476048,3.235971110085444,0.3576259489155228,0.0,0.0,0.0,0.07585845543016016,0.0,0,0.0,0,3.235971110085444,,,,,,,,,,,
7831,9/7/1988,1.710,0.573,9.000,4.609,0.573,0.0,4.036,0.0,0.0,0.0,3.235971110085444,0.0,0.0,0.1470190134108276,3.0889520966746162,0.33168178437722046,0.0,0.0,0.0,0.06965263877411197,0.0,0,0.0,0,3.0889520966746162,,,,,,,,,,,
7832,9/8/1988,1.658,4.237,9.000,4.609,4.237,0.0,0.3719999999999999,0.0,0.0,0.0,3.0889520966746162,0.0,0.0,0.13605601088285657,2.9528960857917594,0.30835429367830214,0.0,0.0,0.0,0.06413088587079462,0.0,0,0.0,0,2.9528960857917594,,,,,,,,,,,
7833,9/9/1988,1.710,2.909,9.000,4.609,2.909,0.0,1.7000000000000002,0.0,0.0,0.0,2.9528960857917594,0.0,0.0,0.12621550756811578,2.8266805782236437,0.2873088613500941,0.0,0.0,0.0,0.05919933106811332,0.0,0,0.0,0,2.8266805782236437,,,,,,,,,,,
7834,9/10/1988,1.869,3.151,9.000,4.609,3.151,0.0,1.4580000000000002,0.0,0.0,0.0,2.8266805782236437,0.0,0.0,0.11735285761930193,2.7093277206043416,0.26826226524068325,0.0,0.0,0.0,0.05477939145059404,0.0,0,0.0,0,2.7093277206043416,,,,,,,,,,,
7835,9/11/1988,1.816,3.574,9.000,4.609,3.574,0.0,1.0350000000000001,0.0,0.0,0.0,2.7093277206043416,0.0,0.0,0.10934569234043788,2.599982028263904,0.25097352721740473,0.0,0.0,0.0,0.050804907633018134,0.0,0,0.0,0,2.599982028263904,,,,,,,,,,,
7836,9/12/1988,1.710,2.295,9.000,4.609,2.295,0.0,2.314,0.0,0.0,0.0,2.599982028263904,0.0,0.0,0.1020899570810361,2.497892071182868,0.23523660508588742,0.0,0.0,0.0,0.04721988529968746,0.0,0,0.0,0,2.497892071182868,,,,,,,,,,,
7837,9/13/1988,1.658,1.137,9.000,4.609,1.137,0.0,3.472,0.0,0.0,0.0,2.497892071182868,0.0,0.0,0.09549674309925582,2.402395328083612,0.22087451457813106,0.0,0.0,0.0,0.043976698142189435,0.0,0,0.0,0,2.402395328083612,,,,,,,,,,,
7838,9/14/1988,1.555,1.032,9.000,4.609,1.032,0.0,3.577,0.0,0.0,0.0,2.402395328083612,0.0,0.0,0.0894897377849151,2.312905590298697,0.2077345706947302,0.0,0.0,0.0,0.04103464806226837,0.0,0,0.0,0,2.312905590298697,,,,,,,,,,,
7839,9/15/1988,1.454,0.437,9.000,4.609,0.437,0.0,4.172,0.0,0.0,0.0,2.312905590298697,0.0,0.0,0.08400315949046308,2.2289024308082337,0.195684511582414,0.0,0.0,0.0,0.03835880412704108,0.0,0,0.0,0,2.2289024308082337,,,,,,,,,,,
7840,9/16/1988,1.307,0.139,9.000,4.609,0.139,0.0,4.47,0.0,0.0,0.0,2.2289024308082337,0.0,0.0,0.07898007483874882,2.1499223559694847,0.1846093230030195,0.0,0.0,0.0,0.035919060584681264,0.0,0,0.0,0,2.1499223559694847,,,,,,,,,,,
7841,9/17/1988,1.259,0.424,9.000,4.609,0.424,0.0,4.185,0.0,0.0,0.0,2.1499223559694847,0.0,0.0,0.07437101991555924,2.0755513360539255,0.17440862255489203,0.0,0.0,0.0,0.033689368199921584,0.0,0,0.0,0,2.0755513360539255,,,,,,,,,,,
7842,9/18/1988,1.307,0.613,9.000,4.609,0.613,0.0,3.996,0.0,0.0,0.0,2.0755513360539255,0.0,0.0,0.07013286442563665,2.005418471628289,0.1649944938504863,0.0,0.0,0.0,0.031647103598583276,0.0,0,0.0,0,2.005418471628289,,,,,,,,,,,
7843,9/19/1988,1.307,0.283,9.000,4.609,0.283,0.0,4.326,0.0,0.0,0.0,2.005418471628289,0.0,0.0,0.06622787126171586,1.939190600366573,0.15628968447914893,0.0,0.0,0.0,0.029772549170478495,0.0,0,0.0,0,1.939190600366573,,,,,,,,,,,
7844,9/20/1988,1.259,0.525,9.000,4.609,0.525,0.0,4.084,0.0,0.0,0.0,1.939190600366573,0.0,0.0,0.06262291412937541,1.8765676862371976,0.14822609969561817,0.0,0.0,0.0,0.028048462048678197,0.0,0,0.0,0,1.8765676862371976,,,,,,,,,,,
7845,9/21/1988,1.165,0.087,9.000,4.609,0.087,0.0,4.522,0.0,0.0,0.0,1.8765676862371976,0.0,0.0,0.05928882369658518,1.8172788625406124,0.14074353775558657,0.0,0.0,0.0,0.0264597152481344,0.0,0,0.0,0,1.8172788625406124,,,,,,,,,,,
7846,9/22/1988,1.119,0.083,9.000,4.609,0.083,0.0,4.526,0.0,0.0,0.0,1.8172788625406124,0.0,0.0,0.0561998387859806,1.7610790237546319,0.13378862368268674,0.0,0.0,0.0,0.024992997561943262,0.0,0,0.0,0,1.7610790237546319,,,,,,,,,,,
7847,9/23/1988,1.073,0.003,9.000,4.609,0.003,0.0,4.606,0.0,0.0,0.0,1.7610790237546319,0.0,0.0,0.053333143833483844,1.707745879921148,0.12731390674438214,0.0,0.0,0.0,0.023636561538064246,0.0,0,0.0,0,1.707745879921148,,,,,,,,,,,
7848,9/24/1988,1.073,0.051,9.000,4.609,0.051,0.0,4.558,0.0,0.0,0.0,1.707745879921148,0.0,0.0,0.050668477519603024,1.6570774024015449,0.12127709359382996,0.0,0.0,0.0,0.022380010983975355,0.0,0,0.0,0,1.6570774024015449,,,,,,,,,,,
7849,9/25/1988,1.073,0.421,9.000,4.609,0.421,0.0,4.188,0.0,0.0,0.0,1.6570774024015449,0.0,0.0,0.048187800378610916,1.608889602022934,0.11564039431772791,0.0,0.0,0.0,0.021214121113343108,0.0,0,0.0,0,1.608889602022934,,,,,,,,,,,
7850,9/26/1988,1.073,0.246,9.000,4.609,0.246,0.0,4.3629999999999995,0.0,0.0,0.0,1.608889602022934,0.0,0.0,0.045875011485261616,1.5630145905376724,0.11036996283094543,0.0,0.0,0.0,0.020130685763388338,0.0,0,0.0,0,1.5630145905376724,,,,,,,,,,,
7851,9/27/1988,1.028,0.008,9.000,4.609,0.008,0.0,4.601,0.0,0.0,0.0,1.5630145905376724,0.0,0.0,0.04371570614432909,1.5192988843933433,0.10543541641618766,0.0,0.0,0.0,0.01912238715411349,0.0,0,0.0,0,1.5192988843933433,,,,,,,,,,,
7852,9/28/1988,0.983,0.019,9.000,4.609,0.019,0.0,4.59,0.0,0.0,0.0,1.5192988843933433,0.0,0.0,0.04169696796815,1.4776019164251932,0.10080942190351302,0.0,0.0,0.0,0.01818268449146728,0.0,0,0.0,0,1.4776019164251932,,,,,,,,,,,
7853,9/29/1988,1.028,0.078,9.000,4.609,0.078,0.0,4.531,0.0,0.0,0.0,1.4776019164251932,0.0,0.0,0.03980718990040423,1.437794726524789,0.09646733816045797,0.0,0.0,0.0,0.017305718382026516,0.0,0,0.0,0,1.437794726524789,,,,,,,,,,,
7854,9/30/1988,0.983,0.107,9.000,4.609,0.107,0.0,4.502,0.0,0.0,0.0,1.437794726524789,0.0,0.0,0.03803591969127218,1.3997588068335167,0.09238690632722842,0.0,0.0,0.0,0.01648622856228777,0.0,0,0.0,0,1.3997588068335167,,,,,,,,,,,
7855,10/1/1988,0.983,0.264,10.000,5.054,0.264,0.0,4.79,0.0,0.0,0.0,1.3997588068335167,0.0,0.0,0.03637372609683595,1.3633850807366807,0.0885479806671349,0.0,0.0,0.0,0.01571948287850169,0.0,0,0.0,0,1.3633850807366807,,,,,,,,,,,
7856,10/2/1988,1.028,0.872,10.000,5.054,0.872,0.0,4.182,0.0,0.0,0.0,1.3633850807366807,0.0,0.0,0.034812082700680265,1.3285729980360004,0.08493229407599867,0.0,0.0,0.0,0.015001215804334962,0.0,0,0.0,0,1.3285729980360004,,,,,,,,,,,
7857,10/3/1988,1.028,0.092,10.000,5.054,0.092,0.0,4.962000000000001,0.0,0.0,0.0,1.3285729980360004,0.0,0.0,0.03334326676666738,1.295229731269333,0.08152325325731162,0.0,0.0,0.0,0.014327575070026266,0.0,0,0.0,0,1.295229731269333,,,,,,,,,,,
7858,10/4/1988,1.028,0.027,10.000,5.054,0.027,0.0,5.027,0.0,0.0,0.0,1.295229731269333,0.0,0.0,0.03196027095125338,1.2632694603180796,0.0783057593632548,0.0,0.0,0.0,0.013695075211049365,0.0,0,0.0,0,1.2632694603180796,,,,,,,,,,,
7859,10/5/1988,0.939,0.104,10.000,5.054,0.104,0.0,4.95,0.0,0.0,0.0,1.2632694603180796,0.0,0.0,0.03065672604920119,1.2326127342688784,0.07526605055757922,0.0,0.0,0.0,0.013100557036792877,0.0,0,0.0,0,1.2326127342688784,,,,,,,,,,,
7860,10/6/1988,0.896,0.047,10.000,5.054,0.047,0.0,5.007000000000001,0.0,0.0,0.0,1.2326127342688784,0.0,0.0,0.029426833232179133,1.2031859010366992,0.0723915635005394,0.0,0.0,0.0,0.012541152178465626,0.0,0,0.0,0,1.2031859010366992,,,,,,,,,,,
7861,10/7/1988,0.896,0.010,10.000,5.054,0.01,0.0,5.0440000000000005,0.0,0.0,0.0,1.2031859010366992,0.0,0.0,0.028265304476702807,1.1749205965599965,0.06967081120910702,0.0,0.0,0.0,0.01201425200673228,0.0,0,0.0,0,1.1749205965599965,,,,,,,,,,,
7862,10/8/1988,0.896,0.000,10.000,5.054,0.0,0.0,5.054,0.0,0.0,0.0,1.1749205965599965,0.0,0.0,0.027167310075132525,1.1477532864848639,0.0670932751240766,0.0,0.0,0.0,0.011517480318578549,0.0,0,0.0,0,1.1477532864848639,,,,,,,,,,,
7863,10/9/1988,0.896,0.069,10.000,5.054,0.069,0.0,4.985,0.0,0.0,0.0,1.1477532864848639,0.0,0.0,0.026128432288164433,1.1216248541966993,0.06464930953270684,0.0,0.0,0.0,0.011048669283681818,0.0,0,0.0,0,1.1216248541966993,,,,,,,,,,,
7864,10/10/1988,0.983,0.258,10.000,5.054,0.258,0.0,4.796,0.0,0.0,0.0,1.1216248541966993,0.0,0.0,0.025144624335243938,1.0964802298614553,0.062330056761976144,0.0,0.0,0.0,0.010605838216406404,0.0,0,0.0,0,1.0964802298614553,,,,,,,,,,,
7865,10/11/1988,0.939,0.240,10.000,5.054,0.24,0.0,4.814,0.0,0.0,0.0,1.0964802298614553,0.0,0.0,0.024212174035271775,1.0722680558261835,0.060127371782101306,0.0,0.0,0.0,0.010187174803102253,0.0,0,0.0,0,1.0722680558261835,,,,,,,,,,,
7866,10/12/1988,0.939,0.003,10.000,5.054,0.003,0.0,5.051,0.0,0.0,0.0,1.0722680558261835,0.0,0.0,0.02332767150767292,1.0489403843185106,0.05803375504979084,0.0,0.0,0.0,0.009791018467808653,0.0,0,0.0,0,1.0489403843185106,,,,,,,,,,,
7867,10/13/1988,0.853,0.033,10.000,5.054,0.033,0.0,5.021,0.0,0.0,0.0,1.0489403843185106,0.0,0.0,0.02248798042645755,1.026452403892053,0.05604229258159543,0.0,0.0,0.0,0.009415845604494991,0.0,0,0.0,0,1.026452403892053,,,,,,,,,,,
7868,10/14/1988,0.896,0.079,10.000,5.054,0.079,0.0,4.9750000000000005,0.0,0.0,0.0,1.026452403892053,0.0,0.0,0.021690212389857744,1.0047621915021954,0.05414660238444975,0.0,0.0,0.0,0.009060256442031735,0.0,0,0.0,0,1.0047621915021954,,,,,,,,,,,
7869,10/15/1988,0.939,0.326,10.000,5.054,0.326,0.0,4.728000000000001,0.0,0.0,0.0,1.0047621915021954,0.0,0.0,0.020931704027553982,0.9838304874746414,0.05234078648699823,0.0,0.0,0.0,0.008722963340341384,0.0,0,0.0,0,0.9838304874746414,,,,,,,,,,,
7870,10/16/1988,0.983,0.152,10.000,5.054,0.152,0.0,4.902,0.0,0.0,0.0,0.9838304874746414,0.0,0.0,0.020209996518123576,0.9636204909565178,0.05061938791480416,0.0,0.0,0.0,0.008402780343586687,0.0,0,0.0,0,0.9636204909565178,,,,,,,,,,,
7871,10/17/1988,1.028,1.193,10.000,5.054,1.193,0.0,3.861,0.0,0.0,0.0,0.9636204909565178,0.0,0.0,0.019522817232562172,0.9440976737239556,0.04897735203774035,0.0,0.0,0.0,0.008098613839599585,0.0,0,0.0,0,0.9440976737239556,,,,,,,,,,,
7872,10/18/1988,0.896,1.150,10.000,5.054,1.15,0.0,3.9040000000000004,0.0,0.0,0.0,0.9440976737239556,0.0,0.0,0.018868063256719084,0.9252296104672365,0.04740999179097649,0.0,0.0,0.0,0.007809454194688816,0.0,0,0.0,0,0.9252296104672365,,,,,,,,,,,
7873,10/19/1988,0.939,0.443,10.000,5.054,0.443,0.0,4.611000000000001,0.0,0.0,0.0,0.9252296104672365,0.0,0.0,0.018243786577219326,0.9069858238900171,0.04591295633387281,0.0,0.0,0.0,0.007534368250026063,0.0,0,0.0,0,0.9069858238900171,,,,,,,,,,,
7874,10/20/1988,0.983,1.147,10.000,5.054,1.147,0.0,3.907,0.0,0.0,0.0,0.9069858238900171,0.0,0.0,0.01764818074272747,0.8893376431472897,0.04448220276530475,0.0,0.0,0.0,0.007272492580446619,0.0,0,0.0,0,0.8893376431472897,,,,,,,,,,,
7875,10/21/1988,1.028,0.112,10.000,5.054,0.112,0.0,4.942,0.0,0.0,0.0,0.8893376431472897,0.0,0.0,0.017079568835917422,0.8722580743113723,0.04311397056078273,0.0,0.0,0.0,0.0070230274290842025,0.0,0,0.0,0,0.8722580743113723,,,,,,,,,,,
7876,10/22/1988,1.028,0.003,10.000,5.054,0.003,0.0,5.051,0.0,0.0,0.0,0.8722580743113723,0.0,0.0,0.016536392611811362,0.8557216816995609,0.04180475843727583,0.0,0.0,0.0,0.006785231242101222,0.0,0,0.0,0,0.8557216816995609,,,,,,,,,,,
7877,10/23/1988,0.689,0.021,10.000,5.054,0.021,0.0,5.033,0.0,0.0,0.0,0.8557216816995609,0.0,0.0,0.016017202675716182,0.8397044790238447,0.04055130338682144,0.0,0.0,0.0,0.00655841573713684,0.0,0,0.0,0,0.8397044790238447,,,,,,,,,,,
7878,10/24/1988,0.689,0.000,10.000,5.054,0.0,0.0,5.054,0.0,0.0,0.0,0.8397044790238447,0.0,0.0,0.015520649589214452,0.8241838294346302,0.03935056165057016,0.0,0.0,0.0,0.006341941447193636,0.0,0,0.0,0,0.8241838294346302,,,,,,,,,,,
7879,10/25/1988,0.689,0.035,10.000,5.054,0.035,0.0,5.019,0.0,0.0,0.0,0.8241838294346302,0.0,0.0,0.015045475805896387,0.8091383536287338,0.038199691431535086,0.0,0.0,0.0,0.006135213688704125,0.0,0,0.0,0,0.8091383536287338,,,,,,,,,,,
7880,10/26/1988,0.729,0.262,10.000,5.054,0.262,0.0,4.792,0.0,0.0,0.0,0.8091383536287338,0.0,0.0,0.014590508350033633,0.7945478452787001,0.0370960371675367,0.0,0.0,0.0,0.00593767890861593,0.0,0,0.0,0,0.7945478452787001,,,,,,,,,,,
7881,10/27/1988,0.770,3.159,10.000,5.054,3.159,0.0,1.8950000000000005,0.0,0.0,0.0,0.7945478452787001,0.0,0.0,0.014154652161435442,0.7803931931172647,0.036037115206130815,0.0,0.0,0.0,0.005748821370640049,0.0,0,0.0,0,0.7803931931172647,,,,,,,,,,,
7882,10/28/1988,0.811,0.405,10.000,5.054,0.405,0.0,4.649,0.0,0.0,0.0,0.7803931931172647,0.0,0.0,0.013736884038498147,0.7666563090787666,0.03502060074107656,0.0,0.0,0.0,0.005568160145432133,0.0,0,0.0,0,0.7666563090787666,,,,,,,,,,,
7883,10/29/1988,0.853,0.489,10.000,5.054,0.489,0.0,4.565,0.0,0.0,0.0,0.7666563090787666,0.0,0.0,0.013336247119133088,0.7533200619596335,0.03404431588548563,0.0,0.0,0.0,0.0053952463735158305,0.0,0,0.0,0,0.7533200619596335,,,,,,,,,,,
7884,10/30/1988,0.853,0.494,10.000,5.054,0.494,0.0,4.5600000000000005,0.0,0.0,0.0,0.7533200619596335,0.0,0.0,0.01295184584598513,0.7403682161136484,0.03310621877048425,0.0,0.0,0.0,0.005229660773290917,0.0,0,0.0,0,0.7403682161136484,,,,,,,,,,,
7885,10/31/1988,0.896,0.165,10.000,5.054,0.165,0.0,4.889,0.0,0.0,0.0,0.7403682161136484,0.0,0.0,0.012582841368260171,0.7277853747453883,0.03220439357026623,0.0,0.0,0.0,0.0050710113695652875,0.0,0,0.0,0,0.7277853747453883,,,,,,,,,,,
7886,11/1/1988,0.811,0.001,11.000,5.054,0.001,0.0,5.053,0.0,0.0,0.0,0.7277853747453883,0.0,0.0,0.012228447337674185,0.7155569274077141,0.03133704136503085,0.0,0.0,0.0,0.004918931420767721,0.0,0,0.0,0,0.7155569274077141,,,,,,,,,,,
7887,11/2/1988,0.729,0.028,11.000,5.054,0.028,0.0,5.026000000000001,0.0,0.0,0.0,0.7155569274077141,0.0,0.0,0.011887926060611391,0.7036690013471028,0.030502471762671613,0.0,0.0,0.0,0.004773077525387566,0.0,0,0.0,0,0.7036690013471028,,,,,,,,,,,
7888,11/3/1988,0.770,0.217,11.000,5.054,0.217,0.0,4.837000000000001,0.0,0.0,0.0,0.7036690013471028,0.0,0.0,0.011560584972615136,0.6921084163744876,0.029699095208364102,0.0,0.0,0.0,0.0046331278902913015,0.0,0,0.0,0,0.6921084163744876,,,,,,,,,,,
7889,11/4/1988,0.689,0.031,11.000,5.054,0.031,0.0,5.023000000000001,0.0,0.0,0.0,0.6921084163744876,0.0,0.0,0.011245773404900917,0.6808626429695867,0.02892541591853584,0.0,0.0,0.0,0.004498780745421137,0.0,0,0.0,0,0.6808626429695867,,,,,,,,,,,
7890,11/5/1988,0.689,0.024,11.000,5.054,0.024,0.0,5.03,0.0,0.0,0.0,0.6808626429695867,0.0,0.0,0.010942879615735916,0.6699197633538507,0.028180025382202444,0.0,0.0,0.0,0.004369752891019216,0.0,0,0.0,0,0.6699197633538507,,,,,,,,,,,
7891,11/6/1988,0.689,0.533,11.000,5.054,0.533,0.0,4.521,0.0,0.0,0.0,0.6699197633538507,0.0,0.0,0.010651328062324984,0.6592684352915258,0.02746159637842654,0.0,0.0,0.0,0.004245778364970134,0.0,0,0.0,0,0.6592684352915258,,,,,,,,,,,
7892,11/7/1988,0.689,1.574,11.000,5.054,1.574,0.0,3.4800000000000004,0.0,0.0,0.0,0.6592684352915258,0.0,0.0,0.01037057689132353,0.6488978584002023,0.026768877463787918,0.0,0.0,0.0,0.004126607219137984,0.0,0,0.0,0,0.6488978584002023,,,,,,,,,,,
7893,11/8/1988,0.983,6.855,11.000,5.054,5.054,1.8010000000000002,0.0,0,1.71155855428157,0.0,2.3604564126817724,0.0,0.0,0.08690119595938446,2.273555216722388,0.202055356027431,0.08944144571843,0.08944144571843,0.0,0.0397708104269832,0.08944144571843,0,0.0,0,2.273555216722388,,,,,,,,,,,
7894,11/9/1988,1.212,2.125,11.000,5.054,2.125,0.0,2.9290000000000003,0.0,0.0,0.08944144571843,2.273555216722388,0.08944144571843,0.0,0.08163472888840391,2.191920487833984,0.1904677418856644,0.0,0.0,0.0,0.037207210197246016,0.0,0,0.0,0,2.191920487833984,,,,,,,,,,,
7895,11/10/1988,1.028,2.053,11.000,5.054,2.053,0.0,3.0010000000000003,0.0,0.0,0.0,2.191920487833984,0.0,0.0,0.07680811457552293,2.115112373258461,0.17980707744689414,0.0,0.0,0.0,0.03486724724025679,0.0,0,0.0,0,2.115112373258461,,,,,,,,,,,
7896,11/11/1988,0.983,0.651,11.000,5.054,0.651,0.0,4.4030000000000005,0.0,0.0,0.0,2.115112373258461,0.0,0.0,0.07237493514516996,2.042737438113291,0.16997896835080553,0.0,0.0,0.0,0.03272652161988979,0.0,0,0.0,0,2.042737438113291,,,,,,,,,,,
7897,11/12/1988,0.983,3.676,11.000,5.054,3.676,0.0,1.3780000000000001,0.0,0.0,0.0,2.042737438113291,0.0,0.0,0.06829465129959573,1.9744427868136951,0.1609006153930033,0.0,0.0,0.0,0.030763807351844343,0.0,0,0.0,0,1.9744427868136951,,,,,,,,,,,
7898,11/13/1988,1.307,4.292,11.000,5.054,4.292,0.0,0.7620000000000005,0.0,0.0,0.0,1.9744427868136951,0.0,0.0,0.0645317388200528,1.9099110479936423,0.1524991562470427,0.0,0.0,0.0,0.028960575706152132,0.0,0,0.0,0,1.9099110479936423,,,,,,,,,,,
7899,11/14/1988,1.259,2.135,11.000,5.054,2.135,0.0,2.9190000000000005,0.0,0.0,0.0,1.9099110479936423,0.0,0.0,0.06105496866653135,1.848856079327111,0.14471027647146367,0.0,0.0,0.0,0.027300599296216112,0.0,0,0.0,0,1.848856079327111,,,,,,,,,,,
7900,11/15/1988,1.212,0.809,11.000,5.054,0.809,0.0,4.245,0.0,0.0,0.0,1.848856079327111,0.0,0.0,0.05783680412307982,1.791019275204031,0.13747704106435604,0.0,0.0,0.0,0.025769621769659683,0.0,0,0.0,0,1.791019275204031,,,,,,,,,,,
7901,11/16/1988,0.896,0.040,11.000,5.054,0.04,0.0,5.014,0.0,0.0,0.0,1.791019275204031,0.0,0.0,0.054852893819776316,1.7361663813842547,0.1307489075193501,0.0,0.0,0.0,0.02435508103974458,0.0,0,0.0,0,1.7361663813842547,,,,,,,,,,,
7902,11/17/1988,0.853,0.309,11.000,5.054,0.309,0.0,4.745,0.0,0.0,0.0,1.7361663813842547,0.0,0.0,0.05208164366249914,1.6840847377217556,0.12448088893493796,0.0,0.0,0.0,0.023045876423925336,0.0,0,0.0,0,1.6840847377217556,,,,,,,,,,,
7903,11/18/1988,0.770,0.074,11.000,5.054,0.074,0.0,4.98,0.0,0.0,0.0,1.6840847377217556,0.0,0.0,0.049503853997600746,1.6345808837241549,0.11863284172035046,0.0,0.0,0.0,0.021832171954560064,0.0,0,0.0,0,1.6345808837241549,,,,,,,,,,,
7904,11/19/1988,0.770,0.334,11.000,5.054,0.334,0.0,4.720000000000001,0.0,0.0,0.0,1.6345808837241549,0.0,0.0,0.04710241093969404,1.5874784727844609,0.11316885719167216,0.0,0.0,0.0,0.020705229619835,0.0,0,0.0,0,1.5874784727844609,,,,,,,,,,,
7905,11/20/1988,0.689,0.216,11.000,5.054,0.216,0.0,4.838,0.0,0.0,0.0,1.5874784727844609,0.0,0.0,0.04486202285458378,1.5426164499298771,0.1080567401382841,0.0,0.0,0.0,0.01965726747358593,0.0,0,0.0,0,1.5426164499298771,,,,,,,,,,,
7906,11/21/1988,0.689,0.030,11.000,5.054,0.03,0.0,5.024,0.0,0.0,0.0,1.5426164499298771,0.0,0.0,0.04276899463534053,1.4998474552945367,0.10326756047289162,0.0,0.0,0.0,0.018681338491163907,0.0,0,0.0,0,1.4998474552945367,,,,,,,,,,,
7907,11/22/1988,0.650,0.544,11.000,5.054,0.544,0.0,4.51,0.0,0.0,0.0,1.4998474552945367,0.0,0.0,0.04081103372869033,1.4590364215658465,0.09877526651982978,0.0,0.0,0.0,0.01777122679819125,0.0,0,0.0,0,1.4590364215658465,,,,,,,,,,,
7908,11/23/1988,0.650,0.118,11.000,5.054,0.118,0.0,4.936,0.0,0.0,0.0,1.4590364215658465,0.0,0.0,0.038977082931143874,1.4200593386347027,0.0945563504705214,0.0,0.0,0.0,0.016921358500817395,0.0,0,0.0,0,1.4200593386347027,,,,,,,,,,,
7909,11/24/1988,0.689,0.003,11.000,5.054,0.003,0.0,5.051,0.0,0.0,0.0,1.4200593386347027,0.0,0.0,0.037257175833513484,1.3828021628011893,0.090589558138332,0.0,0.0,0.0,0.016126724831314682,0.0,0,0.0,0,1.3828021628011893,,,,,,,,,,,
7910,11/25/1988,0.689,0.000,11.000,5.054,0.0,0.0,5.054,0.0,0.0,0.0,1.3828021628011893,0.0,0.0,0.03564231149047732,1.347159851310712,0.08685563645277965,0.0,0.0,0.0,0.015382815715834997,0.0,0,0.0,0,1.347159851310712,,,,,,,,,,,
7911,11/26/1988,0.650,0.000,11.000,5.054,0.0,0.0,5.054,0.0,0.0,0.0,1.347159851310712,0.0,0.0,0.03412434546124773,1.3130355058494643,0.0833371132039414,0.0,0.0,0.0,0.014685562190756741,0.0,0,0.0,0,1.3130355058494643,,,,,,,,,,,
7912,11/27/1988,0.650,0.000,11.000,5.054,0.0,0.0,5.054,0.0,0.0,0.0,1.3130355058494643,0.0,0.0,0.0326958948337353,1.280339611015729,0.08001810442826046,0.0,0.0,0.0,0.014031286355037656,0.0,0,0.0,0,1.280339611015729,,,,,,,,,,,
7913,11/28/1988,0.650,0.003,11.000,5.054,0.003,0.0,5.051,0.0,0.0,0.0,1.280339611015729,0.0,0.0,0.03135025522798959,1.2489893557877394,0.07688414555339541,0.0,0.0,0.0,0.013416657759933151,0.0,0,0.0,0,1.2489893557877394,,,,,,,,,,,
7914,11/29/1988,0.650,0.006,11.000,5.054,0.006,0.0,5.048,0.0,0.0,0.0,1.2489893557877394,0.0,0.0,0.030081328091055574,1.2189080276966837,0.07392204302133597,0.0,0.0,0.0,0.012838655313476088,0.0,0,0.0,0,1.2189080276966837,,,,,,,,,,,
7915,11/30/1988,0.650,0.046,11.000,5.054,0.046,0.0,5.008,0.0,0.0,0.0,1.2189080276966837,0.0,0.0,0.02888355685735816,1.1900244708393255,0.07111974360891962,0.0,0.0,0.0,0.012294533922480557,0.0,0,0.0,0,1.1900244708393255,,,,,,,,,,,
7916,12/1/1988,0.611,0.003,12.000,5.337,0.003,0.0,5.334,0.0,0.0,0.0,1.1900244708393255,0.0,0.0,0.027751870766405052,1.1622726000729204,0.06846621908169165,0.0,0.0,0.0,0.011781795215287764,0.0,0,0.0,0,1.1622726000729204,,,,,,,,,,,
7917,12/2/1988,0.611,0.012,12.000,5.337,0.012,0.0,5.325,0.0,0.0,0.0,1.1622726000729204,0.0,0.0,0.026681635311066917,1.1355909647618536,0.06595136416568698,0.0,0.0,0.0,0.01129816178861975,0.0,0,0.0,0,1.1355909647618536,,,,,,,,,,,
7918,12/3/1988,0.611,0.000,12.000,5.337,0.0,0.0,5.337,0.0,0.0,0.0,1.1355909647618536,0.0,0.0,0.025668608441456412,1.1099223563203973,0.06356590611423296,0.0,0.0,0.0,0.010841554505437508,0.0,0,0.0,0,1.1099223563203973,,,,,,,,,,,
7919,12/4/1988,0.611,0.000,12.000,5.337,0.0,0.0,5.337,0.0,0.0,0.0,1.1099223563203973,0.0,0.0,0.024708901776736566,1.0852134545436607,0.06130132439304122,0.0,0.0,0.0,0.010410072440588728,0.0,0,0.0,0,1.0852134545436607,,,,,,,,,,,
7920,12/5/1988,0.611,0.000,12.000,5.337,0.0,0.0,5.337,0.0,0.0,0.0,1.0852134545436607,0.0,0.0,0.023798946184300545,1.0614145083593602,0.05914977921462224,0.0,0.0,0.0,0.01000197512967977,0.0,0,0.0,0,1.0614145083593602,,,,,,,,,,,
7921,12/6/1988,0.611,0.138,12.000,5.337,0.138,0.0,5.199,0.0,0.0,0.0,1.0614145083593602,0.0,0.0,0.022935461176141463,1.0384790471832188,0.05710404782889567,0.0,0.0,0.0,0.009615666825967649,0.0,0,0.0,0,1.0384790471832188,,,,,,,,,,,
7922,12/7/1988,0.611,1.589,12.000,5.337,1.589,0.0,3.7479999999999998,0.0,0.0,0.0,1.0384790471832188,0.0,0.0,0.022115427648698106,1.0163636195345207,0.055157467626093803,0.0,0.0,0.0,0.009249682511727711,0.0,0,0.0,0,1.0163636195345207,,,,,,,,,,,
7923,12/8/1988,0.650,10.106,12.000,5.337,5.337,4.769,0.0,0,4.67955855428157,0.0,5.695922173816091,0.0,0.0,0.3772586350676729,5.318663538748418,0.8020950055071725,0.08944144571843,0.08944144571843,0.0,0.19016610960136246,0.08944144571843,0,0.0,0,5.318663538748418,,,,,,,,,,,
7924,12/9/1988,0.689,0.144,12.000,5.337,0.144,0.0,5.193,0.0,0.0,0.08944144571843,5.318663538748418,0.08944144571843,0.0,0.33653996131826674,4.982123577430151,0.720967694274006,0.0,0.0,0.0,0.16837077216335392,0.0,0,0.0,0,4.982123577430151,,,,,,,,,,,
7925,12/10/1988,0.611,0.050,12.000,5.337,0.05,0.0,5.287,0.0,0.0,0.0,4.982123577430151,0.0,0.0,0.3018028041950938,4.680320773235057,0.6511742362033793,0.0,0.0,0.0,0.14991327548165695,0.0,0,0.0,0,4.680320773235057,,,,,,,,,,,
7926,12/11/1988,0.611,0.359,12.000,5.337,0.359,0.0,4.978,0.0,0.0,0.0,4.680320773235057,0.0,0.0,0.27195171996937667,4.40836905326568,0.5907223585040929,0.0,0.0,0.0,0.13416288305714177,0.0,0,0.0,0,4.40836905326568,,,,,,,,,,,
7927,12/12/1988,0.611,0.197,12.000,5.337,0.197,0.0,5.14,0.0,0.0,0.0,4.40836905326568,0.0,0.0,0.24612875387087146,4.162240299394809,0.5380370121554566,0.0,0.0,0.0,0.12062902789406861,0.0,0,0.0,0,4.162240299394809,,,,,,,,,,,
7928,12/13/1988,0.611,0.055,12.000,5.337,0.055,0.0,5.282,0.0,0.0,0.0,4.162240299394809,0.0,0.0,0.2236545275644003,3.9385857718304087,0.4918599209113863,0.0,0.0,0.0,0.10892583065550517,0.0,0,0.0,0,3.9385857718304087,,,,,,,,,,,
7929,12/14/1988,0.611,0.125,12.000,5.337,0.125,0.0,5.212,0.0,0.0,0.0,3.9385857718304087,0.0,0.0,0.20398565344323416,3.7346001183871746,0.45117624836877884,0.0,0.0,0.0,0.09874661921641487,0.0,0,0.0,0,3.7346001183871746,,,,,,,,,,,
7930,12/15/1988,0.611,0.799,12.000,5.337,0.799,0.0,4.537999999999999,0.0,0.0,0.0,3.7346001183871746,0.0,0.0,0.18668350905557496,3.5479166093315997,0.4151603236734148,0.0,0.0,0.0,0.08984536283079403,0.0,0,0.0,0,3.5479166093315997,,,,,,,,,,,
7931,12/16/1988,0.611,1.967,12.000,5.337,1.967,0.0,3.3699999999999997,0.0,0.0,0.0,3.5479166093315997,0.0,0.0,0.1713910412229058,3.376525568108694,0.3831349666271012,0.0,0.0,0.0,0.08202296386480046,0.0,0,0.0,0,3.376525568108694,,,,,,,,,,,
7932,12/17/1988,1.028,2.077,12.000,5.337,2.077,0.0,3.26,0.0,0.0,0.0,3.376525568108694,0.0,0.0,0.15781532802906872,3.2187102400796253,0.354540652433472,0.0,0.0,0.0,0.07511701225747337,0.0,0,0.0,0,3.2187102400796253,,,,,,,,,,,
7933,12/18/1988,1.259,10.773,12.000,5.337,5.337,5.436,0.0,0,5.34655855428157,0.0,8.565268794361195,0.0,0.0,0.744618986062086,7.820649808299109,1.50951604847553,0.08944144571843,0.08944144571843,0.0,0.3925170931415136,0.08944144571843,0,0.0,0,7.820649808299109,,,,,,,,,,,
7934,12/19/1988,1.119,0.729,12.000,5.337,0.729,0.0,4.608,0.0,0.0,0.08944144571843,7.820649808299109,0.08944144571843,0.0,0.6398878204700613,7.180761987829047,1.3115533047438863,0.0,0.0,0.0,0.3339616915409056,0.0,0,0.0,0,7.180761987829047,,,,,,,,,,,
7935,12/20/1988,1.028,1.133,12.000,5.337,1.133,0.0,4.204,0.0,0.0,0.0,7.180761987829047,0.0,0.0,0.5550302641354473,6.6257317236936,1.1491955771046176,0.0,0.0,0.0,0.28697485760755526,0.0,0,0.0,0,6.6257317236936,,,,,,,,,,,
7936,12/21/1988,0.611,0.948,12.000,5.337,0.948,0.0,4.388999999999999,0.0,0.0,0.0,6.6257317236936,0.0,0.0,0.4853878005251115,6.140343923168489,1.0144504865835957,0.0,0.0,0.0,0.24876233572067422,0.0,0,0.0,0,6.140343923168489,,,,,,,,,,,
7937,12/22/1988,0.611,0.000,12.000,5.337,0.0,0.0,5.337,0.0,0.0,0.0,6.140343923168489,0.0,0.0,0.427582845093608,5.712761078074881,0.9014452284794298,0.0,0.0,0.0,0.21731640133345723,0.0,0,0.0,0,5.712761078074881,,,,,,,,,,,
7938,12/23/1988,0.611,0.237,12.000,5.337,0.237,0.0,5.1,0.0,0.0,0.0,5.712761078074881,0.0,0.0,0.37911928785680055,5.33364179021808,0.805785691548461,0.0,0.0,0.0,0.19116589208531812,0.0,0,0.0,0,5.33364179021808,,,,,,,,,,,
7939,12/24/1988,0.611,0.911,12.000,5.337,0.911,0.0,4.426,0.0,0.0,0.0,5.33364179021808,0.0,0.0,0.33812103224904333,4.995520757969037,0.7241311148195108,0.0,0.0,0.0,0.16921396000683178,0.0,0,0.0,0,4.995520757969037,,,,,,,,,,,
7940,12/25/1988,0.611,0.482,12.000,5.337,0.482,0.0,4.8549999999999995,0.0,0.0,0.0,4.995520757969037,0.0,0.0,0.3031566210729769,4.69236413689606,0.6539050955469807,0.0,0.0,0.0,0.15063010625717105,0.0,0,0.0,0,4.69236413689606,,,,,,,,,,,
7941,12/26/1988,0.611,0.976,12.000,5.337,0.976,0.0,4.361,0.0,0.0,0.0,4.69236413689606,0.0,0.0,0.2731190266810866,4.419245110214973,0.5930951116119605,0.0,0.0,0.0,0.13477673367174228,0.0,0,0.0,0,4.419245110214973,,,,,,,,,,,
7942,12/27/1988,0.611,0.335,12.000,5.337,0.335,0.0,5.002,0.0,0.0,0.0,4.419245110214973,0.0,0.0,0.2471416421391194,4.1721034680758535,0.5401108383035693,0.0,0.0,0.0,0.12115818621914959,0.0,0,0.0,0,4.1721034680758535,,,,,,,,,,,
7943,12/28/1988,0.611,0.443,12.000,5.337,0.443,0.0,4.894,0.0,0.0,0.0,4.1721034680758535,0.0,0.0,0.22453854040861895,3.9475649276672344,0.4936823285663716,0.0,0.0,0.0,0.10938475813170717,0.0,0,0.0,0,3.9475649276672344,,,,,,,,,,,
7944,12/29/1988,0.611,0.337,12.000,5.337,0.337,0.0,5.0,0.0,0.0,0.0,3.9475649276672344,0.0,0.0,0.2047613170224702,3.7428036106447644,0.4527857256962958,0.0,0.0,0.0,0.09914686445266356,0.0,0,0.0,0,3.7428036106447644,,,,,,,,,,,
7945,12/30/1988,0.611,0.000,12.000,5.337,0.0,0.0,5.337,0.0,0.0,0.0,3.7428036106447644,0.0,0.0,0.1873674634913588,3.5554361471534057,0.4165883129655323,0.0,0.0,0.0,0.09019623188246907,0.0,0,0.0,0,3.5554361471534057,,,,,,,,,,,
7946,12/31/1988,0.611,0.325,12.000,5.337,0.325,0.0,5.012,0.0,0.0,0.0,3.5554361471534057,0.0,0.0,0.17199688583351666,3.383439261319889,0.3844073528056814,0.0,0.0,0.0,0.08233201826741286,0.0,0,0.0,0,3.383439261319889,,,,,,,,,,,
7947,1/1/1989,0.611,0.279,1.000,5.134,0.279,0.0,4.855,0.0,0.0,0.0,3.383439261319889,0.0,0.0,0.15835426036514058,3.2250850009547483,0.3556788976351233,0.0,0.0,0.0,0.07539044341486355,0.0,0,0.0,0,3.2250850009547483,,,,,,,,,,,
7948,1/2/1989,0.611,0.156,1.000,5.134,0.156,0.0,4.978000000000001,0.0,0.0,0.0,3.2250850009547483,0.0,0.0,0.14619562861432348,3.078889372340425,0.32993390436219133,0.0,0.0,0.0,0.0692369554144434,0.0,0,0.0,0,3.078889372340425,,,,,,,,,,,
7949,1/3/1989,0.611,0.027,1.000,5.134,0.027,0.0,5.107,0.0,0.0,0.0,3.078889372340425,0.0,0.0,0.1353181085814396,2.9435712637589853,0.3067797618988308,0.0,0.0,0.0,0.06376025069487483,0.0,0,0.0,0,2.9435712637589853,,,,,,,,,,,
7950,1/4/1989,0.611,0.121,1.000,5.134,0.121,0.0,5.013,0.0,0.0,0.0,2.9435712637589853,0.0,0.0,0.12555192295457826,2.818019340804407,0.28588587444683966,0.0,0.0,0.0,0.058867665007374934,0.0,0,0.0,0,2.818019340804407,,,,,,,,,,,
7951,1/5/1989,0.611,0.021,1.000,5.134,0.021,0.0,5.113,0.0,0.0,0.0,2.818019340804407,0.0,0.0,0.11675416807230839,2.7012651727320987,0.2669723145345881,0.0,0.0,0.0,0.05448158912228823,0.0,0,0.0,0,2.7012651727320987,,,,,,,,,,,
7952,1/6/1989,0.611,0.025,1.000,5.134,0.025,0.0,5.109,0.0,0.0,0.0,2.7012651727320987,0.0,0.0,0.10880390351970422,2.5924612692123943,0.24980082147721716,0.0,0.0,0.0,0.050536658077650926,0.0,0,0.0,0,2.5924612692123943,,,,,,,,,,,
7953,1/7/1989,0.611,0.041,1.000,5.134,0.041,0.0,5.093,0.0,0.0,0.0,2.5924612692123943,0.0,0.0,0.10159825277278586,2.4908630164396084,0.23416760765018596,0.0,0.0,0.0,0.04697752979499438,0.0,0,0.0,0,2.4908630164396084,,,,,,,,,,,
7954,1/8/1989,0.611,0.000,1.000,5.134,0.0,0.0,5.134,0.0,0.0,0.0,2.4908630164396084,0.0,0.0,0.0950492844781379,2.3958137319614705,0.21989756968635582,0.0,0.0,0.0,0.04375711662514109,0.0,0,0.0,0,2.3958137319614705,,,,,,,,,,,
7955,1/9/1989,0.611,0.123,1.000,5.134,0.123,0.0,5.011,0.0,0.0,0.0,2.3958137319614705,0.0,0.0,0.08908150127775447,2.306732230683716,0.20683959993204873,0.0,0.0,0.0,0.040835167798518965,0.0,0,0.0,0,2.306732230683716,,,,,,,,,,,
7956,1/10/1989,0.611,0.829,1.000,5.134,0.829,0.0,4.305000000000001,0.0,0.0,0.0,2.306732230683716,0.0,0.0,0.08362980501319685,2.223102425670519,0.19486276581845288,0.0,0.0,0.0,0.03817712580935088,0.0,0,0.0,0,2.223102425670519,,,,,,,,,,,
7957,1/11/1989,0.611,6.541,1.000,5.134,5.134,1.407,0.0,0,1.317558554281574,0.0,3.540660979952093,0.0,0.0,0.17080727046597552,3.369853709486118,0.3819086481420386,0.08944144571842612,0.08944144571842612,0.0,0.08172523780434762,0.08944144571842612,0,0.0,0,3.369853709486118,,,,,,,,,,,
7958,1/12/1989,0.611,0.478,1.000,5.134,0.478,0.0,4.656000000000001,0.0,0.0,0.08944144571842612,3.369853709486118,0.08944144571842612,0.0,0.157295944086619,3.2125577653994988,0.35344344495476354,0.0,0.0,0.0,0.07485355724706119,0.0,0,0.0,0,3.2125577653994988,,,,,,,,,,,
7959,1/13/1989,1.763,5.970,1.000,5.134,5.134,0.8359999999999994,0.0,0,0.7465585556428794,0.0,3.9591163210423783,0.0,0.0,0.20576091420615528,3.753355406836223,0.45485922753116814,0.08944144435712001,0.08944144435712001,0.0,0.09966280734080793,0.08944144435712001,0,0.0,0,3.753355406836223,,,,,,,,,,,
7960,1/14/1989,1.405,10.992,1.000,5.134,5.134,5.8580000000000005,0.0,0,5.85799999863869,0.08944144435712001,9.611753554728256,0.0,0.08944144435712001,0.9023398890723294,8.709413665655926,1.8033106375934411,1.3613099987732187e-09,1.3613099987732187e-09,0.000398149253343163,0.48170899239409004,0.08904329646508684,0,0.0,0,8.709413665655926,,,,,,,,,,,
7961,1/15/1989,0.611,0.117,1.000,5.134,0.117,0.0,5.017,0.0,0.0,0.08904329646508684,8.709413665655926,0.08904329646508684,0.0,0.7656212439725795,7.943792421683347,1.5489228595667284,0.0,0.0,0.0,0.4043275224568842,0.0,0,0.0,0,7.943792421683347,,,,,,,,,,,
7962,1/16/1989,0.611,0.084,1.000,5.134,0.084,0.0,5.050000000000001,0.0,0.0,0.0,7.943792421683347,0.0,0.0,0.6567684117558044,7.287024009927543,1.34363284510146,0.0,0.0,0.0,0.3433595754415031,0.0,0,0.0,0,7.287024009927543,,,,,,,,,,,
7963,1/17/1989,0.611,0.000,1.000,5.134,0.0,0.0,5.134,0.0,0.0,0.0,7.287024009927543,0.0,0.0,0.5687867167444396,6.718237293183103,1.1756456811835068,0.0,0.0,0.0,0.29456169597261256,0.0,0,0.0,0,6.718237293183103,,,,,,,,,,,
7964,1/18/1989,0.611,0.117,1.000,5.134,0.117,0.0,5.017,0.0,0.0,0.0,6.718237293183103,0.0,0.0,0.49673490330501674,6.221502389878086,1.0365048969670099,0.0,0.0,0.0,0.25496514099470696,0.0,0,0.0,0,6.221502389878086,,,,,,,,,,,
7965,1/19/1989,0.611,2.177,1.000,5.134,2.177,0.0,2.9570000000000003,0.0,0.0,0.0,6.221502389878086,0.0,0.0,0.4370433989875496,5.784458990890537,0.9200180203050253,0.0,0.0,0.0,0.22244476202864735,0.0,0,0.0,0,5.784458990890537,,,,,,,,,,,
7966,1/20/1989,0.611,1.674,1.000,5.134,1.674,0.0,3.4600000000000004,0.0,0.0,0.0,5.784458990890537,0.0,0.0,0.38708263499222556,5.397376355898311,0.8215657740260945,0.0,0.0,0.0,0.1954484589359434,0.0,0,0.0,0,5.397376355898311,,,,,,,,,,,
7967,1/21/1989,0.611,0.117,1.000,5.134,0.117,0.0,5.017,0.0,0.0,0.0,5.397376355898311,0.0,0.0,0.34488180409220076,5.05249455180611,0.737645636929358,0.0,0.0,0.0,0.17282240443909497,0.0,0,0.0,0,5.05249455180611,,,,,,,,,,,
7968,1/22/1989,0.611,0.058,1.000,5.134,0.058,0.0,5.0760000000000005,0.0,0.0,0.0,5.05249455180611,0.0,0.0,0.3089409903648986,4.743553561441212,0.6655629411156372,0.0,0.0,0.0,0.15369522688907014,0.0,0,0.0,0,4.743553561441212,,,,,,,,,,,
7969,1/23/1989,0.611,0.410,1.000,5.134,0.41,0.0,4.724,0.0,0.0,0.0,4.743553561441212,0.0,0.0,0.27810286258009187,4.465450698861121,0.6032173306044015,0.0,0.0,0.0,0.13739951321007193,0.0,0,0.0,0,4.465450698861121,,,,,,,,,,,
7970,1/24/1989,0.611,0.137,1.000,5.134,0.137,0.0,4.997,0.0,0.0,0.0,4.465450698861121,0.0,0.0,0.25146329930555894,4.2139873995555615,0.54895231805929,0.0,0.0,0.0,0.12341752562397798,0.0,0,0.0,0,4.2139873995555615,,,,,,,,,,,
7971,1/25/1989,0.611,1.232,1.000,5.134,1.232,0.0,3.902,0.0,0.0,0.0,4.2139873995555615,0.0,0.0,0.22830801898168146,3.98567938057388,0.5014474749586848,0.0,0.0,0.0,0.11134297888720619,0.0,0,0.0,0,3.98567938057388,,,,,,,,,,,
7972,1/26/1989,0.611,6.137,1.000,5.134,5.134,1.0029999999999992,0.0,0,0.9135585543140912,0.0,4.899237934887971,0.0,0.0,0.29348100498375185,4.605756929904219,0.6343678047747889,0.08944144568590803,0.08944144568590803,0.0,0.14551165739407493,0.08944144568590803,0,0.0,0,4.605756929904219,,,,,,,,,,,
7973,1/27/1989,0.611,3.805,1.000,5.134,3.805,0.0,1.3290000000000002,0.0,0.0,0.08944144568590803,4.605756929904219,0.08944144568590803,0.0,0.2647692031061876,4.340987726798032,0.5761061797149221,0.0,0.0,0.0,0.1303896603343694,0.0,0,0.0,0,4.340987726798032,,,,,,,,,,,
7974,1/28/1989,0.611,3.287,1.000,5.134,3.287,0.0,1.8470000000000004,0.0,0.0,0.0,4.340987726798032,0.0,0.0,0.23989067946732698,4.101097047330705,0.5252513096120108,0.0,0.0,0.0,0.11737328022525019,0.0,0,0.0,0,4.101097047330705,,,,,,,,,,,
7975,1/29/1989,0.689,3.702,1.000,5.134,3.702,0.0,1.4320000000000004,0.0,0.0,0.0,4.101097047330705,0.0,0.0,0.21820558154003003,3.882891465790675,0.4806154560862939,0.0,0.0,0.0,0.1060997102405693,0.0,0,0.0,0,3.882891465790675,,,,,,,,,,,
7976,1/30/1989,0.729,4.259,1.000,5.134,4.259,0.0,0.875,0.0,0.0,0.0,3.882891465790675,0.0,0.0,0.19920085440229038,3.6836906113883843,0.441238391674099,0.0,0.0,0.0,0.09627987314172073,0.0,0,0.0,0,3.6836906113883843,,,,,,,,,,,
7977,1/31/1989,0.611,0.633,1.000,5.134,0.633,0.0,4.501,0.0,0.0,0.0,3.6836906113883843,0.0,0.0,0.18246140858054433,3.50122920280784,0.40633716634128786,0.0,0.0,0.0,0.08768130632377245,0.0,0,0.0,0,3.50122920280784,,,,,,,,,,,
7978,2/1/1989,0.611,0.284,2.000,4.866,0.284,0.0,4.582,0.0,0.0,0.0,3.50122920280784,0.0,0.0,0.1676486323231486,3.333580570484691,0.37526834290574096,0.0,0.0,0.0,0.08011548285864342,0.0,0,0.0,0,3.333580570484691,,,,,,,,,,,
7979,2/2/1989,0.611,0.058,2.000,4.866,0.058,0.0,4.808,0.0,0.0,0.0,3.333580570484691,0.0,0.0,0.1544841893400816,3.1790963811446096,0.3474992855381721,0.0,0.0,0.0,0.07342830633035531,0.0,0,0.0,0,3.1790963811446096,,,,,,,,,,,
7980,2/3/1989,0.611,0.000,2.000,4.866,0.0,0.0,4.866,0.0,0.0,0.0,3.1790963811446096,0.0,0.0,0.14273766972257348,3.0363587114220363,0.3225861038007376,0.0,0.0,0.0,0.06749290641394863,0.0,0,0.0,0,3.0363587114220363,,,,,,,,,,,
7981,2/4/1989,0.611,0.016,2.000,4.866,0.016,0.0,4.85,0.0,0.0,0.0,3.0363587114220363,0.0,0.0,0.13221708355716627,2.90414162786487,0.30015654628178207,0.0,0.0,0.0,0.0622041226316766,0.0,0,0.0,0,2.90414162786487,,,,,,,,,,,
7982,2/5/1989,0.611,0.000,2.000,4.866,0.0,0.0,4.866,0.0,0.0,0.0,2.90414162786487,0.0,0.0,0.12276147499883942,2.7813801528660305,0.2798966145874609,0.0,0.0,0.0,0.057474240777094454,0.0,0,0.0,0,2.7813801528660305,,,,,,,,,,,
7983,2/6/1989,0.611,0.010,2.000,4.866,0.01,0.0,4.856,0.0,0.0,0.0,2.7813801528660305,0.0,0.0,0.11423513433671291,2.6671450185293177,0.26154000154257895,0.0,0.0,0.0,0.05322966857131581,0.0,0,0.0,0,2.6671450185293177,,,,,,,,,,,
7984,2/7/1989,0.611,0.008,2.000,4.866,0.008,0.0,4.858,0.0,0.0,0.0,2.6671450185293177,0.0,0.0,0.10652302584655983,2.560621992682758,0.2448596931591769,0.0,0.0,0.0,0.049408322396824154,0.0,0,0.0,0,2.560621992682758,,,,,,,,,,,
7985,2/8/1989,0.611,0.000,2.000,4.866,0.0,0.0,4.866,0.0,0.0,0.0,2.560621992682758,0.0,0.0,0.09952714890165727,2.4610948437811007,0.22966124269685784,0.0,0.0,0.0,0.04595755726616598,0.0,0,0.0,0,2.4610948437811007,,,,,,,,,,,
7986,2/9/1989,0.611,0.087,2.000,4.866,0.087,0.0,4.779,0.0,0.0,0.0,2.4610948437811007,0.0,0.0,0.09316362145287271,2.367931222328228,0.21577734730638165,0.0,0.0,0.0,0.042832515326054775,0.0,0,0.0,0,2.367931222328228,,,,,,,,,,,
7987,2/10/1989,0.611,0.000,2.000,4.866,0.0,0.0,4.866,0.0,0.0,0.0,2.367931222328228,0.0,0.0,0.08736032702223295,2.2805708953059947,0.2030634470943943,0.0,0.0,0.0,0.03999479939030081,0.0,0,0.0,0,2.2805708953059947,,,,,,,,,,,
7988,2/11/1989,0.611,0.084,2.000,4.866,0.084,0.0,4.782,0.0,0.0,0.0,2.2805708953059947,0.0,0.0,0.08205500452197599,2.1985158907840185,0.1913941324200402,0.0,0.0,0.0,0.03741140077424196,0.0,0,0.0,0,2.1985158907840185,,,,,,,,,,,
7989,2/12/1989,0.611,0.502,2.000,4.866,0.502,0.0,4.364,0.0,0.0,0.0,2.1985158907840185,0.0,0.0,0.07719368846857785,2.1213222023154406,0.1806601943891705,0.0,0.0,0.0,0.03505382749521063,0.0,0,0.0,0,2.1213222023154406,,,,,,,,,,,
7990,2/13/1989,0.611,0.224,2.000,4.866,0.224,0.0,4.6419999999999995,0.0,0.0,0.0,2.1213222023154406,0.0,0.0,0.07272942826472242,2.048592774050718,0.17076619044793534,0.0,0.0,0.0,0.03289739139153002,0.0,0,0.0,0,2.048592774050718,,,,,,,,,,,
7991,2/14/1989,0.611,0.083,2.000,4.866,0.083,0.0,4.7829999999999995,0.0,0.0,0.0,2.048592774050718,0.0,0.0,0.06862123111277349,1.9799715429379445,0.16162842495477292,0.0,0.0,0.0,0.030920622077301712,0.0,0,0.0,0,1.9799715429379445,,,,,,,,,,,
7992,2/15/1989,0.611,0.025,2.000,4.866,0.025,0.0,4.840999999999999,0.0,0.0,0.0,1.9799715429379445,0.0,0.0,0.0648331851817826,1.9151383577561618,0.15317326596164305,0.0,0.0,0.0,0.029104782728302452,0.0,0,0.0,0,1.9151383577561618,,,,,,,,,,,
7993,2/16/1989,0.611,0.002,2.000,4.866,0.002,0.0,4.864,0.0,0.0,0.0,1.9151383577561618,0.0,0.0,0.06133372886788985,1.853804628888272,0.1453357358475177,0.0,0.0,0.0,0.027433468083915277,0.0,0,0.0,0,1.853804628888272,,,,,,,,,,,
7994,2/17/1989,0.611,0.228,2.000,4.866,0.228,0.0,4.638,0.0,0.0,0.0,1.853804628888272,0.0,0.0,0.058095039083424324,1.7957095898048476,0.13805832614798633,0.0,0.0,0.0,0.025892269182936096,0.0,0,0.0,0,1.7957095898048476,,,,,,,,,,,
7995,2/18/1989,0.611,0.184,2.000,4.866,0.184,0.0,4.6819999999999995,0.0,0.0,0.0,1.7957095898048476,0.0,0.0,0.05509251700785018,1.7406170727969974,0.13128999681687742,0.0,0.0,0.0,0.024468492541569173,0.0,0,0.0,0,1.7406170727969974,,,,,,,,,,,
7996,2/19/1989,0.611,0.586,2.000,4.866,0.586,0.0,4.279999999999999,0.0,0.0,0.0,1.7406170727969974,0.0,0.0,0.052304354020391165,1.6883127187766063,0.12498532790731007,0.0,0.0,0.0,0.023150923960534666,0.0,0,0.0,0,1.6883127187766063,,,,,,,,,,,
7997,2/20/1989,0.611,0.701,2.000,4.866,0.701,0.0,4.165,0.0,0.0,0.0,1.6883127187766063,0.0,0.0,0.04971116389646714,1.6386015548801391,0.11910379776908786,0.0,0.0,0.0,0.021929629085441448,0.0,0,0.0,0,1.6386015548801391,,,,,,,,,,,
7998,2/21/1989,0.611,0.001,2.000,4.866,0.001,0.0,4.864999999999999,0.0,0.0,0.0,1.6386015548801391,0.0,0.0,0.047295670002317984,1.5913058848778212,0.1136091667013373,0.0,0.0,0.0,0.020795784367403404,0.0,0,0.0,0,1.5913058848778212,,,,,,,,,,,
7999,2/22/1989,0.611,0.083,2.000,4.866,0.083,0.0,4.7829999999999995,0.0,0.0,0.0,1.5913058848778212,0.0,0.0,0.04504243832566886,1.5462634465521523,0.10846894885701248,0.0,0.0,0.0,0.019741533274523944,0.0,0,0.0,0,1.5462634465521523,,,,,,,,,,,
8000,2/23/1989,0.611,0.068,2.000,4.866,0.068,0.0,4.798,0.0,0.0,0.0,1.5462634465521523,0.0,0.0,0.04293764885717859,1.5033257976949737,0.10365395828491718,0.0,0.0,0.0,0.018759863561230466,0.0,0,0.0,0,1.5033257976949737,,,,,,,,,,,
8001,2/24/1989,0.611,0.000,2.000,4.866,0.0,0.0,4.866,0.0,0.0,0.0,1.5033257976949737,0.0,0.0,0.040968899180834684,1.4623568985141389,0.0991379174803298,0.0,0.0,0.0,0.017844502166122538,0.0,0,0.0,0,1.4623568985141389,,,,,,,,,,,
8002,2/25/1989,0.611,0.180,2.000,4.866,0.18,0.0,4.686,0.0,0.0,0.0,1.4623568985141389,0.0,0.0,0.03912503521281874,1.4232318633013201,0.09489711882432074,0.0,0.0,0.0,0.016989824921748116,0.0,0,0.0,0,1.4232318633013201,,,,,,,,,,,
8003,2/26/1989,0.611,0.581,2.000,4.866,0.581,0.0,4.285,0.0,0.0,0.0,1.4232318633013201,0.0,0.0,0.037396004902727126,1.385835858398593,0.09091013092292455,0.0,0.0,0.0,0.016190778753627535,0.0,0,0.0,0,1.385835858398593,,,,,,,,,,,
8004,2/27/1989,0.611,0.492,2.000,4.866,0.492,0.0,4.374,0.0,0.0,0.0,1.385835858398593,0.0,0.0,0.03577273142108862,1.3500631269775043,0.08715754318717507,0.0,0.0,0.0,0.015442814445708842,0.0,0,0.0,0,1.3500631269775043,,,,,,,,,,,
8005,2/28/1989,0.896,7.403,2.000,4.866,4.866,2.537,0.0,0,2.44755855428157,0.0,3.7976216812590744,0.0,0.0,0.19196347725570312,3.605658204003371,0.426174754540245,0.08944144571843,0.08944144571843,0.0,0.0925561619508251,0.08944144571843,0,0.0,0,3.605658204003371,,,,,,,,,,,
8006,3/1/1989,0.729,5.244,3.000,4.631,4.631,0.6129999999999995,0.0,0,0.6129999999999995,0.08944144571843,4.219056353262773,0.0,0.08944144571843,0.22876591733888632,3.9902904359238867,0.5023901236471151,0.0,0.0,0.00039814925940304455,0.11158099989505092,0.08904329645902696,0,0.0,0,3.9902904359238867,,,,,,,,,,,
8007,3/2/1989,0.611,0.003,3.000,4.631,0.003,0.0,4.628,0.0,0.0,0.08904329645902696,3.9902904359238867,0.08904329645902696,0.0,0.2084682672633805,3.781822168660506,0.4604716488629096,0.0,0.0,0.0,0.10106103607519494,0.0,0,0.0,0,3.781822168660506,,,,,,,,,,,
8008,3/3/1989,0.611,0.194,3.000,4.631,0.194,0.0,4.437,0.0,0.0,0.0,3.781822168660506,0.0,0.0,0.19063425875672993,3.591187909903776,0.42340390412459117,0.0,0.0,0.0,0.0918732576645009,0.0,0,0.0,0,3.591187909903776,,,,,,,,,,,
8009,3/4/1989,0.611,0.000,3.000,4.631,0.0,0.0,4.631,0.0,0.0,0.0,3.591187909903776,0.0,0.0,0.1748890673454714,3.4162988425583047,0.3904772556606819,0.0,0.0,0.0,0.08380836568654823,0.0,0,0.0,0,3.4162988425583047,,,,,,,,,,,
8010,3/5/1989,0.611,0.000,3.000,4.631,0.0,0.0,4.631,0.0,0.0,0.0,3.4162988425583047,0.0,0.0,0.16092574718858688,3.255373095369718,0.3611063731151446,0.0,0.0,0.0,0.07669594542667073,0.0,0,0.0,0,3.255373095369718,,,,,,,,,,,
8011,3/6/1989,0.611,0.000,3.000,4.631,0.0,0.0,4.631,0.0,0.0,0.0,3.255373095369718,0.0,0.0,0.14849108969655248,3.1068820056731656,0.3348050709983174,0.0,0.0,0.0,0.07039619340381845,0.0,0,0.0,0,3.1068820056731656,,,,,,,,,,,
8012,3/7/1989,0.611,0.012,3.000,4.631,0.012,0.0,4.619000000000001,0.0,0.0,0.0,3.1068820056731656,0.0,0.0,0.13737479083037976,2.969507214842786,0.3111668881865752,0.0,0.0,0.0,0.06479361459489354,0.0,0,0.0,0,2.969507214842786,,,,,,,,,,,
8013,3/8/1989,0.611,0.000,3.000,4.631,0.0,0.0,4.631,0.0,0.0,0.0,2.969507214842786,0.0,0.0,0.12740107303798592,2.8421061418048,0.2898499577561983,0.0,0.0,0.0,0.05979217355528542,0.0,0,0.0,0,2.8421061418048,,,,,,,,,,,
8014,3/9/1989,0.611,0.000,3.000,4.631,0.0,0.0,4.631,0.0,0.0,0.0,2.8421061418048,0.0,0.0,0.11842214767989284,2.723683994124907,0.2705651178050852,0.0,0.0,0.0,0.0553115300527014,0.0,0,0.0,0,2.723683994124907,,,,,,,,,,,
8015,3/10/1989,0.611,0.000,3.000,4.631,0.0,0.0,4.631,0.0,0.0,0.0,2.723683994124907,0.0,0.0,0.11031307114982591,2.613370922975081,0.2530664940568492,0.0,0.0,0.0,0.051284091840743846,0.0,0,0.0,0,2.613370922975081,,,,,,,,,,,
8016,3/11/1989,0.611,0.000,3.000,4.631,0.0,0.0,4.631,0.0,0.0,0.0,2.613370922975081,0.0,0.0,0.10296766611723311,2.510403256857848,0.23714398445906829,0.0,0.0,0.0,0.047652688905105586,0.0,0,0.0,0,2.510403256857848,,,,,,,,,,,
8017,3/12/1989,0.611,0.000,3.000,4.631,0.0,0.0,4.631,0.0,0.0,0.0,2.510403256857848,0.0,0.0,0.09629526381310753,2.4141079930447407,0.2226172195621488,0.0,0.0,0.0,0.044368724520128355,0.0,0,0.0,0,2.4141079930447407,,,,,,,,,,,
8018,3/13/1989,0.611,0.000,3.000,4.631,0.0,0.0,4.631,0.0,0.0,0.0,2.4141079930447407,0.0,0.0,0.09021808433127576,2.323889908713465,0.20933067693597365,0.0,0.0,0.0,0.041390695135952525,0.0,0,0.0,0,2.323889908713465,,,,,,,,,,,
8019,3/14/1989,0.611,0.000,3.000,4.631,0.0,0.0,4.631,0.0,0.0,0.0,2.323889908713465,0.0,0.0,0.08466911648106915,2.2392207922323957,0.1971497046559812,0.0,0.0,0.0,0.03868299777222387,0.0,0,0.0,0,2.2392207922323957,,,,,,,,,,,
8020,3/15/1989,0.611,0.011,3.000,4.631,0.011,0.0,4.62,0.0,0.0,0.0,2.2392207922323957,0.0,0.0,0.0795903915688483,2.159630400663547,0.1859572658382186,0.0,0.0,0.0,0.036214963152505594,0.0,0,0.0,0,2.159630400663547,,,,,,,,,,,
8021,3/16/1989,0.611,0.000,3.000,4.631,0.0,0.0,4.631,0.0,0.0,0.0,2.159630400663547,0.0,0.0,0.074931569907022,2.0846988307565253,0.1756512588151093,0.0,0.0,0.0,0.03396006729521395,0.0,0,0.0,0,2.0846988307565253,,,,,,,,,,,
8022,3/17/1989,0.611,0.000,3.000,4.631,0.0,0.0,4.631,0.0,0.0,0.0,2.0846988307565253,0.0,0.0,0.07064877716315958,2.014050053593366,0.16614229969246644,0.0,0.0,0.0,0.031895285091993464,0.0,0,0.0,0,2.014050053593366,,,,,,,,,,,
8023,3/18/1989,0.611,0.027,3.000,4.631,0.027,0.0,4.604,0.0,0.0,0.0,2.014050053593366,0.0,0.0,0.06670364150582075,1.947346412087545,0.15735187847201476,0.0,0.0,0.0,0.030000557546854566,0.0,0,0.0,0,1.947346412087545,,,,,,,,,,,
8024,3/19/1989,0.611,0.251,3.000,4.631,0.251,0.0,4.38,0.0,0.0,0.0,1.947346412087545,0.0,0.0,0.06306249304799466,1.8842839190395504,0.14921081864591682,0.0,0.0,0.0,0.028258350526612783,0.0,0,0.0,0,1.8842839190395504,,,,,,,,,,,
8025,3/20/1989,0.611,0.509,3.000,4.631,0.509,0.0,4.122,0.0,0.0,0.0,1.8842839190395504,0.0,0.0,0.05969569517755525,1.824588223861995,0.14165798460971607,0.0,0.0,0.0,0.026653287593504393,0.0,0,0.0,0,1.824588223861995,,,,,,,,,,,
8026,3/21/1989,0.611,0.342,3.000,4.631,0.342,0.0,4.289000000000001,0.0,0.0,0.0,1.824588223861995,0.0,0.0,0.05657708361095172,1.7680111402510432,0.13463919245079806,0.0,0.0,0.0,0.025171843122717374,0.0,0,0.0,0,1.7680111402510432,,,,,,,,,,,
8027,3/22/1989,0.611,0.123,3.000,4.631,0.123,0.0,4.508,0.0,0.0,0.0,1.7680111402510432,0.0,0.0,0.053683493861878685,1.7143276463891646,0.12810628842769176,0.0,0.0,0.0,0.023802084720205504,0.0,0,0.0,0,1.7143276463891646,,,,,,,,,,,
8028,3/23/1989,0.611,0.150,3.000,4.631,0.15,0.0,4.481,0.0,0.0,0.0,1.7143276463891646,0.0,0.0,0.0509943616138794,1.663333284775285,0.12201636633859021,0.0,0.0,0.0,0.02253345614785576,0.0,0,0.0,0,1.663333284775285,,,,,,,,,,,
8029,3/24/1989,0.611,0.661,3.000,4.631,0.661,0.0,3.97,0.0,0.0,0.0,1.663333284775285,0.0,0.0,0.04849138347270195,1.6148419013025832,0.11633110041755457,0.0,0.0,0.0,0.02135659368101983,0.0,0,0.0,0,1.6148419013025832,,,,,,,,,,,
8030,3/25/1989,0.611,4.440,3.000,4.631,4.44,0.0,0.19099999999999984,0.0,0.0,0.0,1.6148419013025832,0.0,0.0,0.046158227936726,1.5686836733658571,0.11101617471973968,0.0,0.0,0.0,0.020263170177586852,0.0,0,0.0,0,1.5686836733658571,,,,,,,,,,,
8031,3/26/1989,0.611,8.769,3.000,4.631,4.631,4.138,0.0,0,4.04855855428157,0.0,5.617242227647427,0.0,0.0,0.3686133257004535,5.248628901946974,0.7849283097523184,0.08944144571843,0.08944144571843,0.0,0.18552501474817892,0.08944144571843,0,0.0,0,5.248628901946974,,,,,,,,,,,
8032,3/27/1989,1.356,2.887,3.000,4.631,2.887,0.0,1.7440000000000002,0.0,0.0,0.08944144571843,5.248628901946974,0.08944144571843,0.0,0.3291866572945514,4.919442244652423,0.7062403780042912,0.0,0.0,0.0,0.16445268563298243,0.0,0,0.0,0,4.919442244652423,,,,,,,,,,,
8033,3/28/1989,1.710,20.619,3.000,4.631,4.631,15.988,0.0,0,15.89855855428157,0.0,20.818000798933994,0.0,0.0,3.2716297315587948,17.546371067375198,5.876010876554325,0.08944144571843,0.08944144571843,0.0,1.901021877110278,0.08944144571843,0,0.0,0,17.546371067375198,,,,,,,,,,,
8034,3/29/1989,1.869,5.460,3.000,4.631,4.631,0.8289999999999997,0.0,0,0.8289999999999997,0.08944144571843,18.375769216634602,0.0,0.08944144571843,2.6573065493821355,15.718462667252467,4.862627414961172,0.0,0.0,0.00039814925940304455,1.523075271016861,0.08904329645902696,0,0.0,0,15.718462667252467,,,,,,,,,,,
8035,3/30/1989,1.307,4.719,3.000,4.631,4.631,0.08800000000000008,0.0,0,0.08765760621618768,0.08904329645902696,15.806516650363676,0.0,0.08904329645902696,2.06740740122075,13.739109249142926,3.8663858231349675,0.0003423937838123997,0.0003423937838123997,0.0003963768950199571,1.1655542752060017,0.08898931334781941,0,0.0,0,13.739109249142926,,,,,,,,,,,
8036,3/31/1989,1.212,0.123,3.000,4.631,0.123,0.0,4.508,0.0,0.0,0.08898931334781941,13.739109249142926,0.08898931334781941,0.0,1.6366786089041743,12.102430640238751,3.1212004544487093,0.0,0.0,0.0,0.9086435613100736,0.0,0,0.0,0,12.102430640238751,,,,,,,,,,,
8037,4/1/1989,0.611,1.161,4.000,4.235,1.161,0.0,3.0740000000000003,0.0,0.0,0.0,12.102430640238751,0.0,0.0,1.3248095456288889,10.777621094609863,2.5700140208774926,0.0,0.0,0.0,0.7253413899261073,0.0,0,0.0,0,10.777621094609863,,,,,,,,,,,
8038,4/2/1989,0.611,1.226,4.000,4.235,1.226,0.0,3.0090000000000003,0.0,0.0,0.0,10.777621094609863,0.0,0.0,1.0920368578399984,9.685584236769865,2.150839274985999,0.0,0.0,0.0,0.5903432316905457,0.0,0,0.0,0,9.685584236769865,,,,,,,,,,,
8039,4/3/1989,0.611,5.551,4.000,4.235,4.235,1.3159999999999998,0.0,0,1.2265585542815995,0.0,10.912142791051464,0.0,0.0,1.1148484779408432,9.797294313110621,2.192251066868685,0.08944144571840032,0.08944144571840032,0.0,0.6034953517643109,0.08944144571840032,0,0.0,0,9.797294313110621,,,,,,,,,,,
8040,4/4/1989,3.097,7.443,4.000,4.235,4.235,3.2079999999999993,0.0,0,3.2079999999999695,0.08944144571840032,13.005692462369995,0.0,0.08944144571840032,1.4936708719926464,11.512021590377348,2.8698043398298916,2.968075577008196e-14,2.968075577008196e-14,0.0003981492594029124,0.8242751796538654,0.08904329645902709,0,0.0,0,11.512021590377348,,,,,,,,,,,
8041,4/5/1989,3.612,14.396,4.000,4.235,4.235,10.161000000000001,0.0,0,10.160601850740598,0.08904329645902709,21.673019818012964,0.0,0.08904329645902709,3.4986311483826893,18.174388669630275,6.245160597751873,0.0003981492594029185,0.0003981492594029185,0.0003963768950199577,2.041917342469778,0.08904506882341005,0,0.0,0,18.174388669630275,,,,,,,,,,,
8042,4/6/1989,3.745,14.865,4.000,4.235,4.235,10.629999999999999,0.0,0,10.629603623104979,0.08904506882341005,28.804388677519967,0.0,0.08904506882341005,5.620783821599103,23.183604855920862,9.587613926047853,0.00039637689501995115,0.00039637689501995115,0.000396384784713162,3.3844266690121207,0.08904506093371685,0,0.0,0,23.183604855920862,,,,,,,,,,,
8043,4/7/1989,1.923,5.206,4.000,4.235,4.235,0.9710000000000001,0.0,0,0.9706036152154347,0.08904506093371685,24.15460485588589,0.0,0.08904506093371685,4.191463355640332,19.963141500245555,7.3564589423729405,0.00039638478456543785,0.00039638478456543785,0.0003963847495921342,2.4755338553095028,0.08904506096869015,0,0.0,0,19.963141500245555,,,,,,,,,,,
8044,4/8/1989,1.212,12.470,4.000,4.235,4.235,8.235,0.0,0,8.23460361525026,0.08904506096869015,28.198141500245562,0.0,0.08904506096869015,5.425002226297932,22.77313927394763,9.286291810779526,0.00039638474973985517,0.00039638474973985517,0.0003963847497478181,3.258929909219625,0.08904506096868219,0,0.0,0,22.77313927394763,,,,,,,,,,,
8045,4/9/1989,0.811,3.256,4.000,4.235,3.256,0.0,0.9790000000000005,0.0,0.0,0.08904506096868219,22.773164373862503,0.08340654068869442,0.005638520279987763,3.799601754768339,18.973562619094164,6.730636784694898,0.0,0.0,2.5099914872502823e-05,2.229648288658949,0.00561342036511526,0,0.0,0,18.973562619094164,,,,,,,,,,,
8046,4/10/1989,0.770,4.369,4.000,4.235,4.235,0.13399999999999945,0.0,0,0.0577219761364275,0.00561342036511526,19.031309583413005,0.0,0.00561342036511526,2.8171733290814926,16.214136254331514,5.128506808989483,0.07627802386357195,0.07627802386357195,2.4988182415169486e-05,1.6209244007412562,0.08186645604627205,0,0.0,0,16.214136254331514,,,,,,,,,,,
8047,4/11/1989,11.354,16.006,4.000,4.235,4.235,11.771,0.0,0,11.763425010327843,0.08186645604627205,27.977925693796017,0.0,0.08186645604627205,5.354574501342774,22.623351192453242,9.177588524456857,0.007574989672157956,0.007574989672157956,0.0003644291366598369,3.2138577496587883,0.08907701658177017,0,0.0,0,22.623351192453242,,,,,,,,,,,
8048,4/12/1989,9.534,50.719,4.000,4.235,4.235,46.484,0.0,0,46.48363557086334,0.08907701658177017,69.10738329031697,0.0,0.08907701658177017,24.167952570521383,44.939430719795595,34.94002646215799,0.0003644291366598316,0.0003644291366598316,0.00039652700039660157,16.01802301631423,0.0890449187180334,0,0.0,0,44.939430719795595,,,,,,,,,,,
8049,4/13/1989,24.674,33.793,4.000,4.235,4.235,29.558,0.0,0,29.557603472999602,0.0890449187180334,74.49743057691171,0.0,0.0890449187180334,27.390582521934725,47.106848054976986,38.955366239633584,0.0003965270003966088,0.0003965270003966088,0.00039638411651796385,18.304055614028524,0.08904506160191204,0,0.0,0,47.106848054976986,,,,,,,,,,,
8050,4/14/1989,25.268,5.544,4.000,4.235,4.235,1.3089999999999993,0.0,0,1.3086036158834813,0.08904506160191204,48.41584805561304,0.0,0.08904506160191204,13.356059668232378,35.059788387380664,20.76151864972188,0.0003963841165178823,0.0003963841165178823,0.00039638475256661005,8.513335389907926,0.08904506096586332,0,0.0,0,35.059788387380664,,,,,,,,,,,
8051,4/15/1989,10.882,2.548,4.000,4.235,2.548,0.0,1.6870000000000003,0.0,0.0,0.08904506096586332,35.059788387380664,0.08904506096586332,0.0,7.799161778131612,27.26062660924905,12.864741754134092,0.0,0.0,0.0,4.798398766609137,0.0,0,0.0,0,27.26062660924905,,,,,,,,,,,
8052,4/16/1989,12.952,1.856,4.000,4.235,1.856,0.0,2.3790000000000004,0.0,0.0,0.0,27.26062660924905,0.0,0.0,5.127734162675046,22.132892446574004,8.826319730715412,0.0,0.0,0.0,3.068952549955099,0.0,0,0.0,0,22.132892446574004,,,,,,,,,,,
8053,4/17/1989,12.148,7.015,4.000,4.235,4.235,2.7799999999999994,0.0,0,2.6905585542815693,0.0,24.823451000855574,0.0,0.0,4.38668087389855,20.436770126957022,7.6657651818869645,0.08944144571843,0.08944144571843,0.0,2.5986042026018885,0.08944144571843,0,0.0,0,20.436770126957022,,,,,,,,,,,
8054,4/18/1989,5.728,1.910,4.000,4.235,1.91,0.0,2.325,0.0,0.0,0.08944144571843,20.436770126957022,0.08944144571843,0.0,3.1723873650612044,17.264382761895817,5.7137685338448945,0.0,0.0,0.0,1.8396233189230071,0.0,0,0.0,0,17.264382761895817,,,,,,,,,,,
8055,4/19/1989,4.989,1.605,4.000,4.235,1.605,0.0,2.6300000000000003,0.0,0.0,0.0,17.264382761895817,0.0,0.0,2.3948824687072525,14.869500293188565,4.422541078691588,0.0,0.0,0.0,1.3633034491274942,0.0,0,0.0,0,14.869500293188565,,,,,,,,,,,
8056,4/20/1989,4.563,2.280,4.000,4.235,2.28,0.0,1.9550000000000005,0.0,0.0,0.0,14.869500293188565,0.0,0.0,1.8672095836619187,13.002290709526648,3.5221278691619284,0.0,0.0,0.0,1.045656284448803,0.0,0,0.0,0,13.002290709526648,,,,,,,,,,,
8057,4/21/1989,4.151,1.037,4.000,4.235,1.037,0.0,3.1980000000000004,0.0,0.0,0.0,13.002290709526648,0.0,0.0,1.4930197909196645,11.509270918606983,2.8686547441557595,0.0,0.0,0.0,0.8238922473119712,0.0,0,0.0,0,11.509270918606983,,,,,,,,,,,
8058,4/22/1989,3.308,0.865,4.000,4.235,0.865,0.0,3.37,0.0,0.0,0.0,11.509270918606983,0.0,0.0,1.2183688866136269,10.290902031993356,2.3792460324488838,0.0,0.0,0.0,0.663398283555084,0.0,0,0.0,0,10.290902031993356,,,,,,,,,,,
8059,4/23/1989,3.062,5.970,4.000,4.235,4.235,1.7349999999999994,0.0,0,1.6455585542815694,0.0,11.936460586274926,0.0,0.0,1.2946679350895145,10.641792651185412,2.5161404632744637,0.08944144571843,0.08944144571843,0.0,0.7077660463234435,0.08944144571843,0,0.0,0,10.641792651185412,,,,,,,,,,,
8060,4/24/1989,3.062,3.253,4.000,4.235,3.253,0.0,0.9820000000000002,0.0,0.0,0.08944144571843,10.641816793051014,0.08401814450490354,0.005423301213526466,1.0691994859928855,9.572617307058128,2.109303147898948,0.0,0.0,2.4141865600907437e-05,0.577194361656123,0.005399159347925559,0,0.0,0,9.572617307058128,,,,,,,,,,,
8061,4/25/1989,2.883,0.220,4.000,4.235,0.22,0.0,4.015000000000001,0.0,0.0,0.005399159347925559,9.572617307058128,0.005399159347925559,0.0,0.8962247638454028,8.676392543212724,1.7920072448880553,0.0,0.0,0.0,0.4782304379886597,0.0,0,0.0,0,8.676392543212724,,,,,,,,,,,
8062,4/26/1989,2.649,1.848,4.000,4.235,1.848,0.0,2.3870000000000005,0.0,0.0,0.0,8.676392543212724,0.0,0.0,0.760789363374167,7.915603179838557,1.5398649270372737,0.0,0.0,0.0,0.40160844827267894,0.0,0,0.0,0,7.915603179838557,,,,,,,,,,,
8063,4/27/1989,2.592,2.651,4.000,4.235,2.651,0.0,1.5840000000000005,0.0,0.0,0.0,7.915603179838557,0.0,0.0,0.652888674662837,7.262714505175721,1.3362659659059066,0.0,0.0,0.0,0.3411981984231378,0.0,0,0.0,0,7.262714505175721,,,,,,,,,,,
8064,4/28/1989,3.062,9.059,4.000,4.235,4.235,4.823999999999999,0.0,0,4.734558554281569,0.0,11.997273059457289,0.0,0.0,1.3056797962884659,10.691593263168823,2.5358357360899073,0.08944144571843,0.08944144571843,0.0,0.7141838902233353,0.08944144571843,0,0.0,0,10.691593263168823,,,,,,,,,,,
8065,4/29/1989,3.308,1.650,4.000,4.235,1.65,0.0,2.5850000000000004,0.0,0.0,0.08944144571843,10.691593263168823,0.08944144571843,0.0,1.0775476708906655,9.614045592278158,2.1244957477981727,0.0,0.0,0.0,0.5819987994116952,0.0,0,0.0,0,9.614045592278158,,,,,,,,,,,
8066,4/30/1989,3.433,9.998,4.000,4.235,4.235,5.762999999999999,0.0,0,5.673558554281569,0.0,15.287604146559726,0.0,0.0,1.955531544512108,13.332072602047617,3.6744305881086063,0.08944144571843,0.08944144571843,0.0,1.0984529021320664,0.08944144571843,0,0.0,0,13.332072602047617,,,,,,,,,,,
8067,5/1/1989,3.560,2.819,5.000,3.714,2.819,0.0,0.895,0.0,0.0,0.08944144571843,13.332129878987821,0.07657458180436726,0.012866863914062748,1.5566763872905245,11.775453491697297,2.980831501825629,0.0,0.0,5.727694020455919e-05,0.8613830743575283,0.01280958697385819,0,0.0,0,11.775453491697297,,,,,,,,,,,
8068,5/2/1989,3.433,4.805,5.000,3.714,3.714,1.0909999999999997,0.0,0,1.0143681412588346,0.01280958697385819,12.789878654927612,0.0,0.01280958697385819,1.4525903395992645,11.337288315328347,2.7971765327650657,0.07663185874116515,0.07663185874116515,5.7021971480159225e-05,0.8001354332640646,0.08938442374354318,0,0.0,0,11.337288315328347,,,,,,,,,,,
8069,5/3/1989,3.062,20.259,5.000,3.714,3.714,16.545,0.0,0,16.544942978025116,0.08938442374354318,27.882629188779124,0.0,0.08938442374354318,5.32421171518962,22.558417473589504,9.130672937174154,5.7021974886829895e-05,5.7021974886829895e-05,0.0003978954256586487,3.1944382503334916,0.08904355029277136,0,0.0,0,22.558417473589504,,,,,,,,,,,
8070,5/4/1989,8.593,10.549,5.000,3.714,3.714,6.834999999999999,0.0,0,6.834602104574341,0.08904355029277136,29.393415956188807,0.0,0.08904355029277136,5.813654419127561,23.579761537061245,9.883248238095568,0.0003978954256586434,0.0003978954256586434,0.00039637802496275416,3.508339138543598,0.08904506769346725,0,0.0,0,23.579761537061245,,,,,,,,,,,
8071,5/5/1989,5.957,13.649,5.000,3.714,3.714,9.934999999999999,0.0,0,9.934603621975036,0.08904506769346725,33.514761543815965,0.0,0.08904506769346725,7.234791191465655,26.27997035235031,12.027896720278093,0.000396378024962756,0.000396378024962756,0.00039638477968321323,4.42922631698813,0.0890450609387468,0,0.0,0,26.27997035235031,,,,,,,,,,,
8072,5/6/1989,5.207,0.294,5.000,3.714,0.294,0.0,3.42,0.0,0.0,0.0890450609387468,26.27997035235031,0.0890450609387468,0.0,4.823999229434192,21.455971122916118,8.353135360583897,0.0,0.0,0.0,2.8755901514030917,0.0,0,0.0,0,21.455971122916118,,,,,,,,,,,
8073,5/7/1989,3.062,0.137,5.000,3.714,0.137,0.0,3.577,0.0,0.0,0.0,21.455971122916118,0.0,0.0,3.4404300964573276,18.01554102645879,6.1507668829070825,0.0,0.0,0.0,2.0057340794312726,0.0,0,0.0,0,18.01554102645879,,,,,,,,,,,
8074,5/8/1989,3.002,0.622,5.000,3.714,0.622,0.0,3.092,0.0,0.0,0.0,18.01554102645879,0.0,0.0,2.5710545616757345,15.444486464783058,4.718496396810672,0.0,0.0,0.0,1.4704425378858663,0.0,0,0.0,0,15.444486464783058,,,,,,,,,,,
8075,5/9/1989,3.123,1.636,5.000,3.714,1.636,0.0,2.0780000000000003,0.0,0.0,0.0,15.444486464783058,0.0,0.0,1.9890921287857826,13.455394335997275,3.73212437111899,0.0,0.0,0.0,1.1185561334824514,0.0,0,0.0,0,13.455394335997275,,,,,,,,,,,
8076,5/10/1989,4.845,5.169,5.000,3.714,3.714,1.4549999999999996,0.0,0,1.365558554281571,0.0,14.820952890278846,0.0,0.0,1.8570602302843104,12.963892659994535,3.5045818001046984,0.08944144571842867,0.08944144571842867,0.0,1.039599636236274,0.08944144571842867,0,0.0,0,12.963892659994535,,,,,,,,,,,
8077,5/11/1989,5.728,8.879,5.000,3.714,3.714,5.164999999999999,0.0,0,5.164999999999998,0.08944144571842867,18.129290809253938,0.0,0.08944144571842867,2.5981674479965924,15.531123361257345,4.763856166009749,1.3306193620576623e-15,1.3306193620576623e-15,0.00039814925940303864,1.4869750394446248,0.08904329645902696,0,0.0,0,15.531123361257345,,,,,,,,,,,
8078,5/12/1989,3.433,2.355,5.000,3.714,2.355,0.0,1.359,0.0,0.0,0.08904329645902696,15.531123361257345,0.08904329645902696,0.0,2.007723459215728,13.523399902041618,3.764111945123431,0.0,0.0,0.0,1.129726208122321,0.0,0,0.0,0,13.523399902041618,,,,,,,,,,,
8079,5/13/1989,3.433,3.267,5.000,3.714,3.267,0.0,0.44700000000000006,0.0,0.0,0.0,13.523399902041618,0.0,0.0,1.5940756557834908,11.929324246258126,3.046534079674191,0.0,0.0,0.0,0.8834568999354602,0.0,0,0.0,0,11.929324246258126,,,,,,,,,,,
8080,5/14/1989,3.560,1.424,5.000,3.714,1.424,0.0,2.29,0.0,0.0,0.0,11.929324246258126,0.0,0.0,1.2933781405203304,10.635946105737796,2.5138325953850957,0.0,0.0,0.0,0.707014573061461,0.0,0,0.0,0,10.635946105737796,,,,,,,,,,,
8081,5/15/1989,3.123,1.745,5.000,3.714,1.745,0.0,1.9689999999999999,0.0,0.0,0.0,10.635946105737796,0.0,0.0,1.0682166053342872,9.567729500403509,2.107513739584173,0.0,0.0,0.0,0.5766288691104079,0.0,0,0.0,0,9.567729500403509,,,,,,,,,,,
8082,5/16/1989,2.535,3.025,5.000,3.714,3.025,0.0,0.6890000000000001,0.0,0.0,0.0,9.567729500403509,0.0,0.0,0.8954622019801471,8.672267298423362,1.7905972326367314,0.0,0.0,0.0,0.4777967682761133,0.0,0,0.0,0,8.672267298423362,,,,,,,,,,,
8083,5/17/1989,2.423,5.374,5.000,3.714,3.714,1.6599999999999997,0.0,0,1.5705585542815697,0.0,10.242825852704932,0.0,0.0,1.0032259553523126,9.239599897352619,1.9888613815905807,0.08944144571842999,0.08944144571842999,0.0,0.5393144534362598,0.08944144571842999,0,0.0,0,9.239599897352619,,,,,,,,,,,
8084,5/18/1989,2.423,0.803,5.000,3.714,0.803,0.0,2.911,0.0,0.0,0.08944144571842999,9.239599897352619,0.08944144571842999,0.0,0.8448657805409243,8.394734116811694,1.696805184081594,0.0,0.0,0.0,0.4490777941621532,0.0,0,0.0,0,8.394734116811694,,,,,,,,,,,
8085,5/19/1989,2.479,4.569,5.000,3.714,3.714,0.855,0.0,0,0.7655585551716788,0.0,9.160292671983374,0.0,0.0,0.832814019481723,8.32747865250165,1.6743940619160838,0.08944144482832113,0.08944144482832113,0.0,0.44225353535105283,0.08944144482832113,0,0.0,0,8.32747865250165,,,,,,,,,,,
8086,5/20/1989,3.818,9.329,5.000,3.714,3.714,5.615,0.0,0,5.614999999109892,0.08944144482832113,13.942876800866982,0.0,0.08944144482832113,1.677334815086892,12.26554198578009,3.1922822481826474,8.901088747868786e-10,8.901088747868786e-10,0.00039814925544071826,0.9327195965491402,0.08904329646298928,0,0.0,0,12.26554198578009,,,,,,,,,,,
8087,5/21/1989,24.581,23.501,5.000,3.714,3.714,19.787000000000003,0.0,0,19.78660185074456,0.08904329646298928,32.05254021341969,0.0,0.08904329646298928,6.7163997136054885,25.3361404998142,11.252097111967494,0.0003981492554407242,0.0003981492554407242,0.0003963768950375954,4.091793836476198,0.08904506882339241,0,0.0,0,25.3361404998142,,,,,,,,,,,
8088,5/22/1989,10.409,3.312,5.000,3.714,3.312,0.0,0.40200000000000014,0.0,0.0,0.08904506882339241,25.336384426461827,0.034248653917032884,0.05479641490635953,4.5387909271542135,20.797593499307613,7.905695078460038,0.0,0.0,0.0002439266476258828,2.69474945121905,0.05455248825873365,0,0.0,0,20.797593499307613,,,,,,,,,,,
8089,5/23/1989,3.884,1.429,5.000,3.714,1.429,0.0,2.285,0.0,0.0,0.05455248825873365,20.797593499307613,0.05455248825873365,0.0,3.266286334235795,17.53130716507182,5.867288972509099,0.0,0.0,0.0,1.8977129059381608,0.0,0,0.0,0,17.53130716507182,,,,,,,,,,,
8090,5/24/1989,3.433,4.886,5.000,3.714,3.714,1.1720000000000002,0.0,0,1.082558554282313,0.0,18.61386571935413,0.0,0.0,2.7149389766257346,15.898926742728396,4.958664019968957,0.08944144571768703,0.08944144571768703,0.0,1.5583066973257194,0.08944144571768703,0,0.0,0,15.898926742728396,,,,,,,,,,,
8091,5/25/1989,17.014,17.433,5.000,3.714,3.714,13.719,0.0,0,13.718999999999257,0.08944144571768703,29.618324891987054,0.0,0.08944144571768703,5.887983704744804,23.73034118724225,9.996869114788996,7.429721737979784e-13,7.429721737979784e-13,0.0003981492593997372,3.556165807113839,0.08904329645903027,0,0.0,0,23.73034118724225,,,,,,,,,,,
8092,5/26/1989,10.315,3.482,5.000,3.714,3.482,0.0,0.23199999999999976,0.0,0.0,0.08904329645903027,23.73064958002118,0.019765016152939,0.06927828030609126,4.069569677989335,19.661079902031844,7.162513815310643,0.0,0.0,0.0003083927789295906,2.398878813200222,0.06896988752716167,0,0.0,0,19.661079902031844,,,,,,,,,,,
8093,5/27/1989,6.189,0.535,5.000,3.714,0.535,0.0,3.179,0.0,0.0,0.06896988752716167,19.661079902031844,0.06896988752716167,0.0,2.9742540279458156,16.68682587408603,5.388222798844607,0.0,0.0,0.0,1.7174250933565023,0.0,0,0.0,0,16.68682587408603,,,,,,,,,,,
8094,5/28/1989,5.503,0.625,5.000,3.714,0.625,0.0,3.089,0.0,0.0,0.0,16.68682587408603,0.0,0.0,2.262847752544275,14.423978121541754,4.199286383522755,0.0,0.0,0.0,1.2833439665148583,0.0,0,0.0,0,14.423978121541754,,,,,,,,,,,
8095,5/29/1989,3.624,1.967,5.000,3.714,1.967,0.0,1.7469999999999999,0.0,0.0,0.0,14.423978121541754,0.0,0.0,1.7749012818504548,12.6490768396913,3.3621985648863464,0.0,0.0,0.0,0.9906522635860392,0.0,0,0.0,0,12.6490768396913,,,,,,,,,,,
8096,5/30/1989,3.002,2.704,5.000,3.714,2.704,0.0,1.0099999999999998,0.0,0.0,0.0,12.6490768396913,0.0,0.0,1.4260360221945345,11.223040817496766,2.750128090179123,0.0,0.0,0.0,0.7845553918269238,0.0,0,0.0,0,11.223040817496766,,,,,,,,,,,
8097,5/31/1989,2.883,1.446,5.000,3.714,1.446,0.0,2.268,0.0,0.0,0.0,11.223040817496766,0.0,0.0,1.168288267807218,10.054752549689548,2.288969698948103,0.0,0.0,0.0,0.6343750545946825,0.0,0,0.0,0,10.054752549689548,,,,,,,,,,,
8098,6/1/1989,3.496,4.322,6.000,3.269,3.269,1.053,0.0,0,0.9635585542922019,0.0,11.01831110398175,0.0,0.0,1.1329850059185975,9.885326098063153,2.225121500172509,0.08944144570779802,0.08944144570779802,0.0,0.6139646927657596,0.08944144570779802,0,0.0,0,9.885326098063153,,,,,,,,,,,
8099,6/2/1989,3.560,2.304,6.000,3.269,2.304,0.0,0.9650000000000003,0.0,0.0,0.08944144570779802,9.8853567145985,0.08256365523219832,0.006877790475599707,0.9455540386069737,8.939802675991526,1.8830018309994059,0.0,0.0,3.061653534548217e-05,0.5063347870214268,0.006847173940254225,0,0.0,0,8.939802675991526,,,,,,,,,,,
8100,6/3/1989,3.496,0.360,6.000,3.269,0.36,0.0,2.9090000000000003,0.0,0.0,0.006847173940254225,8.939802675991526,0.006847173940254225,0.0,0.7996728160181676,8.140129859973358,1.6126208675597826,0.0,0.0,0.0,0.423521227166597,0.0,0,0.0,0,8.140129859973358,,,,,,,,,,,
8101,6/4/1989,3.123,1.719,6.000,3.269,1.719,0.0,1.55,0.0,0.0,0.0,8.140129859973358,0.0,0.0,0.6840449905818791,7.456084869391479,1.395325264161647,0.0,0.0,0.0,0.35857864840726145,0.0,0,0.0,0,7.456084869391479,,,,,,,,,,,
8102,6/5/1989,2.883,1.946,6.000,3.269,1.946,0.0,1.3230000000000002,0.0,0.0,0.0,7.456084869391479,0.0,0.0,0.5909496992270485,6.8651351701644305,1.218150889902938,0.0,0.0,0.0,0.30681013368161003,0.0,0,0.0,0,6.8651351701644305,,,,,,,,,,,
8103,6/6/1989,2.649,0.732,6.000,3.269,0.732,0.0,2.537,0.0,0.0,0.0,6.8651351701644305,0.0,0.0,0.5149688175616465,6.350166352602784,1.0718611877158821,0.0,0.0,0.0,0.26495203004620527,0.0,0,0.0,0,6.350166352602784,,,,,,,,,,,
8104,6/7/1989,2.313,2.045,6.000,3.269,2.045,0.0,1.2240000000000002,0.0,0.0,0.0,6.350166352602784,0.0,0.0,0.4522108192881834,5.897955533314601,0.9497292911792682,0.0,0.0,0.0,0.23068188521421445,0.0,0,0.0,0,5.897955533314601,,,,,,,,,,,
8105,6/8/1989,17.351,35.856,6.000,3.269,3.269,32.587,0.0,0,32.497558554281575,0.0,38.395514087596176,0.0,0.0,9.074720471042538,29.320793616553637,14.72901208500526,0.08944144571843,0.08944144571843,0.0,5.6391074206097,0.08944144571843,0,0.0,0,29.320793616553637,,,,,,,,,,,
8106,6/9/1989,24.837,20.158,6.000,3.269,3.269,16.889000000000003,0.0,0,16.889000000000003,0.08944144571843,46.21019176581304,0.0,0.08944144571843,12.357446234417765,33.85274553139528,19.38144529248592,0.0,0.0,0.00039814925940304455,7.836630717475989,0.08904329645902696,0,0.0,0,33.85274553139528,,,,,,,,,,,
8107,6/10/1989,22.566,3.900,6.000,3.269,3.269,0.6309999999999998,0.0,0,0.6306018510379069,0.08904329645902696,34.483743759328206,0.0,0.08904329645902696,7.586762001964048,26.89698175736416,12.550711908195138,0.0003981489620928696,0.0003981489620928696,0.0003963768950199571,4.65924796536988,0.08904506852609988,0,0.0,0,26.89698175736416,,,,,,,,,,,
8108,6/11/1989,18.377,10.343,6.000,3.269,3.269,7.074,0.0,0,7.07360362280767,0.08904506852609988,33.97098176495522,0.0,0.08904506852609988,7.399674369713588,26.571307395241632,12.273197047914646,0.0003963771923301267,0.0003963771923301267,0.0003963847833896836,4.536892011670987,0.08904506093504032,0,0.0,0,26.571307395241632,,,,,,,,,,,
8109,6/12/1989,16.457,5.676,6.000,3.269,3.269,2.407,0.0,0,2.40660361521661,0.08904506093504032,28.978307395207842,0.0,0.08904506093504032,5.677460698474772,23.30084669673307,9.674611526117555,0.0003963847833896896,0.0003963847833896896,0.0003963847495980256,3.4208109364153536,0.08904506096883198,0,0.0,0,23.30084669673307,,,,,,,,,,,
8110,6/13/1989,8.418,4.909,6.000,3.269,3.269,1.6399999999999997,0.0,0,1.6396036152504017,0.08904506096883198,24.94084669673322,0.0,0.08904506096883198,4.42131135582884,20.51953534090438,7.720470883542374,0.00039638474959802206,0.00039638474959802206,0.0003963847497484494,2.6204743159850072,0.08904506096868156,0,0.0,0,20.51953534090438,,,,,,,,,,,
8111,6/14/1989,5.280,2.317,6.000,3.269,2.317,0.0,0.952,0.0,0.0,0.08904506096868156,20.519570680544014,0.081106258156932,0.007938802811749565,3.1938380816144725,17.32573259892954,5.7488816834852745,0.0,0.0,3.533963963412979e-05,1.8528837241064378,0.007903463172115436,0,0.0,0,17.32573259892954,,,,,,,,,,,
8112,6/15/1989,4.424,1.571,6.000,3.269,1.571,0.0,1.6980000000000002,0.0,0.0,0.007903463172115436,17.32573259892954,0.007903463172115436,0.0,2.409083151740101,14.91664944718944,4.446477338682153,0.0,0.0,0.0,1.3719208841646497,0.0,0,0.0,0,14.91664944718944,,,,,,,,,,,
8113,6/16/1989,4.151,5.324,6.000,3.269,3.269,2.0549999999999997,0.0,0,1.9655585542815697,0.0,16.88220800147101,0.0,0.0,2.307178465375639,14.575029536095371,4.274387280907573,0.08944144571843,0.08944144571843,0.0,1.3101570331072612,0.08944144571843,0,0.0,0,14.575029536095371,,,,,,,,,,,
8114,6/17/1989,4.219,0.899,6.000,3.269,0.899,0.0,2.37,0.0,0.0,0.08944144571843,14.575029536095371,0.08944144571843,0.0,1.805987959897376,12.769041576197996,3.4161460495881473,0.0,0.0,0.0,1.0091554308441941,0.0,0,0.0,0,12.769041576197996,,,,,,,,,,,
8115,6/18/1989,4.493,9.445,6.000,3.269,3.269,6.176,0.0,0,6.08655855428157,0.0,18.855600130479566,0.0,0.0,2.773956911156945,16.081643219322622,5.056790604257046,0.08944144571843,0.08944144571843,0.0,1.594436133183094,0.08944144571843,0,0.0,0,16.081643219322622,,,,,,,,,,,
8116,6/19/1989,6.663,5.961,6.000,3.269,3.269,2.692,0.0,0,2.692,0.08944144571843,18.774041368582026,0.0,0.08944144571843,2.7539881188460376,16.020053249735987,5.023613858269297,0.0,0.0,0.00039814925940304455,1.5822059767581904,0.08904329645902696,0,0.0,0,16.020053249735987,,,,,,,,,,,
8117,6/20/1989,4.703,0.878,6.000,3.269,0.878,0.0,2.391,0.0,0.0,0.08904329645902696,16.020053249735987,0.08904329645902696,0.0,2.1141657700414984,13.905887479694488,3.9463061020817802,0.0,0.0,0.0,1.1936708538130376,0.0,0,0.0,0,13.905887479694488,,,,,,,,,,,
8118,6/21/1989,4.355,2.677,6.000,3.269,2.677,0.0,0.5920000000000001,0.0,0.0,0.0,13.905887479694488,0.0,0.0,1.6699249867012513,12.235962492993238,3.179339569090314,0.0,0.0,0.0,0.9283287104347501,0.0,0,0.0,0,12.235962492993238,,,,,,,,,,,
8119,6/22/1989,5.577,6.133,6.000,3.269,3.269,2.864,0.0,0,2.77455855428157,0.0,15.010521047274807,0.0,0.0,1.8968168156958654,13.113704231578941,3.5732595638400615,0.08944144571843,0.08944144571843,0.0,1.0633368022867733,0.08944144571843,0,0.0,0,13.113704231578941,,,,,,,,,,,
8120,6/23/1989,5.207,4.553,6.000,3.269,3.269,1.2839999999999998,0.0,0,1.2839999999999998,0.08944144571843,14.398102380838345,0.0,0.08944144571843,1.7695976806593663,12.62850470017898,3.3529856699363765,0.0,0.0,0.00039814925940304455,0.9874976145405332,0.08904329645902696,0,0.0,0,12.62850470017898,,,,,,,,,,,
8121,6/24/1989,5.061,0.181,6.000,3.269,0.181,0.0,3.088,0.0,0.0,0.08904329645902696,12.62850470017898,0.08904329645902696,0.0,1.422172669768177,11.206332030410803,2.7432762926309002,0.0,0.0,0.0,0.7822902541986627,0.0,0,0.0,0,11.206332030410803,,,,,,,,,,,
8122,6/25/1989,4.845,0.580,6.000,3.269,0.58,0.0,2.689,0.0,0.0,0.0,11.206332030410803,0.0,0.0,1.1653908072435661,10.040941223167236,2.2837360850830395,0.0,0.0,0.0,0.6326983596867288,0.0,0,0.0,0,10.040941223167236,,,,,,,,,,,
8123,6/26/1989,16.236,0.730,6.000,3.269,0.73,0.0,2.539,0.0,0.0,0.0,10.040941223167236,0.0,0.0,0.9704872172582815,9.070454005908955,1.9288355326298434,0.0,0.0,0.0,0.5205770338870593,0.0,0,0.0,0,9.070454005908955,,,,,,,,,,,
8124,6/27/1989,18.493,21.607,6.000,3.269,3.269,18.338,0.0,0,18.248558554281573,0.0,27.31901256019053,0.0,0.0,5.146051259615895,22.172961300574634,8.854750324166032,0.08944144571843,0.08944144571843,0.0,3.0806380739617434,0.08944144571843,0,0.0,0,22.172961300574634,,,,,,,,,,,
8125,6/28/1989,5.728,2.774,6.000,3.269,2.774,0.0,0.4950000000000001,0.0,0.0,0.08944144571843,22.17317092268543,0.042351305020292516,0.04709014069813749,3.6342275764472447,18.538943346238185,6.464423887924668,0.0,0.0,0.00020962211079606099,2.1263695514345753,0.04688051858734143,0,0.0,0,18.538943346238185,,,,,,,,,,,
8126,6/29/1989,11.852,8.997,6.000,3.269,3.269,5.728,0.0,0,5.6854390728689115,0.04688051858734143,24.22459110808351,0.0,0.04688051858734143,4.211723677114374,20.012867430969134,7.38863368042296,0.042560927131088576,0.042560927131088576,0.00020868897641414705,2.4882892640778618,0.08923275674201586,0,0.0,0,20.012867430969134,,,,,,,,,,,
8127,6/30/1989,14.933,10.683,6.000,3.269,3.269,7.414,0.0,0,7.413791311023585,0.08923275674201586,27.427055962271595,0.0,0.08923275674201586,5.1800159773793455,22.24703998489225,8.907437101184119,0.00020868897641414477,0.00020868897641414477,0.00039722027887575695,3.1023133470792175,0.08904422543955424,0,0.0,0,22.24703998489225,,,,,,,,,,,
8128,7/1/1989,6.425,3.415,7.000,3.463,3.415,0.0,0.04800000000000004,0.0,0.0,0.08904422543955424,22.24741816213082,0.004089354478968405,0.08495487096058583,3.6545323276588073,18.592885834472014,6.497179864801989,0.0,0.0,0.0003781772385714988,2.139033813182899,0.08457669372201433,0,0.0,0,18.592885834472014,,,,,,,,,,,
8129,7/2/1989,4.774,5.158,7.000,3.463,3.463,1.6950000000000003,0.0,0,1.6901352480035845,0.08457669372201433,20.283397576255386,0.0,0.08457669372201433,3.1328068311568367,17.150590745098548,5.648911788613739,0.004864751996415676,0.004864751996415676,0.0003764937797873649,1.8151709333994528,0.08906495193864264,0,0.0,0,17.150590745098548,,,,,,,,,,,
8130,7/3/1989,4.219,2.821,7.000,3.463,2.821,0.0,0.6419999999999999,0.0,0.0,0.08906495193864264,17.150743688490977,0.054707288804193316,0.03435766313444932,2.3686671614455883,14.782076527045389,4.378315396817593,0.0,0.0,0.00015294339242753917,1.3474039952939953,0.034204719742021786,0,0.0,0,14.782076527045389,,,,,,,,,,,
8131,7/4/1989,6.905,13.009,7.000,3.463,3.463,9.546,0.0,0,9.49076327402359,0.034204719742021786,24.27299206363276,0.0,0.034204719742021786,4.225758120130191,20.04723394350257,7.410911155104131,0.05523672597640822,0.05523672597640822,0.00015226256378108243,2.4971273787653705,0.08928918315464893,0,0.0,0,20.04723394350257,,,,,,,,,,,
8132,7/5/1989,21.703,23.284,7.000,3.463,3.463,19.820999999999998,0.0,0,19.820847737436218,0.08928918315464893,39.868479152400255,0.0,0.08928918315464893,9.662330611124627,30.206148541275628,15.5762599291996,0.0001522625637810758,0.0001522625637810758,0.0003974714614703603,6.029092918002516,0.08904397425695965,0,0.0,0,30.206148541275628,,,,,,,,,,,
8133,7/6/1989,25.095,22.200,7.000,3.463,3.463,18.737,0.0,0,18.736602528538526,0.08904397425695965,48.943147449726396,0.0,0.08904397425695965,13.59937457726645,35.343772872459944,21.09556961848855,0.0003974714614703575,0.0003974714614703575,0.0003963799122424847,8.678731300628943,0.08904506580618753,0,0.0,0,35.343772872459944,,,,,,,,,,,
8134,7/7/1989,14.720,10.771,7.000,3.463,3.463,7.308000000000001,0.0,0,7.307603620087758,0.08904506580618753,42.65177287731899,0.0,0.08904506580618753,10.812536622145384,31.839236255173606,17.215606208414645,0.0003963799122424824,0.0003963799122424824,0.00039638477128197357,6.796913509108824,0.08904506094714804,0,0.0,0,31.839236255173606,,,,,,,,,,,
8135,7/8/1989,10.129,4.326,7.000,3.463,3.463,0.8629999999999995,0.0,0,0.8626036152303705,0.08904506094714804,32.70223625515363,0.0,0.08904506094714804,6.944828590662965,25.757407664490664,11.594825897157081,0.00039638476962899617,0.00039638476962899617,0.00039638474965192317,4.240279572720104,0.08904506096712511,0,0.0,0,25.757407664490664,,,,,,,,,,,
8136,7/9/1989,12.648,12.875,7.000,3.463,3.463,9.411999999999999,0.0,0,9.411603615248694,0.08904506096712511,35.1694076644891,0.0,0.08904506096712511,7.839846050830552,27.329561613658548,12.92476987937256,0.0003963847513048918,0.0003963847513048918,0.0003963847497408513,4.825081189810495,0.08904506096868915,0,0.0,0,27.329561613658548,,,,,,,,,,,
8137,7/10/1989,9.214,1.767,7.000,3.463,1.767,0.0,1.6960000000000002,0.0,0.0,0.08904506096868915,27.329561613658548,0.08904506096868915,0.0,5.149363541179639,22.18019807247891,8.8598901757989,0.0,0.0,0.0,3.0827514603623047,0.0,0,0.0,0,22.18019807247891,,,,,,,,,,,
8138,7/11/1989,6.034,10.874,7.000,3.463,3.463,7.4110000000000005,0.0,0,7.32155855428157,0.0,29.50175662676048,0.0,0.0,5.849412356673887,23.65234427008659,9.937929761463906,0.08944144571843,0.08944144571843,0.0,3.531342347244731,0.08944144571843,0,0.0,0,23.65234427008659,,,,,,,,,,,
8139,7/12/1989,23.945,56.682,7.000,3.463,3.463,53.219,0.0,0,53.219,0.08944144571843,76.87174241934599,0.0,0.08944144571843,28.86092992005282,48.01081249929317,40.76153861460874,0.0,0.0,0.00039814925940304455,19.353104601432896,0.08904329645902696,0,0.0,0,48.01081249929317,,,,,,,,,,,
8140,7/13/1989,70.095,15.538,7.000,3.463,3.463,12.075,0.0,0,12.074601850740596,0.08904329645902696,60.08581072692879,0.0,0.08904329645902696,19.14192692607739,40.9438838008514,28.50186067620688,0.0003981492594030382,0.0003981492594030382,0.0003963768950199571,12.49373056805533,0.08904506882341005,0,0.0,0,40.9438838008514,,,,,,,,,,,
8141,7/14/1989,39.724,0.536,7.000,3.463,0.536,0.0,2.927,0.0,0.0,0.08904506882341005,40.9438838008514,0.08904506882341005,0.0,10.10060772744685,30.843276073404553,16.203803424547473,0.0,0.0,0.0,6.320992489796393,0.0,0,0.0,0,30.843276073404553,,,,,,,,,,,
8142,7/15/1989,24.581,0.130,7.000,3.463,0.13,0.0,3.333,0.0,0.0,0.0,30.843276073404553,0.0,0.0,6.2994110347627785,24.543865038641776,10.62275447585833,0.0,0.0,0.0,3.821602360414768,0.0,0,0.0,0,24.543865038641776,,,,,,,,,,,
8143,7/16/1989,13.982,1.203,7.000,3.463,1.203,0.0,2.26,0.0,0.0,0.0,24.543865038641776,0.0,0.0,4.30464526840407,20.239219770237707,7.535978747707781,0.0,0.0,0.0,2.5468419083425244,0.0,0,0.0,0,20.239219770237707,,,,,,,,,,,
8144,7/17/1989,8.946,3.013,7.000,3.463,3.013,0.0,0.4500000000000002,0.0,0.0,0.0,20.239219770237707,0.0,0.0,3.121442854980666,17.11777691525704,5.6302747022877835,0.0,0.0,0.0,1.8081541474240885,0.0,0,0.0,0,17.11777691525704,,,,,,,,,,,
8145,7/18/1989,8.244,1.359,7.000,3.463,1.359,0.0,2.104,0.0,0.0,0.0,17.11777691525704,0.0,0.0,2.3610836934086485,14.75669322184839,4.3655127227023,0.0,0.0,0.0,1.342806812692704,0.0,0,0.0,0,14.75669322184839,,,,,,,,,,,
8146,7/19/1989,6.504,1.055,7.000,3.463,1.055,0.0,2.4080000000000004,0.0,0.0,0.0,14.75669322184839,0.0,0.0,1.8436601107004105,12.91303311114798,3.4814015407652916,0.0,0.0,0.0,1.0316064238528888,0.0,0,0.0,0,12.91303311114798,,,,,,,,,,,
8147,7/20/1989,9.214,12.609,7.000,3.463,3.463,9.146,0.0,0,9.05655855428157,0.0,21.96959166542955,0.0,0.0,3.5787861936659837,18.390805471763567,6.374882941435862,0.08944144571843,0.08944144571843,0.0,2.091814025934824,0.08944144571843,0,0.0,0,18.390805471763567,,,,,,,,,,,
8148,7/21/1989,16.790,14.327,7.000,3.463,3.463,10.864,0.0,0,10.864,0.08944144571843,29.25520362102297,0.0,0.08944144571843,5.76816471531277,23.4870389057102,9.813627062365692,0.0,0.0,0.00039814925940304455,3.4790889094840463,0.08904329645902696,0,0.0,0,23.4870389057102,,,,,,,,,,,
8149,7/22/1989,23.064,6.544,7.000,3.463,3.463,3.0809999999999995,0.0,0,3.0806018507405963,0.08904329645902696,26.568037133345815,0.0,0.08904329645902696,4.912450955260212,21.655586178085603,8.49127811295228,0.0003981492594030382,0.0003981492594030382,0.0003963768950199571,2.9318194145058514,0.08904506882341005,0,0.0,0,21.655586178085603,,,,,,,,,,,
8150,7/23/1989,8.946,5.568,7.000,3.463,3.463,2.1049999999999995,0.0,0,2.1046036231049796,0.08904506882341005,23.760586185975296,0.0,0.08904506882341005,4.078129657640445,19.68245652833485,7.176154522396978,0.00039637689501995115,0.00039637689501995115,0.000396384784713162,2.404257032186565,0.08904506093371685,0,0.0,0,19.68245652833485,,,,,,,,,,,
8151,7/24/1989,17.919,8.066,7.000,3.463,3.463,4.603000000000001,0.0,0,4.602603615215288,0.08904506093371685,24.28545652829973,0.0,0.08904506093371685,4.229375365997609,20.05608116230212,7.416651621657854,0.0003963847847131611,0.0003963847847131611,0.0003963847495921342,2.4994056331448515,0.08904506096883787,0,0.0,0,20.05608116230212,,,,,,,,,,,
8152,7/25/1989,15.255,10.764,7.000,3.463,3.463,7.300999999999999,0.0,0,7.300603615250407,0.08904506096883787,27.357081162302276,0.0,0.08904506096883787,5.158008375516458,22.19907278678582,8.873303040325613,0.0003963847495921373,0.0003963847495921373,0.00039638474974847566,3.0882676794094004,0.08904506096868153,0,0.0,0,22.19907278678582,,,,,,,,,,,
8153,7/26/1989,8.418,3.192,7.000,3.463,3.192,0.0,0.2709999999999999,0.0,0.0,0.08904506096868153,22.199366395038886,0.02308802096694177,0.06595704000173977,3.6413862122481735,18.557980182790715,6.475974595680616,0.0,0.0,0.000293608253066268,2.130833928986611,0.0656634317486735,0,0.0,0,18.557980182790715,,,,,,,,,,,
8154,7/27/1989,6.743,0.170,7.000,3.463,0.17,0.0,3.293,0.0,0.0,0.0656634317486735,18.557980182790715,0.0656634317486735,0.0,2.7013672009892784,15.856612981801437,4.936067662671551,0.0,0.0,0.0,1.5500056309245582,0.0,0,0.0,0,15.856612981801437,,,,,,,,,,,
8155,7/28/1989,6.189,0.100,7.000,3.463,0.1,0.0,3.363,0.0,0.0,0.0,15.856612981801437,0.0,0.0,2.0783394855549933,13.778273496246443,3.8850870639977844,0.0,0.0,0.0,1.1721242049845437,0.0,0,0.0,0,13.778273496246443,,,,,,,,,,,
8156,7/29/1989,5.804,0.132,7.000,3.463,0.132,0.0,3.331,0.0,0.0,0.0,13.778273496246443,0.0,0.0,1.6444617642109478,12.133811732035495,3.1348211608453345,0.0,0.0,0.0,0.9132496212093419,0.0,0,0.0,0,12.133811732035495,,,,,,,,,,,
8157,7/30/1989,5.280,5.666,7.000,3.463,3.463,2.2030000000000003,0.0,0,2.1135585542815702,0.0,14.247370286317064,0.0,0.0,1.7388293584785282,12.508540927838537,3.2994851112131225,0.08944144571843,0.08944144571843,0.0,0.9692085555101534,0.08944144571843,0,0.0,0,12.508540927838537,,,,,,,,,,,
8158,7/31/1989,4.774,0.252,7.000,3.463,0.252,0.0,3.2110000000000003,0.0,0.0,0.08944144571843,12.508540927838537,0.08944144571843,0.0,1.399727627171511,11.108813300667025,2.703434709859741,0.0,0.0,0.0,0.769138452786709,0.0,0,0.0,0,11.108813300667025,,,,,,,,,,,
8159,8/1/1989,4.703,0.040,8.000,3.792,0.04,0.0,3.752,0.0,0.0,0.0,11.108813300667025,0.0,0.0,1.1485376189820893,9.960275681684935,2.253271174775189,0.0,0.0,0.0,0.6229512585701238,0.0,0,0.0,0,9.960275681684935,,,,,,,,,,,
8160,8/2/1989,4.287,0.171,8.000,3.792,0.171,0.0,3.621,0.0,0.0,0.0,9.960275681684935,0.0,0.0,0.9575277663106484,9.002747915374288,1.9050257257212588,0.0,0.0,0.0,0.5131713351443482,0.0,0,0.0,0,9.002747915374288,,,,,,,,,,,
8161,8/3/1989,3.246,0.878,8.000,3.792,0.878,0.0,2.9139999999999997,0.0,0.0,0.0,9.002747915374288,0.0,0.0,0.809078997242399,8.19366891813189,1.6301752864252987,0.0,0.0,0.0,0.42883275559272727,0.0,0,0.0,0,8.19366891813189,,,,,,,,,,,
8162,8/4/1989,3.560,1.620,8.000,3.792,1.62,0.0,2.1719999999999997,0.0,0.0,0.0,8.19366891813189,0.0,0.0,0.6915598908057972,7.502109027326092,1.4095365129687198,0.0,0.0,0.0,0.3627787063605134,0.0,0,0.0,0,7.502109027326092,,,,,,,,,,,
8163,8/5/1989,3.433,0.787,8.000,3.792,0.787,0.0,3.005,0.0,0.0,0.0,7.502109027326092,0.0,0.0,0.5970417895730495,6.905067237753043,1.2298116564463517,0.0,0.0,0.0,0.31018229403614966,0.0,0,0.0,0,6.905067237753043,,,,,,,,,,,
8164,8/6/1989,3.308,2.151,8.000,3.792,2.151,0.0,1.641,0.0,0.0,0.0,6.905067237753043,0.0,0.0,0.5199708105142709,6.385096427238772,1.0815426539168067,0.0,0.0,0.0,0.2676957743508377,0.0,0,0.0,0,6.385096427238772,,,,,,,,,,,
8165,8/7/1989,3.184,2.191,8.000,3.792,2.191,0.0,1.601,0.0,0.0,0.0,6.385096427238772,0.0,0.0,0.4563641756630574,5.928732251575715,0.9578515360400899,0.0,0.0,0.0,0.2329406888328274,0.0,0,0.0,0,5.928732251575715,,,,,,,,,,,
8166,8/8/1989,3.123,0.550,8.000,3.792,0.55,0.0,3.242,0.0,0.0,0.0,5.928732251575715,0.0,0.0,0.40330676534145343,5.525425486234262,0.8536388793431201,0.0,0.0,0.0,0.2041913829042451,0.0,0,0.0,0,5.525425486234262,,,,,,,,,,,
8167,8/9/1989,2.765,0.104,8.000,3.792,0.104,0.0,3.6879999999999997,0.0,0.0,0.0,5.525425486234262,0.0,0.0,0.3586261788984312,5.166799307335831,0.7650589303163954,0.0,0.0,0.0,0.18017249645349237,0.0,0,0.0,0,5.166799307335831,,,,,,,,,,,
8168,8/10/1989,2.592,0.299,8.000,3.792,0.299,0.0,3.493,0.0,0.0,0.0,5.166799307335831,0.0,0.0,0.32067745809561815,4.8461218492402125,0.6891671861197941,0.0,0.0,0.0,0.15992589071971325,0.0,0,0.0,0,4.8461218492402125,,,,,,,,,,,
8169,8/11/1989,2.707,0.000,8.000,3.792,0.0,0.0,3.792,0.0,0.0,0.0,4.8461218492402125,0.0,0.0,0.28819713608675473,4.557924713153458,0.6236784764383669,0.0,0.0,0.0,0.14272112584523303,0.0,0,0.0,0,4.557924713153458,,,,,,,,,,,
8170,8/12/1989,2.824,0.412,8.000,3.792,0.412,0.0,3.38,0.0,0.0,0.0,4.557924713153458,0.0,0.0,0.26020223551947946,4.297722477633979,0.5667975963708027,0.0,0.0,0.0,0.12799396467231772,0.0,0,0.0,0,4.297722477633979,,,,,,,,,,,
8171,8/13/1989,2.592,0.602,8.000,3.792,0.602,0.0,3.19,0.0,0.0,0.0,4.297722477633979,0.0,0.0,0.23591907546411134,4.0618034021698675,0.5170986205128376,0.0,0.0,0.0,0.11530333024360712,0.0,0,0.0,0,4.0618034021698675,,,,,,,,,,,
8172,8/14/1989,2.824,2.169,8.000,3.792,2.169,0.0,1.6229999999999998,0.0,0.0,0.0,4.0618034021698675,0.0,0.0,0.21473225077195354,3.847071151397914,0.4734375253924605,0.0,0.0,0.0,0.10430066639849392,0.0,0,0.0,0,3.847071151397914,,,,,,,,,,,
8173,8/15/1989,6.346,15.091,8.000,3.792,3.792,11.299,0.0,0,11.20955855428157,0.0,15.056629705679484,0.0,0.0,1.9065376863014278,13.150092019378055,3.5900304677965846,0.08944144571843,0.08944144571843,0.0,1.0691457787226484,0.08944144571843,0,0.0,0,13.150092019378055,,,,,,,,,,,
8174,8/16/1989,5.061,2.119,8.000,3.792,2.119,0.0,1.6729999999999996,0.0,0.0,0.08944144571843,13.150092019378055,0.08944144571843,0.0,1.5214129124963622,11.628679106881693,2.9187441831708627,0.0,0.0,0.0,0.8406017658489008,0.0,0,0.0,0,11.628679106881693,,,,,,,,,,,
8175,8/17/1989,3.624,2.239,8.000,3.792,2.239,0.0,1.553,0.0,0.0,0.0,11.628679106881693,0.0,0.0,1.239509202081178,10.389169904800514,2.4172520700981375,0.0,0.0,0.0,0.6756735075834104,0.0,0,0.0,0,10.389169904800514,,,,,,,,,,,
8176,8/18/1989,3.246,3.224,8.000,3.792,3.224,0.0,0.5679999999999996,0.0,0.0,0.0,10.389169904800514,0.0,0.0,1.0272288134281038,9.36194109137241,2.032760138398722,0.0,0.0,0.0,0.5530777149310036,0.0,0,0.0,0,9.36194109137241,,,,,,,,,,,
8177,8/19/1989,18.377,23.802,8.000,3.792,3.792,20.009999999999998,0.0,0,19.92055855428157,0.0,29.282499645653978,0.0,0.0,5.777137303067812,23.505362342586167,9.827364582386673,0.08944144571843,0.08944144571843,0.0,3.484857154490757,0.08944144571843,0,0.0,0,23.505362342586167,,,,,,,,,,,
8178,8/20/1989,22.939,12.305,8.000,3.792,3.792,8.513,0.0,0,8.513,0.08944144571843,32.01876049184557,0.0,0.08944144571843,6.7046066596443294,25.31415383220124,11.234364870322816,0.0,0.0,0.00039814925940304455,4.084136913333337,0.08904329645902696,0,0.0,0,25.31415383220124,,,,,,,,,,,
8179,8/21/1989,8.244,12.501,8.000,3.792,3.792,8.709,0.0,0,8.708601850740596,0.08904329645902696,34.02315205983685,0.0,0.08904329645902696,7.418623914281811,26.604528145555044,12.301345041436674,0.0003981492594030382,0.0003981492594030382,0.0003963768950199571,4.549275901100246,0.08904506882341005,0,0.0,0,26.604528145555044,,,,,,,,,,,
8180,8/22/1989,6.346,1.958,8.000,3.792,1.958,0.0,1.8339999999999999,0.0,0.0,0.08904506882341005,26.604528145555044,0.08904506882341005,0.0,4.923701464366726,21.680826681188318,8.50882842403981,0.0,0.0,0.0,2.9389762289732753,0.0,0,0.0,0,21.680826681188318,,,,,,,,,,,
8181,8/23/1989,5.354,11.179,8.000,3.792,3.792,7.3870000000000005,0.0,0,7.29755855428157,0.0,28.978385235469887,0.0,0.0,5.677486116075271,23.300899119394614,9.674650518438781,0.08944144571843,0.08944144571843,0.0,3.420827258869016,0.08944144571843,0,0.0,0,23.300899119394614,,,,,,,,,,,
8182,8/24/1989,7.648,2.555,8.000,3.792,2.555,0.0,1.2369999999999997,0.0,0.0,0.08944144571843,23.300899119394614,0.08944144571843,0.0,3.9474827802022845,19.35341633919233,6.967612554008015,0.0,0.0,0.0,2.3222535738742174,0.0,0,0.0,0,19.35341633919233,,,,,,,,,,,
8183,8/25/1989,7.149,3.201,8.000,3.792,3.201,0.0,0.5909999999999997,0.0,0.0,0.0,19.35341633919233,0.0,0.0,2.897089044998781,16.45632729419355,5.260823350972245,0.0,0.0,0.0,1.6699766455852256,0.0,0,0.0,0,16.45632729419355,,,,,,,,,,,
8184,8/26/1989,6.189,3.257,8.000,3.792,3.257,0.0,0.5349999999999997,0.0,0.0,0.0,16.45632729419355,0.0,0.0,2.2109926828028943,14.245334611390655,4.111250302837358,0.0,0.0,0.0,1.2520237368541385,0.0,0,0.0,0,14.245334611390655,,,,,,,,,,,
8185,8/27/1989,4.845,0.611,8.000,3.792,0.611,0.0,3.181,0.0,0.0,0.0,14.245334611390655,0.0,0.0,1.7384153028003368,12.506919308590318,3.298764524298518,0.0,0.0,0.0,0.9689625802024239,0.0,0,0.0,0,12.506919308590318,,,,,,,,,,,
8186,8/28/1989,4.493,1.016,8.000,3.792,1.016,0.0,2.776,0.0,0.0,0.0,12.506919308590318,0.0,0.0,1.39942520351992,11.107494105070398,2.702897481885732,0.0,0.0,0.0,0.7689613401490483,0.0,0,0.0,0,11.107494105070398,,,,,,,,,,,
8187,8/29/1989,4.017,10.231,8.000,3.792,3.792,6.439,0.0,0,6.34955855428157,0.0,17.457052659351966,0.0,0.0,2.4395926415782507,15.017460017773715,4.497854878122103,0.08944144571843,0.08944144571843,0.0,1.390446315331362,0.08944144571843,0,0.0,0,15.017460017773715,,,,,,,,,,,
8188,8/30/1989,11.950,13.680,8.000,3.792,3.792,9.888,0.0,0,9.888,0.08944144571843,24.905858167033117,0.0,0.08944144571843,4.410978718520573,20.494879448512542,7.704153512973489,0.0,0.0,0.00039814925940304455,2.613947783998106,0.08904329645902696,0,0.0,0,20.494879448512542,,,,,,,,,,,
8189,8/31/1989,6.112,2.664,8.000,3.792,2.664,0.0,1.1279999999999997,0.0,0.0,0.08904329645902696,20.494879448512542,0.08904329645902696,0.0,3.1874354003685292,17.307444048144013,5.738403631847651,0.0,0.0,0.0,1.8489250989004766,0.0,0,0.0,0,17.307444048144013,,,,,,,,,,,
8190,9/1/1989,5.280,5.545,9.000,4.609,4.609,0.9359999999999999,0.0,0,0.8465585544270593,0.0,18.154002602571072,0.0,0.0,2.6040726748609417,15.549929927710131,4.773729117958775,0.08944144557294065,0.08944144557294065,0.0,1.490577352687435,0.08944144557294065,0,0.0,0,15.549929927710131,,,,,,,,,,,
8191,9/2/1989,4.989,2.079,9.000,4.609,2.079,0.0,2.53,0.0,0.0,0.08944144557294065,15.549929927710131,0.08944144557294065,0.0,2.0117769997763038,13.538152927933828,3.77106746469553,0.0,0.0,0.0,1.132157340222877,0.0,0,0.0,0,13.538152927933828,,,,,,,,,,,
8192,9/3/1989,4.703,0.620,9.000,4.609,0.62,0.0,3.989,0.0,0.0,0.0,13.538152927933828,0.0,0.0,1.5969750733966603,11.941177854537168,3.051621592677686,0.0,0.0,0.0,0.8851696306229773,0.0,0,0.0,0,11.941177854537168,,,,,,,,,,,
8193,9/4/1989,3.884,0.308,9.000,4.609,0.308,0.0,4.301,0.0,0.0,0.0,11.941177854537168,0.0,0.0,1.2955207982439607,10.645657056293206,2.517666400742586,0.0,0.0,0.0,0.708262977209699,0.0,0,0.0,0,10.645657056293206,,,,,,,,,,,
8194,9/5/1989,3.818,0.504,9.000,4.609,0.504,0.0,4.105,0.0,0.0,0.0,10.645657056293206,0.0,0.0,1.069842625137705,9.575814431155502,2.1104739518008464,0.0,0.0,0.0,0.5775644051485221,0.0,0,0.0,0,9.575814431155502,,,,,,,,,,,
8195,9/6/1989,3.753,0.509,9.000,4.609,0.509,0.0,4.1,0.0,0.0,0.0,9.575814431155502,0.0,0.0,0.8967236975366881,8.679090733618814,1.7929297400805515,0.0,0.0,0.0,0.4785141952306346,0.0,0,0.0,0,8.679090733618814,,,,,,,,,,,
8196,9/7/1989,3.753,0.898,9.000,4.609,0.898,0.0,3.711,0.0,0.0,0.0,8.679090733618814,0.0,0.0,0.7611837222303284,7.917907011388486,1.540604381573298,0.0,0.0,0.0,0.4018303257947559,0.0,0,0.0,0,7.917907011388486,,,,,,,,,,,
8197,9/8/1989,3.688,0.295,9.000,4.609,0.295,0.0,4.314,0.0,0.0,0.0,7.917907011388486,0.0,0.0,0.6532054101483435,7.264701601240143,1.3368675215788786,0.0,0.0,0.0,0.34137461814892495,0.0,0,0.0,0,7.264701601240143,,,,,,,,,,,
8198,9/9/1989,3.560,3.640,9.000,4.609,3.64,0.0,0.9689999999999999,0.0,0.0,0.0,7.264701601240143,0.0,0.0,0.5658857335525085,6.698815867687634,1.1700721902093143,0.0,0.0,0.0,0.2929607564100094,0.0,0,0.0,0,6.698815867687634,,,,,,,,,,,
8199,9/10/1989,3.246,0.070,9.000,4.609,0.07,0.0,4.539,0.0,0.0,0.0,6.698815867687634,0.0,0.0,0.49434389898732806,6.2044719687003065,1.03186105812992,0.0,0.0,0.0,0.2536573344652158,0.0,0,0.0,0,6.2044719687003065,,,,,,,,,,,
8200,9/11/1989,3.002,0.206,9.000,4.609,0.206,0.0,4.403,0.0,0.0,0.0,6.2044719687003065,0.0,0.0,0.4350513186095686,5.769420650090738,0.9161098295706557,0.0,0.0,0.0,0.2213642859736915,0.0,0,0.0,0,5.769420650090738,,,,,,,,,,,
8201,9/12/1989,2.765,0.026,9.000,4.609,0.026,0.0,4.583,0.0,0.0,0.0,5.769420650090738,0.0,0.0,0.38540687049456235,5.3840137795961756,0.818247179595575,0.0,0.0,0.0,0.19454677258206782,0.0,0,0.0,0,5.3840137795961756,,,,,,,,,,,
8202,9/13/1989,2.592,0.026,9.000,4.609,0.026,0.0,4.583,0.0,0.0,0.0,5.3840137795961756,0.0,0.0,0.3434599079417906,5.040553871654385,0.7348049918887519,0.0,0.0,0.0,0.17206310243395606,0.0,0,0.0,0,5.040553871654385,,,,,,,,,,,
8203,9/14/1989,2.423,0.458,9.000,4.609,0.458,0.0,4.151,0.0,0.0,0.0,5.040553871654385,0.0,0.0,0.3077250699656826,4.732828801688703,0.66311372360495,0.0,0.0,0.0,0.1530505982774162,0.0,0,0.0,0,4.732828801688703,,,,,,,,,,,
8204,9/15/1989,2.368,1.304,9.000,4.609,1.304,0.0,3.3049999999999997,0.0,0.0,0.0,4.732828801688703,0.0,0.0,0.2770557087970482,4.455773092891654,0.6010916595573793,0.0,0.0,0.0,0.13684818244271518,0.0,0,0.0,0,4.455773092891654,,,,,,,,,,,
8205,9/16/1989,2.423,0.043,9.000,4.609,0.043,0.0,4.566,0.0,0.0,0.0,4.455773092891654,0.0,0.0,0.25055566256038153,4.205217430331272,0.5470963408798631,0.0,0.0,0.0,0.12294280450017045,0.0,0,0.0,0,4.205217430331272,,,,,,,,,,,
8206,9/17/1989,2.479,0.027,9.000,4.609,0.027,0.0,4.582,0.0,0.0,0.0,4.205217430331272,0.0,0.0,0.22751666043075341,3.977700769900519,0.49981803357871896,0.0,0.0,0.0,0.11093169539070934,0.0,0,0.0,0,3.977700769900519,,,,,,,,,,,
8207,9/18/1989,2.535,0.040,9.000,4.609,0.04,0.0,4.569,0.0,0.0,0.0,3.977700769900519,0.0,0.0,0.20737319882070906,3.7703275710798096,0.45820216098972055,0.0,0.0,0.0,0.1004953366159915,0.0,0,0.0,0,3.7703275710798096,,,,,,,,,,,
8208,9/19/1989,2.592,0.069,9.000,4.609,0.069,0.0,4.54,0.0,0.0,0.0,3.7703275710798096,0.0,0.0,0.18966953717785043,3.580658033901959,0.42139203289844374,0.0,0.0,0.0,0.09137781474466868,0.0,0,0.0,0,3.580658033901959,,,,,,,,,,,
8209,9/20/1989,4.845,17.421,9.000,4.609,4.609,12.812,0.0,0,12.72255855428157,0.0,16.303216588183528,0.0,0.0,2.176813765392908,14.12640282279062,4.053110673243525,0.08944144571843,0.08944144571843,0.0,1.2314061682316413,0.08944144571843,0,0.0,0,14.12640282279062,,,,,,,,,,,
8210,9/21/1989,4.219,0.083,9.000,4.609,0.083,0.0,4.526,0.0,0.0,0.08944144571843,14.12640282279062,0.08944144571843,0.0,1.7142931450668797,12.412109677723741,3.2567557445237725,0.0,0.0,0.0,0.9546391727988551,0.0,0,0.0,0,12.412109677723741,,,,,,,,,,,
8211,9/22/1989,3.753,0.032,9.000,4.609,0.032,0.0,4.577,0.0,0.0,0.0,12.412109677723741,0.0,0.0,1.3817891734608592,11.030320504262882,2.671549940138432,0.0,0.0,0.0,0.7586372752716612,0.0,0,0.0,0,11.030320504262882,,,,,,,,,,,
8212,9/23/1989,3.560,0.120,9.000,4.609,0.12,0.0,4.489,0.0,0.0,0.0,11.030320504262882,0.0,0.0,1.1350439139155735,9.895276590347308,2.228850038158295,0.0,0.0,0.0,0.6151539013090945,0.0,0,0.0,0,9.895276590347308,,,,,,,,,,,
8213,9/24/1989,3.370,0.242,9.000,4.609,0.242,0.0,4.367,0.0,0.0,0.0,9.895276590347308,0.0,0.0,0.9471359939527354,8.948140596394573,1.8859129963864933,0.0,0.0,0.0,0.5072376990112509,0.0,0,0.0,0,8.948140596394573,,,,,,,,,,,
8214,9/25/1989,3.062,0.352,9.000,4.609,0.352,0.0,4.257,0.0,0.0,0.0,8.948140596394573,0.0,0.0,0.8009162590071818,8.147224337387392,1.6149424670202936,0.0,0.0,0.0,0.42422314589326576,0.0,0,0.0,0,8.147224337387392,,,,,,,,,,,
8215,9/26/1989,2.423,0.343,9.000,4.609,0.343,0.0,4.266,0.0,0.0,0.0,8.147224337387392,0.0,0.0,0.6850389041790462,7.462185433208346,1.3972055742703167,0.0,0.0,0.0,0.3591339706100483,0.0,0,0.0,0,7.462185433208346,,,,,,,,,,,
8216,9/27/1989,2.204,1.378,9.000,4.609,1.378,0.0,3.231,0.0,0.0,0.0,7.462185433208346,0.0,0.0,0.5917557767607163,6.87042965644763,1.2196943499215,0.0,0.0,0.0,0.3072561917277528,0.0,0,0.0,0,6.87042965644763,,,,,,,,,,,
8217,9/28/1989,2.151,0.763,9.000,4.609,0.763,0.0,3.846,0.0,0.0,0.0,6.87042965644763,0.0,0.0,0.515630906051112,6.354798750396518,1.07314310448733,0.0,0.0,0.0,0.26531510527095636,0.0,0,0.0,0,6.354798750396518,,,,,,,,,,,
8218,9/29/1989,2.098,0.242,9.000,4.609,0.242,0.0,4.367,0.0,0.0,0.0,6.354798750396518,0.0,0.0,0.45276076019511474,5.9020379902014035,0.9508050827906452,0.0,0.0,0.0,0.23098089254337004,0.0,0,0.0,0,5.9020379902014035,,,,,,,,,,,
8219,9/30/1989,1.941,0.054,9.000,4.609,0.054,0.0,4.555,0.0,0.0,0.0,5.9020379902014035,0.0,0.0,0.40028481235190694,5.501753177849497,0.8476724941705502,0.0,0.0,0.0,0.2025611180092218,0.0,0,0.0,0,5.501753177849497,,,,,,,,,,,
8220,10/1/1989,1.840,0.911,10.000,5.054,0.911,0.0,4.143000000000001,0.0,0.0,0.0,5.501753177849497,0.0,0.0,0.35606909678899296,5.145684081060504,0.7599649158063886,0.0,0.0,0.0,0.17880361777743245,0.0,0,0.0,0,5.145684081060504,,,,,,,,,,,
8221,10/2/1989,1.790,0.017,10.000,5.054,0.017,0.0,5.037,0.0,0.0,0.0,5.145684081060504,0.0,0.0,0.3184962402398922,4.827187840820612,0.6847852863332717,0.0,0.0,0.0,0.15876677210631132,0.0,0,0.0,0,4.827187840820612,,,,,,,,,,,
8222,10/3/1989,1.790,0.275,10.000,5.054,0.275,0.0,4.779,0.0,0.0,0.0,4.827187840820612,0.0,0.0,0.28632291668469817,4.540864924135914,0.6198834558500936,0.0,0.0,0.0,0.14173211328423857,0.0,0,0.0,0,4.540864924135914,,,,,,,,,,,
8223,10/4/1989,1.691,0.741,10.000,5.054,0.741,0.0,4.313000000000001,0.0,0.0,0.0,4.540864924135914,0.0,0.0,0.2585810829858478,4.282283841150066,0.5634904547988043,0.0,0.0,0.0,0.12714421884803043,0.0,0,0.0,0,4.282283841150066,,,,,,,,,,,
8224,10/5/1989,1.642,0.031,10.000,5.054,0.031,0.0,5.023000000000001,0.0,0.0,0.0,4.282283841150066,0.0,0.0,0.23450828724287476,4.047775553907191,0.5142002755601648,0.0,0.0,0.0,0.11456859495019699,0.0,0,0.0,0,4.047775553907191,,,,,,,,,,,
8225,10/6/1989,1.642,0.009,10.000,5.054,0.009,0.0,5.045,0.0,0.0,0.0,4.047775553907191,0.0,0.0,0.2134976750102346,3.8342778788969563,0.4708842004797241,0.0,0.0,0.0,0.10366166597757619,0.0,0,0.0,0,3.8342778788969563,,,,,,,,,,,
8226,10/7/1989,1.740,0.036,10.000,5.054,0.036,0.0,5.018000000000001,0.0,0.0,0.0,3.8342778788969563,0.0,0.0,0.1950615860912974,3.639216292805659,0.4326278182145777,0.0,0.0,0.0,0.09414906258597382,0.0,0,0.0,0,3.639216292805659,,,,,,,,,,,
8227,10/8/1989,1.790,0.793,10.000,5.054,0.793,0.0,4.261,0.0,0.0,0.0,3.639216292805659,0.0,0.0,0.17880468402116007,3.460411608784499,0.3986841098151742,0.0,0.0,0.0,0.08580969408048056,0.0,0,0.0,0,3.460411608784499,,,,,,,,,,,
8228,10/9/1989,1.691,0.743,10.000,5.054,0.743,0.0,4.311,0.0,0.0,0.0,3.460411608784499,0.0,0.0,0.16440387326134692,3.296007735523152,0.36843808311782045,0.0,0.0,0.0,0.07846391480855364,0.0,0,0.0,0,3.296007735523152,,,,,,,,,,,
8229,10/10/1989,1.642,0.204,10.000,5.054,0.204,0.0,4.8500000000000005,0.0,0.0,0.0,3.296007735523152,0.0,0.0,0.15159311660133676,3.1444146189218154,0.34137981731645856,0.0,0.0,0.0,0.07196462904507958,0.0,0,0.0,0,3.1444146189218154,,,,,,,,,,,
8230,10/11/1989,1.594,0.961,10.000,5.054,0.961,0.0,4.093,0.0,0.0,0.0,3.1444146189218154,0.0,0.0,0.14015183524361421,3.004262783678201,0.3170837077593318,0.0,0.0,0.0,0.06619053232862626,0.0,0,0.0,0,3.004262783678201,,,,,,,,,,,
8231,10/12/1989,1.642,0.128,10.000,5.054,0.128,0.0,4.926,0.0,0.0,0.0,3.004262783678201,0.0,0.0,0.12989595910989837,2.8743668245683027,0.2951923336797904,0.0,0.0,0.0,0.06104092469720506,0.0,0,0.0,0,2.8743668245683027,,,,,,,,,,,
8232,10/13/1989,1.642,0.018,10.000,5.054,0.018,0.0,5.0360000000000005,0.0,0.0,0.0,2.8743668245683027,0.0,0.0,0.12067095894803848,2.7536958656202644,0.2754038090975603,0.0,0.0,0.0,0.05643169325840387,0.0,0,0.0,0,2.7536958656202644,,,,,,,,,,,
8233,10/14/1989,1.546,0.000,10.000,5.054,0.0,0.0,5.054,0.0,0.0,0.0,2.7536958656202644,0.0,0.0,0.11234637538925808,2.6413494902310064,0.2574617837843751,0.0,0.0,0.0,0.05229217356958454,0.0,0,0.0,0,2.6413494902310064,,,,,,,,,,,
8234,10/15/1989,1.594,0.119,10.000,5.054,0.119,0.0,4.9350000000000005,0.0,0.0,0.0,2.6413494902310064,0.0,0.0,0.10481148937120492,2.5365380008598013,0.24114747880771922,0.0,0.0,0.0,0.048562677808736826,0.0,0,0.0,0,2.5365380008598013,,,,,,,,,,,
8235,10/16/1989,1.594,0.058,10.000,5.054,0.058,0.0,4.996,0.0,0.0,0.0,2.5365380008598013,0.0,0.0,0.0979718704570313,2.43856613040277,0.2262732973961513,0.0,0.0,0.0,0.04519253339001237,0.0,0,0.0,0,2.43856613040277,,,,,,,,,,,
8236,10/17/1989,1.546,0.029,10.000,5.054,0.029,0.0,5.025,0.0,0.0,0.0,2.43856613040277,0.0,0.0,0.09174660595374766,2.3468195244490224,0.21267766524334009,0.0,0.0,0.0,0.042138515606027334,0.0,0,0.0,0,2.3468195244490224,,,,,,,,,,,
8237,10/18/1989,1.499,0.058,10.000,5.054,0.058,0.0,4.996,0.0,0.0,0.0,2.3468195244490224,0.0,0.0,0.08606606205648648,2.260753462392536,0.20022083747551414,0.0,0.0,0.0,0.03936358681717563,0.0,0,0.0,0,2.260753462392536,,,,,,,,,,,
8238,10/19/1989,1.499,0.070,10.000,5.054,0.07,0.0,4.984,0.0,0.0,0.0,2.260753462392536,0.0,0.0,0.08087006377110749,2.1798833986214285,0.1887814710069324,0.0,0.0,0.0,0.036835875888838965,0.0,0,0.0,0,2.1798833986214285,,,,,,,,,,,
8239,10/20/1989,1.499,0.794,10.000,5.054,0.794,0.0,4.26,0.0,0.0,0.0,2.1798833986214285,0.0,0.0,0.07610640672445332,2.103776991896975,0.17825380692406642,0.0,0.0,0.0,0.03452784722411062,0.0,0,0.0,0,2.103776991896975,,,,,,,,,,,
8240,10/21/1989,1.840,4.000,10.000,5.054,4.0,0.0,1.0540000000000003,0.0,0.0,0.0,2.103776991896975,0.0,0.0,0.07172963369463317,2.032047358202342,0.168545342108069,0.0,0.0,0.0,0.032415620399359114,0.0,0,0.0,0,2.032047358202342,,,,,,,,,,,
8241,10/22/1989,2.592,13.255,10.000,5.054,5.054,8.201,0.0,0,8.11155855428157,0.0,10.143605912483913,0.0,0.0,0.9870816044211919,9.156524308062721,1.959282938044676,0.08944144571843,0.08944144571843,0.0,0.5300694170057535,0.08944144571843,0,0.0,0,9.156524308062721,,,,,,,,,,,
8242,10/23/1989,2.204,0.638,10.000,5.054,0.638,0.0,4.416,0.0,0.0,0.08944144571843,9.156524308062721,0.08944144571843,0.0,0.832243092320756,8.324281215741966,1.6733316936740776,0.0,0.0,0.0,0.4419304107022664,0.0,0,0.0,0,8.324281215741966,,,,,,,,,,,
8243,10/24/1989,1.993,0.472,10.000,5.054,0.472,0.0,4.582000000000001,0.0,0.0,0.0,8.324281215741966,0.0,0.0,0.7100305202050825,7.614250695536883,1.4444114140817592,0.0,0.0,0.0,0.37311459700712357,0.0,0,0.0,0,7.614250695536883,,,,,,,,,,,
8244,10/25/1989,1.890,0.918,10.000,5.054,0.918,0.0,4.136,0.0,0.0,0.0,7.614250695536883,0.0,0.0,0.6119901009774305,7.002260594559453,1.2583830090954038,0.0,0.0,0.0,0.3184661997449488,0.0,0,0.0,0,7.002260594559453,,,,,,,,,,,
8245,10/26/1989,1.840,2.271,10.000,5.054,2.271,0.0,2.7830000000000004,0.0,0.0,0.0,7.002260594559453,0.0,0.0,0.5322261718817476,6.470034422677705,1.1052318277731723,0.0,0.0,0.0,0.27442552175417373,0.0,0,0.0,0,6.470034422677705,,,,,,,,,,,
8246,10/27/1989,1.790,0.210,10.000,5.054,0.21,0.0,4.844,0.0,0.0,0.0,6.470034422677705,0.0,0.0,0.4665269785760095,6.003507444101696,0.9777014055086414,0.0,0.0,0.0,0.2384734140323549,0.0,0,0.0,0,6.003507444101696,,,,,,,,,,,
8247,10/28/1989,1.642,0.184,10.000,5.054,0.184,0.0,4.87,0.0,0.0,0.0,6.003507444101696,0.0,0.0,0.4118200943594752,5.59168734974222,0.8704286937184988,0.0,0.0,0.0,0.20878840680624894,0.0,0,0.0,0,5.59168734974222,,,,,,,,,,,
8248,10/29/1989,1.546,0.771,10.000,5.054,0.771,0.0,4.283,0.0,0.0,0.0,5.59168734974222,0.0,0.0,0.36582263941739385,5.225864710324826,0.7793804204973369,0.0,0.0,0.0,0.1840284003700622,0.0,0,0.0,0,5.225864710324826,,,,,,,,,,,
8249,10/30/1989,1.642,5.264,10.000,5.054,5.054,0.20999999999999996,0.0,0,0.12217758837977424,0.0,5.3480422987046,0.0,0.0,0.33964391154310075,5.008398387161499,0.7271770532109177,0.08782241162022572,0.08782241162022572,0.0,0.1700263594922002,0.08782241162022572,0,0.0,0,5.008398387161499,,,,,,,,,,,
8250,10/31/1989,1.594,0.042,10.000,5.054,0.042,0.0,5.0120000000000005,0.0,0.0,0.08782241162022572,5.008398387161499,0.08782241162022572,0.0,0.3044602196210743,4.703938167540425,0.6565338031148561,0.0,0.0,0.0,0.15132054609687426,0.0,0,0.0,0,4.703938167540425,,,,,,,,,,,
8251,11/1/1989,1.594,0.119,11.000,5.054,0.119,0.0,4.9350000000000005,0.0,0.0,0.0,4.703938167540425,0.0,0.0,0.2742427268717183,4.429695440668707,0.5953785276258702,0.0,0.0,0.0,0.13536781607296078,0.0,0,0.0,0,4.429695440668707,,,,,,,,,,,
8252,11/2/1989,1.594,1.100,11.000,5.054,1.1,0.0,3.954,0.0,0.0,0.0,4.429695440668707,0.0,0.0,0.2481164493131697,4.181578991355537,0.5421061179403264,0.0,0.0,0.0,0.12166758480233561,0.0,0,0.0,0,4.181578991355537,,,,,,,,,,,
8253,11/3/1989,1.642,0.882,11.000,5.054,0.882,0.0,4.172000000000001,0.0,0.0,0.0,4.181578991355537,0.0,0.0,0.2253891227351025,3.956189868620435,0.4954353374028939,0.0,0.0,0.0,0.10982644269902524,0.0,0,0.0,0,3.956189868620435,,,,,,,,,,,
8254,11/4/1989,1.642,3.384,11.000,5.054,3.384,0.0,1.6700000000000004,0.0,0.0,0.0,3.956189868620435,0.0,0.0,0.20550749016671507,3.7506823784537198,0.45433360760968217,0.0,0.0,0.0,0.09953198668110581,0.0,0,0.0,0,3.7506823784537198,,,,,,,,,,,
8255,11/5/1989,1.642,1.272,11.000,5.054,1.272,0.0,3.782,0.0,0.0,0.0,3.7506823784537198,0.0,0.0,0.18802528602726631,3.5626570924264533,0.41796140204030574,0.0,0.0,0.0,0.09053377477453674,0.0,0,0.0,0,3.5626570924264533,,,,,,,,,,,
8256,11/6/1989,1.642,3.049,11.000,5.054,3.049,0.0,2.0050000000000003,0.0,0.0,0.0,3.5626570924264533,0.0,0.0,0.1725794776087217,3.3900776148177316,0.38563061402385757,0.0,0.0,0.0,0.0826292784683752,0.0,0,0.0,0,3.3900776148177316,,,,,,,,,,,
8257,11/7/1989,1.691,0.655,11.000,5.054,0.655,0.0,4.399,0.0,0.0,0.0,3.3900776148177316,0.0,0.0,0.15887242094301793,3.2312051938747137,0.3567730245391151,0.0,0.0,0.0,0.07565339361960183,0.0,0,0.0,0,3.2312051938747137,,,,,,,,,,,
8258,11/8/1989,1.546,1.232,11.000,5.054,1.232,0.0,3.822,0.0,0.0,0.0,3.2312051938747137,0.0,0.0,0.1466583096047818,3.084546884269932,0.33091616392798273,0.0,0.0,0.0,0.06947051962750556,0.0,0,0.0,0,3.084546884269932,,,,,,,,,,,
8259,11/9/1989,1.499,0.697,11.000,5.054,0.697,0.0,4.357,0.0,0.0,0.0,3.084546884269932,0.0,0.0,0.13573277793003594,2.948814106339896,0.3076646509981672,0.0,0.0,0.0,0.0639685153966204,0.0,0,0.0,0,2.948814106339896,,,,,,,,,,,
8260,11/10/1989,1.546,0.619,11.000,5.054,0.619,0.0,4.4350000000000005,0.0,0.0,0.0,2.948814106339896,0.0,0.0,0.12592484846895977,2.822889257870936,0.2866856344013037,0.0,0.0,0.0,0.059054042658198934,0.0,0,0.0,0,2.822889257870936,,,,,,,,,,,
8261,11/11/1989,1.546,1.251,11.000,5.054,1.251,0.0,3.8030000000000004,0.0,0.0,0.0,2.822889257870936,0.0,0.0,0.11709063996594987,2.7057986179049864,0.2676973377402179,0.0,0.0,0.0,0.05464894585920686,0.0,0,0.0,0,2.7057986179049864,,,,,,,,,,,
8262,11/12/1989,1.840,1.208,11.000,5.054,1.208,0.0,3.846,0.0,0.0,0.0,2.7057986179049864,0.0,0.0,0.10910841047422061,2.5966902074307656,0.2504599751937664,0.0,0.0,0.0,0.050687414251208734,0.0,0,0.0,0,2.5966902074307656,,,,,,,,,,,
8263,11/13/1989,2.098,6.829,11.000,5.054,5.054,1.7749999999999995,0.0,0,1.6855585542815694,0.0,4.282248761712335,0.0,0.0,0.23450508552594693,4.047743676186388,0.5141936964886354,0.08944144571843,0.08944144571843,0.0,0.11456692783340902,0.08944144571843,0,0.0,0,4.047743676186388,,,,,,,,,,,
8264,11/14/1989,1.546,0.394,11.000,5.054,0.394,0.0,4.66,0.0,0.0,0.08944144571843,4.047743676186388,0.08944144571843,0.0,0.2134948727297719,3.8342488034566165,0.47087840367594086,0.0,0.0,0.0,0.10366021582953173,0.0,0,0.0,0,3.8342488034566165,,,,,,,,,,,
8265,11/15/1989,1.499,0.247,11.000,5.054,0.247,0.0,4.807,0.0,0.0,0.0,3.8342488034566165,0.0,0.0,0.1950591208347556,3.639189682621861,0.4326226861744835,0.0,0.0,0.0,0.09414779440251617,0.0,0,0.0,0,3.639189682621861,,,,,,,,,,,
8266,11/16/1989,1.546,7.761,11.000,5.054,5.054,2.707,0.0,0,2.61755855428157,0.0,6.25674823690343,0.0,0.0,0.4411777259875625,5.815570510915868,0.9281245799143623,0.08944144571843,0.08944144571843,0.0,0.2246881949328978,0.08944144571843,0,0.0,0,5.815570510915868,,,,,,,,,,,
8267,11/17/1989,1.594,1.819,11.000,5.054,1.819,0.0,3.2350000000000003,0.0,0.0,0.08944144571843,5.815570510915868,0.08944144571843,0.0,0.39055870387623454,5.425011807039634,0.828446088365428,0.0,0.0,0.0,0.19731966134290202,0.0,0,0.0,0,5.425011807039634,,,,,,,,,,,
8268,11/18/1989,1.691,1.674,11.000,5.054,1.674,0.0,3.3800000000000003,0.0,0.0,0.0,5.425011807039634,0.0,0.0,0.34782990982600387,5.07718189721363,0.7435325128144531,0.0,0.0,0.0,0.17439736800284714,0.0,0,0.0,0,5.07718189721363,,,,,,,,,,,
8269,11/19/1989,1.691,0.922,11.000,5.054,0.922,0.0,4.132000000000001,0.0,0.0,0.0,5.07718189721363,0.0,0.0,0.31146098264872335,4.765720914564906,0.670636662832633,0.0,0.0,0.0,0.15503174913128084,0.0,0,0.0,0,4.765720914564906,,,,,,,,,,,
8270,11/20/1989,1.691,3.286,11.000,5.054,3.286,0.0,1.7680000000000002,0.0,0.0,0.0,4.765720914564906,0.0,0.0,0.28027226375708303,4.4854486508078235,0.6076192478058173,0.0,0.0,0.0,0.13854214598624787,0.0,0,0.0,0,4.4854486508078235,,,,,,,,,,,
8271,11/21/1989,1.642,0.287,11.000,5.054,0.287,0.0,4.767,0.0,0.0,0.0,4.4854486508078235,0.0,0.0,0.25334301032100054,4.232105640486823,0.552794501777658,0.0,0.0,0.0,0.12440102877097578,0.0,0,0.0,0,4.232105640486823,,,,,,,,,,,
8272,11/22/1989,1.594,0.372,11.000,5.054,0.372,0.0,4.682,0.0,0.0,0.0,4.232105640486823,0.0,0.0,0.22994639806358405,4.0021592424232395,0.5048196912887166,0.0,0.0,0.0,0.11219477225884689,0.0,0,0.0,0,4.0021592424232395,,,,,,,,,,,
8273,11/23/1989,1.546,0.128,11.000,5.054,0.128,0.0,4.926,0.0,0.0,0.0,4.0021592424232395,0.0,0.0,0.20950274580129905,3.7926564966219405,0.46261479626368246,0.0,0.0,0.0,0.10159561515369268,0.0,0,0.0,0,3.7926564966219405,,,,,,,,,,,
8274,11/24/1989,1.546,0.082,11.000,5.054,0.082,0.0,4.972,0.0,0.0,0.0,3.7926564966219405,0.0,0.0,0.19154535650472698,3.6011111401172133,0.42530329637201725,0.0,0.0,0.0,0.09234131301729269,0.0,0,0.0,0,3.6011111401172133,,,,,,,,,,,
8275,11/25/1989,1.499,0.000,11.000,5.054,0.0,0.0,5.054,0.0,0.0,0.0,3.6011111401172133,0.0,0.0,0.17569523627842543,3.425415903838788,0.3921679524012988,0.0,0.0,0.0,0.08422017145699923,0.0,0,0.0,0,3.425415903838788,,,,,,,,,,,
8276,11/26/1989,1.499,0.049,11.000,5.054,0.049,0.0,5.005,0.0,0.0,0.0,3.425415903838788,0.0,0.0,0.16164215341418456,3.2637737504246034,0.36261739419466377,0.0,0.0,0.0,0.07705989870360391,0.0,0,0.0,0,3.2637737504246034,,,,,,,,,,,
8277,11/27/1989,1.499,0.044,11.000,5.054,0.044,0.0,5.010000000000001,0.0,0.0,0.0,3.2637737504246034,0.0,0.0,0.14913028684937038,3.114643463575233,0.3361605991049711,0.0,0.0,0.0,0.07071920709323971,0.0,0,0.0,0,3.114643463575233,,,,,,,,,,,
8278,11/28/1989,1.499,0.087,11.000,5.054,0.087,0.0,4.9670000000000005,0.0,0.0,0.0,3.114643463575233,0.0,0.0,0.1379472384237663,2.976696225151467,0.3123872015502205,0.0,0.0,0.0,0.06508141821531291,0.0,0,0.0,0,2.976696225151467,,,,,,,,,,,
8279,11/29/1989,1.499,0.000,11.000,5.054,0.0,0.0,5.054,0.0,0.0,0.0,2.976696225151467,0.0,0.0,0.1279155391692327,2.848780685982234,0.2909521599529385,0.0,0.0,0.0,0.06004954571244339,0.0,0,0.0,0,2.848780685982234,,,,,,,,,,,
8280,11/30/1989,1.499,0.043,11.000,5.054,0.043,0.0,5.011,0.0,0.0,0.0,2.848780685982234,0.0,0.0,0.11888602458712184,2.7298946613951123,0.27156371354750597,0.0,0.0,0.0,0.055542479690608645,0.0,0,0.0,0,2.7298946613951123,,,,,,,,,,,
8281,12/1/1989,1.499,0.018,12.000,5.337,0.018,0.0,5.319,0.0,0.0,0.0,2.7298946613951123,0.0,0.0,0.11073262446789883,2.6191620369272135,0.2539738469924301,0.0,0.0,0.0,0.05149200071390496,0.0,0,0.0,0,2.6191620369272135,,,,,,,,,,,
8282,12/2/1989,1.499,0.000,12.000,5.337,0.0,0.0,5.337,0.0,0.0,0.0,2.6191620369272135,0.0,0.0,0.1033482332426455,2.515813803684568,0.23797068379337247,0.0,0.0,0.0,0.04784042442678733,0.0,0,0.0,0,2.515813803684568,,,,,,,,,,,
8283,12/3/1989,1.499,0.019,12.000,5.337,0.019,0.0,5.318,0.0,0.0,0.0,2.515813803684568,0.0,0.0,0.09664141287997423,2.4191723908045937,0.2233723756594008,0.0,0.0,0.0,0.04453872978808582,0.0,0,0.0,0,2.4191723908045937,,,,,,,,,,,
8284,12/4/1989,1.499,0.118,12.000,5.337,0.118,0.0,5.218999999999999,0.0,0.0,0.0,2.4191723908045937,0.0,0.0,0.09053374246219613,2.3286386483423978,0.21002216117607692,0.0,0.0,0.0,0.04154506123548907,0.0,0,0.0,0,2.3286386483423978,,,,,,,,,,,
8285,12/5/1989,1.499,0.245,12.000,5.337,0.245,0.0,5.092,0.0,0.0,0.0,2.3286386483423978,0.0,0.0,0.0849576738947356,2.243680974447662,0.19778434522852698,0.0,0.0,0.0,0.038823522213903554,0.0,0,0.0,0,2.243680974447662,,,,,,,,,,,
8286,12/6/1989,1.499,0.114,12.000,5.337,0.114,0.0,5.223,0.0,0.0,0.0,2.243680974447662,0.0,0.0,0.0798547865849573,2.1638261878627048,0.18654100847296465,0.0,0.0,0.0,0.0363431973859054,0.0,0,0.0,0,2.1638261878627048,,,,,,,,,,,
8287,12/7/1989,1.499,0.409,12.000,5.337,0.409,0.0,4.928,0.0,0.0,0.0,2.1638261878627048,0.0,0.0,0.07517435873799982,2.088651829124705,0.17618929943387363,0.0,0.0,0.0,0.034077355558956066,0.0,0,0.0,0,2.088651829124705,,,,,,,,,,,
8288,12/8/1989,1.890,6.188,12.000,5.337,5.337,0.851,0.0,0,0.7615585552549629,0.0,2.850210384379668,0.0,0.0,0.11898548210369415,2.7312249022759736,0.27177778431201516,0.08944144474503712,0.08944144474503712,0.0,0.0555920041697159,0.08944144474503712,0,0.0,0,2.7312249022759736,,,,,,,,,,,
8289,12/9/1989,1.790,4.243,12.000,5.337,4.243,0.0,1.0939999999999994,0.0,0.0,0.08944144474503712,2.7312249022759736,0.08944144474503712,0.0,0.11082256993397066,2.620402332342003,0.25416833987338544,0.0,0.0,0.0,0.0515365797781998,0.0,0,0.0,0,2.620402332342003,,,,,,,,,,,
8290,12/10/1989,1.642,0.604,12.000,5.337,0.604,0.0,4.733,0.0,0.0,0.0,2.620402332342003,0.0,0.0,0.10342981313372673,2.5169725192082764,0.23814787296002776,0.0,0.0,0.0,0.04788067409084159,0.0,0,0.0,0,2.5169725192082764,,,,,,,,,,,
8291,12/11/1989,1.594,1.709,12.000,5.337,1.709,0.0,3.6279999999999997,0.0,0.0,0.0,2.5169725192082764,0.0,0.0,0.09671560828608261,2.420256910922194,0.2235342173992551,0.0,0.0,0.0,0.04457517482843042,0.0,0,0.0,0,2.420256910922194,,,,,,,,,,,
8292,12/12/1989,1.546,2.661,12.000,5.337,2.661,0.0,2.6759999999999997,0.0,0.0,0.0,2.420256910922194,0.0,0.0,0.09060139668488591,2.329655514237308,0.21017034549766378,0.0,0.0,0.0,0.04157815075104336,0.0,0,0.0,0,2.329655514237308,,,,,,,,,,,
8293,12/13/1989,1.499,1.806,12.000,5.337,1.806,0.0,3.5309999999999997,0.0,0.0,0.0,2.329655514237308,0.0,0.0,0.08501951484454225,2.244635999392766,0.19792033797644323,0.0,0.0,0.0,0.03885364219988663,0.0,0,0.0,0,2.244635999392766,,,,,,,,,,,
8294,12/14/1989,1.546,0.129,12.000,5.337,0.129,0.0,5.208,0.0,0.0,0.0,2.244635999392766,0.0,0.0,0.07991144506571886,2.164724554327047,0.1866660858945411,0.0,0.0,0.0,0.03637068095531496,0.0,0,0.0,0,2.164724554327047,,,,,,,,,,,
8295,12/15/1989,1.499,6.034,12.000,5.337,5.337,0.6970000000000001,0.0,0,0.6075585847480192,0.0,2.772283139075066,0.0,0.0,0.11361310189222666,2.6586700371828393,0.26019739247945894,0.0894414152519809,0.0894414152519809,0.0,0.05292080616106291,0.0894414152519809,0,0.0,0,2.6586700371828393,,,,,,,,,,,
8296,12/16/1989,1.499,0.602,12.000,5.337,0.602,0.0,4.734999999999999,0.0,0.0,0.0894414152519809,2.6586700371828393,0.0894414152519809,0.0,0.10595948686677081,2.5527105503160685,0.24363783906853914,0.0,0.0,0.0,0.049129786771998335,0.0,0,0.0,0,2.5527105503160685,,,,,,,,,,,
8297,12/17/1989,1.499,1.115,12.000,5.337,1.115,0.0,4.2219999999999995,0.0,0.0,0.0,2.5527105503160685,0.0,0.0,0.0990151690708833,2.4536953812451854,0.2285463449259166,0.0,0.0,0.0,0.04570563271334535,0.0,0,0.0,0,2.4536953812451854,,,,,,,,,,,
8298,12/18/1989,1.546,1.760,12.000,5.337,1.76,0.0,3.577,0.0,0.0,0.0,2.4536953812451854,0.0,0.0,0.09269725067872249,2.360998130566463,0.2147575051812306,0.0,0.0,0.0,0.04260402764238807,0.0,0,0.0,0,2.360998130566463,,,,,,,,,,,
8299,12/19/1989,1.594,5.060,12.000,5.337,5.06,0.0,0.27700000000000014,0.0,0.0,0.0,2.360998130566463,0.0,0.0,0.08693443778850704,2.274063692777956,0.20212835463438372,0.0,0.0,0.0,0.0397870249792414,0.0,0,0.0,0,2.274063692777956,,,,,,,,,,,
8300,12/20/1989,1.546,1.749,12.000,5.337,1.749,0.0,3.5879999999999996,0.0,0.0,0.0,2.274063692777956,0.0,0.0,0.0816651602286088,2.192398532549347,0.19053482996029497,0.0,0.0,0.0,0.03722199292073452,0.0,0,0.0,0,2.192398532549347,,,,,,,,,,,
8301,12/21/1989,1.361,0.495,12.000,5.337,0.495,0.0,4.842,0.0,0.0,0.0,2.192398532549347,0.0,0.0,0.07683603558719639,2.1155624969621507,0.17986886405582306,0.0,0.0,0.0,0.034880756227637436,0.0,0,0.0,0,2.1155624969621507,,,,,,,,,,,
8302,12/22/1989,1.228,0.194,12.000,5.337,0.194,0.0,5.143,0.0,0.0,0.0,2.1155624969621507,0.0,0.0,0.07240060752804295,2.0431618894341077,0.1700359868710344,0.0,0.0,0.0,0.03273889415813748,0.0,0,0.0,0,2.0431618894341077,,,,,,,,,,,
8303,12/23/1989,1.100,0.319,12.000,5.337,0.319,0.0,5.018,0.0,0.0,0.0,2.0431618894341077,0.0,0.0,0.06831830400707944,1.9748435854270283,0.16095333446026763,0.0,0.0,0.0,0.03077516308282653,0.0,0,0.0,0,1.9748435854270283,,,,,,,,,,,
8304,12/24/1989,1.058,3.826,12.000,5.337,3.826,0.0,1.5109999999999997,0.0,0.0,0.0,1.9748435854270283,0.0,0.0,0.06455357281262855,1.9102900126143998,0.15254798890642698,0.0,0.0,0.0,0.02897101924559364,0.0,0,0.0,0,1.9102900126143998,,,,,,,,,,,
8305,12/25/1989,7.564,21.324,12.000,5.337,5.337,15.987000000000002,0.0,0,15.897558554281572,0.0,17.80784856689597,0.0,0.0,2.521843903876634,15.286004663019336,4.636041188241013,0.08944144571843,0.08944144571843,0.0,1.4404649548512627,0.08944144571843,0,0.0,0,15.286004663019336,,,,,,,,,,,
8306,12/26/1989,4.219,0.832,12.000,5.337,0.832,0.0,4.505,0.0,0.0,0.08944144571843,15.286004663019336,0.08944144571843,0.0,1.9551905567633772,13.330814106255959,3.6738439017207747,0.0,0.0,0.0,1.0982487618106385,0.0,0,0.0,0,13.330814106255959,,,,,,,,,,,
8307,12/27/1989,2.045,4.858,12.000,5.337,4.858,0.0,0.4790000000000001,0.0,0.0,0.0,13.330814106255959,0.0,0.0,1.5564203435601147,11.774393762695844,2.9803811759034664,0.0,0.0,0.0,0.86123207131866,0.0,0,0.0,0,11.774393762695844,,,,,,,,,,,
8308,12/28/1989,2.368,11.737,12.000,5.337,5.337,6.4,0.0,0,6.31055855428157,0.0,18.084952316977414,0.0,0.0,2.587585595516286,15.497366721461129,4.74615858072601,0.08944144571843,0.08944144571843,0.0,1.480521234019413,0.08944144571843,0,0.0,0,15.497366721461129,,,,,,,,,,,
8309,12/29/1989,2.045,4.787,12.000,5.337,4.787,0.0,0.5499999999999998,0.0,0.0,0.08944144571843,15.497555396110968,0.047057005578102766,0.04238444014032724,2.0004963982850623,13.497058997825906,3.7517075068206696,0.0,0.0,0.0001886746498397296,1.1253925422048647,0.04219576549048751,0,0.0,0,13.497058997825906,,,,,,,,,,,
8310,12/30/1989,2.204,0.612,12.000,5.337,0.612,0.0,4.725,0.0,0.0,0.04219576549048751,13.497058997825906,0.04219576549048751,0.0,1.5889041103845112,11.908154887441395,3.037457556074907,0.0,0.0,0.0,0.8804024974073191,0.0,0,0.0,0,11.908154887441395,,,,,,,,,,,
8311,12/31/1989,2.045,4.984,12.000,5.337,4.984,0.0,0.35299999999999976,0.0,0.0,0.0,11.908154887441395,0.0,0.0,1.2895550981955708,10.618599789245824,2.5069906690599013,0.0,0.0,0.0,0.7047874430244554,0.0,0,0.0,0,10.618599789245824,,,,,,,,,,,
8312,1/1/1990,1.870,3.737,1.000,5.134,3.737,0.0,1.3970000000000002,0.0,0.0,0.0,10.618599789245824,0.0,0.0,1.0653145679254665,9.553285221320358,2.102229504827326,0.0,0.0,0.0,0.5749594049242446,0.0,0,0.0,0,9.553285221320358,,,,,,,,,,,
8313,1/2/1990,1.591,1.347,1.000,5.134,1.347,0.0,3.7870000000000004,0.0,0.0,0.0,9.553285221320358,0.0,0.0,0.8932102229108851,8.660074998409474,1.7864326104860566,0.0,0.0,0.0,0.47651620739351613,0.0,0,0.0,0,8.660074998409474,,,,,,,,,,,
8314,1/3/1990,1.498,0.369,1.000,5.134,0.369,0.0,4.765000000000001,0.0,0.0,0.0,8.660074998409474,0.0,0.0,0.7584061857968168,7.901668812612657,1.5353955866116558,0.0,0.0,0.0,0.4002677658881131,0.0,0,0.0,0,7.901668812612657,,,,,,,,,,,
8315,1/4/1990,1.482,1.570,1.000,5.134,1.57,0.0,3.564,0.0,0.0,0.0,7.901668812612657,0.0,0.0,0.6509742593545408,7.250694553258116,1.3326295236424104,0.0,0.0,0.0,0.34013200079743366,0.0,0,0.0,0,7.250694553258116,,,,,,,,,,,
8316,1/5/1990,1.555,3.725,1.000,5.134,3.725,0.0,1.4090000000000003,0.0,0.0,0.0,7.250694553258116,0.0,0.0,0.564068431735909,6.686626121522207,1.1665795349378223,0.0,0.0,0.0,0.2919581332671831,0.0,0,0.0,0,6.686626121522207,,,,,,,,,,,
8317,1/6/1990,1.249,1.464,1.000,5.134,1.464,0.0,3.6700000000000004,0.0,0.0,0.0,6.686626121522207,0.0,0.0,0.4928455568603414,6.193780564661865,1.0289500502741356,0.0,0.0,0.0,0.2528379989492311,0.0,0,0.0,0,6.193780564661865,,,,,,,,,,,
8318,1/7/1990,1.247,0.673,1.000,5.134,0.673,0.0,4.461,0.0,0.0,0.0,6.193780564661865,0.0,0.0,0.43380258563636476,5.7599779790255,0.9136592741778496,0.0,0.0,0.0,0.22068715685550142,0.0,0,0.0,0,5.7599779790255,,,,,,,,,,,
8319,1/8/1990,1.239,0.315,1.000,5.134,0.315,0.0,4.819,0.0,0.0,0.0,5.7599779790255,0.0,0.0,0.38435613399684443,5.375621845028656,0.8161657934235227,0.0,0.0,0.0,0.1939815294395338,0.0,0,0.0,0,5.375621845028656,,,,,,,,,,,
8320,1/9/1990,1.235,0.092,1.000,5.134,0.092,0.0,5.042000000000001,0.0,0.0,0.0,5.375621845028656,0.0,0.0,0.3425681335728224,5.033053711455834,0.7330229648286812,0.0,0.0,0.0,0.17158699446463974,0.0,0,0.0,0,5.033053711455834,,,,,,,,,,,
8321,1/10/1990,1.227,0.000,1.000,5.134,0.0,0.0,5.134,0.0,0.0,0.0,5.033053711455834,0.0,0.0,0.30696230908064687,4.726091402375187,0.6615769346847834,0.0,0.0,0.0,0.15264630081405559,0.0,0,0.0,0,4.726091402375187,,,,,,,,,,,
8322,1/11/1990,1.222,0.000,1.000,5.134,0.0,0.0,5.134,0.0,0.0,0.0,4.726091402375187,0.0,0.0,0.27639868487127295,4.449692717503914,0.5997576331161764,0.0,0.0,0.0,0.13650232661325004,0.0,0,0.0,0,4.449692717503914,,,,,,,,,,,
8323,1/12/1990,1.215,0.011,1.000,5.134,0.011,0.0,5.123,0.0,0.0,0.0,4.449692717503914,0.0,0.0,0.24998607214088397,4.19970664536303,0.5459313686978967,0.0,0.0,0.0,0.12264494945631495,0.0,0,0.0,0,4.19970664536303,,,,,,,,,,,
8324,1/13/1990,1.224,0.209,1.000,5.134,0.209,0.0,4.925000000000001,0.0,0.0,0.0,4.19970664536303,0.0,0.0,0.2270199569708685,3.972686688392161,0.4987950937057606,0.0,0.0,0.0,0.11067359758591257,0.0,0,0.0,0,3.972686688392161,,,,,,,,,,,
8325,1/14/1990,1.200,0.022,1.000,5.134,0.022,0.0,5.112,0.0,0.0,0.0,3.972686688392161,0.0,0.0,0.20693770889799085,3.76574897949417,0.45729939068964554,0.0,0.0,0.0,0.10027042221636885,0.0,0,0.0,0,3.76574897949417,,,,,,,,,,,
8326,1/15/1990,1.208,0.022,1.000,5.134,0.022,0.0,5.112,0.0,0.0,0.0,3.76574897949417,0.0,0.0,0.1892858093476581,3.576463170146512,0.42059159324039547,0.0,0.0,0.0,0.09118079332217045,0.0,0,0.0,0,3.576463170146512,,,,,,,,,,,
8327,1/16/1990,1.199,0.000,1.000,5.134,0.0,0.0,5.134,0.0,0.0,0.0,3.576463170146512,0.0,0.0,0.1736955556997111,3.402767614446801,0.387973240367265,0.0,0.0,0.0,0.08319892767525146,0.0,0,0.0,0,3.402767614446801,,,,,,,,,,,
8328,1/17/1990,1.200,0.000,1.000,5.134,0.0,0.0,5.134,0.0,0.0,0.0,3.402767614446801,0.0,0.0,0.15986482964436652,3.2429027848024345,0.35886787973967316,0.0,0.0,0.0,0.07615716724995802,0.0,0,0.0,0,3.2429027848024345,,,,,,,,,,,
8329,1/18/1990,1.208,0.095,1.000,5.134,0.095,0.0,5.039000000000001,0.0,0.0,0.0,3.2429027848024345,0.0,0.0,0.14754426297941048,3.095358521823024,0.3327964399998453,0.0,0.0,0.0,0.06991788954700326,0.0,0,0.0,0,3.095358521823024,,,,,,,,,,,
8330,1/19/1990,1.199,0.038,1.000,5.134,0.038,0.0,5.096,0.0,0.0,0.0,3.095358521823024,0.0,0.0,0.13652663169899115,2.9588318901240327,0.3093582053344135,0.0,0.0,0.0,0.06436733945512083,0.0,0,0.0,0,2.9588318901240327,,,,,,,,,,,
8331,1/20/1990,1.199,0.007,1.000,5.134,0.007,0.0,5.127000000000001,0.0,0.0,0.0,2.9588318901240327,0.0,0.0,0.1266386472144622,2.8321932429095704,0.2882159824559809,0.0,0.0,0.0,0.05941088034494129,0.0,0,0.0,0,2.8321932429095704,,,,,,,,,,,
8332,1/21/1990,1.198,0.055,1.000,5.134,0.055,0.0,5.079000000000001,0.0,0.0,0.0,2.8321932429095704,0.0,0.0,0.11773454643314409,2.7144586964764263,0.26908443713049657,0.0,0.0,0.0,0.05496930470895155,0.0,0,0.0,0,2.7144586964764263,,,,,,,,,,,
8333,1/22/1990,1.239,0.561,1.000,5.134,0.561,0.0,4.573,0.0,0.0,0.0,2.7144586964764263,0.0,0.0,0.1096910450554509,2.6047676514209757,0.2517208498001706,0.0,0.0,0.0,0.05097594375412683,0.0,0,0.0,0,2.6047676514209757,,,,,,,,,,,
8334,1/23/1990,1.308,1.555,1.000,5.134,1.555,0.0,3.5790000000000006,0.0,0.0,0.0,2.6047676514209757,0.0,0.0,0.10240333345094542,2.5023643179700303,0.23591773395259374,0.0,0.0,0.0,0.047374385078962085,0.0,0,0.0,0,2.5023643179700303,,,,,,,,,,,
8335,1/24/1990,1.140,0.008,1.000,5.134,0.008,0.0,5.126,0.0,0.0,0.0,2.5023643179700303,0.0,0.0,0.09578187674078154,2.406582441229249,0.22149690075760167,0.0,0.0,0.0,0.04411665720796916,0.0,0,0.0,0,2.406582441229249,,,,,,,,,,,
8336,1/25/1990,1.202,0.025,1.000,5.134,0.025,0.0,5.109,0.0,0.0,0.0,2.406582441229249,0.0,0.0,0.08974984020592193,2.316832601023327,0.20830465535331477,0.0,0.0,0.0,0.041161775489325765,0.0,0,0.0,0,2.316832601023327,,,,,,,,,,,
8337,1/26/1990,1.203,0.124,1.000,5.134,0.124,0.0,5.010000000000001,0.0,0.0,0.0,2.316832601023327,0.0,0.0,0.08424100460102302,2.2325915964223038,0.1962078850766621,0.0,0.0,0.0,0.03847456984784209,0.0,0,0.0,0,2.2325915964223038,,,,,,,,,,,
8338,1/27/1990,1.193,0.051,1.000,5.134,0.051,0.0,5.083,0.0,0.0,0.0,2.2325915964223038,0.0,0.0,0.07919806800635655,2.1533935284159473,0.18509085554193952,0.0,0.0,0.0,0.03602473396699899,0.0,0,0.0,0,2.1533935284159473,,,,,,,,,,,
8339,1/28/1990,1.259,0.862,1.000,5.134,0.862,0.0,4.272,0.0,0.0,0.0,2.1533935284159473,0.0,0.0,0.07457125470132919,2.0788222737146183,0.17485257210924626,0.0,0.0,0.0,0.033786049612670274,0.0,0,0.0,0,2.0788222737146183,,,,,,,,,,,
8340,1/29/1990,1.243,1.068,1.000,5.134,1.068,0.0,4.066000000000001,0.0,0.0,0.0,2.0788222737146183,0.0,0.0,0.07031716944154723,2.008505104273071,0.16540459571895622,0.0,0.0,0.0,0.03173575037732284,0.0,0,0.0,0,2.008505104273071,,,,,,,,,,,
8341,1/30/1990,1.229,0.927,1.000,5.134,0.927,0.0,4.207000000000001,0.0,0.0,0.0,2.008505104273071,0.0,0.0,0.06639784905973688,1.9421072552133343,0.15666922598345462,0.0,0.0,0.0,0.029853997083545372,0.0,0,0.0,0,1.9421072552133343,,,,,,,,,,,
8342,1/31/1990,1.569,4.779,1.000,5.134,4.779,0.0,0.3550000000000004,0.0,0.0,0.0,1.9421072552133343,0.0,0.0,0.06277997362839866,1.8793272815849356,0.148577982755252,0.0,0.0,0.0,0.028123443128257753,0.0,0,0.0,0,1.8793272815849356,,,,,,,,,,,
8343,2/1/1990,0.000,0.482,2.000,4.866,0.482,0.0,4.3839999999999995,0.0,0.0,0.0,1.8793272815849356,0.0,0.0,0.059434207341133284,1.8198930742438022,0.1410703315340808,0.0,0.0,0.0,0.026528872668974114,0.0,0,0.0,0,1.8198930742438022,,,,,,,,,,,
8344,2/2/1990,0.000,0.178,2.000,4.866,0.178,0.0,4.688,0.0,0.0,0.0,1.8198930742438022,0.0,0.0,0.056334645388772135,1.7635584288550301,0.13409260906183262,0.0,0.0,0.0,0.025056898110091957,0.0,0,0.0,0,1.7635584288550301,,,,,,,,,,,
8345,2/3/1990,0.000,0.910,2.000,4.866,0.91,0.0,3.9559999999999995,0.0,0.0,0.0,1.7635584288550301,0.0,0.0,0.05345834786518267,1.7101000809898474,0.12759711404129978,0.0,0.0,0.0,0.023695706102933072,0.0,0,0.0,0,1.7101000809898474,,,,,,,,,,,
8346,2/4/1990,0.000,0.369,2.000,4.866,0.369,0.0,4.497,0.0,0.0,0.0,1.7101000809898474,0.0,0.0,0.05078494546092872,1.6593151355289186,0.1215413346664366,0.0,0.0,0.0,0.022434843421693034,0.0,0,0.0,0,1.6593151355289186,,,,,,,,,,,
8347,2/5/1990,0.000,0.300,2.000,4.866,0.3,0.0,4.566,0.0,0.0,0.0,1.6593151355289186,0.0,0.0,0.04829630463304411,1.6110188308958746,0.11588728999053842,0.0,0.0,0.0,0.021265035762261162,0.0,0,0.0,0,1.6110188308958746,,,,,,,,,,,
8348,2/6/1990,0.000,1.215,2.000,4.866,1.215,0.0,3.651,0.0,0.0,0.0,1.6110188308958746,0.0,0.0,0.04597624225777207,1.5650425886381025,0.11060096640284378,0.0,0.0,0.0,0.020178033839508138,0.0,0,0.0,0,1.5650425886381025,,,,,,,,,,,
8349,2/7/1990,0.000,0.224,2.000,4.866,0.224,0.0,4.6419999999999995,0.0,0.0,0.0,1.5650425886381025,0.0,0.0,0.04381028161752475,1.5212323070205778,0.10565183387536649,0.0,0.0,0.0,0.01916648221200328,0.0,0,0.0,0,1.5212323070205778,,,,,,,,,,,
8350,2/8/1990,0.000,0.296,2.000,4.866,0.296,0.0,4.569999999999999,0.0,0.0,0.0,1.5212323070205778,0.0,0.0,0.041785443047903284,1.4794468639726746,0.10101242936493433,0.0,0.0,0.0,0.018223807102516684,0.0,0,0.0,0,1.4794468639726746,,,,,,,,,,,
8351,2/9/1990,0.000,10.524,2.000,4.866,4.866,5.6579999999999995,0.0,0,5.568558554281569,0.0,7.0480054182542435,0.0,0.0,0.5380337182069761,6.509971700047267,1.116442270262322,0.08944144571843,0.08944144571843,0.0,0.2776181783437859,0.08944144571843,0,0.0,0,6.509971700047267,,,,,,,,,,,
8352,2/10/1990,0.000,5.724,2.000,4.866,4.866,0.8580000000000005,0.0,0,0.8580000000000005,0.08944144571843,7.368369849306671,0.0,0.08944144571843,0.5794084251866276,6.788961424120043,1.1960329768641118,0.0,0.0,0.00039814925940304455,0.3004279694474666,0.08904329645902696,0,0.0,0,6.788961424120043,,,,,,,,,,,
8353,2/11/1990,0.000,0.105,2.000,4.866,0.105,0.0,4.760999999999999,0.0,0.0,0.08904329645902696,6.788961424120043,0.08904329645902696,0.0,0.5054808179642492,6.283480606155793,1.0534762525484782,0.0,0.0,0.0,0.2597524051767232,0.0,0,0.0,0,6.283480606155793,,,,,,,,,,,
8354,2/12/1990,0.000,0.074,2.000,4.866,0.074,0.0,4.792,0.0,0.0,0.0,6.283480606155793,0.0,0.0,0.4443237996241485,5.839156806531644,0.9342894015350939,0.0,0.0,0.0,0.22639629421712798,0.0,0,0.0,0,5.839156806531644,,,,,,,,,,,
8355,2/13/1990,0.000,0.000,2.000,4.866,0.0,0.0,4.866,0.0,0.0,0.0,5.839156806531644,0.0,0.0,0.39320226250552487,5.44595454402612,0.833675435638807,0.0,0.0,0.0,0.198743449519566,0.0,0,0.0,0,5.44595454402612,,,,,,,,,,,
8356,2/14/1990,0.000,0.016,2.000,4.866,0.016,0.0,4.85,0.0,0.0,0.0,5.44595454402612,0.0,0.0,0.3500707283041733,5.095883815721947,0.7480045326780694,0.0,0.0,0.0,0.17559506629640645,0.0,0,0.0,0,5.095883815721947,,,,,,,,,,,
8357,2/15/1990,0.000,0.022,2.000,4.866,0.022,0.0,4.843999999999999,0.0,0.0,0.0,5.095883815721947,0.0,0.0,0.3133754525211598,4.782508363200787,0.6744891922544792,0.0,0.0,0.0,0.1560475979500795,0.0,0,0.0,0,4.782508363200787,,,,,,,,,,,
8358,2/16/1990,0.000,0.258,2.000,4.866,0.258,0.0,4.608,0.0,0.0,0.0,4.782508363200787,0.0,0.0,0.2819196460882674,4.500588717112519,0.6109602720469306,0.0,0.0,0.0,0.13941021831223055,0.0,0,0.0,0,4.500588717112519,,,,,,,,,,,
8359,2/17/1990,0.000,0.000,2.000,4.866,0.0,0.0,4.866,0.0,0.0,0.0,4.500588717112519,0.0,0.0,0.25476982556992067,4.245818891542599,0.5557095780239553,0.0,0.0,0.0,0.12514788843720062,0.0,0,0.0,0,4.245818891542599,,,,,,,,,,,
8360,2/18/1990,0.000,0.044,2.000,4.866,0.044,0.0,4.822,0.0,0.0,0.0,4.245818891542599,0.0,0.0,0.23118956069261995,4.014629330849979,0.5073773046297619,0.0,0.0,0.0,0.11284135925051184,0.0,0,0.0,0,4.014629330849979,,,,,,,,,,,
8361,2/19/1990,0.000,0.107,2.000,4.866,0.107,0.0,4.7589999999999995,0.0,0.0,0.0,4.014629330849979,0.0,0.0,0.21059183715815288,3.8040374936918258,0.46487028129762,0.0,0.0,0.0,0.10215860375681597,0.0,0,0.0,0,3.8040374936918258,,,,,,,,,,,
8362,2/20/1990,0.000,0.328,2.000,4.866,0.328,0.0,4.537999999999999,0.0,0.0,0.0,3.8040374936918258,0.0,0.0,0.19250429604767721,3.6115331976441487,0.4273017473834731,0.0,0.0,0.0,0.09283410423094673,0.0,0,0.0,0,3.6115331976441487,,,,,,,,,,,
8363,2/21/1990,0.448,0.000,2.000,4.866,0.0,0.0,4.866,0.0,0.0,0.0,3.6115331976441487,0.0,0.0,0.17654352620105318,3.4349896714430956,0.39394640965741545,0.0,0.0,0.0,0.08465362765395087,0.0,0,0.0,0,3.4349896714430956,,,,,,,,,,,
8364,2/22/1990,0.448,0.091,2.000,4.866,0.091,0.0,4.7749999999999995,0.0,0.0,0.0,3.4349896714430956,0.0,0.0,0.16239581649462267,3.272593854948473,0.36420650505101504,0.0,0.0,0.0,0.07744289401860358,0.0,0,0.0,0,3.272593854948473,,,,,,,,,,,
8365,2/23/1990,0.228,0.169,2.000,4.866,0.169,0.0,4.697,0.0,0.0,0.0,3.272593854948473,0.0,0.0,0.14980258081373224,3.1227912741347406,0.3375858932748079,0.0,0.0,0.0,0.071059044323753,0.0,0,0.0,0,3.1227912741347406,,,,,,,,,,,
8366,2/24/1990,0.228,1.322,2.000,4.866,1.322,0.0,3.5439999999999996,0.0,0.0,0.0,3.1227912741347406,0.0,0.0,0.13854920554192246,2.984242068592818,0.3136700796209074,0.0,0.0,0.0,0.0653841478410745,0.0,0,0.0,0,2.984242068592818,,,,,,,,,,,
8367,2/25/1990,0.636,0.114,2.000,4.866,0.114,0.0,4.752,0.0,0.0,0.0,2.984242068592818,0.0,0.0,0.12845643302210016,2.855785635570718,0.29211066649719664,0.0,0.0,0.0,0.06032021233082328,0.0,0,0.0,0,2.855785635570718,,,,,,,,,,,
8368,2/26/1990,0.817,4.237,2.000,4.866,4.237,0.0,0.6289999999999996,0.0,0.0,0.0,2.855785635570718,0.0,0.0,0.11937364432442593,2.736411991246292,0.27261314681025905,0.0,0.0,0.0,0.05578531406197883,0.0,0,0.0,0,2.736411991246292,,,,,,,,,,,
8369,2/27/1990,0.448,2.126,2.000,4.866,2.126,0.0,2.7399999999999998,0.0,0.0,0.0,2.736411991246292,0.0,0.0,0.1111735787221834,2.6252384125241086,0.25492724343862744,0.0,0.0,0.0,0.05171057065253496,0.0,0,0.0,0,2.6252384125241086,,,,,,,,,,,
8370,2/28/1990,0.247,1.508,2.000,4.866,1.508,0.0,3.3579999999999997,0.0,0.0,0.0,2.6252384125241086,0.0,0.0,0.10374815007492302,2.5214902624491855,0.23883920600245948,0.0,0.0,0.0,0.04803775426823959,0.0,0,0.0,0,2.5214902624491855,,,,,,,,,,,
8371,3/1/1990,0.580,0.126,3.000,4.631,0.126,0.0,4.505,0.0,0.0,0.0,2.5214902624491855,0.0,0.0,0.09700510797333517,2.4244851544758506,0.22416562496248732,0.0,0.0,0.0,0.044717395658699005,0.0,0,0.0,0,2.4244851544758506,,,,,,,,,,,
8372,3/2/1990,0.525,0.104,3.000,4.631,0.104,0.0,4.527,0.0,0.0,0.0,2.4244851544758506,0.0,0.0,0.09086535476062631,2.3336197997152244,0.21074843124987586,0.0,0.0,0.0,0.041707267539187076,0.0,0,0.0,0,2.3336197997152244,,,,,,,,,,,
8373,3/3/1990,0.525,1.223,3.000,4.631,1.223,0.0,3.4080000000000004,0.0,0.0,0.0,2.3336197997152244,0.0,0.0,0.08526077567105889,2.2483590240441655,0.1984508290358831,0.0,0.0,0.0,0.038971163430262606,0.0,0,0.0,0,2.2483590240441655,,,,,,,,,,,
8374,3/4/1990,0.473,0.320,3.000,4.631,0.32,0.0,4.311,0.0,0.0,0.0,2.2483590240441655,0.0,0.0,0.08013247328404909,2.1682265507601164,0.18715396809190588,0.0,0.0,0.0,0.03647790829992286,0.0,0,0.0,0,2.1682265507601164,,,,,,,,,,,
8375,3/5/1990,0.473,0.078,3.000,4.631,0.078,0.0,4.553,0.0,0.0,0.0,2.1682265507601164,0.0,0.0,0.07542932271890142,2.092797228041215,0.1767542061782158,0.0,0.0,0.0,0.034200552319358514,0.0,0,0.0,0,2.092797228041215,,,,,,,,,,,
8376,3/6/1990,0.473,0.167,3.000,4.631,0.167,0.0,4.464,0.0,0.0,0.0,2.092797228041215,0.0,0.0,0.0711067828960026,2.0216904451452122,0.16716084505673134,0.0,0.0,0.0,0.03211571021007897,0.0,0,0.0,0,2.0216904451452122,,,,,,,,,,,
8377,3/7/1990,0.473,0.000,3.000,4.631,0.0,0.0,4.631,0.0,0.0,0.0,2.0216904451452122,0.0,0.0,0.06712591346556594,1.9545645316796463,0.15829424891234026,0.0,0.0,0.0,0.03020301705995097,0.0,0,0.0,0,1.9545645316796463,,,,,,,,,,,
8378,3/8/1990,0.473,0.083,3.000,4.631,0.083,0.0,4.548,0.0,0.0,0.0,1.9545645316796463,0.0,0.0,0.06345255786887008,1.8911119738107762,0.15008427324514403,0.0,0.0,0.0,0.02844467785289272,0.0,0,0.0,0,1.8911119738107762,,,,,,,,,,,
8379,3/9/1990,0.473,0.134,3.000,4.631,0.134,0.0,4.497,0.0,0.0,0.0,1.8911119738107762,0.0,0.0,0.060056661324167704,1.8310553124866085,0.14246894715327132,0.0,0.0,0.0,0.02682509281866665,0.0,0,0.0,0,1.8310553124866085,,,,,,,,,,,
8380,3/10/1990,0.473,0.086,3.000,4.631,0.086,0.0,4.545,0.0,0.0,0.0,1.8310553124866085,0.0,0.0,0.056911698955899225,1.7741436135307092,0.1353933634523792,0.0,0.0,0.0,0.025330544447068212,0.0,0,0.0,0,1.7741436135307092,,,,,,,,,,,
8381,3/11/1990,0.473,0.019,3.000,4.631,0.019,0.0,4.612,0.0,0.0,0.0,1.7741436135307092,0.0,0.0,0.053994194277531625,1.7201494192531774,0.12880874007677753,0.0,0.0,0.0,0.023948934903475647,0.0,0,0.0,0,1.7201494192531774,,,,,,,,,,,
8382,3/12/1990,0.473,0.340,3.000,4.631,0.34,0.0,4.291,0.0,0.0,0.0,1.7201494192531774,0.0,0.0,0.05128331213944861,1.6688661071137287,0.12267162327469441,0.0,0.0,0.0,0.022669564835284442,0.0,0,0.0,0,1.6688661071137287,,,,,,,,,,,
8383,3/13/1990,0.473,0.007,3.000,4.631,0.007,0.0,4.6240000000000006,0.0,0.0,0.0,1.6688661071137287,0.0,0.0,0.0487605133199738,1.620105593793755,0.11694320869268629,0.0,0.0,0.0,0.021482946323263696,0.0,0,0.0,0,1.620105593793755,,,,,,,,,,,
8384,3/14/1990,0.473,0.000,3.000,4.631,0.0,0.0,4.631,0.0,0.0,0.0,1.620105593793755,0.0,0.0,0.046409260361758,1.5736963334319969,0.11158876087763228,0.0,0.0,0.0,0.020380644121900677,0.0,0,0.0,0,1.5736963334319969,,,,,,,,,,,
8385,3/15/1990,0.424,0.000,3.000,4.631,0.0,0.0,4.631,0.0,0.0,0.0,1.5736963334319969,0.0,0.0,0.04421476618221944,1.5294815672497775,0.106577115263915,0.0,0.0,0.0,0.019355140433731204,0.0,0,0.0,0,1.5294815672497775,,,,,,,,,,,
8386,3/16/1990,0.473,0.037,3.000,4.631,0.037,0.0,4.594,0.0,0.0,0.0,1.5294815672497775,0.0,0.0,0.0421637785254563,1.4873177887243212,0.10188024955266588,0.0,0.0,0.0,0.018399719339108767,0.0,0,0.0,0,1.4873177887243212,,,,,,,,,,,
8387,3/17/1990,0.473,0.222,3.000,4.631,0.222,0.0,4.409,0.0,0.0,0.0,1.4873177887243212,0.0,0.0,0.04024439455806135,1.44707339416626,0.0974729136785431,0.0,0.0,0.0,0.01750836770405144,0.0,0,0.0,0,1.44707339416626,,,,,,,,,,,
8388,3/18/1990,0.473,0.029,3.000,4.631,0.029,0.0,4.602,0.0,0.0,0.0,1.44707339416626,0.0,0.0,0.03844590090712089,1.408627493259139,0.09333230941258763,0.0,0.0,0.0,0.01667568995241876,0.0,0,0.0,0,1.408627493259139,,,,,,,,,,,
8389,3/19/1990,0.473,0.076,3.000,4.631,0.076,0.0,4.555000000000001,0.0,0.0,0.0,1.408627493259139,0.0,0.0,0.036758635245263925,1.371868858013875,0.08943781215666416,0.0,0.0,0.0,0.01589683454374822,0.0,0,0.0,0,1.371868858013875,,,,,,,,,,,
8390,3/20/1990,0.499,0.134,3.000,4.631,0.134,0.0,4.497,0.0,0.0,0.0,1.371868858013875,0.0,0.0,0.03517386618370605,1.336694991830169,0.08577072871559378,0.0,0.0,0.0,0.015167430367116567,0.0,0,0.0,0,1.336694991830169,,,,,,,,,,,
8391,3/21/1990,0.552,0.990,3.000,4.631,0.99,0.0,3.641,0.0,0.0,0.0,1.336694991830169,0.0,0.0,0.03368368877007736,1.3030113030600916,0.08231408584202446,0.0,0.0,0.0,0.014483531561895734,0.0,0,0.0,0,1.3030113030600916,,,,,,,,,,,
8392,3/22/1990,0.400,0.020,3.000,4.631,0.02,0.0,4.611000000000001,0.0,0.0,0.0,1.3030113030600916,0.0,0.0,0.03228093332719256,1.270730369732899,0.07905244517946809,0.0,0.0,0.0,0.01384156952195131,0.0,0,0.0,0,1.270730369732899,,,,,,,,,,,
8393,3/23/1990,0.400,0.084,3.000,4.631,0.084,0.0,4.547000000000001,0.0,0.0,0.0,1.270730369732899,0.0,0.0,0.030959085730548425,1.2397712840023507,0.07597174091488668,0.0,0.0,0.0,0.013238311041456724,0.0,0,0.0,0,1.2397712840023507,,,,,,,,,,,
8394,3/24/1990,0.400,0.151,3.000,4.631,0.151,0.0,4.48,0.0,0.0,0.0,1.2397712840023507,0.0,0.0,0.029712217521057818,1.210059066481293,0.07305913702086317,0.0,0.0,0.0,0.01267082172657886,0.0,0,0.0,0,1.210059066481293,,,,,,,,,,,
8395,3/25/1990,0.400,0.000,3.000,4.631,0.0,0.0,4.631,0.0,0.0,0.0,1.210059066481293,0.0,0.0,0.028534924497158894,1.181524141984134,0.07030290144042649,0.0,0.0,0.0,0.012136433934583158,0.0,0,0.0,0,1.181524141984134,,,,,,,,,,,
8396,3/26/1990,0.400,0.000,3.000,4.631,0.0,0.0,4.631,0.0,0.0,0.0,1.181524141984134,0.0,0.0,0.02742227263640388,1.15410186934773,0.06769229496238052,0.0,0.0,0.0,0.011632718615787397,0.0,0,0.0,0,1.15410186934773,,,,,,,,,,,
8397,3/27/1990,0.424,0.457,3.000,4.631,0.457,0.0,4.174,0.0,0.0,0.0,1.15410186934773,0.0,0.0,0.02636975036850406,1.127732118979226,0.06521747286551766,0.0,0.0,0.0,0.011157460528567937,0.0,0,0.0,0,1.127732118979226,,,,,,,,,,,
8398,3/28/1990,0.424,0.216,3.000,4.631,0.216,0.0,4.415,0.0,0.0,0.0,1.127732118979226,0.0,0.0,0.025373226365678594,1.1023588926135475,0.06286939768767343,0.0,0.0,0.0,0.010708636376746846,0.0,0,0.0,0,1.1023588926135475,,,,,,,,,,,
8399,3/29/1990,0.424,0.328,3.000,4.631,0.328,0.0,4.303,0.0,0.0,0.0,1.1023588926135475,0.0,0.0,0.024428912136953248,1.0779299804765943,0.06063976170938491,0.0,0.0,0.0,0.01028439548495093,0.0,0,0.0,0,1.0779299804765943,,,,,,,,,,,
8400,3/30/1990,0.424,0.008,3.000,4.631,0.008,0.0,4.623,0.0,0.0,0.0,1.0779299804765943,0.0,0.0,0.023533328814778022,1.0543966516618162,0.05852091793940953,0.0,0.0,0.0,0.009883042683189671,0.0,0,0.0,0,1.0543966516618162,,,,,,,,,,,
8401,3/31/1990,0.424,2.510,3.000,4.631,2.51,0.0,2.1210000000000004,0.0,0.0,0.0,1.0543966516618162,0.0,0.0,0.022683277608234645,1.0317133740535815,0.05650581855664809,0.0,0.0,0.0,0.009503023118780825,0.0,0,0.0,0,1.0317133740535815,,,,,,,,,,,
8402,4/1/1990,0.424,1.109,4.000,4.235,1.109,0.0,3.1260000000000003,0.0,0.0,0.0,1.0317133740535815,0.0,0.0,0.021875813469846083,1.0098375605837355,0.054587959905095636,0.0,0.0,0.0,0.009142908753352734,0.0,0,0.0,0,1.0098375605837355,,,,,,,,,,,
8403,4/2/1990,0.424,1.507,4.000,4.235,1.507,0.0,2.7280000000000006,0.0,0.0,0.0,1.0098375605837355,0.0,0.0,0.02110822158475957,0.988729338998976,0.05276133325942421,0.0,0.0,0.0,0.008801386336192443,0.0,0,0.0,0,0.988729338998976,,,,,,,,,,,
8404,4/3/1990,0.525,3.866,4.000,4.235,3.866,0.0,0.3690000000000002,0.0,0.0,0.0,0.988729338998976,0.0,0.0,0.020377996343645365,0.9683513426553306,0.0510203806820788,0.0,0.0,0.0,0.008477246673689565,0.0,0,0.0,0,0.9683513426553306,,,,,,,,,,,
8405,4/4/1990,0.473,1.228,4.000,4.235,1.228,0.0,3.0070000000000006,0.0,0.0,0.0,0.9683513426553306,0.0,0.0,0.019682822505513453,0.9486685201498172,0.04935995538114222,0.0,0.0,0.0,0.008169375038872027,0.0,0,0.0,0,0.9486685201498172,,,,,,,,,,,
8406,4/5/1990,0.473,0.818,4.000,4.235,0.818,0.0,3.4170000000000003,0.0,0.0,0.0,0.9486685201498172,0.0,0.0,0.01902055829502329,0.9296479618547939,0.047775286054028754,0.0,0.0,0.0,0.007876742585721122,0.0,0,0.0,0,0.9296479618547939,,,,,,,,,,,
8407,4/6/1990,0.473,0.386,4.000,4.235,0.386,0.0,3.849,0.0,0.0,0.0,0.9296479618547939,0.0,0.0,0.018389220211762057,0.9112587416430319,0.046261944767233526,0.0,0.0,0.0,0.007598398650653001,0.0,0,0.0,0,0.9112587416430319,,,,,,,,,,,
8408,4/7/1990,0.473,0.279,4.000,4.235,0.279,0.0,3.9560000000000004,0.0,0.0,0.0,0.9112587416430319,0.0,0.0,0.017786969357239394,0.8934717722857924,0.0448158179785144,0.0,0.0,0.0,0.0073334638387291436,0.0,0,0.0,0,0.8934717722857924,,,,,,,,,,,
8409,4/8/1990,0.785,1.822,4.000,4.235,1.822,0.0,2.4130000000000003,0.0,0.0,0.0,0.8934717722857924,0.0,0.0,0.017212099109695525,0.8762596731760969,0.043433080356364985,0.0,0.0,0.0,0.00708112380519856,0.0,0,0.0,0,0.8762596731760969,,,,,,,,,,,
8410,4/9/1990,0.754,4.239,4.000,4.235,4.235,0.0039999999999995595,0.0,0,2.664610869000661e-06,0.0,0.8762623377869658,0.0,0.0,0.016663108448675565,0.8595992293382902,0.04211037473445242,0.003997335389130559,0.003997335389130559,0.0,0.006840660604832255,0.003997335389130559,0,0.0,0,0.8595992293382902,,,,,,,,,,,
8411,4/10/1990,0.499,0.006,4.000,4.235,0.006,0.0,4.229,0.0,0.0,0.003997335389130559,0.8595992293382902,0.003997335389130559,0.0,0.01613835037706803,0.8434608789612222,0.04084396744564651,0.0,0.0,0.0,0.006611298136370041,0.0,0,0.0,0,0.8434608789612222,,,,,,,,,,,
8412,4/11/1990,0.448,0.000,4.000,4.235,0.0,0.0,4.235,0.0,0.0,0.0,0.8434608789612222,0.0,0.0,0.015636540879347256,0.8278243380818749,0.039630977100471906,0.0,0.0,0.0,0.006392424482267283,0.0,0,0.0,0,0.8278243380818749,,,,,,,,,,,
8413,4/12/1990,0.424,0.009,4.000,4.235,0.009,0.0,4.226,0.0,0.0,0.0,0.8278243380818749,0.0,0.0,0.015156401284843052,0.8126679367970319,0.038468515439207505,0.0,0.0,0.0,0.006183434672352747,0.0,0,0.0,0,0.8126679367970319,,,,,,,,,,,
8414,4/13/1990,0.424,0.393,4.000,4.235,0.393,0.0,3.8420000000000005,0.0,0.0,0.0,0.8126679367970319,0.0,0.0,0.014696739168493223,0.7979711976285386,0.037353884037735645,0.0,0.0,0.0,0.005983765701993851,0.0,0,0.0,0,0.7979711976285386,,,,,,,,,,,
8415,4/14/1990,0.424,0.216,4.000,4.235,0.216,0.0,4.019,0.0,0.0,0.0,0.7979711976285386,0.0,0.0,0.01425644154402339,0.7837147560845152,0.03628455966300401,0.0,0.0,0.0,0.005792893141185552,0.0,0,0.0,0,0.7837147560845152,,,,,,,,,,,
8416,4/15/1990,0.424,0.282,4.000,4.235,0.282,0.0,3.9530000000000003,0.0,0.0,0.0,0.7837147560845152,0.0,0.0,0.013834468670726468,0.7698802874137888,0.03525818092187924,0.0,0.0,0.0,0.005610328055549075,0.0,0,0.0,0,0.7698802874137888,,,,,,,,,,,
8417,4/16/1990,0.424,0.386,4.000,4.235,0.386,0.0,3.849,0.0,0.0,0.0,0.7698802874137888,0.0,0.0,0.013429848411796109,0.7564504390019927,0.03427253607501508,0.0,0.0,0.0,0.005435614207139337,0.0,0,0.0,0,0.7564504390019927,,,,,,,,,,,
8418,4/17/1990,0.448,2.513,4.000,4.235,2.513,0.0,1.7220000000000004,0.0,0.0,0.0,0.7564504390019927,0.0,0.0,0.013041671089108116,0.7434087679128846,0.03332555190147468,0.0,0.0,0.0,0.0052683255066068605,0.0,0,0.0,0,0.7434087679128846,,,,,,,,,,,
8419,4/18/1990,2.902,27.125,4.000,4.235,4.235,22.89,0.0,0,22.800558554281572,0.0,23.543967322194458,0.0,0.0,4.016352806845759,19.5276145153487,7.077638539115313,0.08944144571843,0.08944144571843,0.0,2.365459509257546,0.08944144571843,0,0.0,0,19.5276145153487,,,,,,,,,,,
8420,4/19/1990,2.798,10.728,4.000,4.235,4.235,6.492999999999999,0.0,0,6.492999999999999,0.08944144571843,26.0210126646081,0.0,0.08944144571843,4.745035161622897,21.275977502985203,8.22956487391868,0.0,0.0,0.00039814925940304455,2.825449495113575,0.08904329645902696,0,0.0,0,21.275977502985203,,,,,,,,,,,
8421,4/20/1990,2.594,10.473,4.000,4.235,4.235,6.238,0.0,0,6.237601850740598,0.08904329645902696,27.51397573062082,0.0,0.08904329645902696,5.207405066617759,22.30657066400306,8.94989440770703,0.0003981492594030382,0.0003981492594030382,0.0003963768950199571,3.1197990649622067,0.08904506882341005,0,0.0,0,22.30657066400306,,,,,,,,,,,
8422,4/21/1990,0.914,3.056,4.000,4.235,3.056,0.0,1.1790000000000003,0.0,0.0,0.08904506882341005,22.30657066400306,0.08904506882341005,0.0,3.6707414194420322,18.63582924456103,6.523314397831428,0.0,0.0,0.0,2.1491468991902636,0.0,0,0.0,0,18.63582924456103,,,,,,,,,,,
8423,4/22/1990,0.754,2.688,4.000,4.235,2.688,0.0,1.5470000000000002,0.0,0.0,0.0,18.63582924456103,0.0,0.0,2.7202802530263757,15.915548991534655,4.967553776082636,0.0,0.0,0.0,1.5615743952716037,0.0,0,0.0,0,15.915548991534655,,,,,,,,,,,
8424,4/23/1990,0.499,2.376,4.000,4.235,2.376,0.0,1.8590000000000004,0.0,0.0,0.0,15.915548991534655,0.0,0.0,2.091230083088658,13.824318908445996,3.9071261605528096,0.0,0.0,0.0,1.1798740770366076,0.0,0,0.0,0,13.824318908445996,,,,,,,,,,,
8425,4/24/1990,1.974,13.192,4.000,4.235,4.235,8.957,0.0,0,8.86755855428157,0.0,22.691877462727568,0.0,0.0,3.7770247237183843,18.914852739009184,6.694369189497937,0.08944144571843,0.08944144571843,0.0,2.2155308489683727,0.08944144571843,0,0.0,0,18.914852739009184,,,,,,,,,,,
8426,4/25/1990,1.015,4.328,4.000,4.235,4.235,0.09299999999999997,0.0,0,0.09299999999999997,0.08944144571843,19.008250888268588,0.0,0.08944144571843,2.8114867260451675,16.19676416222342,5.119076669058706,0.0,0.0,0.00039814925940304455,1.6174374232892272,0.08904329645902696,0,0.0,0,16.19676416222342,,,,,,,,,,,
8427,4/26/1990,1.840,4.346,4.000,4.235,4.235,0.11099999999999977,0.0,0,0.11063519207822538,0.08904329645902696,16.307795731196663,0.0,0.08904329645902696,2.1778328766326536,14.12996285456401,4.054845533551007,0.000364807921774388,0.000364807921774388,0.0003963768950199571,1.232020614944081,0.0890117274857814,0,0.0,0,14.12996285456401,,,,,,,,,,,
8428,4/27/1990,4.709,29.362,4.000,4.235,4.235,25.127,0.0,0,25.12657028176735,0.0890117274857814,39.25692937269686,0.0,0.0890117274857814,9.416575423404133,29.840353949292727,15.22275516319413,0.0004297182326486016,0.0004297182326486016,0.00039623636550126614,5.865794420552174,0.08904520935292874,0,0.0,0,29.840353949292727,,,,,,,,,,,
8429,4/28/1990,4.968,17.283,4.000,4.235,4.235,13.048000000000002,0.0,0,13.0476037636345,0.08904520935292874,42.88835409833751,0.0,0.08904520935292874,10.912679777320447,31.97567432101706,17.357207291628434,0.0003962363655012564,0.0003962363655012564,0.0003963854102813574,6.864027529224654,0.08904506030814864,0,0.0,0,31.97567432101706,,,,,,,,,,,
8430,4/29/1990,1.585,5.548,4.000,4.235,4.235,1.3129999999999997,0.0,0,1.3126036145897184,0.08904506030814864,33.288674320353586,0.0,0.08904506030814864,7.153632276247369,26.135042044106218,11.906901700631892,0.0003963854102812896,0.0003963854102812896,0.00039638474680741263,4.376290073197825,0.08904506097162253,0,0.0,0,26.135042044106218,,,,,,,,,,,
8431,4/30/1990,1.463,6.386,4.000,4.235,4.235,2.151,0.0,0,2.150603615253192,0.08904506097162253,28.28604204410917,0.0,0.08904506097162253,5.453216613648957,22.83282543046021,9.329793511539302,0.0003963847468074757,0.0003963847468074757,0.00039638474976087156,3.2769973152263643,0.08904506096866913,0,0.0,0,22.83282543046021,,,,,,,,,,,
8432,5/1/1990,1.307,9.951,5.000,3.714,3.714,6.237,0.0,0,6.236603615250239,0.08904506096866913,29.0698254304602,0.0,0.08904506096866913,5.707375997522523,23.362449432937677,9.7204893796582,0.0003963847497608758,0.0003963847497608758,0.00039638474974772447,3.4400250050315977,0.08904506096868228,0,0.0,0,23.362449432937677,,,,,,,,,,,
8433,5/2/1990,1.157,5.458,5.000,3.714,3.714,1.7440000000000002,0.0,0,1.7436036152502525,0.08904506096868228,25.106449432937676,0.0,0.08904506096868228,4.47034742048106,20.636102012456618,7.7978504596487355,0.00039638474974771986,0.00039638474974771986,0.00039638474974778307,2.6514612216051274,0.08904506096868223,0,0.0,0,20.636102012456618,,,,,,,,,,,
8434,5/3/1990,1.050,0.210,5.000,3.714,0.21,0.0,3.504,0.0,0.0,0.08904506096868223,20.636102012456618,0.08904506096868223,0.0,3.2241251274790947,17.411976884977523,5.798416462408697,0.0,0.0,0.0,1.8716165440706773,0.0,0,0.0,0,17.411976884977523,,,,,,,,,,,
8435,5/4/1990,1.086,0.060,5.000,3.714,0.06,0.0,3.654,0.0,0.0,0.0,17.411976884977523,0.0,0.0,2.4291029124464325,14.982873972531092,4.48019774031698,0.0,0.0,0.0,1.3840751986853281,0.0,0,0.0,0,14.982873972531092,,,,,,,,,,,
8436,5/5/1990,0.724,0.052,5.000,3.714,0.052,0.0,3.662,0.0,0.0,0.0,14.982873972531092,0.0,0.0,1.8909976491289062,13.091876323402186,3.563216048381586,0.0,0.0,0.0,1.0598603341019066,0.0,0,0.0,0,13.091876323402186,,,,,,,,,,,
8437,5/6/1990,0.754,0.200,5.000,3.714,0.2,0.0,3.514,0.0,0.0,0.0,13.091876323402186,0.0,0.0,1.5102039482583813,11.581672375143805,2.8989806036777117,0.0,0.0,0.0,0.8340027517717362,0.0,0,0.0,0,11.581672375143805,,,,,,,,,,,
8438,5/7/1990,0.473,0.000,5.000,3.714,0.0,0.0,3.714,0.0,0.0,0.0,11.581672375143805,0.0,0.0,1.2311696575326927,10.350502717611112,2.4022663557907977,0.0,0.0,0.0,0.670829453115809,0.0,0,0.0,0,10.350502717611112,,,,,,,,,,,
8439,5/8/1990,0.473,0.098,5.000,3.714,0.098,0.0,3.616,0.0,0.0,0.0,10.350502717611112,0.0,0.0,1.0208646940128638,9.329638023598248,2.021129746534475,0.0,0.0,0.0,0.5494264404669286,0.0,0,0.0,0,9.329638023598248,,,,,,,,,,,
8440,5/9/1990,0.353,0.051,5.000,3.714,0.051,0.0,3.663,0.0,0.0,0.0,9.329638023598248,0.0,0.0,0.8586320623183659,8.471005961279882,1.7223709869180135,0.0,0.0,0.0,0.45688072922206335,0.0,0,0.0,0,8.471005961279882,,,,,,,,,,,
8441,5/10/1990,0.309,0.282,5.000,3.714,0.282,0.0,3.432,0.0,0.0,0.0,8.471005961279882,0.0,0.0,0.7310112999252323,7.73999466135465,1.4839337984973522,0.0,0.0,0.0,0.384876590097268,0.0,0,0.0,0,7.73999466135465,,,,,,,,,,,
8442,5/11/1990,0.448,5.606,5.000,3.714,3.714,1.892,0.0,0,1.8025585542815699,0.0,9.54255321563622,0.0,0.0,0.891538486093133,8.651014729543087,1.783340451097681,0.08944144571843,0.08944144571843,0.0,0.47556573165474275,0.08944144571843,0,0.0,0,8.651014729543087,,,,,,,,,,,
8443,5/12/1990,0.473,0.790,5.000,3.714,0.79,0.0,2.924,0.0,0.0,0.08944144571843,8.651014729543087,0.08944144571843,0.0,0.7570842250790891,7.893930504463998,1.5329159085734017,0.0,0.0,0.0,0.3995242020227968,0.0,0,0.0,0,7.893930504463998,,,,,,,,,,,
8444,5/13/1990,0.499,0.344,5.000,3.714,0.344,0.0,3.37,0.0,0.0,0.0,7.893930504463998,0.0,0.0,0.6499120797640224,7.244018424699975,1.3306115264145681,0.0,0.0,0.0,0.33954052878538016,0.0,0,0.0,0,7.244018424699975,,,,,,,,,,,
8445,5/14/1990,0.525,0.395,5.000,3.714,0.395,0.0,3.319,0.0,0.0,0.0,7.244018424699975,0.0,0.0,0.563203080739301,6.680815343960674,1.1649161049361634,0.0,0.0,0.0,0.29148078533481314,0.0,0,0.0,0,6.680815343960674,,,,,,,,,,,
8446,5/15/1990,0.499,3.650,5.000,3.714,3.65,0.0,0.06400000000000006,0.0,0.0,0.0,6.680815343960674,0.0,0.0,0.4921319467862134,6.188683397174461,1.0275633880388915,0.0,0.0,0.0,0.2524478345240341,0.0,0,0.0,0,6.188683397174461,,,,,,,,,,,
8447,5/16/1990,0.473,0.573,5.000,3.714,0.573,0.0,3.141,0.0,0.0,0.0,6.188683397174461,0.0,0.0,0.4332077529654864,5.755475644208974,0.9124917613947382,0.0,0.0,0.0,0.22036465216772577,0.0,0,0.0,0,5.755475644208974,,,,,,,,,,,
8448,5/17/1990,0.552,0.349,5.000,3.714,0.349,0.0,3.365,0.0,0.0,0.0,5.755475644208974,0.0,0.0,0.3838555391783316,5.371620105030642,0.8151740203803127,0.0,0.0,0.0,0.19371227046287207,0.0,0,0.0,0,5.371620105030642,,,,,,,,,,,
8449,5/18/1990,0.694,4.157,5.000,3.714,3.714,0.44300000000000006,0.0,0,0.35356747623205054,0.0,5.725187581262692,0.0,0.0,0.3804947296267697,5.344692851635923,0.8085130500410891,0.08943252376794952,0.08943252376794952,0.0,0.191905164343279,0.08943252376794952,0,0.0,0,5.344692851635923,,,,,,,,,,,
8450,5/19/1990,0.552,0.408,5.000,3.714,0.408,0.0,3.306,0.0,0.0,0.08943252376794952,5.344692851635923,0.08943252376794952,0.0,0.33928945729319354,5.005403394342729,0.7264681947839992,0.0,0.0,0.0,0.16983724988648066,0.0,0,0.0,0,5.005403394342729,,,,,,,,,,,
8451,5/20/1990,0.552,3.701,5.000,3.714,3.701,0.0,0.0129999999999999,0.0,0.0,0.0,5.005403394342729,0.0,0.0,0.3041568377388006,4.7012465566039285,0.6559221078840536,0.0,0.0,0.0,0.1511598450750482,0.0,0,0.0,0,4.7012465566039285,,,,,,,,,,,
8452,5/21/1990,0.525,0.588,5.000,3.714,0.588,0.0,3.126,0.0,0.0,0.0,4.7012465566039285,0.0,0.0,0.2739812389098645,4.427265317694064,0.5948472318703208,0.0,0.0,0.0,0.1352302554064931,0.0,0,0.0,0,4.427265317694064,,,,,,,,,,,
8453,5/22/1990,0.580,0.203,5.000,3.714,0.203,0.0,3.511,0.0,0.0,0.0,4.427265317694064,0.0,0.0,0.24788963040217754,4.179375687291887,0.5416419051646734,0.0,0.0,0.0,0.12154904575838456,0.0,0,0.0,0,4.179375687291887,,,,,,,,,,,
8454,5/23/1990,0.552,0.001,5.000,3.714,0.001,0.0,3.713,0.0,0.0,0.0,4.179375687291887,0.0,0.0,0.22519122558301258,3.9541844617088744,0.4950275230298194,0.0,0.0,0.0,0.10972367021478151,0.0,0,0.0,0,3.9541844617088744,,,,,,,,,,,
8455,5/24/1990,0.473,1.309,5.000,3.714,1.309,0.0,2.4050000000000002,0.0,0.0,0.0,3.9541844617088744,0.0,0.0,0.20533389869153082,3.7488505630173434,0.45397353998424794,0.0,0.0,0.0,0.09944238271478101,0.0,0,0.0,0,3.7488505630173434,,,,,,,,,,,
8456,5/25/1990,0.525,6.916,5.000,3.714,3.714,3.2020000000000004,0.0,0,3.1125585542815704,0.0,6.861409117298914,0.0,0.0,0.5145030695399245,6.346906047758989,1.0709593408498637,0.08944144571843,0.08944144571843,0.0,0.264696642152135,0.08944144571843,0,0.0,0,6.346906047758989,,,,,,,,,,,
8457,5/26/1990,7.377,29.806,5.000,3.714,3.714,26.092000000000002,0.0,0,26.092000000000002,0.08944144571843,32.439304197018394,0.0,0.08944144571843,6.852015373669759,25.587288823348636,11.455740138816056,0.0,0.0,0.00039814925940304455,4.179908779137783,0.08904329645902696,0,0.0,0,25.587288823348636,,,,,,,,,,,
8458,5/27/1990,4.903,8.637,5.000,3.714,3.714,4.923,0.0,0,4.922601850740597,0.08904329645902696,30.510287050984253,0.0,0.08904329645902696,6.186470328344622,24.32381672263963,10.451444146816392,0.0003981492594030382,0.0003981492594030382,0.0003963768950199571,3.7486206138191505,0.08904506882341005,0,0.0,0,24.32381672263963,,,,,,,,,,,
8459,5/28/1990,2.494,8.544,5.000,3.714,3.714,4.83,0.0,0,4.82960362310498,0.08904506882341005,29.153816730529325,0.0,0.08904506882341005,5.734886279823172,23.418930450706153,9.76265383582804,0.00039637689501995115,0.00039637689501995115,0.000396384784713162,3.457700224732972,0.08904506093371685,0,0.0,0,23.418930450706153,,,,,,,,,,,
8460,5/29/1990,3.391,12.882,5.000,3.714,3.714,9.168,0.0,0,9.167603615215286,0.08904506093371685,32.586930450671034,0.0,0.08904506093371685,6.904064940296035,25.682865510375,11.533767515005811,0.0003963847847131611,0.0003963847847131611,0.0003963847495921342,4.2137580842406495,0.08904506096883787,0,0.0,0,25.682865510375,,,,,,,,,,,
8461,5/30/1990,2.299,13.556,5.000,3.714,3.714,9.841999999999999,0.0,0,9.841603615250406,0.08904506096883787,35.52486551037515,0.0,0.08904506096883787,7.972352917548494,27.552512592826655,13.120008961597545,0.0003963847495921373,0.0003963847495921373,0.00039638474974847566,4.912047599709235,0.08904506096868153,0,0.0,0,27.552512592826655,,,,,,,,,,,
8462,5/31/1990,2.157,2.793,5.000,3.714,2.793,0.0,0.9209999999999998,0.0,0.0,0.08904506096868153,27.552559689187312,0.07846519302787222,0.010579867940809312,5.219581678799278,22.332978010388032,8.968761691844888,0.0,0.0,4.709636065673808e-05,3.1275747921939305,0.010532771580152573,0,0.0,0,22.332978010388032,,,,,,,,,,,
8463,6/1/1990,4.903,2.537,6.000,3.269,2.537,0.0,0.7320000000000002,0.0,0.0,0.010532771580152573,22.332990756141626,0.007669527203405136,0.002863244376747437,3.677990375475759,18.655000380665868,6.534998084007706,0.0,0.0,1.2745753592587778e-05,2.1536705791177098,0.0028504986231548493,0,0.0,0,18.655000380665868,,,,,,,,,,,
8464,6/2/1990,5.914,15.569,6.000,3.269,3.269,12.3,0.0,0,12.213409052904726,0.0028504986231548493,30.86842212258637,0.0,0.0028504986231548493,6.307973049161089,24.560449073425282,10.635726341403705,0.08659094709527516,0.08659094709527516,1.2689015775878081e-05,3.8271386246610013,0.08942875670265414,0,0.0,0,24.560449073425282,,,,,,,,,,,
8465,6/3/1990,7.301,13.908,6.000,3.269,3.269,10.639,0.0,0,10.638987310984223,0.08942875670265414,35.199834477183664,0.0,0.08942875670265414,7.851153715077467,27.3486807621062,12.941446969496873,1.2689015775861413e-05,1.2689015775861413e-05,0.00039809277415514706,4.83249884241619,0.08904335294427486,0,0.0,0,27.3486807621062,,,,,,,,,,,
8466,6/4/1990,5.984,9.749,6.000,3.269,3.269,6.48,0.0,0,6.479601907225845,0.08904335294427486,33.828679046478506,0.0,0.08904335294427486,7.348085105070941,26.480593941407566,12.196520038194874,0.0003980927741551445,0.0003980927741551445,0.0003963771464644574,4.50318802906498,0.08904506857196555,0,0.0,0,26.480593941407566,,,,,,,,,,,
8467,6/5/1990,4.968,6.080,6.000,3.269,3.269,2.811,0.0,0,2.8106036228535354,0.08904506857196555,29.291593949044696,0.0,0.08904506857196555,5.780127967506841,23.511465981537853,9.831942890581852,0.00039637714646445125,0.00039637714646445125,0.00039638478359385496,3.4867799064796174,0.08904506093483615,0,0.0,0,23.511465981537853,,,,,,,,,,,
8468,6/6/1990,4.646,5.433,6.000,3.269,3.269,2.1639999999999997,0.0,0,2.163603615216406,0.08904506093483615,25.675465981503855,0.0,0.08904506093483615,4.640481034213182,21.034984947290674,8.065586027121713,0.00039638478359386146,0.00039638478359386146,0.00039638474959711675,2.759144223961105,0.08904506096883288,0,0.0,0,21.034984947290674,,,,,,,,,,,
8469,6/7/1990,4.149,9.697,6.000,3.269,3.269,6.427999999999999,0.0,0,6.427603615250402,0.08904506096883288,27.462984947290824,0.0,0.08904506096883288,5.1913304723986196,22.271654474892205,8.924979464812184,0.00039638474959711946,0.00039638474959711946,0.0003963847497484535,3.1095360012426223,0.08904506096868155,0,0.0,0,22.271654474892205,,,,,,,,,,,
8470,6/8/1990,3.969,3.070,6.000,3.269,3.07,0.0,0.1990000000000003,0.0,0.0,0.08904506096868155,22.27197538907797,0.016953934215577195,0.07209112675310435,3.661258066650388,18.610717322427583,6.5080255613766855,0.0,0.0,0.00032091418576393895,2.143229741181182,0.07177021256734041,0,0.0,0,18.610717322427583,,,,,,,,,,,
8471,6/9/1990,4.838,22.208,6.000,3.269,3.269,18.939,0.0,0,18.92132876684891,0.07177021256734041,37.53236557491037,0.0,0.07177021256734041,8.73726835171547,28.7950972231949,14.239268151372372,0.017671233151089597,0.017671233151089597,0.0003194856338843542,5.415890433961517,0.08912196008454565,0,0.0,0,28.7950972231949,,,,,,,,,,,
8472,6/10/1990,4.457,3.842,6.000,3.269,3.269,0.573,0.0,0,0.5726805152384375,0.08912196008454565,29.368174465500072,0.0,0.08912196008454565,5.8053360429726935,23.562838422527378,9.870521951521155,0.0003194847615624261,0.0003194847615624261,0.0003967270667327537,3.502989230062344,0.08904471777937532,0,0.0,0,23.562838422527378,,,,,,,,,,,
8473,6/11/1990,3.447,0.504,6.000,3.269,0.504,0.0,2.765,0.0,0.0,0.08904471777937532,23.562838422527378,0.08904471777937532,0.0,4.021719591748133,19.541118830779244,7.08620362838008,0.0,0.0,0.0,2.368828445812297,0.0,0,0.0,0,19.541118830779244,,,,,,,,,,,
8474,6/12/1990,2.299,0.297,6.000,3.269,0.297,0.0,2.972,0.0,0.0,0.0,19.541118830779244,0.0,0.0,2.9440701525427992,16.597048678236444,5.338431055430575,0.0,0.0,0.0,1.6988553820596588,0.0,0,0.0,0,16.597048678236444,,,,,,,,,,,
8475,6/13/1990,2.019,0.835,6.000,3.269,0.835,0.0,2.434,0.0,0.0,0.0,16.597048678236444,0.0,0.0,2.2425934931507987,14.354455185085644,4.164924409594954,0.0,0.0,0.0,1.271104803136217,0.0,0,0.0,0,14.354455185085644,,,,,,,,,,,
8476,6/14/1990,1.753,2.035,6.000,3.269,2.035,0.0,1.234,0.0,0.0,0.0,14.354455185085644,0.0,0.0,1.7606659594018834,12.59378922568376,3.3374643299282596,0.0,0.0,0.0,0.9821863206399115,0.0,0,0.0,0,12.59378922568376,,,,,,,,,,,
8477,6/15/1990,1.668,0.285,6.000,3.269,0.285,0.0,2.984,0.0,0.0,0.0,12.59378922568376,0.0,0.0,1.415662774613294,11.178126451070467,2.731726825565872,0.0,0.0,0.0,0.7784743278955366,0.0,0,0.0,0,11.178126451070467,,,,,,,,,,,
8478,6/16/1990,1.585,0.235,6.000,3.269,0.235,0.0,3.0340000000000003,0.0,0.0,0.0,11.178126451070467,0.0,0.0,1.16050622689387,10.017620224176596,2.274910520691096,0.0,0.0,0.0,0.6298723847633441,0.0,0,0.0,0,10.017620224176596,,,,,,,,,,,
8479,6/17/1990,1.463,0.578,6.000,3.269,0.578,0.0,2.6910000000000003,0.0,0.0,0.0,10.017620224176596,0.0,0.0,0.9667333851226969,9.050886839053899,1.9219416752140377,0.0,0.0,0.0,0.5184312272163787,0.0,0,0.0,0,9.050886839053899,,,,,,,,,,,
8480,6/18/1990,1.463,0.934,6.000,3.269,0.934,0.0,2.335,0.0,0.0,0.0,9.050886839053899,0.0,0.0,0.8163022679848622,8.234584571069036,1.643643978184848,0.0,0.0,0.0,0.43291438907436747,0.0,0,0.0,0,8.234584571069036,,,,,,,,,,,
8481,6/19/1990,1.423,1.396,6.000,3.269,1.396,0.0,1.8730000000000002,0.0,0.0,0.0,8.234584571069036,0.0,0.0,0.697325052785794,7.537259518283242,1.4204301359799034,0.0,0.0,0.0,0.36600287827493627,0.0,0,0.0,0,7.537259518283242,,,,,,,,,,,
8482,6/20/1990,1.194,0.383,6.000,3.269,0.383,0.0,2.886,0.0,0.0,0.0,7.537259518283242,0.0,0.0,0.601711381248365,6.935548137034877,1.238743063797642,0.0,0.0,0.0,0.312768591904811,0.0,0,0.0,0,6.935548137034877,,,,,,,,,,,
8483,6/21/1990,0.947,0.414,6.000,3.269,0.414,0.0,2.855,0.0,0.0,0.0,6.935548137034877,0.0,0.0,0.5238019311590137,6.411746205875863,1.0889528307522862,0.0,0.0,0.0,0.26979843553780697,0.0,0,0.0,0,6.411746205875863,,,,,,,,,,,
8484,6/22/1990,0.785,0.282,6.000,3.269,0.282,0.0,2.987,0.0,0.0,0.0,6.411746205875863,0.0,0.0,0.45954317145476553,5.952203034421098,0.964064413288535,0.0,0.0,0.0,0.23467050106542733,0.0,0,0.0,0,5.952203034421098,,,,,,,,,,,
8485,6/23/1990,0.636,0.329,6.000,3.269,0.329,0.0,2.94,0.0,0.0,0.0,5.952203034421098,0.0,0.0,0.4059713066856798,5.546231727735418,0.8588967495177813,0.0,0.0,0.0,0.20562950069166436,0.0,0,0.0,0,5.546231727735418,,,,,,,,,,,
8486,6/24/1990,0.499,0.913,6.000,3.269,0.913,0.0,2.356,0.0,0.0,0.0,5.546231727735418,0.0,0.0,0.36087970813255754,5.185352019602861,0.769545947411017,0.0,0.0,0.0,0.18137940732660246,0.0,0,0.0,0,5.185352019602861,,,,,,,,,,,
8487,6/25/1990,0.694,8.908,6.000,3.269,3.269,5.638999999999999,0.0,0,5.549558554281569,0.0,10.73491057388443,0.0,0.0,1.0848336875497733,9.650076886334658,2.137746754931306,0.08944144571843,0.08944144571843,0.0,0.5861939547981507,0.08944144571843,0,0.0,0,9.650076886334658,,,,,,,,,,,
8488,6/26/1990,0.785,5.998,6.000,3.269,3.269,2.729,0.0,0,2.729,0.08944144571843,12.379475035594062,0.0,0.08944144571843,1.375739347475215,11.003735688118848,2.6607880096604335,0.0,0.0,0.00039814925940304455,0.7550977214335771,0.08904329645902696,0,0.0,0,11.003735688118848,,,,,,,,,,,
8489,6/27/1990,0.914,6.503,6.000,3.269,3.269,3.234,0.0,0,3.233601850740597,0.08904329645902696,14.237733915754465,0.0,0.08904329645902696,1.7368696721502601,12.500864243604205,3.2960744955366765,0.0003981492594030382,0.0003981492594030382,0.0003963768950199571,0.9680444117247513,0.08904506882341005,0,0.0,0,12.500864243604205,,,,,,,,,,,
8490,6/28/1990,1.231,5.955,6.000,3.269,3.269,2.686,0.0,0,2.68560362310498,0.08904506882341005,15.186864251493898,0.0,0.08904506882341005,1.9341016545332117,13.252762596960686,3.637539813066291,0.00039637689501995115,0.00039637689501995115,0.000396384784713162,1.085627963214687,0.08904506093371685,0,0.0,0,13.252762596960686,,,,,,,,,,,
8491,6/29/1990,10.590,22.516,6.000,3.269,3.269,19.247,0.0,0,19.246603615215285,0.08904506093371685,32.499762596925564,0.0,0.08904506093371685,6.87331254189446,25.626450055031103,11.487675407230048,0.0003963847847131611,0.0003963847847131611,0.0003963847495921342,4.19375689210345,0.08904506096883787,0,0.0,0,25.626450055031103,,,,,,,,,,,
8492,6/30/1990,6.556,6.945,6.000,3.269,3.269,3.676,0.0,0,3.675603615250408,0.08904506096883787,29.30245005503126,0.0,0.08904506096883787,5.783698811857213,23.518751243174048,9.837409009222197,0.0003963847495921373,0.0003963847495921373,0.00039638474974847566,3.4890757523149762,0.08904506096868153,0,0.0,0,23.518751243174048,,,,,,,,,,,
8493,7/1/1990,5.500,1.781,7.000,3.463,1.781,0.0,1.6820000000000002,0.0,0.0,0.08904506096868153,23.518751243174048,0.08904506096868153,0.0,4.009186037569077,19.50956520560497,7.066198794812738,0.0,0.0,0.0,2.3609611154695065,0.0,0,0.0,0,19.50956520560497,,,,,,,,,,,
8494,7/2/1990,5.033,5.323,7.000,3.463,3.463,1.8600000000000003,0.0,0,1.7705585542815703,0.0,21.280123759886543,0.0,0.0,3.393563867651359,17.886559892235184,6.074631305855922,0.08944144571843,0.08944144571843,0.0,1.9766268408827359,0.08944144571843,0,0.0,0,17.886559892235184,,,,,,,,,,,
8495,7/3/1990,4.395,5.490,7.000,3.463,3.463,2.027,0.0,0,2.027,0.08944144571843,19.91395804149459,0.0,0.08944144571843,3.0382844043464163,16.87567363714817,5.493672755779291,0.0,0.0,0.00039814925940304455,1.756858759120875,0.08904329645902696,0,0.0,0,16.87567363714817,,,,,,,,,,,
8496,7/4/1990,3.909,2.369,7.000,3.463,2.369,0.0,1.0939999999999999,0.0,0.0,0.08904329645902696,16.87567363714817,0.08904329645902696,0.0,2.3056903109540317,14.56998332619414,4.271868564281942,0.0,0.0,0.0,1.3092563814767049,0.0,0,0.0,0,14.56998332619414,,,,,,,,,,,
8497,7/5/1990,2.644,0.510,7.000,3.463,0.51,0.0,2.9530000000000003,0.0,0.0,0.0,14.56998332619414,0.0,0.0,1.804945956002053,12.765037370192088,3.4143392315988548,0.0,0.0,0.0,1.0085348759522357,0.0,0,0.0,0,12.765037370192088,,,,,,,,,,,
8498,7/6/1990,2.204,1.978,7.000,3.463,1.978,0.0,1.485,0.0,0.0,0.0,12.765037370192088,0.0,0.0,1.4478912015136216,11.317146168678466,2.7888565819940085,0.0,0.0,0.0,0.7973769637910235,0.0,0,0.0,0,11.317146168678466,,,,,,,,,,,
8499,7/7/1990,2.299,2.413,7.000,3.463,2.413,0.0,1.0500000000000003,0.0,0.0,0.0,11.317146168678466,0.0,0.0,1.1846607142967844,10.132485454381682,2.3185208932752666,0.0,0.0,0.0,0.6438545425952246,0.0,0,0.0,0,10.132485454381682,,,,,,,,,,,
8500,7/8/1990,2.396,2.719,7.000,3.463,2.719,0.0,0.7440000000000002,0.0,0.0,0.0,10.132485454381682,0.0,0.0,0.9852786972603064,9.147206757121376,1.9559771551583858,0.0,0.0,0.0,0.5290375996342231,0.0,0,0.0,0,9.147206757121376,,,,,,,,,,,
8501,7/9/1990,3.618,5.043,7.000,3.463,3.463,1.58,0.0,0,1.4905585542815702,0.0,10.637765311402946,0.0,0.0,1.0685211412410083,9.569244170161937,2.1080681858413026,0.08944144571842992,0.08944144571842992,0.0,0.576804077755683,0.08944144571842992,0,0.0,0,9.569244170161937,,,,,,,,,,,
8502,7/10/1990,2.746,6.584,7.000,3.463,3.463,3.1209999999999996,0.0,0,3.1209999999999996,0.08944144571842992,12.69064231942134,0.0,0.08944144571842992,1.4338546129718526,11.256787706449487,2.7639893556503536,7.943996191388973e-17,7.943996191388973e-17,0.00039814925940304417,0.78914077563329,0.08904329645902696,0,0.0,0,11.256787706449487,,,,,,,,,,,
8503,7/11/1990,4.149,1.883,7.000,3.463,1.883,0.0,1.58,0.0,0.0,0.08904329645902696,11.256787706449487,0.08904329645902696,0.0,1.1741490677835815,10.082638638665905,2.2995523384426164,0.0,0.0,0.0,0.6377674029094176,0.0,0,0.0,0,10.082638638665905,,,,,,,,,,,
8504,7/12/1990,2.299,4.432,7.000,3.463,3.463,0.9690000000000003,0.0,0,0.8795585543511303,0.0,10.962197193017035,0.0,0.0,1.1233845884453204,9.838812604571714,2.2077277524035144,0.08944144564886998,0.08944144564886998,0.0,0.6084214507830187,0.08944144564886998,0,0.0,0,9.838812604571714,,,,,,,,,,,
8505,7/13/1990,2.494,2.591,7.000,3.463,2.591,0.0,0.8719999999999999,0.0,0.0,0.08944144564886998,9.838878641359166,0.07460674333381628,0.014834702315053697,0.9381561235348777,8.900722517824288,1.8693822818332346,0.0,0.0,6.60367874508339e-05,0.5021136974272556,0.014768665527602863,0,0.0,0,8.900722517824288,,,,,,,,,,,
8506,7/14/1990,2.251,3.228,7.000,3.463,3.228,0.0,0.23499999999999988,0.0,0.0,0.014768665527602863,8.900772924609964,0.0034451337658944876,0.011323531761708375,0.7938625482615583,8.106910376348406,1.601768582834286,0.0,0.0,5.040678567455271e-05,0.420242307121209,0.011273124976033822,0,0.0,0,8.106910376348406,,,,,,,,,,,
8507,7/15/1990,2.157,0.416,7.000,3.463,0.416,0.0,3.047,0.0,0.0,0.011273124976033822,8.106910376348406,0.011273124976033822,0.0,0.6793987305543715,7.427511645794034,1.3865323315579765,0.0,0.0,0.0,0.35598338228419235,0.0,0,0.0,0,7.427511645794034,,,,,,,,,,,
8508,7/16/1990,2.019,1.044,7.000,3.463,1.044,0.0,2.419,0.0,0.0,0.0,7.427511645794034,0.0,0.0,0.5871801249684458,6.840331520825588,1.210930708156425,0.0,0.0,0.0,0.30472470161066095,0.0,0,0.0,0,6.840331520825588,,,,,,,,,,,
8509,7/17/1990,1.929,3.286,7.000,3.463,3.286,0.0,0.17700000000000005,0.0,0.0,0.0,6.840331520825588,0.0,0.0,0.5118715935814615,6.328459927244126,1.0658626800040523,0.0,0.0,0.0,0.26325398689762985,0.0,0,0.0,0,6.328459927244126,,,,,,,,,,,
8510,7/18/1990,2.019,2.539,7.000,3.463,2.539,0.0,0.9239999999999999,0.0,0.0,0.0,6.328459927244126,0.0,0.0,0.44963747678600746,5.878822450458119,0.9446939667658509,0.0,0.0,0.0,0.2292830563975498,0.0,0,0.0,0,5.878822450458119,,,,,,,,,,,
8511,7/19/1990,1.929,5.111,7.000,3.463,3.463,1.6479999999999997,0.0,0,1.5585585542815696,0.0,7.437381004739689,0.0,0.0,0.5884810671220321,6.848899937617657,1.21342293733551,0.08944144571842999,0.08944144571842999,0.0,0.3054443192977508,0.08944144571842999,0,0.0,0,6.848899937617657,,,,,,,,,,,
8512,7/20/1990,24.035,17.488,7.000,3.463,3.463,14.024999999999999,0.0,0,14.024999999999999,0.08944144571842999,20.874298086877058,0.0,0.08944144571842999,3.2863885821687084,17.58790950470835,5.90009349326571,9.929995239236212e-18,9.929995239236212e-18,0.0003981492594030445,1.91016334131405,0.08904329645902696,0,0.0,0,17.58790950470835,,,,,,,,,,,
8513,7/21/1990,41.872,42.970,7.000,3.463,3.463,39.507,0.0,0,39.506601850740594,0.08904329645902696,57.09490773234396,0.0,0.08904329645902696,17.580372414517235,39.51453531782673,26.45143030072425,0.0003981492594030382,0.0003981492594030382,0.0003963768950199571,11.410448822947966,0.08904506882341005,0,0.0,0,39.51453531782673,,,,,,,,,,,
8514,7/22/1990,35.267,15.283,7.000,3.463,3.463,11.82,0.0,0,11.81960362310498,0.08904506882341005,51.33453532571642,0.0,0.08904506882341005,14.724769449076813,36.609765876639614,22.629986782407496,0.00039637689501995115,0.00039637689501995115,0.000396384784713162,9.44621597433886,0.08904506093371685,0,0.0,0,36.609765876639614,,,,,,,,,,,
8515,7/23/1990,26.919,6.201,7.000,3.463,3.463,2.7379999999999995,0.0,0,2.7376036152152863,0.08904506093371685,39.34776587660449,0.0,0.08904506093371685,9.452918407084162,29.89484746952033,15.275107451773271,0.0003963847847131611,0.0003963847847131611,0.0003963847495921342,5.889925980626567,0.08904506096883787,0,0.0,0,29.89484746952033,,,,,,,,,,,
8516,7/24/1990,10.415,2.263,7.000,3.463,2.263,0.0,1.2000000000000002,0.0,0.0,0.08904506096883787,29.89484746952033,0.08904506096883787,0.0,5.979887514304362,23.914959955215966,10.137119304843896,0.0,0.0,0.0,3.615355583953658,0.0,0,0.0,0,23.914959955215966,,,,,,,,,,,
8517,7/25/1990,5.165,2.191,7.000,3.463,2.191,0.0,1.2720000000000002,0.0,0.0,0.0,23.914959955215966,0.0,0.0,4.12238492696946,19.792575028246507,7.246626598121151,0.0,0.0,0.0,2.4320743502360407,0.0,0,0.0,0,19.792575028246507,,,,,,,,,,,
8518,7/26/1990,3.618,1.639,7.000,3.463,1.639,0.0,1.824,0.0,0.0,0.0,19.792575028246507,0.0,0.0,3.007481362396848,16.785093665849658,5.442973600216081,0.0,0.0,0.0,1.7378815395342482,0.0,0,0.0,0,16.785093665849658,,,,,,,,,,,
8519,7/27/1990,3.675,3.786,7.000,3.463,3.463,0.32299999999999995,0.0,0,0.23368902575446682,0.0,17.018782691604123,0.0,0.0,2.3383701923001188,14.680412499304005,4.327142033007957,0.08931097424553314,0.08931097424553314,0.0,1.3290434598702359,0.08931097424553314,0,0.0,0,14.680412499304005,,,,,,,,,,,
8520,7/28/1990,2.798,7.954,7.000,3.463,3.463,4.491,0.0,0,4.490869528527103,0.08931097424553314,19.171679596295782,0.0,0.08931097424553314,2.851889638487842,16.31978995780794,5.186034218609837,0.00013047147289687078,0.00013047147289687078,0.00039756846467315336,1.6422221646193218,0.08904387725375686,0,0.0,0,16.31978995780794,,,,,,,,,,,
8521,7/29/1990,46.345,87.258,7.000,3.463,3.463,83.795,0.0,0,83.79460243153532,0.08904387725375686,100.1147887688237,0.0,0.08904387725375686,44.825950171002276,55.288838597821425,59.52152614002146,0.0003975684646731507,0.0003975684646731507,0.00039637948043200763,30.942267354520702,0.089045066237998,0,0.0,0,55.288838597821425,,,,,,,,,,,
8522,7/30/1990,56.157,15.980,7.000,3.463,3.463,12.517,0.0,0,12.516603620519568,0.089045066237998,67.80583860311421,0.0,0.089045066237998,23.414106940821586,44.39173166229263,33.98875788665182,0.00039637948043200167,0.00039637948043200167,0.0003963847732041811,15.486065366175726,0.08904506094522582,0,0.0,0,44.39173166229263,,,,,,,,,,,
8523,7/31/1990,50.708,1.412,7.000,3.463,1.412,0.0,2.051,0.0,0.0,0.08904506094522582,44.39173166229263,0.08904506094522582,0.0,11.557642477759185,32.83408918453344,18.26507480842958,0.0,0.0,0.0,7.297225756202105,0.0,0,0.0,0,32.83408918453344,,,,,,,,,,,
8524,8/1/1990,37.468,0.086,8.000,3.792,0.086,0.0,3.706,0.0,0.0,0.0,32.83408918453344,0.0,0.0,6.991559651517597,25.842529533015842,11.664768621069005,0.0,0.0,0.0,4.270696156156441,0.0,0,0.0,0,25.842529533015842,,,,,,,,,,,
8525,8/2/1990,25.482,7.293,8.000,3.792,3.792,3.5010000000000003,0.0,0,3.4115585542815703,0.0,29.25408808729741,0.0,0.0,5.7677981423221505,23.486289944975262,9.813065765383135,0.08944144571843,0.08944144571843,0.0,3.4788532617195926,0.08944144571843,0,0.0,0,23.486289944975262,,,,,,,,,,,
8526,8/3/1990,18.377,1.570,8.000,3.792,1.57,0.0,2.2219999999999995,0.0,0.0,0.08944144571843,23.486289944975262,0.08944144571843,0.0,3.9999676131554636,19.4863223318198,7.051480820659379,0.0,0.0,0.0,2.3551757294555755,0.0,0,0.0,0,19.4863223318198,,,,,,,,,,,
8527,8/4/1990,14.933,0.589,8.000,3.792,0.589,0.0,3.203,0.0,0.0,0.0,19.4863223318198,0.0,0.0,2.9303235926361566,16.555998739183643,5.315736774897922,0.0,0.0,0.0,1.6904023724548412,0.0,0,0.0,0,16.555998739183643,,,,,,,,,,,
8528,8/5/1990,7.817,3.388,8.000,3.792,3.388,0.0,0.4039999999999999,0.0,0.0,0.0,16.555998739183643,0.0,0.0,2.233356669349536,14.322642069834107,4.149243519763442,0.0,0.0,0.0,1.2655256224570197,0.0,0,0.0,0,14.322642069834107,,,,,,,,,,,
8529,8/6/1990,4.424,3.888,8.000,3.792,3.792,0.09600000000000009,0.0,0,0.025277600232031947,0.0,14.347919670066139,0.0,0.0,1.7593301241451316,12.588589545921007,3.335142293696358,0.07072239976796814,0.07072239976796814,0.0,0.9813921115245369,0.07072239976796814,0,0.0,0,12.588589545921007,,,,,,,,,,,
8530,8/7/1990,3.433,2.233,8.000,3.792,2.233,0.0,1.5589999999999997,0.0,0.0,0.07072239976796814,12.588589545921007,0.07072239976796814,0.0,1.4146887521748313,11.173900793746176,2.7299983479996563,0.0,0.0,0.0,0.7779034811792201,0.0,0,0.0,0,11.173900793746176,,,,,,,,,,,
8531,8/8/1990,3.123,1.949,8.000,3.792,1.949,0.0,1.8429999999999997,0.0,0.0,0.0,11.173900793746176,0.0,0.0,1.1597751437833512,10.014125649962825,2.273589295741335,0.0,0.0,0.0,0.629449483739564,0.0,0,0.0,0,10.014125649962825,,,,,,,,,,,
8532,8/9/1990,3.002,1.455,8.000,3.792,1.455,0.0,2.3369999999999997,0.0,0.0,0.0,10.014125649962825,0.0,0.0,0.9661713872571416,9.047954262705684,1.9209093723557904,0.0,0.0,0.0,0.518110018967352,0.0,0,0.0,0,9.047954262705684,,,,,,,,,,,
8533,8/10/1990,2.883,17.798,8.000,3.792,3.792,14.005999999999998,0.0,0,13.916558554281568,0.0,22.964512816987252,0.0,0.0,3.8529600467125777,19.111552770274674,6.816257361770173,0.08944144571843,0.08944144571843,0.0,2.2630351683803087,0.08944144571843,0,0.0,0,19.111552770274674,,,,,,,,,,,
8534,8/11/1990,2.765,0.699,8.000,3.792,0.699,0.0,3.093,0.0,0.0,0.08944144571843,19.111552770274674,0.08944144571843,0.0,2.8369982508272766,16.2745545194474,5.161367133235382,0.0,0.0,0.0,1.6330844934972129,0.0,0,0.0,0,16.2745545194474,,,,,,,,,,,
8535,8/12/1990,2.649,1.210,8.000,3.792,1.21,0.0,2.582,0.0,0.0,0.0,16.2745545194474,0.0,0.0,2.170439213955869,14.10411530549153,4.042257261260424,0.0,0.0,0.0,1.2275632274440926,0.0,0,0.0,0,14.10411530549153,,,,,,,,,,,
8536,8/13/1990,2.535,3.277,8.000,3.792,3.277,0.0,0.5149999999999997,0.0,0.0,0.0,14.10411530549153,0.0,0.0,1.7097877233650747,12.394327582126454,3.2489032686125383,0.0,0.0,0.0,0.9519653789457577,0.0,0,0.0,0,12.394327582126454,,,,,,,,,,,
8537,8/14/1990,2.423,32.421,8.000,3.792,3.792,28.628999999999998,0.0,0,28.53955855428157,0.0,40.93388613640802,0.0,0.0,10.096497456759815,30.837388679648207,16.197935019902896,0.08944144571843,0.08944144571843,0.0,6.318251052773543,0.08944144571843,0,0.0,0,30.837388679648207,,,,,,,,,,,
8538,8/15/1990,5.881,3.858,8.000,3.792,3.792,0.06600000000000028,0.0,0,0.06600000000000028,0.08944144571843,30.90378682890761,0.0,0.08944144571843,6.320022298811202,24.583764530096406,10.653977946582215,0.0,0.0,0.00039814925940304455,3.8349305994456486,0.08904329645902696,0,0.0,0,24.583764530096406,,,,,,,,,,,
8539,8/16/1990,5.881,0.861,8.000,3.792,0.861,0.0,2.931,0.0,0.0,0.08904329645902696,24.583764530096406,0.08904329645902696,0.0,4.316314593893425,20.26744993620298,7.554457341379268,0.0,0.0,0.0,2.5542010128065304,0.0,0,0.0,0,20.26744993620298,,,,,,,,,,,
8540,8/17/1990,5.804,4.539,8.000,3.792,3.792,0.7469999999999999,0.0,0,0.6575585642415618,0.0,20.92500850044454,0.0,0.0,3.299705520166037,17.625302980278505,5.921813340534339,0.08944143575843812,0.08944143575843812,0.0,1.9184140202643458,0.08944143575843812,0,0.0,0,17.625302980278505,,,,,,,,,,,
8541,8/18/1990,5.728,1.324,8.000,3.792,1.324,0.0,2.468,0.0,0.0,0.08944143575843812,17.625302980278505,0.08944143575843812,0.0,2.478906218526046,15.14639676175246,4.5639620718629725,0.0,0.0,0.0,1.4143400707573295,0.0,0,0.0,0,15.14639676175246,,,,,,,,,,,
8542,8/19/1990,5.280,1.679,8.000,3.792,1.679,0.0,2.1129999999999995,0.0,0.0,0.0,15.14639676175246,0.0,0.0,1.9255198193638579,13.220876942388601,3.622755282821644,0.0,0.0,0.0,1.0804946909740538,0.0,0,0.0,0,13.220876942388601,,,,,,,,,,,
8543,8/20/1990,4.845,0.916,8.000,3.792,0.916,0.0,2.876,0.0,0.0,0.0,13.220876942388601,0.0,0.0,1.535086607981804,11.685790334406798,2.9428349966638754,0.0,0.0,0.0,0.8486561629893845,0.0,0,0.0,0,11.685790334406798,,,,,,,,,,,
8544,8/21/1990,4.493,1.807,8.000,3.792,1.807,0.0,1.9849999999999999,0.0,0.0,0.0,11.685790334406798,0.0,0.0,1.2496716801220424,10.436118654284755,2.4355010728794415,0.0,0.0,0.0,0.6815793177804986,0.0,0,0.0,0,10.436118654284755,,,,,,,,,,,
8545,8/22/1990,4.219,0.506,8.000,3.792,0.506,0.0,3.2859999999999996,0.0,0.0,0.0,10.436118654284755,0.0,0.0,1.034977221705858,9.401141432578896,2.046911697653515,0.0,0.0,0.0,0.5575252038138149,0.0,0,0.0,0,9.401141432578896,,,,,,,,,,,
8546,8/23/1990,3.950,2.701,8.000,3.792,2.701,0.0,1.0909999999999997,0.0,0.0,0.0,9.401141432578896,0.0,0.0,0.869627814519502,8.531513618059394,1.7427661586894632,0.0,0.0,0.0,0.4631192093197197,0.0,0,0.0,0,8.531513618059394,,,,,,,,,,,
8547,8/24/1990,4.355,6.082,8.000,3.792,3.792,2.29,0.0,0,2.20055855428157,0.0,10.732072172340963,0.0,0.0,1.084355664282248,9.647716508058716,2.1368776229257787,0.08944144571843,0.08944144571843,0.0,0.5859186607594091,0.08944144571843,0,0.0,0,9.647716508058716,,,,,,,,,,,
8548,8/25/1990,4.703,7.463,8.000,3.792,3.792,3.6710000000000003,0.0,0,3.6710000000000003,0.08944144571843,13.31911465731812,0.0,0.08944144571843,1.5541444219359797,11.76497023538214,2.976378010540629,0.0,0.0,0.00039814925940304455,0.859889907307339,0.08904329645902696,0,0.0,0,11.76497023538214,,,,,,,,,,,
8549,8/26/1990,5.503,2.088,8.000,3.792,2.088,0.0,1.7039999999999997,0.0,0.0,0.08904329645902696,11.76497023538214,0.08904329645902696,0.0,1.2638159518145724,10.501154283567567,2.460877742240533,0.0,0.0,0.0,0.6898043590500837,0.0,0,0.0,0,10.501154283567567,,,,,,,,,,,
8550,8/27/1990,7.232,6.038,8.000,3.792,3.792,2.2460000000000004,0.0,0,2.1565585542815704,0.0,12.657712837849138,0.0,0.0,1.4276590717260622,11.230053766123076,2.7530061114874695,0.08944144571843,0.08944144571843,0.0,0.7855071290186073,0.08944144571843,0,0.0,0,11.230053766123076,,,,,,,,,,,
8551,8/28/1990,5.577,0.665,8.000,3.792,0.665,0.0,3.127,0.0,0.0,0.08944144571843,11.230053766123076,0.08944144571843,0.0,1.1695052362698832,10.060548529853193,2.2911675300332663,0.0,0.0,0.0,0.6350793683650129,0.0,0,0.0,0,10.060548529853193,,,,,,,,,,,
8552,8/29/1990,5.503,0.267,8.000,3.792,0.267,0.0,3.525,0.0,0.0,0.0,10.060548529853193,0.0,0.0,0.9736477814870309,9.086900748366162,1.934638046124165,0.0,0.0,0.0,0.5223841338799624,0.0,0,0.0,0,9.086900748366162,,,,,,,,,,,
8553,8/30/1990,4.633,0.132,8.000,3.792,0.132,0.0,3.6599999999999997,0.0,0.0,0.0,9.086900748366162,0.0,0.0,0.8217229542833407,8.26517779408282,1.653744827187309,0.0,0.0,0.0,0.43597900366531894,0.0,0,0.0,0,8.26517779408282,,,,,,,,,,,
8554,8/31/1990,4.355,0.551,8.000,3.792,0.551,0.0,3.2409999999999997,0.0,0.0,0.0,8.26517779408282,0.0,0.0,0.7016482478764422,7.563529546206378,1.42859413697462,0.0,0.0,0.0,0.36842178078986243,0.0,0,0.0,0,7.563529546206378,,,,,,,,,,,
8555,9/1/1990,3.123,0.268,9.000,4.609,0.268,0.0,4.341,0.0,0.0,0.0,7.563529546206378,0.0,0.0,0.6052107371164689,6.958318809089909,1.2454324767632932,0.0,0.0,0.0,0.31470760996126207,0.0,0,0.0,0,6.958318809089909,,,,,,,,,,,
8556,9/2/1990,3.002,0.067,9.000,4.609,0.067,0.0,4.542,0.0,0.0,0.0,6.958318809089909,0.0,0.0,0.5266712959154708,6.431647513174438,1.0944999297467402,0.0,0.0,0.0,0.2713739127213975,0.0,0,0.0,0,6.431647513174438,,,,,,,,,,,
8557,9/3/1990,2.883,0.051,9.000,4.609,0.051,0.0,4.558,0.0,0.0,0.0,6.431647513174438,0.0,0.0,0.4619229102748104,5.969724602899627,0.9687130499379691,0.0,0.0,0.0,0.23596592298442387,0.0,0,0.0,0,5.969724602899627,,,,,,,,,,,
8558,9/4/1990,2.765,0.306,9.000,4.609,0.306,0.0,4.303,0.0,0.0,0.0,5.969724602899627,0.0,0.0,0.4079650311154385,5.561759571784189,0.862829171286262,0.0,0.0,0.0,0.206705968792918,0.0,0,0.0,0,5.561759571784189,,,,,,,,,,,
8559,9/5/1990,2.765,1.949,9.000,4.609,1.949,0.0,2.66,0.0,0.0,0.0,5.561759571784189,0.0,0.0,0.36256521042307915,5.19919436136111,0.7729005715445062,0.0,0.0,0.0,0.1822824273714855,0.0,0,0.0,0,5.19919436136111,,,,,,,,,,,
8560,9/6/1990,2.649,0.214,9.000,4.609,0.214,0.0,4.395,0.0,0.0,0.0,5.19919436136111,0.0,0.0,0.3240354556448822,4.875158905716228,0.695908802537322,0.0,0.0,0.0,0.16171137375059685,0.0,0,0.0,0,4.875158905716228,,,,,,,,,,,
8561,9/7/1990,2.649,0.112,9.000,4.609,0.112,0.0,4.497,0.0,0.0,0.0,4.875158905716228,0.0,0.0,0.29108091946036774,4.584077986255861,0.6295141760824592,0.0,0.0,0.0,0.14424370415363597,0.0,0,0.0,0,4.584077986255861,,,,,,,,,,,
8562,9/8/1990,2.592,0.024,9.000,4.609,0.024,0.0,4.585,0.0,0.0,0.0,4.584077986255861,0.0,0.0,0.2626953832386761,4.3213826030171845,0.5718806908567522,0.0,0.0,0.0,0.1293014561063729,0.0,0,0.0,0,4.3213826030171845,,,,,,,,,,,
8563,9/9/1990,2.535,0.000,9.000,4.609,0.0,0.0,4.609,0.0,0.0,0.0,4.3213826030171845,0.0,0.0,0.23808770932608575,4.083294893691098,0.5215514801059353,0.0,0.0,0.0,0.1164333131464065,0.0,0,0.0,0,4.083294893691098,,,,,,,,,,,
8564,9/10/1990,2.479,0.089,9.000,4.609,0.089,0.0,4.52,0.0,0.0,0.0,4.083294893691098,0.0,0.0,0.21662921232361698,3.8666656813674813,0.4773587652714514,0.0,0.0,0.0,0.10528297985126321,0.0,0,0.0,0,3.8666656813674813,,,,,,,,,,,
8565,9/11/1990,2.368,0.102,9.000,4.609,0.102,0.0,4.507,0.0,0.0,0.0,3.8666656813674813,0.0,0.0,0.1978154238785842,3.6688502574888973,0.4383578002698573,0.0,0.0,0.0,0.09556635444511206,0.0,0,0.0,0,3.6688502574888973,,,,,,,,,,,
8566,9/12/1990,2.258,0.009,9.000,4.609,0.009,0.0,4.6,0.0,0.0,0.0,3.6688502574888973,0.0,0.0,0.18123792816804604,3.4876123293208514,0.40377776700533635,0.0,0.0,0.0,0.087054818140564,0.0,0,0.0,0,3.4876123293208514,,,,,,,,,,,
8567,9/13/1990,2.204,0.453,9.000,4.609,0.453,0.0,4.156,0.0,0.0,0.0,3.4876123293208514,0.0,0.0,0.1665633518208203,3.321048977500031,0.3729848258451757,0.0,0.0,0.0,0.07956284371534765,0.0,0,0.0,0,3.321048977500031,,,,,,,,,,,
8568,9/14/1990,2.151,0.424,9.000,4.609,0.424,0.0,4.185,0.0,0.0,0.0,3.321048977500031,0.0,0.0,0.1535175079815721,3.1675314695184587,0.34545400017780176,0.0,0.0,0.0,0.07293869763872897,0.0,0,0.0,0,3.1675314695184587,,,,,,,,,,,
8569,9/15/1990,2.098,0.000,9.000,4.609,0.0,0.0,4.609,0.0,0.0,0.0,3.1675314695184587,0.0,0.0,0.1418733014493922,3.0256581680690666,0.3207475615735824,0.0,0.0,0.0,0.06705738697549785,0.0,0,0.0,0,3.0256581680690666,,,,,,,,,,,
8570,9/16/1990,2.098,0.011,9.000,4.609,0.011,0.0,4.598,0.0,0.0,0.0,3.0256581680690666,0.0,0.0,0.1314414110378468,2.89421675703122,0.29849825349161235,0.0,0.0,0.0,0.061815254897258205,0.0,0,0.0,0,2.89421675703122,,,,,,,,,,,
8571,9/17/1990,2.098,0.130,9.000,4.609,0.13,0.0,4.479,0.0,0.0,0.0,2.89421675703122,0.0,0.0,0.12206304527065516,2.772153711760565,0.2783961547829683,0.0,0.0,0.0,0.05712580052927816,0.0,0,0.0,0,2.772153711760565,,,,,,,,,,,
8572,9/18/1990,2.151,0.119,9.000,4.609,0.119,0.0,4.49,0.0,0.0,0.0,2.772153711760565,0.0,0.0,0.11360426175992437,2.6585494500006406,0.2601783083040832,0.0,0.0,0.0,0.05291641750463689,0.0,0,0.0,0,2.6585494500006406,,,,,,,,,,,
8573,9/19/1990,2.204,0.820,9.000,4.609,0.82,0.0,3.789,0.0,0.0,0.0,2.6585494500006406,0.0,0.0,0.10595147712092426,2.5525979728797163,0.24362046948913751,0.0,0.0,0.0,0.049125828564254154,0.0,0,0.0,0,2.5525979728797163,,,,,,,,,,,
8574,9/20/1990,2.204,2.116,9.000,4.609,2.116,0.0,2.493,0.0,0.0,0.0,2.5525979728797163,0.0,0.0,0.09900789137539555,2.453590081504321,0.2285304942228609,0.0,0.0,0.0,0.04570205227073257,0.0,0,0.0,0,2.453590081504321,,,,,,,,,,,
8575,9/21/1990,2.098,2.011,9.000,4.609,2.011,0.0,2.598,0.0,0.0,0.0,2.453590081504321,0.0,0.0,0.09269062064026365,2.360899460864057,0.21474300452785144,0.0,0.0,0.0,0.042600779951211025,0.0,0,0.0,0,2.360899460864057,,,,,,,,,,,
8576,9/22/1990,2.098,0.855,9.000,4.609,0.855,0.0,3.754,0.0,0.0,0.0,2.360899460864057,0.0,0.0,0.08692838266892117,2.2739710781951357,0.2021150578040053,0.0,0.0,0.0,0.039784071409420974,0.0,0,0.0,0,2.2739710781951357,,,,,,,,,,,
8577,9/23/1990,2.151,1.842,9.000,4.609,1.842,0.0,2.767,0.0,0.0,0.0,2.2739710781951357,0.0,0.0,0.08165961708126576,2.19231146111387,0.19052260980971228,0.0,0.0,0.0,0.03721930018240587,0.0,0,0.0,0,2.19231146111387,,,,,,,,,,,
8578,9/24/1990,2.151,0.432,9.000,4.609,0.432,0.0,4.177,0.0,0.0,0.0,2.19231146111387,0.0,0.0,0.07683094973012491,2.115480511383745,0.1798576096290427,0.0,0.0,0.0,0.03487829551984947,0.0,0,0.0,0,2.115480511383745,,,,,,,,,,,
8579,9/25/1990,2.151,0.057,9.000,4.609,0.057,0.0,4.552,0.0,0.0,0.0,2.115480511383745,0.0,0.0,0.07239593128628957,2.0430845800974553,0.17002560100154138,0.0,0.0,0.0,0.03273664047049461,0.0,0,0.0,0,2.0430845800974553,,,,,,,,,,,
8580,9/26/1990,2.151,0.490,9.000,4.609,0.49,0.0,4.119,0.0,0.0,0.0,2.0430845800974553,0.0,0.0,0.06831399567157233,1.974770584425883,0.16094373177628968,0.0,0.0,0.0,0.030773094619634237,0.0,0,0.0,0,1.974770584425883,,,,,,,,,,,
8581,9/27/1990,2.151,1.110,9.000,4.609,1.11,0.0,3.4989999999999997,0.0,0.0,0.0,1.974770584425883,0.0,0.0,0.06454959577413291,1.91022098865175,0.15253909416375586,0.0,0.0,0.0,0.028969116948691316,0.0,0,0.0,0,1.91022098865175,,,,,,,,,,,
8582,9/28/1990,2.098,7.600,9.000,4.609,4.609,2.9909999999999997,0.0,0,2.9015585542815696,0.0,4.811779542933319,0.0,0.0,0.2848013085223348,4.526978234410985,0.616801079121252,0.08944144571843,0.08944144571843,0.0,0.14092948434837335,0.08944144571843,0,0.0,0,4.526978234410985,,,,,,,,,,,
8583,9/29/1990,1.993,4.403,9.000,4.609,4.403,0.0,0.2060000000000004,0.0,0.0,0.08944144571843,4.527297925907533,0.017624987543798532,0.07181645817463148,0.257294736977088,4.270003188930445,0.5608652478661927,0.0,0.0,0.00031969149654842096,0.12647021500761935,0.07149676667808305,0,0.0,0,4.270003188930445,,,,,,,,,,,
8584,9/30/1990,1.941,2.281,9.000,4.609,2.281,0.0,2.328,0.0,0.0,0.07149676667808305,4.270003188930445,0.07149676667808305,0.0,0.23338849503258902,4.036614693897856,0.5118988701487404,0.0,0.0,0.0,0.1139856166429887,0.0,0,0.0,0,4.036614693897856,,,,,,,,,,,
8585,10/1/1990,1.851,6.216,10.000,5.054,5.054,1.162,0.0,0,1.0725585542824991,0.0,5.109173248180355,0.0,0.0,0.31473871002186316,4.794434538158492,0.6772314370386626,0.08944144571750086,0.08944144571750086,0.0,0.15677121363952973,0.08944144571750086,0,0.0,0,4.794434538158492,,,,,,,,,,,
8586,10/2/1990,1.830,4.855,10.000,5.054,4.855,0.0,0.19899999999999984,0.0,0.0,0.08944144571750086,4.794756895695523,0.017026080199908096,0.07241536551759276,0.28312405207891733,4.5116328436166055,0.6134019984061203,0.0,0.0,0.00032235753703038897,0.14004507986250633,0.07209300798056237,0,0.0,0,4.5116328436166055,,,,,,,,,,,
8587,10/3/1990,1.698,4.235,10.000,5.054,4.235,0.0,0.819,0.0,0.0,0.07209300798056237,4.5117001812716415,0.056966074863202994,0.015126933117359374,0.25581901973305116,4.25588116153859,0.557852396535843,0.0,0.0,6.733765503608121e-05,0.12569725985582775,0.015059595462323293,0,0.0,0,4.25588116153859,,,,,,,,,,,
8588,10/4/1990,1.365,0.370,10.000,5.054,0.37,0.0,4.684,0.0,0.0,0.015059595462323293,4.25588116153859,0.015059595462323293,0.0,0.23210345153765644,4.0237777100009335,0.5092568666685765,0.0,0.0,0.0,0.11331683319206683,0.0,0,0.0,0,4.0237777100009335,,,,,,,,,,,
8589,10/5/1990,1.599,1.573,10.000,5.054,1.573,0.0,3.4810000000000003,0.0,0.0,0.0,4.0237777100009335,0.0,0.0,0.21139225850217438,3.812385451498759,0.4665274129236739,0.0,0.0,0.0,0.10257249116306226,0.0,0,0.0,0,3.812385451498759,,,,,,,,,,,
8590,10/6/1990,1.394,0.488,10.000,5.054,0.488,0.0,4.566000000000001,0.0,0.0,0.0,3.812385451498759,0.0,0.0,0.19320889521402487,3.6191765562847342,0.4287697058825484,0.0,0.0,0.0,0.09319629500304429,0.0,0,0.0,0,3.6191765562847342,,,,,,,,,,,
8591,10/7/1990,1.457,0.831,10.000,5.054,0.831,0.0,4.223000000000001,0.0,0.0,0.0,3.6191765562847342,0.0,0.0,0.1771666859157565,3.442009870368978,0.3952525022605319,0.0,0.0,0.0,0.08497213497469568,0.0,0,0.0,0,3.442009870368978,,,,,,,,,,,
8592,10/8/1990,1.330,0.027,10.000,5.054,0.027,0.0,5.027,0.0,0.0,0.0,3.442009870368978,0.0,0.0,0.16294934916990308,3.279060521199075,0.36537331815308094,0.0,0.0,0.0,0.07772426191475704,0.0,0,0.0,0,3.279060521199075,,,,,,,,,,,
8593,10/9/1990,1.359,0.115,10.000,5.054,0.115,0.0,4.939,0.0,0.0,0.0,3.279060521199075,0.0,0.0,0.15029625711687042,3.1287642640822044,0.33863223567088796,0.0,0.0,0.0,0.07130865622050417,0.0,0,0.0,0,3.1287642640822044,,,,,,,,,,,
8594,10/10/1990,1.373,0.514,10.000,5.054,0.514,0.0,4.54,0.0,0.0,0.0,3.1287642640822044,0.0,0.0,0.13899116085793642,2.989773103224268,0.31461171331704696,0.0,0.0,0.0,0.06560646255957156,0.0,0,0.0,0,2.989773103224268,,,,,,,,,,,
8595,10/11/1990,1.364,0.638,10.000,5.054,0.638,0.0,4.416,0.0,0.0,0.0,2.989773103224268,0.0,0.0,0.12885348293816992,2.860919620286098,0.29296087803054754,0.0,0.0,0.0,0.06051894630942546,0.0,0,0.0,0,2.860919620286098,,,,,,,,,,,
8596,10/12/1990,1.395,1.242,10.000,5.054,1.242,0.0,3.8120000000000003,0.0,0.0,0.0,2.860919620286098,0.0,0.0,0.11973153162643625,2.7411880886596616,0.27338319762311547,0.0,0.0,0.0,0.05596358330088502,0.0,0,0.0,0,2.7411880886596616,,,,,,,,,,,
8597,10/13/1990,1.290,0.188,10.000,5.054,0.188,0.0,4.8660000000000005,0.0,0.0,0.0,2.7411880886596616,0.0,0.0,0.111497168337047,2.6296909203226146,0.25562672768096306,0.0,0.0,0.0,0.051871002196940665,0.0,0,0.0,0,2.6296909203226146,,,,,,,,,,,
8598,10/14/1990,1.398,0.503,10.000,5.054,0.503,0.0,4.551,0.0,0.0,0.0,2.6296909203226146,0.0,0.0,0.10404158409335054,2.525649336229264,0.23947633686451883,0.0,0.0,0.0,0.04818257444265017,0.0,0,0.0,0,2.525649336229264,,,,,,,,,,,
8599,10/15/1990,1.353,0.170,10.000,5.054,0.17,0.0,4.884,0.0,0.0,0.0,2.525649336229264,0.0,0.0,0.09727192980152116,2.428377406427743,0.22474746538001592,0.0,0.0,0.0,0.044848500405508876,0.0,0,0.0,0,2.428377406427743,,,,,,,,,,,
8600,10/16/1990,1.341,0.049,10.000,5.054,0.049,0.0,5.005,0.0,0.0,0.0,2.428377406427743,0.0,0.0,0.09110860921017586,2.337268797217567,0.2112810809825509,0.0,0.0,0.0,0.041826278871660835,0.0,0,0.0,0,2.337268797217567,,,,,,,,,,,
8601,10/17/1990,1.361,0.220,10.000,5.054,0.22,0.0,4.8340000000000005,0.0,0.0,0.0,2.337268797217567,0.0,0.0,0.08548309015569602,2.2517857070618708,0.19893957728541978,0.0,0.0,0.0,0.039079475030334675,0.0,0,0.0,0,2.2517857070618708,,,,,,,,,,,
8602,10/18/1990,1.363,0.345,10.000,5.054,0.345,0.0,4.7090000000000005,0.0,0.0,0.0,2.2517857070618708,0.0,0.0,0.08033612407807383,2.1714495829837968,0.18760341871670216,0.0,0.0,0.0,0.03657672256973515,0.0,0,0.0,0,2.1714495829837968,,,,,,,,,,,
8603,10/19/1990,1.446,1.151,10.000,5.054,1.151,0.0,3.9030000000000005,0.0,0.0,0.0,2.1714495829837968,0.0,0.0,0.07561628932686791,2.095833293656929,0.17716838097762483,0.0,0.0,0.0,0.0342909106593843,0.0,0,0.0,0,2.095833293656929,,,,,,,,,,,
8604,10/20/1990,1.541,2.639,10.000,5.054,2.639,0.0,2.4150000000000005,0.0,0.0,0.0,2.095833293656929,0.0,0.0,0.07127879290186293,2.024554500755066,0.16754326939944303,0.0,0.0,0.0,0.03219851789503408,0.0,0,0.0,0,2.024554500755066,,,,,,,,,,,
8605,10/21/1990,1.428,1.887,10.000,5.054,1.887,0.0,3.1670000000000003,0.0,0.0,0.0,2.024554500755066,0.0,0.0,0.06728447971301031,1.9572700210420557,0.1586480230693398,0.0,0.0,0.0,0.030279063780377577,0.0,0,0.0,0,1.9572700210420557,,,,,,,,,,,
8606,10/22/1990,1.521,2.598,10.000,5.054,2.598,0.0,2.4560000000000004,0.0,0.0,0.0,1.9572700210420557,0.0,0.0,0.06359900943006909,1.8936710116119866,0.15041213208570073,0.0,0.0,0.0,0.028514654759524558,0.0,0,0.0,0,1.8936710116119866,,,,,,,,,,,
8607,10/23/1990,1.272,0.252,10.000,5.054,0.252,0.0,4.8020000000000005,0.0,0.0,0.0,1.8936710116119866,0.0,0.0,0.06019216941066534,1.8334788422013213,0.14277331031954318,0.0,0.0,0.0,0.0268896067298537,0.0,0,0.0,0,1.8334788422013213,,,,,,,,,,,
8608,10/24/1990,1.349,0.000,10.000,5.054,0.0,0.0,5.054,0.0,0.0,0.0,1.8334788422013213,0.0,0.0,0.05703729869044415,1.7764415435108771,0.1356763777057074,0.0,0.0,0.0,0.025390129743130693,0.0,0,0.0,0,1.7764415435108771,,,,,,,,,,,
8609,10/25/1990,1.359,0.175,10.000,5.054,0.175,0.0,4.8790000000000004,0.0,0.0,0.0,1.7764415435108771,0.0,0.0,0.05411080306256035,1.7223307404483168,0.12907231517788295,0.0,0.0,0.0,0.024004063525958453,0.0,0,0.0,0,1.7223307404483168,,,,,,,,,,,
8610,10/26/1990,1.420,0.970,10.000,5.054,0.97,0.0,4.0840000000000005,0.0,0.0,0.0,1.7223307404483168,0.0,0.0,0.051391745214433245,1.6709389952338836,0.1229174624993803,0.0,0.0,0.0,0.022720654726370207,0.0,0,0.0,0,1.6709389952338836,,,,,,,,,,,
8611,10/27/1990,1.427,1.485,10.000,5.054,1.485,0.0,3.569,0.0,0.0,0.0,1.6709389952338836,0.0,0.0,0.04886149698672241,1.622077498247161,0.11717283487823892,0.0,0.0,0.0,0.02153036857562465,0.0,0,0.0,0,1.622077498247161,,,,,,,,,,,
8612,10/28/1990,1.308,0.381,10.000,5.054,0.381,0.0,4.673,0.0,0.0,0.0,1.622077498247161,0.0,0.0,0.046503443267091285,1.5755740549800699,0.11180353873075556,0.0,0.0,0.0,0.020424729057942084,0.0,0,0.0,0,1.5755740549800699,,,,,,,,,,,
8613,10/29/1990,1.327,0.037,10.000,5.054,0.037,0.0,5.017,0.0,0.0,0.0,1.5755740549800699,0.0,0.0,0.04430272897600891,1.531271326004061,0.10677827052950252,0.0,0.0,0.0,0.019396182792421075,0.0,0,0.0,0,1.531271326004061,,,,,,,,,,,
8614,10/30/1990,1.384,0.672,10.000,5.054,0.672,0.0,4.382000000000001,0.0,0.0,0.0,1.531271326004061,0.0,0.0,0.04224604215480836,1.4890252838492526,0.10206888553694089,0.0,0.0,0.0,0.0184379827160599,0.0,0,0.0,0,1.4890252838492526,,,,,,,,,,,
8615,10/31/1990,1.316,0.246,10.000,5.054,0.246,0.0,4.808,0.0,0.0,0.0,1.4890252838492526,0.0,0.0,0.04032142741241424,1.4487038564368384,0.09765002553464462,0.0,0.0,0.0,0.017544088364436602,0.0,0,0.0,0,1.4487038564368384,,,,,,,,,,,
8616,11/1/1990,1.330,0.331,11.000,5.054,0.331,0.0,4.723,0.0,0.0,0.0,1.4487038564368384,0.0,0.0,0.03851812499183157,1.4101857314450068,0.0934987965273379,0.0,0.0,0.0,0.016709080115284318,0.0,0,0.0,0,1.4101857314450068,,,,,,,,,,,
8617,11/2/1990,1.394,1.117,11.000,5.054,1.117,0.0,3.9370000000000003,0.0,0.0,0.0,1.4101857314450068,0.0,0.0,0.03682643153107573,1.373359299913931,0.08959448892074365,0.0,0.0,0.0,0.015928085219286608,0.0,0,0.0,0,1.373359299913931,,,,,,,,,,,
8618,11/3/1990,1.262,0.006,11.000,5.054,0.006,0.0,5.048,0.0,0.0,0.0,1.373359299913931,0.0,0.0,0.035237579254883786,1.3381217206590472,0.08591833391311185,0.0,0.0,0.0,0.015196713814638756,0.0,0,0.0,0,1.3381217206590472,,,,,,,,,,,
8619,11/4/1990,1.272,0.000,11.000,5.054,0.0,0.0,5.054,0.0,0.0,0.0,1.3381217206590472,0.0,0.0,0.03374363087386145,1.3043780897851858,0.08245329085749037,0.0,0.0,0.0,0.014511003424969839,0.0,0,0.0,0,1.3043780897851858,,,,,,,,,,,
8620,11/5/1990,1.261,0.005,11.000,5.054,0.005,0.0,5.049,0.0,0.0,0.0,1.3043780897851858,0.0,0.0,0.03233738791068284,1.272040701874503,0.0791838611888489,0.0,0.0,0.0,0.013867370687937489,0.0,0,0.0,0,1.272040701874503,,,,,,,,,,,
8621,11/6/1990,1.282,0.384,11.000,5.054,0.384,0.0,4.67,0.0,0.0,0.0,1.272040701874503,0.0,0.0,0.031012310537488784,1.2410283913370141,0.07609592520151996,0.0,0.0,0.0,0.013262569265074745,0.0,0,0.0,0,1.2410283913370141,,,,,,,,,,,
8622,11/7/1990,1.274,0.495,11.000,5.054,0.495,0.0,4.559,0.0,0.0,0.0,1.2410283913370141,0.0,0.0,0.029762447309706706,1.2112659440273075,0.07317659853547154,0.0,0.0,0.0,0.0126936530508784,0.0,0,0.0,0,1.2112659440273075,,,,,,,,,,,
8623,11/8/1990,1.238,0.128,11.000,5.054,0.128,0.0,4.926,0.0,0.0,0.0,1.2112659440273075,0.0,0.0,0.028582373431058426,1.182683570596249,0.07041410570654662,0.0,0.0,0.0,0.012157943937497966,0.0,0,0.0,0,1.182683570596249,,,,,,,,,,,
8624,11/9/1990,1.243,0.000,11.000,5.054,0.0,0.0,5.054,0.0,0.0,0.0,1.182683570596249,0.0,0.0,0.0274671363920529,1.1552164342041962,0.06779766841353037,0.0,0.0,0.0,0.011653003506143202,0.0,0,0.0,0,1.1552164342041962,,,,,,,,,,,
8625,11/10/1990,1.249,0.005,11.000,5.054,0.005,0.0,5.049,0.0,0.0,0.0,1.1552164342041962,0.0,0.0,0.026412207997414686,1.1288042262067814,0.06531740668785502,0.0,0.0,0.0,0.011176608111820346,0.0,0,0.0,0,1.1288042262067814,,,,,,,,,,,
8626,11/11/1990,1.248,0.000,11.000,5.054,0.0,0.0,5.054,0.0,0.0,0.0,1.1288042262067814,0.0,0.0,0.025413441942825275,1.103390784263956,0.06296425123132827,0.0,0.0,0.0,0.010726726907720733,0.0,0,0.0,0,1.103390784263956,,,,,,,,,,,
8627,11/12/1990,1.259,0.243,11.000,5.054,0.243,0.0,4.811,0.0,0.0,0.0,1.103390784263956,0.0,0.0,0.024467036223023125,1.078923748040933,0.06072986552272988,0.0,0.0,0.0,0.010301502422332548,0.0,0,0.0,0,1.078923748040933,,,,,,,,,,,
8628,11/13/1990,1.278,0.478,11.000,5.054,0.478,0.0,4.5760000000000005,0.0,0.0,0.0,1.078923748040933,0.0,0.0,0.023569499755752375,1.0553542482851808,0.05860657647299101,0.0,0.0,0.0,0.009899233358403153,0.0,0,0.0,0,1.0553542482851808,,,,,,,,,,,
8629,11/14/1990,1.228,0.004,11.000,5.054,0.004,0.0,5.050000000000001,0.0,0.0,0.0,1.0553542482851808,0.0,0.0,0.02271762269255071,1.03263662559263,0.056587312577102235,0.0,0.0,0.0,0.009518359330092466,0.0,0,0.0,0,1.03263662559263,,,,,,,,,,,
8630,11/15/1990,1.256,0.212,11.000,5.054,0.212,0.0,4.8420000000000005,0.0,0.0,0.0,1.03263662559263,0.0,0.0,0.02190844996060736,1.0107281756320228,0.05466554865393318,0.0,0.0,0.0,0.009157447294534323,0.0,0,0.0,0,1.0107281756320228,,,,,,,,,,,
8631,11/16/1990,1.306,0.897,11.000,5.054,0.897,0.0,4.157,0.0,0.0,0.0,1.0107281756320228,0.0,0.0,0.02113925764209807,0.9895889179899247,0.05283525638693002,0.0,0.0,0.0,0.008815179467792134,0.0,0,0.0,0,0.9895889179899247,,,,,,,,,,,
8632,11/17/1990,1.201,0.000,11.000,5.054,0.0,0.0,5.054,0.0,0.0,0.0,0.9895889179899247,0.0,0.0,0.020407531850324047,0.9691813861396006,0.05109085998260673,0.0,0.0,0.0,0.008490342543868414,0.0,0,0.0,0,0.9691813861396006,,,,,,,,,,,
8633,11/18/1990,1.255,0.197,11.000,5.054,0.197,0.0,4.857,0.0,0.0,0.0,0.9691813861396006,0.0,0.0,0.01971094980713551,0.9494704363324651,0.04942719635269048,0.0,0.0,0.0,0.008181818059834815,0.0,0,0.0,0,0.9494704363324651,,,,,,,,,,,
8634,11/19/1990,1.344,1.329,11.000,5.054,1.329,0.0,3.7250000000000005,0.0,0.0,0.0,0.9494704363324651,0.0,0.0,0.019047362864740375,0.9304230734677247,0.04783947930206368,0.0,0.0,0.0,0.00788857377097592,0.0,0,0.0,0,0.9304230734677247,,,,,,,,,,,
8635,11/20/1990,1.265,0.965,11.000,5.054,0.965,0.0,4.089,0.0,0.0,0.0,0.9304230734677247,0.0,0.0,0.01841478124810809,0.9120082922196165,0.04632326727022001,0.0,0.0,0.0,0.007609655917653906,0.0,0,0.0,0,0.9120082922196165,,,,,,,,,,,
8636,11/21/1990,1.205,0.086,11.000,5.054,0.086,0.0,4.968,0.0,0.0,0.0,0.9120082922196165,0.0,0.0,0.01781136032262776,0.8941969318969888,0.044874434230446,0.0,0.0,0.0,0.007344182280872813,0.0,0,0.0,0,0.8941969318969888,,,,,,,,,,,
8637,11/22/1990,1.255,0.238,11.000,5.054,0.238,0.0,4.816000000000001,0.0,0.0,0.0,0.8941969318969888,0.0,0.0,0.017235388216178805,0.87696154368081,0.04348914339971543,0.0,0.0,0.0,0.007091335936643042,0.0,0,0.0,0,0.87696154368081,,,,,,,,,,,
8638,11/23/1990,1.249,0.246,11.000,5.054,0.246,0.0,4.808,0.0,0.0,0.0,0.87696154368081,0.0,0.0,0.01668527464591496,0.8602762690348951,0.042163823454485015,0.0,0.0,0.0,0.006850359630545608,0.0,0,0.0,0,0.8602762690348951,,,,,,,,,,,
8639,11/24/1990,1.245,0.205,11.000,5.054,0.205,0.0,4.849,0.0,0.0,0.0,0.8602762690348951,0.0,0.0,0.016159540818346006,0.844116728216549,0.04089514698416555,0.0,0.0,0.0,0.006620550703645582,0.0,0,0.0,0,0.844116728216549,,,,,,,,,,,
8640,11/25/1990,1.234,0.053,11.000,5.054,0.053,0.0,5.001,0.0,0.0,0.0,0.844116728216549,0.0,0.0,0.01565681028714526,0.8284599179294038,0.039680010945823366,0.0,0.0,0.0,0.0064012565093346475,0.0,0,0.0,0,0.8284599179294038,,,,,,,,,,,
8641,11/26/1990,1.263,0.523,11.000,5.054,0.523,0.0,4.531000000000001,0.0,0.0,0.0,0.8284599179294038,0.0,0.0,0.01517580066686668,0.8132841172625371,0.038515518911327394,0.0,0.0,0.0,0.006191870267986716,0.0,0,0.0,0,0.8132841172625371,,,,,,,,,,,
8642,11/27/1990,1.201,0.024,11.000,5.054,0.024,0.0,5.03,0.0,0.0,0.0,0.8132841172625371,0.0,0.0,0.014715316112721732,0.7985688011498154,0.03739896492227486,0.0,0.0,0.0,0.005991827312651166,0.0,0,0.0,0,0.7985688011498154,,,,,,,,,,,
8643,11/28/1990,1.228,0.003,11.000,5.054,0.003,0.0,5.051,0.0,0.0,0.0,0.7985688011498154,0.0,0.0,0.014274240486994855,0.7842945606628206,0.036327818789097875,0.0,0.0,0.0,0.005800601684522563,0.0,0,0.0,0,0.7842945606628206,,,,,,,,,,,
8644,11/29/1990,1.229,0.000,11.000,5.054,0.0,0.0,5.054,0.0,0.0,0.0,0.7842945606628206,0.0,0.0,0.013851531141781701,0.7704430295210388,0.035299712689189446,0.0,0.0,0.0,0.005617703041730578,0.0,0,0.0,0,0.7704430295210388,,,,,,,,,,,
8645,11/30/1990,1.230,0.012,11.000,5.054,0.012,0.0,5.042000000000001,0.0,0.0,0.0,0.7704430295210388,0.0,0.0,0.013446213255698069,0.7569968162653408,0.0343124289350499,0.0,0.0,0.0,0.005442673849187722,0.0,0,0.0,0,0.7569968162653408,,,,,,,,,,,
8646,12/1/1990,1.238,0.104,12.000,5.337,0.104,0.0,5.233,0.0,0.0,0.0,0.7569968162653408,0.0,0.0,0.013057374669184756,0.743939441596156,0.033363888797645604,0.0,0.0,0.0,0.005275086820899632,0.0,0,0.0,0,0.743939441596156,,,,,,,,,,,
8647,12/2/1990,1.242,0.209,12.000,5.337,0.209,0.0,5.128,0.0,0.0,0.0,0.743939441596156,0.0,0.0,0.012684161169156934,0.731255280426999,0.03245214228265381,0.0,0.0,0.0,0.005114542589354613,0.0,0,0.0,0,0.731255280426999,,,,,,,,,,,
8648,12/3/1990,1.244,0.374,12.000,5.337,0.374,0.0,4.963,0.0,0.0,0.0,0.731255280426999,0.0,0.0,0.012325772179129188,0.7189295082478698,0.031575358768262236,0.0,0.0,0.0,0.004960667579427047,0.0,0,0.0,0,0.7189295082478698,,,,,,,,,,,
8649,12/4/1990,1.310,1.133,12.000,5.337,1.133,0.0,4.204,0.0,0.0,0.0,0.7189295082478698,0.0,0.0,0.011981456815686388,0.7069480514321834,0.03073181842289302,0.0,0.0,0.0,0.004813112066705496,0.0,0,0.0,0,0.7069480514321834,,,,,,,,,,,
8650,12/5/1990,1.210,0.325,12.000,5.337,0.325,0.0,5.012,0.0,0.0,0.0,0.7069480514321834,0.0,0.0,0.011650510276349418,0.695297541155834,0.0299199043297931,0.0,0.0,0.0,0.004671548402335692,0.0,0,0.0,0,0.695297541155834,,,,,,,,,,,
8651,12/6/1990,1.218,0.125,12.000,5.337,0.125,0.0,5.212,0.0,0.0,0.0,0.695297541155834,0.0,0.0,0.011332270527575227,0.6839652706282587,0.029138095253018068,0.0,0.0,0.0,0.004535669388389711,0.0,0,0.0,0,0.6839652706282587,,,,,,,,,,,
8652,12/7/1990,1.216,0.000,12.000,5.337,0.0,0.0,5.337,0.0,0.0,0.0,0.6839652706282587,0.0,0.0,0.011026115264894663,0.6729391553633641,0.028384958986059812,0.0,0.0,0.0,0.004405186789468466,0.0,0,0.0,0,0.6729391553633641,,,,,,,,,,,
8653,12/8/1990,1.223,0.025,12.000,5.337,0.025,0.0,5.311999999999999,0.0,0.0,0.0,0.6729391553633641,0.0,0.0,0.010731459120082533,0.6622076962432816,0.027659146230333914,0.0,0.0,0.0,0.004279829967744074,0.0,0,0.0,0,0.6622076962432816,,,,,,,,,,,
8654,12/9/1990,1.228,0.000,12.000,5.337,0.0,0.0,5.337,0.0,0.0,0.0,0.6622076962432816,0.0,0.0,0.010447751092818456,0.6517599451504631,0.026959384956045142,0.0,0.0,0.0,0.004159344629976022,0.0,0,0.0,0,0.6517599451504631,,,,,,,,,,,
8655,12/10/1990,1.238,0.000,12.000,5.337,0.0,0.0,5.337,0.0,0.0,0.0,0.6517599451504631,0.0,0.0,0.010174472186574572,0.6415854729638886,0.026284475202667263,0.0,0.0,0.0,0.004043491676212006,0.0,0,0.0,0,0.6415854729638886,,,,,,,,,,,
8656,12/11/1990,1.239,0.003,12.000,5.337,0.003,0.0,5.334,0.0,0.0,0.0,0.6415854729638886,0.0,0.0,0.00991113323049164,0.6316743397333969,0.02563328428047804,0.0,0.0,0.0,0.003932046140929122,0.0,0,0.0,0,0.6316743397333969,,,,,,,,,,,
8657,12/12/1990,1.238,0.002,12.000,5.337,0.002,0.0,5.335,0.0,0.0,0.0,0.6316743397333969,0.0,0.0,0.009657272870808848,0.6220170668625881,0.02500474233834094,0.0,0.0,0.0,0.0038247962182999472,0.0,0,0.0,0,0.6220170668625881,,,,,,,,,,,
8658,12/13/1990,1.221,0.000,12.000,5.337,0.0,0.0,5.337,0.0,0.0,0.0,0.6220170668625881,0.0,0.0,0.009412455717021198,0.6126046111455669,0.024397838266276506,0.0,0.0,0.0,0.003721542364094901,0.0,0,0.0,0,0.6126046111455669,,,,,,,,,,,
8659,12/14/1990,1.213,0.000,12.000,5.337,0.0,0.0,5.337,0.0,0.0,0.0,0.6126046111455669,0.0,0.0,0.009176270629374192,0.6034283405161927,0.02381161590436306,0.0,0.0,0.0,0.003622096467469115,0.0,0,0.0,0,0.6034283405161927,,,,,,,,,,,
8660,12/15/1990,1.218,0.063,12.000,5.337,0.063,0.0,5.274,0.0,0.0,0.0,0.6034283405161927,0.0,0.0,0.00894832913558938,0.5944800113806032,0.023245170532190808,0.0,0.0,0.0,0.003526281086539725,0.0,0,0.0,0,0.5944800113806032,,,,,,,,,,,
8661,12/16/1990,1.216,0.068,12.000,5.337,0.068,0.0,5.269,0.0,0.0,0.0,0.5944800113806032,0.0,0.0,0.0087282639658631,0.5857517474147401,0.022697645615499612,0.0,0.0,0.0,0.0034339287422470288,0.0,0,0.0,0,0.5857517474147401,,,,,,,,,,,
8662,12/17/1990,1.215,0.054,12.000,5.337,0.054,0.0,5.2829999999999995,0.0,0.0,0.0,0.5857517474147401,0.0,0.0,0.008515727696210207,0.5772360197185299,0.02216822978879078,0.0,0.0,0.0,0.0033448812655185595,0.0,0,0.0,0,0.5772360197185299,,,,,,,,,,,
8663,12/18/1990,1.208,0.054,12.000,5.337,0.054,0.0,5.2829999999999995,0.0,0.0,0.0,0.5772360197185299,0.0,0.0,0.008310391491148048,0.5689256282273818,0.021656154054644102,0.0,0.0,0.0,0.0032589891932258575,0.0,0,0.0,0,0.5689256282273818,,,,,,,,,,,
8664,12/19/1990,1.292,1.119,12.000,5.337,1.119,0.0,4.218,0.0,0.0,0.0,0.5689256282273818,0.0,0.0,0.008111943937545305,0.5608136842898365,0.021160689182217574,0.0,0.0,0.0,0.0031761112088457893,0.0,0,0.0,0,0.5608136842898365,,,,,,,,,,,
8665,12/20/1990,1.156,0.005,12.000,5.337,0.005,0.0,5.332,0.0,0.0,0.0,0.5608136842898365,0.0,0.0,0.007920089962205936,0.5528935943276305,0.020681143288979683,0.0,0.0,0.0,0.0030961136241170863,0.0,0,0.0,0,0.5528935943276305,,,,,,,,,,,
8666,12/21/1990,1.200,0.010,12.000,5.337,0.01,0.0,5.327,0.0,0.0,0.0,0.5528935943276305,0.0,0.0,0.007734549826429595,0.5451590445012009,0.02021685959114184,0.0,0.0,0.0,0.0030188698983232435,0.0,0,0.0,0,0.5451590445012009,,,,,,,,,,,
8667,12/22/1990,1.199,0.000,12.000,5.337,0.0,0.0,5.337,0.0,0.0,0.0,0.5451590445012009,0.0,0.0,0.007555058191394568,0.5376039863098063,0.019767214309537918,0.0,0.0,0.0,0.002944260192139144,0.0,0,0.0,0,0.5376039863098063,,,,,,,,,,,
8668,12/23/1990,1.216,0.189,12.000,5.337,0.189,0.0,5.148,0.0,0.0,0.0,0.5376039863098063,0.0,0.0,0.00738136324875464,0.5302226230610517,0.019331614718853637,0.0,0.0,0.0,0.002872170953254574,0.0,0,0.0,0,0.5302226230610517,,,,,,,,,,,
8669,12/24/1990,1.264,0.783,12.000,5.337,0.783,0.0,4.553999999999999,0.0,0.0,0.0,0.5302226230610517,0.0,0.0,0.007213225911333715,0.5230093971497181,0.01890949732915377,0.0,0.0,0.0,0.0028024945312363804,0.0,0,0.0,0,0.5230093971497181,,,,,,,,,,,
8670,12/25/1990,1.480,3.475,12.000,5.337,3.475,0.0,1.8619999999999997,0.0,0.0,0.0,0.5230093971497181,0.0,0.0,0.007050419059246967,0.5159589780904711,0.01850032618960104,0.0,0.0,0.0,0.0027351288193153698,0.0,0,0.0,0,0.5159589780904711,,,,,,,,,,,
8671,12/26/1990,1.445,4.190,12.000,5.337,4.19,0.0,1.1469999999999994,0.0,0.0,0.0,0.5159589780904711,0.0,0.0,0.006892726837179977,0.5090662512532911,0.01810359130511807,0.0,0.0,0.0,0.002669976920986676,0.0,0,0.0,0,0.5090662512532911,,,,,,,,,,,
8672,12/27/1990,1.098,0.263,12.000,5.337,0.263,0.0,5.074,0.0,0.0,0.0,0.5090662512532911,0.0,0.0,0.006739943998921694,0.5023263072543693,0.017718807157520604,0.0,0.0,0.0,0.002606946839495518,0.0,0,0.0,0,0.5023263072543693,,,,,,,,,,,
8673,12/28/1990,1.201,0.068,12.000,5.337,0.068,0.0,5.269,0.0,0.0,0.0,0.5023263072543693,0.0,0.0,0.006591875295577573,0.49573443195879174,0.017345511323356395,0.0,0.0,0.0,0.002545951188446087,0.0,0,0.0,0,0.49573443195879174,,,,,,,,,,,
8674,12/29/1990,1.205,0.016,12.000,5.337,0.016,0.0,5.321,0.0,0.0,0.0,0.49573443195879174,0.0,0.0,0.006448334904188937,0.4892860970546028,0.01698326318132487,0.0,0.0,0.0,0.00248690692192149,0.0,0,0.0,0,0.4892860970546028,,,,,,,,,,,
8675,12/30/1990,1.205,0.000,12.000,5.337,0.0,0.0,5.337,0.0,0.0,0.0,0.4892860970546028,0.0,0.0,0.006309145893756722,0.4829769511608461,0.016631642702735823,0.0,0.0,0.0,0.002429735082638845,0.0,0,0.0,0,0.4829769511608461,,,,,,,,,,,
8676,12/31/1990,1.229,0.265,12.000,5.337,0.265,0.0,5.072,0.0,0.0,0.0,0.4829769511608461,0.0,0.0,0.006174139725915211,0.4768028114349309,0.016290249318995986,0.0,0.0,0.0,0.0023743605667872238,0.0,0,0.0,0,0.4768028114349309,,,,,,,,,,,
8677,1/1/1991,1.222,0.393,1.000,5.134,0.393,0.0,4.7410000000000005,0.0,0.0,0.0,0.4768028114349309,0.0,0.0,0.006043155787726292,0.4707596556472046,0.015958700860595736,0.0,0.0,0.0,0.0023207119043083713,0.0,0,0.0,0,0.4707596556472046,,,,,,,,,,,
8678,1/2/1991,1.195,0.064,1.000,5.134,0.064,0.0,5.07,0.0,0.0,0.0,0.4707596556472046,0.0,0.0,0.005916040954269597,0.464843614692935,0.0156366325625087,0.0,0.0,0.0,0.0022687210534821874,0.0,0,0.0,0,0.464843614692935,,,,,,,,,,,
8679,1/3/1991,1.267,0.747,1.000,5.134,0.747,0.0,4.3870000000000005,0.0,0.0,0.0,0.464843614692935,0.0,0.0,0.0057926491788905885,0.4590509655140444,0.015323696131319306,0.0,0.0,0.0,0.0022183232087718,0.0,0,0.0,0,0.4590509655140444,,,,,,,,,,,
8680,1/4/1991,1.182,0.082,1.000,5.134,0.082,0.0,5.0520000000000005,0.0,0.0,0.0,0.4590509655140444,0.0,0.0,0.005672841109138787,0.4533781244049056,0.015019558869760379,0.0,0.0,0.0,0.002169456620967624,0.0,0,0.0,0,0.4533781244049056,,,,,,,,,,,
8681,1/5/1991,1.203,0.000,1.000,5.134,0.0,0.0,5.134,0.0,0.0,0.0,0.4533781244049056,0.0,0.0,0.005556483726583714,0.44782164067832186,0.014723902854678514,0.0,0.0,0.0,0.0021220624287468376,0.0,0,0.0,0,0.44782164067832186,,,,,,,,,,,
8682,1/6/1991,1.206,0.000,1.000,5.134,0.0,0.0,5.134,0.0,0.0,0.0,0.44782164067832186,0.0,0.0,0.0054434500088379875,0.44237819066948386,0.014436424164751847,0.0,0.0,0.0,0.002076084500835031,0.0,0,0.0,0,0.44237819066948386,,,,,,,,,,,
8683,1/7/1991,1.206,0.000,1.000,5.134,0.0,0.0,5.134,0.0,0.0,0.0,0.44237819066948386,0.0,0.0,0.005333618612246698,0.4370445720572372,0.01415683215456585,0.0,0.0,0.0,0.0020314692880209046,0.0,0,0.0,0,0.4370445720572372,,,,,,,,,,,
8684,1/8/1991,1.223,0.196,1.000,5.134,0.196,0.0,4.938000000000001,0.0,0.0,0.0,0.4370445720572372,0.0,0.0,0.0052268735738208675,0.43181769848341633,0.013884848771910062,0.0,0.0,0.0,0.0019881656843335513,0.0,0,0.0,0,0.43181769848341633,,,,,,,,,,,
8685,1/9/1991,1.200,0.021,1.000,5.134,0.021,0.0,5.113,0.0,0.0,0.0,0.43181769848341633,0.0,0.0,0.005123104031101361,0.42669459445231495,0.013620207915394564,0.0,0.0,0.0,0.0019461248967454204,0.0,0,0.0,0,0.42669459445231495,,,,,,,,,,,
8686,1/10/1991,1.205,0.000,1.000,5.134,0.0,0.0,5.134,0.0,0.0,0.0,0.42669459445231495,0.0,0.0,0.005022203958739206,0.42167239049357574,0.013362654829701606,0.0,0.0,0.0,0.0019053003228131163,0.0,0,0.0,0,0.42167239049357574,,,,,,,,,,,
8687,1/11/1991,1.220,0.162,1.000,5.134,0.162,0.0,4.972,0.0,0.0,0.0,0.42167239049357574,0.0,0.0,0.004924071920669452,0.4167483185729063,0.013111945535986146,0.0,0.0,0.0,0.0018656474357130665,0.0,0,0.0,0,0.4167483185729063,,,,,,,,,,,
8688,1/12/1991,1.201,0.022,1.000,5.134,0.022,0.0,5.112,0.0,0.0,0.0,0.4167483185729063,0.0,0.0,0.00482861083683945,0.41191970773606684,0.012867846295121959,0.0,0.0,0.0,0.0018271236761702454,0.0,0,0.0,0,0.41191970773606684,,,,,,,,,,,
8689,1/13/1991,1.207,0.021,1.000,5.134,0.021,0.0,5.113,0.0,0.0,0.0,0.41191970773606684,0.0,0.0,0.004735727763529323,0.4071839799725375,0.012630133101657514,0.0,0.0,0.0,0.0017896883508158644,0.0,0,0.0,0,0.4071839799725375,,,,,,,,,,,
8690,1/14/1991,1.209,0.044,1.000,5.134,0.044,0.0,5.090000000000001,0.0,0.0,0.0,0.4071839799725375,0.0,0.0,0.004645333686372941,0.4025386462861646,0.01239859120650026,0.0,0.0,0.0,0.0017533025365445445,0.0,0,0.0,0,0.4025386462861646,,,,,,,,,,,
8691,1/15/1991,1.205,0.008,1.000,5.134,0.008,0.0,5.126,0.0,0.0,0.0,0.4025386462861646,0.0,0.0,0.004557343325252754,0.39798130296091183,0.012173014666490126,0.0,0.0,0.0,0.0017179289904732957,0.0,0,0.0,0,0.39798130296091183,,,,,,,,,,,
8692,1/16/1991,1.206,0.004,1.000,5.134,0.004,0.0,5.130000000000001,0.0,0.0,0.0,0.39798130296091183,0.0,0.0,0.004471674950301484,0.39350962801061035,0.011953205919153876,0.0,0.0,0.0,0.001683532065133811,0.0,0,0.0,0,0.39350962801061035,,,,,,,,,,,
8693,1/17/1991,1.206,0.000,1.000,5.134,0.0,0.0,5.134,0.0,0.0,0.0,0.39350962801061035,0.0,0.0,0.004388250208298742,0.3891213778023116,0.011738975381052619,0.0,0.0,0.0,0.0016500776285564554,0.0,0,0.0,0,0.3891213778023116,,,,,,,,,,,
8694,1/18/1991,1.234,0.330,1.000,5.134,0.33,0.0,4.804,0.0,0.0,0.0,0.3891213778023116,0.0,0.0,0.004306993958801278,0.3848143838435103,0.011530141068246158,0.0,0.0,0.0,0.0016175329889290436,0.0,0,0.0,0,0.3848143838435103,,,,,,,,,,,
8695,1/19/1991,1.203,0.125,1.000,5.134,0.125,0.0,5.009,0.0,0.0,0.0,0.3848143838435103,0.0,0.0,0.004227834119392294,0.380586549724118,0.01132652823750044,0.0,0.0,0.0,0.0015858668235362362,0.0,0,0.0,0,0.380586549724118,,,,,,,,,,,
8696,1/20/1991,1.522,3.700,1.000,5.134,3.7,0.0,1.4340000000000002,0.0,0.0,0.0,0.380586549724118,0.0,0.0,0.004150701519478341,0.37643584820463966,0.011127969046959408,0.0,0.0,0.0,0.0015550491117063677,0.0,0,0.0,0,0.37643584820463966,,,,,,,,,,,
8697,1/21/1991,1.220,1.703,1.000,5.134,1.703,0.0,3.431,0.0,0.0,0.0,0.37643584820463966,0.0,0.0,0.004075529762102076,0.3723603184425376,0.010934302235090041,0.0,0.0,0.0,0.0015250510715118196,0.0,0,0.0,0,0.3723603184425376,,,,,,,,,,,
8698,1/22/1991,1.217,0.929,1.000,5.134,0.929,0.0,4.205,0.0,0.0,0.0,0.3723603184425376,0.0,0.0,0.004002255093275916,0.3683580633492617,0.010745372816790567,0.0,0.0,0.0,0.0014958450999868961,0.0,0,0.0,0,0.3683580633492617,,,,,,,,,,,
8699,1/23/1991,1.218,0.669,1.000,5.134,0.669,0.0,4.465,0.0,0.0,0.0,0.3683580633492617,0.0,0.0,0.003930816278375548,0.36442724707088614,0.01056103179562675,0.0,0.0,0.0,0.0014674047166436093,0.0,0,0.0,0,0.36442724707088614,,,,,,,,,,,
8700,1/24/1991,1.259,0.873,1.000,5.134,0.873,0.0,4.261,0.0,0.0,0.0,0.36442724707088614,0.0,0.0,0.0038611544851636396,0.3605660925857225,0.010381135891230572,0.0,0.0,0.0,0.0014397045100809603,0.0,0,0.0,0,0.3605660925857225,,,,,,,,,,,
8701,1/25/1991,1.207,0.352,1.000,5.134,0.352,0.0,4.782,0.0,0.0,0.0,0.3605660925857225,0.0,0.0,0.003793213173043173,0.3567728794126793,0.010205547280960004,0.0,0.0,0.0,0.0014127200874973732,0.0,0,0.0,0,0.3567728794126793,,,,,,,,,,,
8702,1/26/1991,1.263,0.760,1.000,5.134,0.76,0.0,4.3740000000000006,0.0,0.0,0.0,0.3567728794126793,0.0,0.0,0.0037269379881666527,0.3530459414245127,0.010034133354978061,0.0,0.0,0.0,0.0013864280269288995,0.0,0,0.0,0,0.3530459414245127,,,,,,,,,,,
8703,1/27/1991,1.201,0.317,1.000,5.134,0.317,0.0,4.817,0.0,0.0,0.0,0.3530459414245127,0.0,0.0,0.003662276664052394,0.3493836647604603,0.009866766483964654,0.0,0.0,0.0,0.0013608058320478335,0.0,0,0.0,0,0.3493836647604603,,,,,,,,,,,
8704,1/28/1991,1.251,0.694,1.000,5.134,0.694,0.0,4.44,0.0,0.0,0.0,0.3493836647604603,0.0,0.0,0.003599178927382156,0.34578448583307814,0.009703323798726012,0.0,0.0,0.0,0.0013358318893675072,0.0,0,0.0,0,0.34578448583307814,,,,,,,,,,,
8705,1/29/1991,1.181,0.044,1.000,5.134,0.044,0.0,5.090000000000001,0.0,0.0,0.0,0.34578448583307814,0.0,0.0,0.003537596408675781,0.34224688942440235,0.009543686981014089,0.0,0.0,0.0,0.0013114854277093172,0.0,0,0.0,0,0.34224688942440235,,,,,,,,,,,
8706,1/30/1991,1.212,0.090,1.000,5.134,0.09,0.0,5.0440000000000005,0.0,0.0,0.0,0.34224688942440235,0.0,0.0,0.0034774825575583732,0.338769406866844,0.00938774206491243,0.0,0.0,0.0,0.0012877464797975994,0.0,0,0.0,0,0.338769406866844,,,,,,,,,,,
8707,1/31/1991,1.213,0.206,1.000,5.134,0.206,0.0,4.928,0.0,0.0,0.0,0.338769406866844,0.0,0.0,0.0034187925623539836,0.33535061430449,0.009235379248186303,0.0,0.0,0.0,0.001264595845856813,0.0,0,0.0,0,0.33535061430449,,,,,,,,,,,
8708,2/1/1991,0.000,0.112,2.000,4.866,0.112,0.0,4.754,0.0,0.0,0.0,0.33535061430449,0.0,0.0,0.003361483273756872,0.33198913103073313,0.009086492713032815,0.0,0.0,0.0,0.0012420150590936978,0.0,0,0.0,0,0.33198913103073313,,,,,,,,,,,
8709,2/2/1991,0.000,0.286,2.000,4.866,0.286,0.0,4.58,0.0,0.0,0.0,0.33198913103073313,0.0,0.0,0.003305513132347362,0.3286836178983858,0.008940980455702487,0.0,0.0,0.0,0.001219986352954715,0.0,0,0.0,0,0.3286836178983858,,,,,,,,,,,
8710,2/3/1991,0.000,0.700,2.000,4.866,0.7,0.0,4.1659999999999995,0.0,0.0,0.0,0.3286836178983858,0.0,0.0,0.0032508420997340603,0.3254327757986517,0.008798744124496759,0.0,0.0,0.0,0.001198492630056134,0.0,0,0.0,0,0.3254327757986517,,,,,,,,,,,
8711,2/4/1991,0.000,0.635,2.000,4.866,0.635,0.0,4.231,0.0,0.0,0.0,0.3254327757986517,0.0,0.0,0.003197431593118003,0.3222353442055337,0.00865968886567663,0.0,0.0,0.0,0.0011775174326907301,0.0,0,0.0,0,0.3222353442055337,,,,,,,,,,,
8712,2/5/1991,0.000,1.118,2.000,4.866,1.118,0.0,3.7479999999999993,0.0,0.0,0.0,0.3222353442055337,0.0,0.0,0.0031452444230870937,0.31909009978244657,0.008523723176846425,0.0,0.0,0.0,0.0011570449148211618,0.0,0,0.0,0,0.31909009978244657,,,,,,,,,,,
8713,2/6/1991,0.000,1.124,2.000,4.866,1.124,0.0,3.7419999999999995,0.0,0.0,0.0,0.31909009978244657,0.0,0.0,0.0030942447344611064,0.31599585504798544,0.008390758767403401,0.0,0.0,0.0,0.0011370598154757828,0.0,0,0.0,0,0.31599585504798544,,,,,,,,,,,
8714,2/7/1991,0.000,0.175,2.000,4.866,0.175,0.0,4.691,0.0,0.0,0.0,0.31599585504798544,0.0,0.0,0.0030443979500186583,0.3129514570979668,0.00826071042566873,0.0,0.0,0.0,0.001117547433467945,0.0,0,0.0,0,0.3129514570979668,,,,,,,,,,,
8715,2/8/1991,0.000,0.728,2.000,4.866,0.728,0.0,4.138,0.0,0.0,0.0,0.3129514570979668,0.0,0.0,0.002995670716947914,0.3099557863810189,0.00813349589233889,0.0,0.0,0.0,0.001098493603364781,0.0,0,0.0,0,0.3099557863810189,,,,,,,,,,,
8716,2/9/1991,0.000,0.021,2.000,4.866,0.021,0.0,4.845,0.0,0.0,0.0,0.3099557863810189,0.0,0.0,0.0029480308558724176,0.3070077555251465,0.00800903573991798,0.0,0.0,0.0,0.0010798846726360282,0.0,0,0.0,0,0.3070077555251465,,,,,,,,,,,
8717,2/10/1991,0.000,0.003,2.000,4.866,0.003,0.0,4.8629999999999995,0.0,0.0,0.0,0.3070077555251465,0.0,0.0,0.0029014473123124824,0.304106308212834,0.007887253257811892,0.0,0.0,0.0,0.001061707479917758,0.0,0,0.0,0,0.304106308212834,,,,,,,,,,,
8718,2/11/1991,0.000,0.020,2.000,4.866,0.02,0.0,4.846,0.0,0.0,0.0,0.304106308212834,0.0,0.0,0.0028558901104509655,0.30125041810238307,0.007768074342784169,0.0,0.0,0.0,0.0010439493343298463,0.0,0,0.0,0,0.30125041810238307,,,,,,,,,,,
8719,2/12/1991,0.000,0.113,2.000,4.866,0.113,0.0,4.752999999999999,0.0,0.0,0.0,0.30125041810238307,0.0,0.0,0.0028113303090801047,0.29843908779330297,0.007651427394491123,0.0,0.0,0.0,0.0010265979957897505,0.0,0,0.0,0,0.29843908779330297,,,,,,,,,,,
8720,2/13/1991,0.000,0.000,2.000,4.866,0.0,0.0,4.866,0.0,0.0,0.0,0.29843908779330297,0.0,0.0,0.002767739959613441,0.29567134783368954,0.007537243215830306,0.0,0.0,0.0,0.00100964165626863,0.0,0,0.0,0,0.29567134783368954,,,,,,,,,,,
8721,2/14/1991,0.000,0.003,2.000,4.866,0.003,0.0,4.8629999999999995,0.0,0.0,0.0,0.29567134783368954,0.0,0.0,0.0027250920660536887,0.29294625576763583,0.007425454917851931,0.0,0.0,0.0,0.0009930689219390862,0.0,0,0.0,0,0.29294625576763583,,,,,,,,,,,
8722,2/15/1991,0.000,4.282,2.000,4.866,4.282,0.0,0.5839999999999996,0.0,0.0,0.0,0.29294625576763583,0.0,0.0,0.002683360546813851,0.290262895220822,0.007315997828997366,0.0,0.0,0.0,0.0009768687961668365,0.0,0,0.0,0,0.290262895220822,,,,,,,,,,,
8723,2/16/1991,3.496,11.815,2.000,4.866,4.866,6.949,0.0,0,6.85955855428157,0.0,7.149821449502392,0.0,0.0,0.5510501251669301,6.598771324335462,1.1415329656805688,0.08944144571843,0.08944144571843,0.0,0.2847820596811204,0.08944144571843,0,0.0,0,6.598771324335462,,,,,,,,,,,
8724,2/17/1991,3.308,3.415,2.000,4.866,3.415,0.0,1.4509999999999996,0.0,0.0,0.08944144571843,6.598771324335462,0.08944144571843,0.0,0.48210049281168954,6.1166708315237726,1.0080536257331956,0.0,0.0,0.0,0.24696712662816464,0.0,0,0.0,0,6.1166708315237726,,,,,,,,,,,
8725,2/18/1991,2.368,0.030,2.000,4.866,0.03,0.0,4.835999999999999,0.0,0.0,0.0,6.1166708315237726,0.0,0.0,0.42483891786565786,5.691831913658115,0.8960524441251,0.0,0.0,0.0,0.21583036704489622,0.0,0,0.0,0,5.691831913658115,,,,,,,,,,,
8726,2/19/1991,2.045,0.000,2.000,4.866,0.0,0.0,4.866,0.0,0.0,0.0,5.691831913658115,0.0,0.0,0.376807225409145,5.31502468824897,0.8011994053470408,0.0,0.0,0.0,0.1899236029962343,0.0,0,0.0,0,5.31502468824897,,,,,,,,,,,
8727,2/20/1991,2.045,0.644,2.000,4.866,0.644,0.0,4.2219999999999995,0.0,0.0,0.0,5.31502468824897,0.0,0.0,0.3361562999919835,4.978868388256987,0.7201998930663309,0.0,0.0,0.0,0.168166204168925,0.0,0,0.0,0,4.978868388256987,,,,,,,,,,,
8728,2/21/1991,0.000,0.124,2.000,4.866,0.124,0.0,4.742,0.0,0.0,0.0,4.978868388256987,0.0,0.0,0.3014742256862185,4.677394162570768,0.6505113055826904,0.0,0.0,0.0,0.14973932873483234,0.0,0,0.0,0,4.677394162570768,,,,,,,,,,,
8729,2/22/1991,0.000,0.056,2.000,4.866,0.056,0.0,4.81,0.0,0.0,0.0,4.677394162570768,0.0,0.0,0.27166835944088225,4.405725803129886,0.5901462671571255,0.0,0.0,0.0,0.1340138986116093,0.0,0,0.0,0,4.405725803129886,,,,,,,,,,,
8730,2/23/1991,0.000,0.202,2.000,4.866,0.202,0.0,4.664,0.0,0.0,0.0,4.405725803129886,0.0,0.0,0.24588283910554637,4.159842964024339,0.537533424292438,0.0,0.0,0.0,0.12050057742466787,0.0,0,0.0,0,4.159842964024339,,,,,,,,,,,
8731,2/24/1991,0.000,0.002,2.000,4.866,0.002,0.0,4.864,0.0,0.0,0.0,4.159842964024339,0.0,0.0,0.22343987074338933,3.9364030932809495,0.4914173250589651,0.0,0.0,0.0,0.10881441145001587,0.0,0,0.0,0,3.9364030932809495,,,,,,,,,,,
8732,2/25/1991,0.000,0.032,2.000,4.866,0.032,0.0,4.834,0.0,0.0,0.0,3.9364030932809495,0.0,0.0,0.203797280896825,3.7326058123841244,0.45078531658147064,0.0,0.0,0.0,0.09864943339336187,0.0,0,0.0,0,3.7326058123841244,,,,,,,,,,,
8733,2/26/1991,0.000,0.137,2.000,4.866,0.137,0.0,4.728999999999999,0.0,0.0,0.0,3.7326058123841244,0.0,0.0,0.1865173878484754,3.546088424535649,0.41481343403898263,0.0,0.0,0.0,0.08976015530264574,0.0,0,0.0,0,3.546088424535649,,,,,,,,,,,
8734,2/27/1991,0.000,0.026,2.000,4.866,0.026,0.0,4.84,0.0,0.0,0.0,3.546088424535649,0.0,0.0,0.1712438747265983,3.3748445498090507,0.3828258431797221,0.0,0.0,0.0,0.08194790190231242,0.0,0,0.0,0,3.3748445498090507,,,,,,,,,,,
8735,2/28/1991,0.000,0.016,2.000,4.866,0.016,0.0,4.85,0.0,0.0,0.0,3.3748445498090507,0.0,0.0,0.1576844013208776,3.217160148488173,0.35426409060826464,0.0,0.0,0.0,0.07505059492781017,0.0,0,0.0,0,3.217160148488173,,,,,,,,,,,
8736,3/1/1991,0.000,0.183,3.000,4.631,0.183,0.0,4.448,0.0,0.0,0.0,3.217160148488173,0.0,0.0,0.14559738621422566,3.0715627622739476,0.3286635423190366,0.0,0.0,0.0,0.06893503108300139,0.0,0,0.0,0,3.0715627622739476,,,,,,,,,,,
8737,3/2/1991,0.000,1.094,3.000,4.631,1.094,0.0,3.537,0.0,0.0,0.0,3.0715627622739476,0.0,0.0,0.13478185655299596,2.9367809057209517,0.30563515283971504,0.0,0.0,0.0,0.06349098424553497,0.0,0,0.0,0,2.9367809057209517,,,,,,,,,,,
8738,3/3/1991,0.000,1.847,3.000,4.631,1.847,0.0,2.7840000000000003,0.0,0.0,0.0,2.9367809057209517,0.0,0.0,0.12506957985034323,2.8117113258706086,0.28485123059386175,0.0,0.0,0.0,0.05862665756797106,0.0,0,0.0,0,2.8117113258706086,,,,,,,,,,,
8739,3/4/1991,0.000,0.401,3.000,4.631,0.401,0.0,4.23,0.0,0.0,0.0,2.8117113258706086,0.0,0.0,0.1163189112017647,2.6953924146688437,0.2660342294774666,0.0,0.0,0.0,0.054265145112108996,0.0,0,0.0,0,2.6953924146688437,,,,,,,,,,,
8740,3/5/1991,0.000,0.566,3.000,4.631,0.566,0.0,4.065,0.0,0.0,0.0,2.6953924146688437,0.0,0.0,0.10840994255085235,2.5869824721179913,0.2489478536908169,0.0,0.0,0.0,0.050341655955573224,0.0,0,0.0,0,2.5869824721179913,,,,,,,,,,,
8741,3/6/1991,0.000,2.927,3.000,4.631,2.927,0.0,1.7040000000000002,0.0,0.0,0.0,2.5869824721179913,0.0,0.0,0.10124064923278452,2.4857418228852066,0.23338994637828953,0.0,0.0,0.0,0.04680131949434434,0.0,0,0.0,0,2.4857418228852066,,,,,,,,,,,
8742,3/7/1991,0.000,0.462,3.000,4.631,0.462,0.0,4.1690000000000005,0.0,0.0,0.0,2.4857418228852066,0.0,0.0,0.09472380685038038,2.391018016034826,0.21918676511064758,0.0,0.0,0.0,0.04359743759015523,0.0,0,0.0,0,2.391018016034826,,,,,,,,,,,
8743,3/8/1991,2.098,2.968,3.000,4.631,2.968,0.0,1.6630000000000003,0.0,0.0,0.0,2.391018016034826,0.0,0.0,0.08878450791804413,2.302233508116782,0.20618834388863488,0.0,0.0,0.0,0.04069008304944814,0.0,0,0.0,0,2.302233508116782,,,,,,,,,,,
8744,3/9/1991,2.258,4.961,3.000,4.631,4.631,0.33000000000000007,0.0,0,0.2406701333309067,0.0,2.5429036414476887,0.0,0.0,0.0983819932781191,2.4445216481695695,0.22716701998982308,0.08932986666909339,0.08932986666909339,0.0,0.045394191109125584,0.08932986666909339,0,0.0,0,2.4445216481695695,,,,,,,,,,,
8745,3/10/1991,2.313,7.605,3.000,4.631,4.631,2.974,0.0,0,2.9738884209506637,0.08932986666909339,5.4188077216846695,0.0,0.08932986666909339,0.3471671943027327,5.071640527381937,0.7422095096126252,0.00011157904933662014,0.00011157904933662014,0.00039765256443684147,0.17404324935217894,0.08904379315399316,0,0.0,0,5.071640527381937,,,,,,,,,,,
8746,3/11/1991,0.000,0.120,3.000,4.631,0.12,0.0,4.511,0.0,0.0,0.08904379315399316,5.071640527381937,0.08904379315399316,0.0,0.3108946276158544,4.760745899766082,0.6694966371648619,0.0,0.0,0.0,0.15473131057939643,0.0,0,0.0,0,4.760745899766082,,,,,,,,,,,
8747,3/12/1991,0.000,0.000,3.000,4.631,0.0,0.0,4.631,0.0,0.0,0.0,4.760745899766082,0.0,0.0,0.27978479871564577,4.480961101050436,0.6066303538231301,0.0,0.0,0.0,0.13828534523192007,0.0,0,0.0,0,4.480961101050436,,,,,,,,,,,
8748,3/13/1991,0.000,0.304,3.000,4.631,0.304,0.0,4.327,0.0,0.0,0.0,4.480961101050436,0.0,0.0,0.2529207150760847,4.228040385974351,0.5519314979129777,0.0,0.0,0.0,0.12418003333645852,0.0,0,0.0,0,4.228040385974351,,,,,,,,,,,
8749,3/14/1991,0.000,0.010,3.000,4.631,0.01,0.0,4.621,0.0,0.0,0.0,4.228040385974351,0.0,0.0,0.22957838138039063,3.9984620045939607,0.5040623654119613,0.0,0.0,0.0,0.1120034054860884,0.0,0,0.0,0,3.9984620045939607,,,,,,,,,,,
8750,3/15/1991,0.000,0.188,3.000,4.631,0.188,0.0,4.4430000000000005,0.0,0.0,0.0,3.9984620045939607,0.0,0.0,0.2091802769856607,3.7892817276083,0.4619468119960953,0.0,0.0,0.0,0.10142895688759843,0.0,0,0.0,0,3.7892817276083,,,,,,,,,,,
8751,3/16/1991,2.151,1.600,3.000,4.631,1.6,0.0,3.031,0.0,0.0,0.0,3.7892817276083,0.0,0.0,0.19126137368010265,3.5980203539281974,0.42471133654484516,0.0,0.0,0.0,0.09219540767511097,0.0,0,0.0,0,3.5980203539281974,,,,,,,,,,,
8752,3/17/1991,2.313,8.654,3.000,4.631,4.631,4.023,0.0,0,3.9335585542815696,0.0,7.531578908209767,0.0,0.0,0.6009557509581251,6.930623157251642,1.2372981744224356,0.08944144571843,0.08944144571843,0.0,0.31234998902450484,0.08944144571843,0,0.0,0,6.930623157251642,,,,,,,,,,,
8753,3/18/1991,2.098,12.020,3.000,4.631,4.631,7.388999999999999,0.0,0,7.388999999999999,0.08944144571843,14.320021306511045,0.0,0.08944144571843,1.7536323629120214,12.566388943599023,3.325236160726337,0.0,0.0,0.00039814925940304455,0.9780050035460177,0.08904329645902696,0,0.0,0,12.566388943599023,,,,,,,,,,,
8754,3/19/1991,0.000,0.092,3.000,4.631,0.092,0.0,4.539000000000001,0.0,0.0,0.08904329645902696,12.566388943599023,0.08904329645902696,0.0,1.41053307398425,11.155855869614772,2.722622531649071,0.0,0.0,0.0,0.775468247697722,0.0,0,0.0,0,11.155855869614772,,,,,,,,,,,
8755,3/20/1991,0.000,0.067,3.000,4.631,0.067,0.0,4.564,0.0,0.0,0.0,11.155855869614772,0.0,0.0,1.1566552564740242,9.999200613140747,2.2679501403396403,0.0,0.0,0.0,0.6276449566037278,0.0,0,0.0,0,9.999200613140747,,,,,,,,,,,
8756,3/21/1991,0.000,0.029,3.000,4.631,0.029,0.0,4.602,0.0,0.0,0.0,9.999200613140747,0.0,0.0,0.9637726126109755,9.035428000529771,1.9165026026767051,0.0,0.0,0.0,0.5167391445858024,0.0,0,0.0,0,9.035428000529771,,,,,,,,,,,
8757,3/22/1991,0.000,0.043,3.000,4.631,0.043,0.0,4.588,0.0,0.0,0.0,9.035428000529771,0.0,0.0,0.813979862202986,8.221448138326785,1.6393146778095744,0.0,0.0,0.0,0.43160181346865606,0.0,0,0.0,0,8.221448138326785,,,,,,,,,,,
8758,3/23/1991,0.000,0.025,3.000,4.631,0.025,0.0,4.606,0.0,0.0,0.0,8.221448138326785,0.0,0.0,0.6954719959998149,7.525976142326971,1.4169294959350123,0.0,0.0,0.0,0.36496636264960564,0.0,0,0.0,0,7.525976142326971,,,,,,,,,,,
8759,3/24/1991,0.000,2.460,3.000,4.631,2.46,0.0,2.1710000000000003,0.0,0.0,0.0,7.525976142326971,0.0,0.0,0.6002108475232566,6.925765294803714,1.2358736512324553,0.0,0.0,0.0,0.31193736248871784,0.0,0,0.0,0,6.925765294803714,,,,,,,,,,,
8760,3/25/1991,0.000,11.103,3.000,4.631,4.631,6.4719999999999995,0.0,0,6.3825585542815695,0.0,13.308323849085284,0.0,0.0,1.552046441521355,11.756277407563928,2.9726873385436554,0.08944144571843,0.08944144571843,0.0,0.8586527939219822,0.08944144571843,0,0.0,0,11.756277407563928,,,,,,,,,,,
8761,3/26/1991,0.000,6.798,3.000,4.631,4.631,2.167,0.0,0,2.167,0.08944144571843,13.923675556823332,0.0,0.08944144571843,1.6734867177285002,12.250188839094832,3.1855614964155405,0.0,0.0,0.00039814925940304455,0.9304391469288676,0.08904329645902696,0,0.0,0,12.250188839094832,,,,,,,,,,,
8762,3/27/1991,0.000,0.081,3.000,4.631,0.081,0.0,4.55,0.0,0.0,0.08904329645902696,12.250188839094832,0.08904329645902696,0.0,1.3518767030550387,10.898312136039793,2.6182961812817838,0.0,0.0,0.0,0.741146500758043,0.0,0,0.0,0,10.898312136039793,,,,,,,,,,,
8763,3/28/1991,0.000,0.912,3.000,4.631,0.912,0.0,3.7190000000000003,0.0,0.0,0.0,10.898312136039793,0.0,0.0,1.1124944383883442,9.78581769765145,2.1879811273363425,0.0,0.0,0.0,0.602137296185293,0.0,0,0.0,0,9.78581769765145,,,,,,,,,,,
8764,3/29/1991,0.000,2.080,3.000,4.631,2.08,0.0,2.551,0.0,0.0,0.0,9.78581769765145,0.0,0.0,0.929738851824213,8.856078845827236,1.853874678102444,0.0,0.0,0.0,0.4973136490205684,0.0,0,0.0,0,8.856078845827236,,,,,,,,,,,
8765,3/30/1991,0.000,0.871,3.000,4.631,0.871,0.0,3.7600000000000002,0.0,0.0,0.0,8.856078845827236,0.0,0.0,0.7872298781332299,8.068848967694006,1.5893719580637584,0.0,0.0,0.0,0.4165012094620418,0.0,0,0.0,0,8.068848967694006,,,,,,,,,,,
8766,3/31/1991,0.000,0.187,3.000,4.631,0.187,0.0,4.444,0.0,0.0,0.0,8.068848967694006,0.0,0.0,0.6740908344058616,7.3947581332881445,1.3764811413559135,0.0,0.0,0.0,0.3530199746887026,0.0,0,0.0,0,7.3947581332881445,,,,,,,,,,,
8767,4/1/1991,0.000,0.000,4.000,4.235,0.0,0.0,4.235,0.0,0.0,0.0,7.3947581332881445,0.0,0.0,0.5828709366362224,6.811887196651922,1.2026723315573011,0.0,0.0,0.0,0.3023418194186994,0.0,0,0.0,0,6.811887196651922,,,,,,,,,,,
8768,4/2/1991,0.000,0.116,4.000,4.235,0.116,0.0,4.119000000000001,0.0,0.0,0.0,6.811887196651922,0.0,0.0,0.5083289654099392,6.303558231241983,1.0589979877276035,0.0,0.0,0.0,0.26131258128170465,0.0,0,0.0,0,6.303558231241983,,,,,,,,,,,
8769,4/3/1991,0.000,0.206,4.000,4.235,0.206,0.0,4.029,0.0,0.0,0.0,6.303558231241983,0.0,0.0,0.4466925677184185,5.856865663523564,0.9389288173795056,0.0,0.0,0.0,0.22768289620755777,0.0,0,0.0,0,5.856865663523564,,,,,,,,,,,
8770,4/4/1991,0.000,0.574,4.000,4.235,0.574,0.0,3.6610000000000005,0.0,0.0,0.0,5.856865663523564,0.0,0.0,0.39519176194204353,5.461673901581521,0.8376091756080648,0.0,0.0,0.0,0.1998153851508957,0.0,0,0.0,0,5.461673901581521,,,,,,,,,,,
8771,4/5/1991,0.000,0.183,4.000,4.235,0.183,0.0,4.0520000000000005,0.0,0.0,0.0,5.461673901581521,0.0,0.0,0.3517564382414031,5.109917463340118,0.7513672914235493,0.0,0.0,0.0,0.17649639655054883,0.0,0,0.0,0,5.109917463340118,,,,,,,,,,,
8772,4/6/1991,0.000,0.060,4.000,4.235,0.06,0.0,4.175000000000001,0.0,0.0,0.0,5.109917463340118,0.0,0.0,0.31481512313244336,4.7951023402076745,0.6773851187376682,0.0,0.0,0.0,0.15681177975319874,0.0,0,0.0,0,4.7951023402076745,,,,,,,,,,,
8773,4/7/1991,0.000,0.049,4.000,4.235,0.049,0.0,4.186,0.0,0.0,0.0,4.7951023402076745,0.0,0.0,0.28315804963116536,4.511944290576509,0.6134709115341447,0.0,0.0,0.0,0.14006300309553865,0.0,0,0.0,0,4.511944290576509,,,,,,,,,,,
8774,4/8/1991,0.000,1.088,4.000,4.235,1.088,0.0,3.1470000000000002,0.0,0.0,0.0,4.511944290576509,0.0,0.0,0.2558420889851583,4.256102201591351,0.5578995048015476,0.0,0.0,0.0,0.12570934087793656,0.0,0,0.0,0,4.256102201591351,,,,,,,,,,,
8775,4/9/1991,0.000,0.605,4.000,4.235,0.605,0.0,3.6300000000000003,0.0,0.0,0.0,4.256102201591351,0.0,0.0,0.23212354336096155,4.02397865823039,0.509298182761425,0.0,0.0,0.0,0.11332728783760578,0.0,0,0.0,0,4.02397865823039,,,,,,,,,,,
8776,4/10/1991,0.000,0.242,4.000,4.235,0.242,0.0,3.9930000000000003,0.0,0.0,0.0,4.02397865823039,0.0,0.0,0.21140985374486576,3.812568804485524,0.4665638358069842,0.0,0.0,0.0,0.10258159059269348,0.0,0,0.0,0,3.812568804485524,,,,,,,,,,,
8777,4/11/1991,0.000,0.899,4.000,4.235,0.899,0.0,3.3360000000000003,0.0,0.0,0.0,3.812568804485524,0.0,0.0,0.1932243824535232,3.619344422032001,0.4288019677323419,0.0,0.0,0.0,0.09320425701060296,0.0,0,0.0,0,3.619344422032001,,,,,,,,,,,
8778,4/12/1991,0.000,0.232,4.000,4.235,0.232,0.0,4.003,0.0,0.0,0.0,3.619344422032001,0.0,0.0,0.17718038179264525,3.4421640402393554,0.3952812041626191,0.0,0.0,0.0,0.08497913599460326,0.0,0,0.0,0,3.4421640402393554,,,,,,,,,,,
8779,4/13/1991,0.000,0.040,4.000,4.235,0.04,0.0,4.195,0.0,0.0,0.0,3.4421640402393554,0.0,0.0,0.16296151369783107,3.2792025265415243,0.3653989572043853,0.0,0.0,0.0,0.07773044601040933,0.0,0,0.0,0,3.2792025265415243,,,,,,,,,,,
8780,4/14/1991,0.000,0.054,4.000,4.235,0.054,0.0,4.181,0.0,0.0,0.0,3.2792025265415243,0.0,0.0,0.15030710533565245,3.128895421205872,0.33865522577113344,0.0,0.0,0.0,0.07131414188761075,0.0,0,0.0,0,3.128895421205872,,,,,,,,,,,
8781,4/15/1991,0.000,0.930,4.000,4.235,0.93,0.0,3.305,0.0,0.0,0.0,3.128895421205872,0.0,0.0,0.139000871792811,2.989894549413061,0.3146324012748033,0.0,0.0,0.0,0.06561134792860071,0.0,0,0.0,0,2.989894549413061,,,,,,,,,,,
8782,4/16/1991,9.394,17.356,4.000,4.235,4.235,13.121000000000002,0.0,0,13.031558554281572,0.0,16.021453103694633,0.0,0.0,2.114473676792122,13.90697942690251,3.9468317962299313,0.08944144571843,0.08944144571843,0.0,1.193856139870196,0.08944144571843,0,0.0,0,13.90697942690251,,,,,,,,,,,
8783,4/17/1991,7.987,37.588,4.000,4.235,4.235,33.353,0.0,0,33.353,0.08944144571843,47.260377576161915,0.0,0.08944144571843,12.829047800205625,34.431329775956286,20.035043143235566,0.0,0.0,0.00039814925940304455,8.155777434777688,0.08904329645902696,0,0.0,0,34.431329775956286,,,,,,,,,,,
8784,4/18/1991,4.219,5.254,4.000,4.235,4.235,1.0189999999999992,0.0,0,1.018601850740647,0.08904329645902696,35.45032800359195,0.0,0.08904329645902696,7.944493388849533,27.505834614742415,13.07899408908073,0.0003981492593523109,0.0003981492593523109,0.0003963768950199571,4.893754987682443,0.08904506882335933,0,0.0,0,27.505834614742415,,,,,,,,,,,
8785,4/19/1991,6.743,11.205,4.000,4.235,4.235,6.97,0.0,0,6.969603623104929,0.08904506882335933,34.47583462263206,0.0,0.08904506882335933,7.58386207755628,26.891972545075777,12.546416880813682,0.00039637689507067495,0.00039637689507067495,0.00039638478471293624,4.657349876797301,0.08904506093371707,0,0.0,0,26.891972545075777,,,,,,,,,,,
8786,4/20/1991,2.204,5.060,4.000,4.235,4.235,0.8249999999999993,0.0,0,0.8246036152191526,0.08904506093371707,27.716972545044523,0.0,0.08904506093371707,5.271595730807028,22.445376814237495,9.049298373710837,0.0003963847808466591,0.0003963847808466591,0.00039638474959213517,3.1608032750365296,0.0890450609649716,0,0.0,0,22.445376814237495,,,,,,,,,,,
8787,4/21/1991,2.479,1.316,4.000,4.235,1.316,0.0,2.9190000000000005,0.0,0.0,0.0890450609649716,22.445376814237495,0.0890450609649716,0.0,3.7088899409966327,18.736486873240864,6.584773075853714,0.0,0.0,0.0,2.1729598879163814,0.0,0,0.0,0,18.736486873240864,,,,,,,,,,,
8788,4/22/1991,2.151,26.654,4.000,4.235,4.235,22.419,0.0,0,22.329558554281572,0.0,41.06604542752244,0.0,0.0,10.150885218061104,30.915160209461334,16.275561259181675,0.08944144571843,0.08944144571843,0.0,6.354532119669054,0.08944144571843,0,0.0,0,30.915160209461334,,,,,,,,,,,
8789,4/23/1991,0.000,3.413,4.000,4.235,3.413,0.0,0.8220000000000005,0.0,0.0,0.08944144571843,30.91524528939517,0.07032883379127366,0.01911261192715634,6.323928329063024,24.591316960332144,10.65989370742272,0.0,0.0,8.507993383750806e-05,3.837456749972369,0.01902753199331883,0,0.0,0,24.591316960332144,,,,,,,,,,,
8790,4/24/1991,0.000,0.668,4.000,4.235,0.668,0.0,3.567,0.0,0.0,0.01902753199331883,24.591316960332144,0.01902753199331883,0.0,4.318524860411221,20.27279209992092,7.557956706776129,0.0,0.0,0.0,2.555595035481474,0.0,0,0.0,0,20.27279209992092,,,,,,,,,,,
8791,4/25/1991,0.000,0.059,4.000,4.235,0.059,0.0,4.176,0.0,0.0,0.0,20.27279209992092,0.0,0.0,3.1300772491969373,17.142714850723983,5.644435890664618,0.0,0.0,0.0,1.8134853762062966,0.0,0,0.0,0,17.142714850723983,,,,,,,,,,,
8792,4/26/1991,0.000,0.458,4.000,4.235,0.458,0.0,3.777,0.0,0.0,0.0,17.142714850723983,0.0,0.0,2.366819362407522,14.775895488316461,4.375196261406679,0.0,0.0,0.0,1.346283749622167,0.0,0,0.0,0,14.775895488316461,,,,,,,,,,,
8793,4/27/1991,0.000,3.106,4.000,4.235,3.106,0.0,1.1290000000000004,0.0,0.0,0.0,14.775895488316461,0.0,0.0,1.8476603075248792,12.928235180791582,3.488323010414404,0.0,0.0,0.0,1.033992154525967,0.0,0,0.0,0,12.928235180791582,,,,,,,,,,,
8794,4/28/1991,0.000,1.591,4.000,4.235,1.591,0.0,2.644,0.0,0.0,0.0,12.928235180791582,0.0,0.0,1.478874036864449,11.449361143927133,2.8436663182849564,0.0,0.0,0.0,0.8155751640145796,0.0,0,0.0,0,11.449361143927133,,,,,,,,,,,
8795,4/29/1991,0.000,1.520,4.000,4.235,1.52,0.0,2.7150000000000003,0.0,0.0,0.0,11.449361143927133,0.0,0.0,1.207817178248594,10.241543965678538,2.3602537755197703,0.0,0.0,0.0,0.6572766106456716,0.0,0,0.0,0,10.241543965678538,,,,,,,,,,,
8796,4/30/1991,0.000,15.950,4.000,4.235,4.235,11.715,0.0,0,11.62555855428157,0.0,21.867102519960106,0.0,0.0,3.551004150694109,18.316098369265998,6.329956748802975,0.08944144571843,0.08944144571843,0.0,2.074511233901506,0.08944144571843,0,0.0,0,18.316098369265998,,,,,,,,,,,
8797,5/1/1991,6.425,24.690,5.000,3.714,3.714,20.976000000000003,0.0,0,20.976000000000003,0.08944144571843,39.292496518525404,0.0,0.08944144571843,9.430798893147006,29.861697625378397,15.24324728118423,0.0,0.0,0.00039814925940304455,5.875238005018867,0.08904329645902696,0,0.0,0,29.861697625378397,,,,,,,,,,,
8798,5/2/1991,3.062,4.329,5.000,3.714,3.714,0.6149999999999998,0.0,0,0.6146018511657935,0.08904329645902696,30.47669585343921,0.0,0.08904329645902696,6.17512253428876,24.30157331915045,10.43421096368896,0.0003981488342063312,0.0003981488342063312,0.0003963768950199571,3.7412925427773924,0.08904506839821334,0,0.0,0,24.30157331915045,,,,,,,,,,,
8799,5/3/1991,2.258,2.322,5.000,3.714,2.322,0.0,1.392,0.0,0.0,0.08904506839821334,24.30157331915045,0.08904506839821334,0.0,4.234054369100628,20.067518950049823,7.424076251494756,0.0,0.0,0.0,2.502352805557863,0.0,0,0.0,0,20.067518950049823,,,,,,,,,,,
8800,5/4/1991,3.002,3.698,5.000,3.714,3.698,0.0,0.016000000000000014,0.0,0.0,0.0,20.067518950049823,0.0,0.0,3.07743281983843,16.990086130211395,5.558029393939735,0.0,0.0,0.0,1.7809956786164192,0.0,0,0.0,0,16.990086130211395,,,,,,,,,,,
8801,5/5/1991,5.503,5.801,5.000,3.714,3.714,2.087,0.0,0,1.9975585542815701,0.0,18.987644684492967,0.0,0.0,2.806408831939354,16.181235852553613,5.110654274773575,0.08944144571843,0.08944144571843,0.0,1.614324093239366,0.08944144571843,0,0.0,0,16.181235852553613,,,,,,,,,,,
8802,5/6/1991,20.974,40.685,5.000,3.714,3.714,36.971000000000004,0.0,0,36.971000000000004,0.08944144571843,53.15263400181302,0.0,0.08944144571843,15.604161266770703,37.54847273504232,23.81737631546556,0.0,0.0,0.00039814925940304455,10.04864346121557,0.08904329645902696,0,0.0,0,37.54847273504232,,,,,,,,,,,
8803,5/7/1991,38.065,17.236,5.000,3.714,3.714,13.522,0.0,0,13.521601850740597,0.08904329645902696,51.07047096267793,0.0,0.08904329645902696,14.598745908236662,36.471725054441265,22.459007813460367,0.0003981492594030382,0.0003981492594030382,0.0003963768950199571,9.360074101982255,0.08904506882341005,0,0.0,0,36.471725054441265,,,,,,,,,,,
8804,5/8/1991,23.566,1.372,5.000,3.714,1.372,0.0,2.3419999999999996,0.0,0.0,0.08904506882341005,36.471725054441265,0.08904506882341005,0.0,8.329641054783497,28.142083999657768,13.644430899449516,0.0,0.0,0.0,5.147011792662075,0.0,0,0.0,0,28.142083999657768,,,,,,,,,,,
8805,5/9/1991,13.774,10.829,5.000,3.714,3.714,7.115,0.0,0,7.02555855428157,0.0,35.16764255393934,0.0,0.0,7.83919027429133,27.32845227964801,12.923802615869096,0.08944144571843,0.08944144571843,0.0,4.824651032144864,0.08944144571843,0,0.0,0,27.32845227964801,,,,,,,,,,,
8806,5/10/1991,8.158,0.889,5.000,3.714,0.889,0.0,2.825,0.0,0.0,0.08944144571843,27.32845227964801,0.08944144571843,0.0,5.1490151829378545,22.179437096710153,8.859349626978263,0.0,0.0,0.0,3.08252918773793,0.0,0,0.0,0,22.179437096710153,,,,,,,,,,,
8807,5/11/1991,3.496,1.705,5.000,3.714,1.705,0.0,2.009,0.0,0.0,0.0,22.179437096710153,0.0,0.0,3.6359394686898225,18.54349762802033,6.467186311074728,0.0,0.0,0.0,2.1274370951648165,0.0,0,0.0,0,18.54349762802033,,,,,,,,,,,
8808,5/12/1991,18.724,17.621,5.000,3.714,3.714,13.906999999999998,0.0,0,13.817558554281568,0.0,32.361056182301894,0.0,0.0,6.824490873000334,25.536565309301558,11.414448947299764,0.08944144571843,0.08944144571843,0.0,4.162015647878783,0.08944144571843,0,0.0,0,25.536565309301558,,,,,,,,,,,
8809,5/13/1991,8.158,2.879,5.000,3.714,2.879,0.0,0.835,0.0,0.0,0.08944144571843,25.536645438017352,0.07144109028675605,0.018000355431673956,4.598739993393836,20.937905444623517,8.000003782183104,0.0,0.0,8.012871579328444e-05,2.7327005578256416,0.01792022671588067,0,0.0,0,20.937905444623517,,,,,,,,,,,
8810,5/14/1991,6.663,4.054,5.000,3.714,3.714,0.3400000000000003,0.0,0,0.2685382351681604,0.01792022671588067,21.2065234518139,0.0,0.01792022671588067,3.3740245637182005,17.8324988880957,6.04285573220195,0.07146176483183993,0.07146176483183993,7.977202222025738e-05,1.9644993426362407,0.08930221952550034,0,0.0,0,17.8324988880957,,,,,,,,,,,
8811,5/15/1991,7.987,15.100,5.000,3.714,3.714,11.386,0.0,0,11.38586077380707,0.08930221952550034,29.21875719139574,0.0,0.08930221952550034,5.756192959322609,23.462564232073127,9.7952937104857,0.00013922619292966682,0.00013922619292966682,0.0003975294929719544,3.4713934961714226,0.08904391622545806,0,0.0,0,23.462564232073127,,,,,,,,,,,
8812,5/16/1991,8.244,4.860,5.000,3.714,3.714,1.1460000000000004,0.0,0,1.1456024705070313,0.08904391622545806,24.608563082234074,0.0,0.08904391622545806,4.323573743832138,20.284989338401935,7.565949507366467,0.0003975294929689892,0.0003975294929689892,0.0003963796539148247,2.5587795596460334,0.08904506606451222,0,0.0,0,20.284989338401935,,,,,,,,,,,
8813,5/17/1991,4.989,1.350,5.000,3.714,1.35,0.0,2.364,0.0,0.0,0.08904506606451222,20.284989338401935,0.08904506606451222,0.0,3.1332165926997084,17.151772745702228,5.649583669227291,0.0,0.0,0.0,1.8154239755513069,0.0,0,0.0,0,17.151772745702228,,,,,,,,,,,
8814,5/18/1991,3.688,2.975,5.000,3.714,2.975,0.0,0.7389999999999999,0.0,0.0,0.0,17.151772745702228,0.0,0.0,2.3689040357971667,14.782868709905062,4.378715229382796,0.0,0.0,0.0,1.347547606772879,0.0,0,0.0,0,14.782868709905062,,,,,,,,,,,
8815,5/19/1991,4.493,5.181,5.000,3.714,3.714,1.467,0.0,0,1.3775585542815711,0.0,16.160427264186634,0.0,0.0,2.145131117762532,14.015296146424102,3.999135800596668,0.08944144571842899,0.08944144571842899,0.0,1.2123134197602032,0.08944144571842899,0,0.0,0,14.015296146424102,,,,,,,,,,,
8816,5/20/1991,8.505,14.944,5.000,3.714,3.714,11.23,0.0,0,11.229999999999999,0.08944144571842899,25.245694295683506,0.0,0.08944144571842899,4.511746012039282,20.733948283644224,7.863103284933426,1.0128595144020994e-15,1.0128595144020994e-15,0.00039814925940304005,2.677639277201272,0.08904329645902696,0,0.0,0,20.733948283644224,,,,,,,,,,,
8817,5/21/1991,4.633,0.639,5.000,3.714,0.639,0.0,3.075,0.0,0.0,0.08904329645902696,20.733948283644224,0.08904329645902696,0.0,3.249644074671437,17.484304208972787,5.840114401972753,0.0,0.0,0.0,1.8874092459102663,0.0,0,0.0,0,17.484304208972787,,,,,,,,,,,
8818,5/22/1991,3.184,1.803,5.000,3.714,1.803,0.0,1.911,0.0,0.0,0.0,17.484304208972787,0.0,0.0,2.4459432046600424,15.038361004312744,4.508540887812997,0.0,0.0,0.0,1.394304315155061,0.0,0,0.0,0,15.038361004312744,,,,,,,,,,,
8819,5/23/1991,2.707,3.347,5.000,3.714,3.347,0.0,0.367,0.0,0.0,0.0,15.038361004312744,0.0,0.0,1.902683804916791,13.135677199395953,3.583382572061992,0.0,0.0,0.0,1.0668425510554413,0.0,0,0.0,0,13.135677199395953,,,,,,,,,,,
8820,5/24/1991,16.679,26.826,5.000,3.714,3.714,23.112000000000002,0.0,0,23.022558554281574,0.0,36.15823575367753,0.0,0.0,8.210655521649564,27.947580232027967,13.470107761137674,0.08944144571843,0.08944144571843,0.0,5.068687971632124,0.08944144571843,0,0.0,0,27.947580232027967,,,,,,,,,,,
8821,5/25/1991,16.126,19.982,5.000,3.714,3.714,16.268,0.0,0,16.268,0.08944144571843,44.21597838128737,0.0,0.08944144571843,11.48147920735273,32.73449917393464,18.15822813773155,0.0,0.0,0.00039814925940304455,7.245984986648179,0.08904329645902696,0,0.0,0,32.73449917393464,,,,,,,,,,,
8822,5/26/1991,36.137,5.605,5.000,3.714,3.714,1.8910000000000005,0.0,0,1.8906018507405975,0.08904329645902696,34.62549740157025,0.0,0.08904329645902696,7.6388118468065525,26.986685554763696,12.627767289859602,0.0003981492594030382,0.0003981492594030382,0.0003963768950199571,4.6933242710962055,0.08904506882341005,0,0.0,0,26.986685554763696,,,,,,,,,,,
8823,5/27/1991,54.315,2.608,5.000,3.714,2.608,0.0,1.1059999999999999,0.0,0.0,0.08904506882341005,26.986685554763696,0.08904506882341005,0.0,5.0421414625553505,21.944544092208346,8.693311672014474,0.0,0.0,0.0,3.014384620515773,0.0,0,0.0,0,21.944544092208346,,,,,,,,,,,
8824,5/28/1991,28.121,0.553,5.000,3.714,0.553,0.0,3.161,0.0,0.0,0.0,21.944544092208346,0.0,0.0,3.571988476766796,18.37255561544155,6.36389390279234,0.0,0.0,0.0,2.0875795552572773,0.0,0,0.0,0,18.37255561544155,,,,,,,,,,,
8825,5/29/1991,10.503,1.297,5.000,3.714,1.297,0.0,2.417,0.0,0.0,0.0,18.37255561544155,0.0,0.0,2.656532067002264,15.716023548439285,4.861335388279826,0.0,0.0,0.0,1.522602160086909,0.0,0,0.0,0,15.716023548439285,,,,,,,,,,,
8826,5/30/1991,4.703,1.944,5.000,3.714,1.944,0.0,1.77,0.0,0.0,0.0,15.716023548439285,0.0,0.0,2.0477183852376113,13.668305163201673,3.832679571884357,0.0,0.0,0.0,1.1537274047632047,0.0,0,0.0,0,13.668305163201673,,,,,,,,,,,
8827,5/31/1991,3.624,5.261,5.000,3.714,3.714,1.5470000000000002,0.0,0,1.4575585542815703,0.0,15.125863717483243,0.0,0.0,1.9211712696986045,13.20469244778464,3.615261269194113,0.08944144571842984,0.08944144571842984,0.0,1.0778941561023438,0.08944144571842984,0,0.0,0,13.20469244778464,,,,,,,,,,,
8828,6/1/1991,6.268,3.929,6.000,3.269,3.269,0.6599999999999997,0.0,0,0.6599999999999995,0.08944144571842984,13.865090597044043,0.0,0.08944144571842984,1.6617676399116716,12.203322957132372,3.1650848506414753,1.6880985330613538e-16,1.6880985330613538e-16,0.0003981492594030438,0.9234963454192661,0.08904329645902696,0,0.0,0,12.203322957132372,,,,,,,,,,,
8829,6/2/1991,6.905,7.691,6.000,3.269,3.269,4.422,0.0,0,4.421601850740597,0.08904329645902696,16.625321184767987,0.0,0.08904329645902696,2.2489640770269723,14.376357107741015,4.175735649217361,0.0003981492594030382,0.0003981492594030382,0.0003963768950199571,1.2749536132692683,0.08904506882341005,0,0.0,0,14.376357107741015,,,,,,,,,,,
8830,6/3/1991,7.397,8.270,6.000,3.269,3.269,5.0009999999999994,0.0,0,5.000603623104979,0.08904506882341005,19.37735711563071,0.0,0.08904506882341005,2.9030644892976794,16.47429262633303,5.270701425788617,0.00039637689501995115,0.00039637689501995115,0.000396384784713162,1.673647981329089,0.08904506093371685,0,0.0,0,16.47429262633303,,,,,,,,,,,
8831,6/4/1991,5.061,3.772,6.000,3.269,3.269,0.5029999999999997,0.0,0,0.502603620395141,0.08904506093371685,16.977292631477763,0.0,0.08904506093371685,2.3288767344575687,14.648415897020193,4.3110932594419324,0.00039637960485869864,0.00039637960485869864,0.0003963847495921342,1.3232934558037206,0.0890450557889834,0,0.0,0,14.648415897020193,,,,,,,,,,,
8832,6/5/1991,3.950,9.225,6.000,3.269,3.269,5.9559999999999995,0.0,0,5.955603610070553,0.0890450557889834,20.60441589181744,0.0,0.0890450557889834,3.215878437536603,17.388537454280836,5.784933853188371,0.0003963899294466017,0.0003963899294466017,0.0003963847266903151,1.8665147377038052,0.08904506099173969,0,0.0,0,17.388537454280836,,,,,,,,,,,
8833,6/6/1991,5.134,3.525,6.000,3.269,3.269,0.2559999999999998,0.0,0,0.2556049124379651,0.08904506099173969,17.644538751468655,0.0,0.08904506099173969,2.483416875512086,15.16112187595657,4.57154003407702,0.0003950875620346643,0.0003950875620346643,0.00039638474985042324,1.4170831315374588,0.08904376380392394,0,0.0,0,15.16112187595657,,,,,,,,,,,
8834,6/7/1991,6.034,7.300,6.000,3.269,3.269,4.031,0.0,0,4.030602318085494,0.08904376380392394,19.192120573017473,0.0,0.08904376380392394,2.856959279995662,16.335161293021812,5.194428835183765,0.00039768191450606787,0.00039768191450606787,0.0003963789754092344,1.6453337213561934,0.08904506674302078,0,0.0,0,16.335161293021812,,,,,,,,,,,
8835,6/8/1991,4.989,1.892,6.000,3.269,1.892,0.0,1.3770000000000002,0.0,0.0,0.08904506674302078,16.335161293021812,0.08904506674302078,0.0,2.1839271961087485,14.151234096913065,4.065218364897015,0.0,0.0,0.0,1.2356954215202878,0.0,0,0.0,0,14.151234096913065,,,,,,,,,,,
8836,6/9/1991,4.017,2.203,6.000,3.269,2.203,0.0,1.0660000000000003,0.0,0.0,0.0,14.151234096913065,0.0,0.0,1.719318371071824,12.431915725841241,3.265511846063693,0.0,0.0,0.0,0.9576219959224759,0.0,0,0.0,0,12.431915725841241,,,,,,,,,,,
8837,6/10/1991,3.308,8.699,6.000,3.269,3.269,5.43,0.0,0,5.34055855428157,0.0,17.77247428012281,0.0,0.0,2.513500265684514,15.258974014438298,4.622044686690432,0.08944144571843,0.08944144571843,0.0,1.4353860680973285,0.08944144571843,0,0.0,0,15.258974014438298,,,,,,,,,,,
8838,6/11/1991,3.308,2.148,6.000,3.269,2.148,0.0,1.121,0.0,0.0,0.08944144571843,15.258974014438298,0.08944144571843,0.0,1.9494315949070236,13.309542419531274,3.6639338028138706,0.0,0.0,0.0,1.0948013782827664,0.0,0,0.0,0,13.309542419531274,,,,,,,,,,,
8839,6/12/1991,3.433,0.973,6.000,3.269,0.973,0.0,2.2960000000000003,0.0,0.0,0.0,13.309542419531274,0.0,0.0,1.5522833027607743,11.7572591167705,2.973104037704963,0.0,0.0,0.0,0.8587924580738826,0.0,0,0.0,0,11.7572591167705,,,,,,,,,,,
8840,6/13/1991,3.123,0.406,6.000,3.269,0.406,0.0,2.863,0.0,0.0,0.0,11.7572591167705,0.0,0.0,1.262435681230456,10.494823435540045,2.458402504883954,0.0,0.0,0.0,0.6890014495079777,0.0,0,0.0,0,10.494823435540045,,,,,,,,,,,
8841,6/14/1991,3.002,0.099,6.000,3.269,0.099,0.0,3.17,0.0,0.0,0.0,10.494823435540045,0.0,0.0,1.0446985825157278,9.450124853024317,2.0646533430799234,0.0,0.0,0.0,0.563108240327979,0.0,0,0.0,0,9.450124853024317,,,,,,,,,,,
8842,6/15/1991,2.707,0.262,6.000,3.269,0.262,0.0,3.007,0.0,0.0,0.0,9.450124853024317,0.0,0.0,0.8771927265504795,8.572932126473837,1.7567847877028304,0.0,0.0,0.0,0.4674142085751804,0.0,0,0.0,0,8.572932126473837,,,,,,,,,,,
8843,6/16/1991,4.563,4.920,6.000,3.269,3.269,1.6509999999999998,0.0,0,1.5615585542815698,0.0,10.134490680755407,0.0,0.0,0.9856036976706076,9.1488869830848,1.9565731102437207,0.08944144571842999,0.08944144571842999,0.0,0.5292235906488615,0.08944144571842999,0,0.0,0,9.1488869830848,,,,,,,,,,,
8844,6/17/1991,3.884,5.102,6.000,3.269,3.269,1.8330000000000002,0.0,0,1.8330000000000002,0.08944144571842999,10.982285132344204,0.0,0.08944144571842999,1.1268176384713906,9.855467493872814,2.2139491782336145,9.929995239236212e-18,9.929995239236212e-18,0.0003981492594030445,0.6104033232521127,0.08904329645902696,0,0.0,0,9.855467493872814,,,,,,,,,,,
8845,6/18/1991,3.123,1.425,6.000,3.269,1.425,0.0,1.844,0.0,0.0,0.08904329645902696,9.855467493872814,0.08904329645902696,0.0,0.9407939035663733,8.91467359030644,1.8742395036950121,0.0,0.0,0.0,0.5036185070517164,0.0,0,0.0,0,8.91467359030644,,,,,,,,,,,
8846,6/19/1991,3.002,2.167,6.000,3.269,2.167,0.0,1.1020000000000003,0.0,0.0,0.0,8.91467359030644,0.0,0.0,0.7959299645211968,8.118743625785244,1.6056308287553096,0.0,0.0,0.0,0.4214088359069511,0.0,0,0.0,0,8.118743625785244,,,,,,,,,,,
8847,6/20/1991,2.707,0.979,6.000,3.269,0.979,0.0,2.29,0.0,0.0,0.0,8.118743625785244,0.0,0.0,0.6810523415387464,7.4376912842464975,1.3896623216828607,0.0,0.0,0.0,0.35690690798798513,0.0,0,0.0,0,7.4376912842464975,,,,,,,,,,,
8848,6/21/1991,2.535,2.162,6.000,3.269,2.162,0.0,1.1070000000000002,0.0,0.0,0.0,7.4376912842464975,0.0,0.0,0.5885219856824734,6.849169298564024,1.2135013181863972,0.0,0.0,0.0,0.30546695514699207,0.0,0,0.0,0,6.849169298564024,,,,,,,,,,,
8849,6/22/1991,2.423,3.701,6.000,3.269,3.269,0.43199999999999994,0.0,0,0.3425699640704126,0.0,7.191739262634437,0.0,0.0,0.5564451148802838,6.635294147754153,1.1519183942884201,0.0894300359295873,0.0894300359295873,0.0,0.28775459812255233,0.0894300359295873,0,0.0,0,6.635294147754153,,,,,,,,,,,
8850,6/23/1991,2.258,4.088,6.000,3.269,3.269,0.819,0.0,0,0.8189885902112842,0.0894300359295873,7.454680836434081,0.0,0.0894300359295873,0.5907642442625815,6.863916592171499,1.217795760425882,1.1409788715711088e-05,1.1409788715711088e-05,0.00039809846864333377,0.3067075143790954,0.08904334724965968,0,0.0,0,6.863916592171499,,,,,,,,,,,
8851,6/24/1991,3.624,4.295,6.000,3.269,3.269,1.0259999999999998,0.0,0,1.025601901531273,0.08904334724965968,7.889914870823887,0.0,0.08904334724965968,0.6493611572865077,7.240553713537379,1.3295647410255462,0.000398098468726952,0.000398098468726952,0.0003963771211148356,0.33923377404449095,0.08904506859727179,0,0.0,0,7.240553713537379,,,,,,,,,,,
8852,6/25/1991,2.204,2.646,6.000,3.269,2.646,0.0,0.6230000000000002,0.0,0.0,0.08904506859727179,7.240713826134083,0.053076893876878625,0.03596817472039317,0.5627749396717483,6.677938886462335,1.1640930298084093,0.0,0.0,0.00016011259670473967,0.29124463050734756,0.03580806212368843,0,0.0,0,6.677938886462335,,,,,,,,,,,
8853,6/26/1991,2.942,4.478,6.000,3.269,3.269,1.2089999999999996,0.0,0,1.155366616405397,0.03580806212368843,7.833464902722024,0.0,0.03580806212368843,0.6416363326889758,7.1918285700330475,1.3148793577393556,0.053633383594602485,0.053633383594602485,0.0001593998542922369,0.33493438586981383,0.08928204586399867,0,0.0,0,7.1918285700330475,,,,,,,,,,,
8854,6/27/1991,3.884,6.324,6.000,3.269,3.269,3.0549999999999997,0.0,0,3.0548406001455684,0.08928204586399867,10.247066609868385,0.0,0.08928204586399867,1.0039183138927548,9.243148295975631,1.9901289243283382,0.00015939985443133353,0.00015939985443133353,0.00039743968976806144,0.5397111515246168,0.08904400602866194,0,0.0,0,9.243148295975631,,,,,,,,,,,
8855,6/28/1991,4.703,4.455,6.000,3.269,3.269,1.186,0.0,0,1.1856025603102331,0.08904400602866194,10.429147236339539,0.0,0.08904400602866194,1.0338251886753635,9.395322047664175,2.0448082405815233,0.0003974396897668518,0.0003974396897668518,0.0003963800536744533,0.5568638122822787,0.08904506566475434,0,0.0,0,9.395322047664175,,,,,,,,,,,
8856,6/29/1991,3.370,1.098,6.000,3.269,1.098,0.0,2.1710000000000003,0.0,0.0,0.08904506566475434,9.395322047664175,0.08904506566475434,0.0,0.8687308215416197,8.526591226122555,1.7411032331705296,0.0,0.0,0.0,0.4626101017330487,0.0,0,0.0,0,8.526591226122555,,,,,,,,,,,
8857,6/30/1991,2.942,1.411,6.000,3.269,1.411,0.0,1.858,0.0,0.0,0.0,8.526591226122555,0.0,0.0,0.7390233882178653,7.78756783790469,1.499001216642776,0.0,0.0,0.0,0.38937413049503933,0.0,0,0.0,0,7.78756783790469,,,,,,,,,,,
8858,7/1/1991,4.845,5.797,7.000,3.463,3.463,2.3339999999999996,0.0,0,2.2445585542815696,0.0,10.03212639218626,0.0,0.0,0.9690676662083082,9.063058725977951,1.9262288238273324,0.08944144571843,0.08944144571843,0.0,0.5197655102274433,0.08944144571843,0,0.0,0,9.063058725977951,,,,,,,,,,,
8859,7/2/1991,3.062,4.776,7.000,3.463,3.463,1.3129999999999997,0.0,0,1.3129999999999997,0.08944144571843,10.376456875237356,0.0,0.08944144571843,1.0251346674873434,9.351322207750012,2.02893380504744,0.0,0.0,0.00039814925940304455,0.5518760796841784,0.08904329645902696,0,0.0,0,9.351322207750012,,,,,,,,,,,
8860,7/3/1991,6.425,7.162,7.000,3.463,3.463,3.699,0.0,0,3.6986018507405967,0.08904329645902696,13.050320435385629,0.0,0.08904329645902696,1.5022229887021785,11.54809744668345,2.884900209349457,0.0003981492594030382,0.0003981492594030382,0.0003963768950199571,0.8293061120484054,0.08904506882341005,0,0.0,0,11.54809744668345,,,,,,,,,,,
8861,7/4/1991,4.424,8.657,7.000,3.463,3.463,5.194,0.0,0,5.19360362310498,0.08904506882341005,16.742097454573145,0.0,0.08904506882341005,2.2753535472839723,14.466743907289173,4.220487396364258,0.00039637689501995115,0.00039637689501995115,0.000396384784713162,1.290904522838001,0.08904506093371685,0,0.0,0,14.466743907289173,,,,,,,,,,,
8862,7/5/1991,4.287,4.794,7.000,3.463,3.463,1.3309999999999995,0.0,0,1.3306036152152865,0.08904506093371685,15.797743907254052,0.0,0.08904506093371685,2.0654953756441063,13.732248531609946,3.8631139638328684,0.0003963847847131139,0.0003963847847131139,0.0003963847495921342,1.164405426579217,0.08904506096883782,0,0.0,0,13.732248531609946,,,,,,,,,,,
8863,7/6/1991,3.123,0.167,7.000,3.463,0.167,0.0,3.2960000000000003,0.0,0.0,0.08904506096883782,13.732248531609946,0.08904506096883782,0.0,1.6353166913463666,12.09693184026358,3.1188164320833227,0.0,0.0,0.0,0.9078377284580001,0.0,0,0.0,0,12.09693184026358,,,,,,,,,,,
8864,7/7/1991,2.942,1.342,7.000,3.463,1.342,0.0,2.121,0.0,0.0,0.0,12.09693184026358,0.0,0.0,1.3238064744891234,10.773125365774456,2.5682230126277115,0.0,0.0,0.0,0.7247560800917756,0.0,0,0.0,0,10.773125365774456,,,,,,,,,,,
8865,7/8/1991,2.765,1.169,7.000,3.463,1.169,0.0,2.294,0.0,0.0,0.0,10.773125365774456,0.0,0.0,1.0912777510954417,9.681847614679015,2.149459883449197,0.0,0.0,0.0,0.5899058746694696,0.0,0,0.0,0,9.681847614679015,,,,,,,,,,,
8866,7/9/1991,2.942,0.902,7.000,3.463,0.902,0.0,2.561,0.0,0.0,0.0,9.681847614679015,0.0,0.0,0.9133337709175994,8.768513843761415,1.8236153788959542,0.0,0.0,0.0,0.4879666954785594,0.0,0,0.0,0,8.768513843761415,,,,,,,,,,,
8867,7/10/1991,0.000,1.123,7.000,3.463,1.123,0.0,2.34,0.0,0.0,0.0,8.768513843761415,0.0,0.0,0.7742997124880387,7.9942141312733765,1.565179537714336,0.0,0.0,0.0,0.40921404245072696,0.0,0,0.0,0,7.9942141312733765,,,,,,,,,,,
8868,7/11/1991,0.000,4.113,7.000,3.463,3.463,0.6500000000000004,0.0,0,0.5605586414282475,0.0,8.554772772701623,0.0,0.0,0.7430988266970213,7.811673946004602,1.5066601392049113,0.08944135857175282,0.08944135857175282,0.0,0.39166308837693153,0.08944135857175282,0,0.0,0,7.811673946004602,,,,,,,,,,,
8869,7/12/1991,0.000,3.318,7.000,3.463,3.318,0.0,0.14500000000000002,0.0,0.0,0.08944135857175282,7.812016869803169,0.012405926279094653,0.07703543229265818,0.6387110045060193,7.1733058652971495,1.3093143211876324,0.0,0.0,0.00034292379856730275,0.33330712928140094,0.07669250849409087,0,0.0,0,7.1733058652971495,,,,,,,,,,,
8870,7/13/1991,0.000,4.357,7.000,3.463,3.463,0.8940000000000001,0.0,0,0.8812510628042185,0.07669250849409087,8.0548983253721,0.0,0.07669250849409087,0.6721495043523168,7.382748821019784,1.3728033398978645,0.012748937195781665,0.012748937195781665,0.00034139727073298,0.3519365095491962,0.08910004841913956,0,0.0,0,7.382748821019784,,,,,,,,,,,
8871,7/14/1991,0.000,1.928,7.000,3.463,1.928,0.0,1.5350000000000001,0.0,0.0,0.08910004841913956,7.382748821019784,0.08910004841913956,0.0,0.5812941239484445,6.80145469707134,1.1996491971039007,0.0,0.0,0.0,0.3014701674111745,0.0,0,0.0,0,6.80145469707134,,,,,,,,,,,
8872,7/15/1991,0.000,3.422,7.000,3.463,3.422,0.0,0.040999999999999925,0.0,0.0,0.0,6.80145469707134,0.0,0.0,0.5070321064957057,6.294422590575634,1.0564840595276084,0.0,0.0,0.0,0.2606021082351661,0.0,0,0.0,0,6.294422590575634,,,,,,,,,,,
8873,7/16/1991,0.000,7.074,7.000,3.463,3.463,3.6109999999999998,0.0,0,3.5215585542815697,0.0,9.815981144857204,0.0,0.0,0.9345200794219973,8.881461065435207,1.862684894252149,0.08944144571843,0.08944144571843,0.0,0.5000398512435094,0.08944144571843,0,0.0,0,8.881461065435207,,,,,,,,,,,
8874,7/17/1991,0.000,1.943,7.000,3.463,1.943,0.0,1.52,0.0,0.0,0.08944144571843,8.881461065435207,0.08944144571843,0.0,0.7909939076359354,8.090467157799273,1.596408108883782,0.0,0.0,0.0,0.4186240228775735,0.0,0,0.0,0,8.090467157799273,,,,,,,,,,,
8875,7/18/1991,0.000,3.102,7.000,3.463,3.102,0.0,0.3610000000000002,0.0,0.0,0.0,8.090467157799273,0.0,0.0,0.6771035801724746,7.413363577626798,1.3821869709312573,0.0,0.0,0.0,0.35470180820950703,0.0,0,0.0,0,7.413363577626798,,,,,,,,,,,
8876,7/19/1991,0.000,1.317,7.000,3.463,1.317,0.0,2.146,0.0,0.0,0.0,7.413363577626798,0.0,0.0,0.5853171886816562,6.828046388945142,1.2073610772891914,0.0,0.0,0.0,0.30369439892630956,0.0,0,0.0,0,6.828046388945142,,,,,,,,,,,
8877,7/20/1991,0.000,1.184,7.000,3.463,1.184,0.0,2.279,0.0,0.0,0.0,6.828046388945142,0.0,0.0,0.5103403216361181,6.317706067309024,1.0628959397604099,0.0,0.0,0.0,0.26241472141134004,0.0,0,0.0,0,6.317706067309024,,,,,,,,,,,
8878,7/21/1991,0.000,1.317,7.000,3.463,1.317,0.0,2.146,0.0,0.0,0.0,6.317706067309024,0.0,0.0,0.44836476085601384,5.869341306453011,0.9422027775146447,0.0,0.0,0.0,0.22859142236586322,0.0,0,0.0,0,5.869341306453011,,,,,,,,,,,
8879,7/22/1991,0.000,1.671,7.000,3.463,1.671,0.0,1.792,0.0,0.0,0.0,5.869341306453011,0.0,0.0,0.396595746998622,5.472745559454389,0.8403842898352163,0.0,0.0,0.0,0.2005720614402453,0.0,0,0.0,0,5.472745559454389,,,,,,,,,,,
8880,7/23/1991,0.000,1.864,7.000,3.463,1.864,0.0,1.599,0.0,0.0,0.0,5.472745559454389,0.0,0.0,0.3529456823023222,5.119799877152067,0.7537389357612937,0.0,0.0,0.0,0.17713244314033302,0.0,0,0.0,0,5.119799877152067,,,,,,,,,,,
8881,7/24/1991,0.000,1.478,7.000,3.463,1.478,0.0,1.985,0.0,0.0,0.0,5.119799877152067,0.0,0.0,0.31583051412569607,4.803969363026371,0.6794270050227934,0.0,0.0,0.0,0.15735089093024995,0.0,0,0.0,0,4.803969363026371,,,,,,,,,,,
8882,7/25/1991,0.000,0.201,7.000,3.463,0.201,0.0,3.262,0.0,0.0,0.0,4.803969363026371,0.0,0.0,0.2840312726323834,4.519938090393988,0.6152407290107204,0.0,0.0,0.0,0.14052340764129506,0.0,0,0.0,0,4.519938090393988,,,,,,,,,,,
8883,7/26/1991,0.000,0.766,7.000,3.463,0.766,0.0,2.697,0.0,0.0,0.0,4.519938090393988,0.0,0.0,0.2565979929706388,4.263340097423349,0.5594429188350415,0.0,0.0,0.0,0.1261052361021308,0.0,0,0.0,0,4.263340097423349,,,,,,,,,,,
8884,7/27/1991,0.000,0.971,7.000,3.463,0.971,0.0,2.492,0.0,0.0,0.0,4.263340097423349,0.0,0.0,0.2327818288643288,4.03055826855902,0.5106517159914906,0.0,0.0,0.0,0.1136698551921542,0.0,0,0.0,0,4.03055826855902,,,,,,,,,,,
8885,7/28/1991,0.000,2.792,7.000,3.463,2.792,0.0,0.6710000000000003,0.0,0.0,0.0,4.03055826855902,0.0,0.0,0.21198629503045563,3.818571973528565,0.46775697516239023,0.0,0.0,0.0,0.10287972637369412,0.0,0,0.0,0,3.818571973528565,,,,,,,,,,,
8886,7/29/1991,2.204,6.641,7.000,3.463,3.463,3.178,0.0,0,3.08855855428157,0.0,6.907130527810135,0.0,0.0,0.5202297887935197,6.386900739016615,1.0820437086379484,0.08944144571843,0.08944144571843,0.0,0.26783787920171254,0.08944144571843,0,0.0,0,6.386900739016615,,,,,,,,,,,
8887,7/30/1991,9.485,26.408,7.000,3.463,3.463,22.945,0.0,0,22.945,0.08944144571843,29.332298888276018,0.0,0.08944144571843,5.793521384885414,23.538777503390605,9.852442984593786,0.0,0.0,0.00039814925940304455,3.4953915781364793,0.08904329645902696,0,0.0,0,23.538777503390605,,,,,,,,,,,
8888,7/31/1991,5.653,13.943,7.000,3.463,3.463,10.48,0.0,0,10.479601850740597,0.08904329645902696,34.01877573102622,0.0,0.08904329645902696,7.417033578311247,26.60174215271497,12.29898307119681,0.0003981492594030382,0.0003981492594030382,0.0003963768950199571,4.5482365060708645,0.08904506882341005,0,0.0,0,26.60174215271497,,,,,,,,,,,
8889,8/1/1991,7.732,10.085,8.000,3.792,3.792,6.293000000000001,0.0,0,6.292603623104981,0.08904506882341005,32.894742160604665,0.0,0.08904506882341005,7.0130982400423045,25.88164392056236,11.69698625127282,0.00039637689501995115,0.00039637689501995115,0.000396384784713162,4.284719827173888,0.08904506093371685,0,0.0,0,25.88164392056236,,,,,,,,,,,
8890,8/2/1991,4.219,1.466,8.000,3.792,1.466,0.0,2.3259999999999996,0.0,0.0,0.08904506093371685,25.88164392056236,0.08904506093371685,0.0,4.702753420840713,21.178890499721646,8.163301902467941,0.0,0.0,0.0,2.7986239117547647,0.0,0,0.0,0,21.178890499721646,,,,,,,,,,,
8891,8/3/1991,3.560,0.633,8.000,3.792,0.633,0.0,3.159,0.0,0.0,0.0,21.178890499721646,0.0,0.0,3.366700264232648,17.812190235489,6.030939573902519,0.0,0.0,0.0,1.9599545445000166,0.0,0,0.0,0,17.812190235489,,,,,,,,,,,
8892,8/4/1991,3.002,1.203,8.000,3.792,1.203,0.0,2.5889999999999995,0.0,0.0,0.0,17.812190235489,0.0,0.0,2.5228687235625635,15.289321511926435,4.637760002014978,0.0,0.0,0.0,1.44108885294116,0.0,0,0.0,0,15.289321511926435,,,,,,,,,,,
8893,8/5/1991,1.993,2.636,8.000,3.792,2.636,0.0,1.1559999999999997,0.0,0.0,0.0,15.289321511926435,0.0,0.0,1.9558976895133344,13.333423822413101,3.675060547620913,0.0,0.0,0.0,1.0986721060411657,0.0,0,0.0,0,13.333423822413101,,,,,,,,,,,
8894,8/6/1991,1.790,0.187,8.000,3.792,0.187,0.0,3.605,0.0,0.0,0.0,13.333423822413101,0.0,0.0,1.556928199561415,11.776495622851685,2.9812743786856504,0.0,0.0,0.0,0.8615315834665203,0.0,0,0.0,0,11.776495622851685,,,,,,,,,,,
8895,8/7/1991,1.691,0.437,8.000,3.792,0.437,0.0,3.355,0.0,0.0,0.0,11.776495622851685,0.0,0.0,1.2658800913997654,10.51061553145192,2.4645788994320896,0.0,0.0,0.0,0.6910051858838425,0.0,0,0.0,0,10.51061553145192,,,,,,,,,,,
8896,8/8/1991,1.594,0.028,8.000,3.792,0.028,0.0,3.764,0.0,0.0,0.0,10.51061553145192,0.0,0.0,1.0473199151586328,9.463295616293287,2.0694348039914567,0.0,0.0,0.0,0.5646142741705983,0.0,0,0.0,0,9.463295616293287,,,,,,,,,,,
8897,8/9/1991,1.546,0.328,8.000,3.792,0.328,0.0,3.464,0.0,0.0,0.0,9.463295616293287,0.0,0.0,0.8792312647394137,8.584064351553874,1.7605606359617358,0.0,0.0,0.0,0.4685720119612723,0.0,0,0.0,0,8.584064351553874,,,,,,,,,,,
8898,8/10/1991,1.499,0.090,8.000,3.792,0.09,0.0,3.702,0.0,0.0,0.0,8.584064351553874,0.0,0.0,0.7473442874720555,7.836720064081819,1.5146348161957301,0.0,0.0,0.0,0.3940484173125373,0.0,0,0.0,0,7.836720064081819,,,,,,,,,,,
8899,8/11/1991,1.499,0.596,8.000,3.792,0.596,0.0,3.1959999999999997,0.0,0.0,0.0,7.836720064081819,0.0,0.0,0.6420807760945315,7.194639287987287,1.315724667112407,0.0,0.0,0.0,0.33518165679041617,0.0,0,0.0,0,7.194639287987287,,,,,,,,,,,
8900,8/12/1991,1.453,0.812,8.000,3.792,0.812,0.0,2.9799999999999995,0.0,0.0,0.0,7.194639287987287,0.0,0.0,0.5568191370228825,6.637820150964404,1.1526380896976216,0.0,0.0,0.0,0.2879607478426207,0.0,0,0.0,0,6.637820150964404,,,,,,,,,,,
8901,8/13/1991,1.499,0.189,8.000,3.792,0.189,0.0,3.6029999999999998,0.0,0.0,0.0,6.637820150964404,0.0,0.0,0.4868646544652858,6.150955496499118,1.0173232184449175,0.0,0.0,0.0,0.2495691111100136,0.0,0,0.0,0,6.150955496499118,,,,,,,,,,,
8902,8/14/1991,1.546,1.915,8.000,3.792,1.915,0.0,1.8769999999999998,0.0,0.0,0.0,6.150955496499118,0.0,0.0,0.42881511591122096,5.722140380587897,0.9038661985677556,0.0,0.0,0.0,0.21798396921090304,0.0,0,0.0,0,5.722140380587897,,,,,,,,,,,
8903,8/15/1991,1.740,2.152,8.000,3.792,2.152,0.0,1.6399999999999997,0.0,0.0,0.0,5.722140380587897,0.0,0.0,0.38015726234851177,5.341983118239385,0.8078439572975304,0.0,0.0,0.0,0.19172376617192743,0.0,0,0.0,0,5.341983118239385,,,,,,,,,,,
8904,8/16/1991,2.479,19.353,8.000,3.792,3.792,15.561000000000002,0.0,0,15.471558554281572,0.0,20.813541672520955,0.0,0.0,3.2704618665411775,17.54307980597978,5.874104727737451,0.08944144571843,0.08944144571843,0.0,1.900298630490251,0.08944144571843,0,0.0,0,17.54307980597978,,,,,,,,,,,
8905,8/17/1991,11.170,24.222,8.000,3.792,3.792,20.43,0.0,0,20.43,0.08944144571843,37.97347795523918,0.0,0.08944144571843,8.909084351905353,29.06439360333383,14.488922670366547,0.0,0.0,0.00039814925940304455,5.529473314468572,0.08904329645902696,0,0.0,0,29.06439360333383,,,,,,,,,,,
8906,8/18/1991,15.363,18.151,8.000,3.792,3.792,14.359,0.0,0,14.358601850740596,0.08904329645902696,43.42339183096944,0.0,0.08904329645902696,11.140517129531279,32.28287470143816,17.678721100497224,0.0003981492594030382,0.0003981492594030382,0.0003963768950199571,7.01687023608731,0.08904506882341005,0,0.0,0,32.28287470143816,,,,,,,,,,,
8907,8/19/1991,5.061,5.148,8.000,3.792,3.792,1.3559999999999999,0.0,0,1.35560362310498,0.08904506882341005,33.63887470932786,0.0,0.08904506882341005,7.279499888954233,26.359374820373624,12.094478570277918,0.0003963768950199242,0.0003963768950199242,0.000396384784713162,4.45840447709503,0.08904506093371682,0,0.0,0,26.359374820373624,,,,,,,,,,,
8908,8/20/1991,4.424,3.634,8.000,3.792,3.634,0.0,0.15799999999999992,0.0,0.0,0.08904506093371682,26.35971128377093,0.013460912588218556,0.07558414834549826,4.848419546630831,21.5112917371401,8.39130353095182,0.0,0.0,0.0003364633973058529,2.891107558922531,0.07524768494819241,0,0.0,0,21.5112917371401,,,,,,,,,,,
8909,8/21/1991,3.308,6.381,8.000,3.792,3.792,2.5890000000000004,0.0,0,2.574806239229763,0.07524768494819241,24.086432941997856,0.0,0.07524768494819241,4.171765856956524,19.91466708504133,7.3251613327284115,0.014193760770237596,0.014193760770237596,0.00033496562799569115,2.463136674903766,0.08910648009043431,0,0.0,0,19.91466708504133,,,,,,,,,,,
8910,8/22/1991,5.804,7.606,8.000,3.792,3.792,3.814,0.0,0,3.813665034372004,0.08910648009043431,23.72872877757076,0.0,0.08910648009043431,4.0690206953694945,19.659708082201263,7.1616388783443785,0.00033496562799569397,0.00033496562799569397,0.0003966581574240827,2.398533913844232,0.08904478756100592,0,0.0,0,19.659708082201263,,,,,,,,,,,
8911,8/23/1991,6.034,2.897,8.000,3.792,2.897,0.0,0.895,0.0,0.0,0.08904478756100592,19.65976503881702,0.0762498822928991,0.012794905268106824,2.9739225227543606,16.68584251606266,5.387676232992402,0.0,0.0,5.6956615758047105e-05,1.7172210772840675,0.012737948652348776,0,0.0,0,16.68584251606266,,,,,,,,,,,
8912,8/24/1991,4.845,2.069,8.000,3.792,2.069,0.0,1.7229999999999999,0.0,0.0,0.012737948652348776,16.68584251606266,0.012737948652348776,0.0,2.2626255067838783,14.423217009278781,4.198909504969578,0.0,0.0,0.0,1.2832096294932316,0.0,0,0.0,0,14.423217009278781,,,,,,,,,,,
8913,8/25/1991,4.287,1.738,8.000,3.792,1.738,0.0,2.054,0.0,0.0,0.0,14.423217009278781,0.0,0.0,1.7747451904496294,12.648471818829153,3.3619274562594152,0.0,0.0,0.0,0.9905594095789639,0.0,0,0.0,0,12.648471818829153,,,,,,,,,,,
8914,8/26/1991,4.355,2.946,8.000,3.792,2.946,0.0,0.8459999999999996,0.0,0.0,0.0,12.648471818829153,0.0,0.0,1.4259223422532143,11.222549476575939,2.749926499367736,0.0,0.0,0.0,0.78448873391386,0.0,0,0.0,0,11.222549476575939,,,,,,,,,,,
8915,8/27/1991,4.355,6.954,8.000,3.792,3.792,3.162,0.0,0,3.07255855428157,0.0,14.29510803085751,0.0,0.0,1.7485505052822503,12.54655752557526,3.316398219624927,0.08944144571843,0.08944144571843,0.0,0.9749846382696863,0.08944144571843,0,0.0,0,12.54655752557526,,,,,,,,,,,
8916,8/28/1991,3.884,1.152,8.000,3.792,1.152,0.0,2.6399999999999997,0.0,0.0,0.08944144571843,12.54655752557526,0.08944144571843,0.0,1.4068250141195746,11.139732511455685,2.716039474288642,0.0,0.0,0.0,0.7732957176872356,0.0,0,0.0,0,11.139732511455685,,,,,,,,,,,
8917,8/29/1991,2.707,3.283,8.000,3.792,3.283,0.0,0.5089999999999999,0.0,0.0,0.0,11.139732511455685,0.0,0.0,1.1538704438295186,9.985862067626167,2.2629154684086186,0.0,0.0,0.0,0.6260345054500702,0.0,0,0.0,0,9.985862067626167,,,,,,,,,,,
8918,8/30/1991,2.535,0.968,8.000,3.792,0.968,0.0,2.824,0.0,0.0,0.0,9.985862067626167,0.0,0.0,0.9616308400928556,9.024231227533312,1.9125671563198743,0.0,0.0,0.0,0.5155153338959962,0.0,0,0.0,0,9.024231227533312,,,,,,,,,,,
8919,8/31/1991,2.368,0.203,8.000,3.792,0.203,0.0,3.589,0.0,0.0,0.0,9.024231227533312,0.0,0.0,0.8122994063847464,8.211931821148566,1.6361814064875984,0.0,0.0,0.0,0.4306522082860329,0.0,0,0.0,0,8.211931821148566,,,,,,,,,,,
8920,9/1/1991,1.529,0.403,9.000,4.609,0.403,0.0,4.2059999999999995,0.0,0.0,0.0,8.211931821148566,0.0,0.0,0.6941308336130795,7.5178009875354865,1.4143953981867894,0.0,0.0,0.0,0.3642162907748897,0.0,0,0.0,0,7.5178009875354865,,,,,,,,,,,
8921,9/2/1991,1.575,0.453,9.000,4.609,0.453,0.0,4.156,0.0,0.0,0.0,7.5178009875354865,0.0,0.0,0.5991246009045476,6.918676386630939,1.2337960981881473,0.0,0.0,0.0,0.3113357151296739,0.0,0,0.0,0,6.918676386630939,,,,,,,,,,,
8922,9/3/1991,1.673,0.235,9.000,4.609,0.235,0.0,4.374,0.0,0.0,0.0,6.918676386630939,0.0,0.0,0.5216799437804597,6.3969964428504795,1.0848490079008106,0.0,0.0,0.0,0.2686336846163774,0.0,0,0.0,0,6.3969964428504795,,,,,,,,,,,
8923,9/4/1991,1.632,0.000,9.000,4.609,0.0,0.0,4.609,0.0,0.0,0.0,6.3969964428504795,0.0,0.0,0.45778261258321457,5.939213830267265,0.9606240798488294,0.0,0.0,0.0,0.23371241654823757,0.0,0,0.0,0,5.939213830267265,,,,,,,,,,,
8924,9/5/1991,1.617,0.032,9.000,4.609,0.032,0.0,4.577,0.0,0.0,0.0,5.939213830267265,0.0,0.0,0.40449582850990606,5.534718001757359,0.8559855568959429,0.0,0.0,0.0,0.204833072224465,0.0,0,0.0,0,5.534718001757359,,,,,,,,,,,
8925,9/6/1991,1.544,0.185,9.000,4.609,0.185,0.0,4.424,0.0,0.0,0.0,5.534718001757359,0.0,0.0,0.3596319557949686,5.175086045962391,0.767061802949426,0.0,0.0,0.0,0.18071109365619276,0.0,0,0.0,0,5.175086045962391,,,,,,,,,,,
8926,9/7/1991,1.575,1.674,9.000,4.609,1.674,0.0,2.935,0.0,0.0,0.0,5.175086045962391,0.0,0.0,0.3215351104953895,4.853550935467001,0.6908895340596537,0.0,0.0,0.0,0.16038179716222575,0.0,0,0.0,0,4.853550935467001,,,,,,,,,,,
8927,9/8/1991,1.439,1.612,9.000,4.609,1.612,0.0,2.997,0.0,0.0,0.0,4.853550935467001,0.0,0.0,0.2889338541348897,4.564617081332111,0.6251697254072109,0.0,0.0,0.0,0.14311000288480363,0.0,0,0.0,0,4.564617081332111,,,,,,,,,,,
8928,9/9/1991,1.353,0.590,9.000,4.609,0.59,0.0,4.019,0.0,0.0,0.0,4.564617081332111,0.0,0.0,0.26083930224464263,4.3037777790874685,0.5680967993869738,0.0,0.0,0.0,0.1283279860328795,0.0,0,0.0,0,4.3037777790874685,,,,,,,,,,,
8929,9/10/1991,1.367,0.236,9.000,4.609,0.236,0.0,4.373,0.0,0.0,0.0,4.3037777790874685,0.0,0.0,0.23647333490029887,4.06730444418717,0.5182369600195597,0.0,0.0,0.0,0.11559206650400072,0.0,0,0.0,0,4.06730444418717,,,,,,,,,,,
8930,9/11/1991,1.423,0.684,9.000,4.609,0.684,0.0,3.925,0.0,0.0,0.0,4.06730444418717,0.0,0.0,0.21521716851531802,3.8520872756718516,0.47444013873300744,0.0,0.0,0.0,0.10455171974841221,0.0,0,0.0,0,3.8520872756718516,,,,,,,,,,,
8931,9/12/1991,1.346,0.251,9.000,4.609,0.251,0.0,4.358,0.0,0.0,0.0,3.8520872756718516,0.0,0.0,0.1965739547270712,3.6555133209447805,0.4357753367421732,0.0,0.0,0.0,0.09492725735676079,0.0,0,0.0,0,3.6555133209447805,,,,,,,,,,,
8932,9/13/1991,1.298,0.004,9.000,4.609,0.004,0.0,4.605,0.0,0.0,0.0,3.6555133209447805,0.0,0.0,0.18014120464567196,3.4753721162991087,0.4014825168680734,0.0,0.0,0.0,0.0864934727739059,0.0,0,0.0,0,3.4753721162991087,,,,,,,,,,,
8933,9/14/1991,1.315,0.233,9.000,4.609,0.233,0.0,4.376,0.0,0.0,0.0,3.4753721162991087,0.0,0.0,0.1655902004317463,3.3097819158673625,0.37093637399208795,0.0,0.0,0.0,0.07906750359284301,0.0,0,0.0,0,3.3097819158673625,,,,,,,,,,,
8934,9/15/1991,1.304,0.229,9.000,4.609,0.229,0.0,4.38,0.0,0.0,0.0,3.3097819158673625,0.0,0.0,0.15265044537799385,3.1571314704893685,0.3436187466269081,0.0,0.0,0.0,0.07249971677029454,0.0,0,0.0,0,3.1571314704893685,,,,,,,,,,,
8935,9/16/1991,1.273,0.009,9.000,4.609,0.009,0.0,4.6,0.0,0.0,0.0,3.1571314704893685,0.0,0.0,0.14109779387696988,3.0160336766123987,0.31909739243345675,0.0,0.0,0.0,0.0666667893074546,0.0,0,0.0,0,3.0160336766123987,,,,,,,,,,,
8936,9/17/1991,1.296,0.017,9.000,4.609,0.017,0.0,4.592,0.0,0.0,0.0,3.0160336766123987,0.0,0.0,0.13074530084245364,2.885288375769945,0.29700950424352485,0.0,0.0,0.0,0.06146640263851639,0.0,0,0.0,0,2.885288375769945,,,,,,,,,,,
8937,9/18/1991,1.374,0.918,9.000,4.609,0.918,0.0,3.691,0.0,0.0,0.0,2.885288375769945,0.0,0.0,0.12143610285168163,2.7638522729182635,0.27704879469508914,0.0,0.0,0.0,0.056813136343959056,0.0,0,0.0,0,2.7638522729182635,,,,,,,,,,,
8938,9/19/1991,1.270,0.325,9.000,4.609,0.325,0.0,4.284,0.0,0.0,0.0,2.7638522729182635,0.0,0.0,0.11303783264588668,2.650814440272377,0.25895529371549014,0.0,0.0,0.0,0.05263526243730309,0.0,0,0.0,0,2.650814440272377,,,,,,,,,,,
8939,9/20/1991,1.303,0.413,9.000,4.609,0.413,0.0,4.196,0.0,0.0,0.0,2.650814440272377,0.0,0.0,0.10543820183323,2.5453762384391467,0.24250722719395712,0.0,0.0,0.0,0.04887222240681399,0.0,0,0.0,0,2.5453762384391467,,,,,,,,,,,
8940,9/21/1991,1.495,2.653,9.000,4.609,2.653,0.0,1.956,0.0,0.0,0.0,2.5453762384391467,0.0,0.0,0.0985414814662221,2.4468347569729247,0.22751450591475003,0.0,0.0,0.0,0.045472626530645814,0.0,0,0.0,0,2.4468347569729247,,,,,,,,,,,
8941,9/22/1991,1.261,0.985,9.000,4.609,0.985,0.0,3.624,0.0,0.0,0.0,2.4468347569729247,0.0,0.0,0.09226567842988705,2.3545690785430375,0.21381347035543855,0.0,0.0,0.0,0.04239265606613244,0.0,0,0.0,0,2.3545690785430375,,,,,,,,,,,
8942,9/23/1991,1.344,1.223,9.000,4.609,1.223,0.0,3.386,0.0,0.0,0.0,2.3545690785430375,0.0,0.0,0.08654025523368976,2.268028823309348,0.2012626223058211,0.0,0.0,0.0,0.03959477866217216,0.0,0,0.0,0,2.268028823309348,,,,,,,,,,,
8943,9/24/1991,1.238,0.235,9.000,4.609,0.235,0.0,4.374,0.0,0.0,0.0,2.268028823309348,0.0,0.0,0.08130427727632261,2.1867245460330254,0.189739137372577,0.0,0.0,0.0,0.037046709099110973,0.0,0,0.0,0,2.1867245460330254,,,,,,,,,,,
8944,9/25/1991,1.336,0.883,9.000,4.609,0.883,0.0,3.726,0.0,0.0,0.0,2.1867245460330254,0.0,0.0,0.07650489869346407,2.1102196473395614,0.17913599951724954,0.0,0.0,0.0,0.034720563519325794,0.0,0,0.0,0,2.1102196473395614,,,,,,,,,,,
8945,9/26/1991,1.235,0.030,9.000,4.609,0.03,0.0,4.579,0.0,0.0,0.0,2.1102196473395614,0.0,0.0,0.07209611811892645,2.038123529220635,0.1693596341971272,0.0,0.0,0.0,0.032592167269667995,0.0,0,0.0,0,2.038123529220635,,,,,,,,,,,
8946,9/27/1991,1.275,0.069,9.000,4.609,0.069,0.0,4.54,0.0,0.0,0.0,2.038123529220635,0.0,0.0,0.06803775093319234,1.9700857782874426,0.16032794353983035,0.0,0.0,0.0,0.03064048545499625,0.0,0,0.0,0,1.9700857782874426,,,,,,,,,,,
8947,9/28/1991,1.280,0.287,9.000,4.609,0.287,0.0,4.322,0.0,0.0,0.0,1.9700857782874426,0.0,0.0,0.06429457615376995,1.9057912021336727,0.1519686675048688,0.0,0.0,0.0,0.028847152095496504,0.0,0,0.0,0,1.9057912021336727,,,,,,,,,,,
8948,9/29/1991,1.332,1.003,9.000,4.609,1.003,0.0,3.606,0.0,0.0,0.0,1.9057912021336727,0.0,0.0,0.06083562498355678,1.8449555771501158,0.14421801077633697,0.0,0.0,0.0,0.027196078958941657,0.0,0,0.0,0,1.8449555771501158,,,,,,,,,,,
8949,9/30/1991,1.373,1.828,9.000,4.609,1.828,0.0,2.7809999999999997,0.0,0.0,0.0,1.8449555771501158,0.0,0.0,0.05763358486161152,1.7873219922885042,0.1370194873629296,0.0,0.0,0.0,0.025673129114077924,0.0,0,0.0,0,1.7873219922885042,,,,,,,,,,,
8950,10/1/1991,1.058,0.027,10.000,5.054,0.027,0.0,5.027,0.0,0.0,0.0,1.7873219922885042,0.0,0.0,0.0546642981565458,1.7326576941319585,0.13032294441719103,0.0,0.0,0.0,0.02426584332288104,0.0,0,0.0,0,1.7326576941319585,,,,,,,,,,,
8951,10/2/1991,1.058,0.000,10.000,5.054,0.0,0.0,5.054,0.0,0.0,0.0,1.7326576941319585,0.0,0.0,0.05190633877565048,1.680751355356308,0.12408373426480605,0.0,0.0,0.0,0.0229632097778406,0.0,0,0.0,0,1.680751355356308,,,,,,,,,,,
8952,10/3/1991,1.017,0.152,10.000,5.054,0.152,0.0,4.902,0.0,0.0,0.0,1.680751355356308,0.0,0.0,0.04934065320734329,1.6314107021489648,0.11826200953431806,0.0,0.0,0.0,0.021755469558797813,0.0,0,0.0,0,1.6314107021489648,,,,,,,,,,,
8953,10/4/1991,0.977,0.912,10.000,5.054,0.912,0.0,4.142,0.0,0.0,0.0,1.6314107021489648,0.0,0.0,0.046950255075925956,1.5844604470730388,0.11282212095702732,0.0,0.0,0.0,0.0206339516537785,0.0,0,0.0,0,1.5844604470730388,,,,,,,,,,,
8954,10/5/1991,0.977,0.091,10.000,5.054,0.091,0.0,4.963,0.0,0.0,0.0,1.5844604470730388,0.0,0.0,0.04471996432066205,1.5397404827523768,0.10773210113782064,0.0,0.0,0.0,0.01959093255101267,0.0,0,0.0,0,1.5397404827523768,,,,,,,,,,,
8955,10/6/1991,0.898,0.000,10.000,5.054,0.0,0.0,5.054,0.0,0.0,0.0,1.5397404827523768,0.0,0.0,0.042636183733123355,1.4971042990192536,0.1029632205874283,0.0,0.0,0.0,0.018619516333896538,0.0,0,0.0,0,1.4971042990192536,,,,,,,,,,,
8956,10/7/1991,0.898,0.006,10.000,5.054,0.006,0.0,5.048,0.0,0.0,0.0,1.4971042990192536,0.0,0.0,0.04068670688707983,1.4564175921321738,0.09848960471382863,0.0,0.0,0.0,0.01771353194948317,0.0,0,0.0,0,1.4564175921321738,,,,,,,,,,,
8957,10/8/1991,1.361,0.006,10.000,5.054,0.006,0.0,5.048,0.0,0.0,0.0,1.4564175921321738,0.0,0.0,0.03886055254259905,1.4175570395895747,0.09428790241761109,0.0,0.0,0.0,0.01686744491431056,0.0,0,0.0,0,1.4175570395895747,,,,,,,,,,,
8958,10/9/1991,1.100,0.642,10.000,5.054,0.642,0.0,4.412,0.0,0.0,0.0,1.4175570395895747,0.0,0.0,0.037147821453470134,1.3804092181361045,0.09033699851792558,0.0,0.0,0.0,0.016076281199858742,0.0,0,0.0,0,1.3804092181361045,,,,,,,,,,,
8959,10/10/1991,0.540,2.287,10.000,5.054,2.287,0.0,2.7670000000000003,0.0,0.0,0.0,1.3804092181361045,0.0,0.0,0.03553957219570434,1.3448696459404001,0.0866177635261258,0.0,0.0,0.0,0.015335561427553969,0.0,0,0.0,0,1.3448696459404001,,,,,,,,,,,
8960,10/11/1991,0.607,3.266,10.000,5.054,3.266,0.0,1.7880000000000003,0.0,0.0,0.0,1.3448696459404001,0.0,0.0,0.034027713196764134,1.310841932743636,0.08311283534126461,0.0,0.0,0.0,0.014641243818575539,0.0,0,0.0,0,1.310841932743636,,,,,,,,,,,
8961,10/12/1991,0.540,0.136,10.000,5.054,0.136,0.0,4.918,0.0,0.0,0.0,1.310841932743636,0.0,0.0,0.03260490860548571,1.2782370241381502,0.0798064283108041,0.0,0.0,0.0,0.013989674601287846,0.0,0,0.0,0,1.2782370241381502,,,,,,,,,,,
8962,10/13/1991,0.898,4.100,10.000,5.054,4.1,0.0,0.9540000000000006,0.0,0.0,0.0,1.2782370241381502,0.0,0.0,0.03126449602119042,1.2469725281169597,0.07668416581730716,0.0,0.0,0.0,0.0133775447903128,0.0,0,0.0,0,1.2469725281169597,,,,,,,,,,,
8963,10/14/1991,1.840,1.690,10.000,5.054,1.69,0.0,3.3640000000000003,0.0,0.0,0.0,1.2469725281169597,0.0,0.0,0.030000414412904877,1.2169721137040548,0.07373293314611644,0.0,0.0,0.0,0.012801852425072879,0.0,0,0.0,0,1.2169721137040548,,,,,,,,,,,
8964,10/15/1991,1.272,2.502,10.000,5.054,2.502,0.0,2.5520000000000005,0.0,0.0,0.0,1.2169721137040548,0.0,0.0,0.028807140818383137,1.1881649728856716,0.07094074788294409,0.0,0.0,0.0,0.012259869499200068,0.0,0,0.0,0,1.1881649728856716,,,,,,,,,,,
8965,10/16/1991,0.508,0.282,10.000,5.054,0.282,0.0,4.772,0.0,0.0,0.0,1.1881649728856716,0.0,0.0,0.02767963462769173,1.1604853382579798,0.06829664550219623,0.0,0.0,0.0,0.011749112931195564,0.0,0,0.0,0,1.1604853382579798,,,,,,,,,,,
8966,10/17/1991,0.676,0.485,10.000,5.054,0.485,0.0,4.569,0.0,0.0,0.0,1.1604853382579798,0.0,0.0,0.026613288435448284,1.1338720498225316,0.06579057815145874,0.0,0.0,0.0,0.011267319025674906,0.0,0,0.0,0,1.1338720498225316,,,,,,,,,,,
8967,10/18/1991,0.898,0.213,10.000,5.054,0.213,0.0,4.841,0.0,0.0,0.0,1.1338720498225316,0.0,0.0,0.025603884595809367,1.1082681652267223,0.06341332492676291,0.0,0.0,0.0,0.010812420957082455,0.0,0,0.0,0,1.1082681652267223,,,,,,,,,,,
8968,10/19/1991,0.898,0.691,10.000,5.054,0.691,0.0,4.363,0.0,0.0,0.0,1.1082681652267223,0.0,0.0,0.02464755674016239,1.08362060848656,0.061156412176668985,0.0,0.0,0.0,0.010382528876839905,0.0,0,0.0,0,1.08362060848656,,,,,,,,,,,
8969,10/20/1991,0.937,1.572,10.000,5.054,1.572,0.0,3.482,0.0,0.0,0.0,1.08362060848656,0.0,0.0,0.02374075562338861,1.0598798528631714,0.05901204257868356,0.0,0.0,0.0,0.009975912302876725,0.0,0,0.0,0,1.0598798528631714,,,,,,,,,,,
8970,10/21/1991,0.898,1.077,10.000,5.054,1.077,0.0,3.9770000000000003,0.0,0.0,0.0,1.0598798528631714,0.0,0.0,0.022880218753945192,1.0369996341092262,0.05697303190546531,0.0,0.0,0.0,0.009590984499299448,0.0,0,0.0,0,1.0369996341092262,,,,,,,,,,,
8971,10/22/1991,1.142,6.575,10.000,5.054,5.054,1.521,0.0,0,1.4315585542815703,0.0,2.4685581883907965,0.0,0.0,0.09363496643786287,2.3749232219529337,0.21680773895833613,0.0894414457184297,0.0894414457184297,0.0,0.043063516492594565,0.0894414457184297,0,0.0,0,2.3749232219529337,,,,,,,,,,,
8972,10/23/1991,1.642,1.812,10.000,5.054,1.812,0.0,3.242,0.0,0.0,0.0894414457184297,2.3749232219529337,0.0894414457184297,0.0,0.08779067763219445,2.2871325443207393,0.20400804476773934,0.0,0.0,0.0,0.04020481804077831,0.0,0,0.0,0,2.2871325443207393,,,,,,,,,,,
8973,10/24/1991,1.100,5.018,10.000,5.054,5.018,0.0,0.036000000000000476,0.0,0.0,0.0,2.2871325443207393,0.0,0.0,0.08244886229978939,2.20468368202095,0.19226202365723336,0.0,0.0,0.0,0.0376028187384651,0.0,0,0.0,0,2.20468368202095,,,,,,,,,,,
8974,10/25/1991,1.840,6.047,10.000,5.054,5.054,0.9929999999999994,0.0,0,0.9035585543222409,0.0,3.108242236343191,0.0,0.0,0.13747504604456204,2.970767190298629,0.3113806313217519,0.08944144567775857,0.08944144567775857,0.0,0.06484401319273145,0.08944144567775857,0,0.0,0,2.970767190298629,,,,,,,,,,,
8975,10/26/1991,1.890,0.939,10.000,5.054,0.939,0.0,4.115,0.0,0.0,0.08944144567775857,2.970767190298629,0.08944144567775857,0.0,0.12749118054060052,2.843276009758028,0.29004302695816764,0.0,0.0,0.0,0.05983724673610746,0.0,0,0.0,0,2.843276009758028,,,,,,,,,,,
8976,10/27/1991,1.058,1.798,10.000,5.054,1.798,0.0,3.2560000000000002,0.0,0.0,0.0,2.843276009758028,0.0,0.0,0.11850340038249378,2.7247726093755342,0.27074005029295484,0.0,0.0,0.0,0.05535197890947744,0.0,0,0.0,0,2.7247726093755342,,,,,,,,,,,
8977,10/28/1991,0.676,0.211,10.000,5.054,0.211,0.0,4.843,0.0,0.0,0.0,2.7247726093755342,0.0,0.0,0.11038656504654436,2.61438604432899,0.25322545276580816,0.0,0.0,0.0,0.051320507852548665,0.0,0,0.0,0,2.61438604432899,,,,,,,,,,,
8978,10/29/1991,0.676,0.593,10.000,5.054,0.593,0.0,4.461,0.0,0.0,0.0,2.61438604432899,0.0,0.0,0.10303433493488384,2.511351709394106,0.23728882209045052,0.0,0.0,0.0,0.04768557364723932,0.0,0,0.0,0,2.511351709394106,,,,,,,,,,,
8979,10/30/1991,0.676,0.388,10.000,5.054,0.388,0.0,4.666,0.0,0.0,0.0,2.511351709394106,0.0,0.0,0.09635590678512596,2.41499580260898,0.2227495302332455,0.0,0.0,0.0,0.04439850539048593,0.0,0,0.0,0,2.41499580260898,,,,,,,,,,,
8980,10/31/1991,0.676,0.943,10.000,5.054,0.943,0.0,4.111000000000001,0.0,0.0,0.0,2.41499580260898,0.0,0.0,0.09027338860702461,2.3247224140019553,0.20945183809565548,0.0,0.0,0.0,0.04141773798730942,0.0,0,0.0,0,2.3247224140019553,,,,,,,,,,,
8981,11/1/1991,0.676,0.039,11.000,5.054,0.039,0.0,5.015000000000001,0.0,0.0,0.0,2.3247224140019553,0.0,0.0,0.08471967531904165,2.2400027386829136,0.19726091130465392,0.0,0.0,0.0,0.03870761712346978,0.0,0,0.0,0,2.2400027386829136,,,,,,,,,,,
8982,11/2/1991,0.676,0.090,11.000,5.054,0.09,0.0,4.964,0.0,0.0,0.0,2.2400027386829136,0.0,0.0,0.07963671919349272,2.160366019489421,0.1860595586229926,0.0,0.0,0.0,0.036237430492135216,0.0,0,0.0,0,2.160366019489421,,,,,,,,,,,
8983,11/3/1991,0.676,0.030,11.000,5.054,0.03,0.0,5.024,0.0,0.0,0.0,2.160366019489421,0.0,0.0,0.0749741137081332,2.0853919057812877,0.17574554721961796,0.0,0.0,0.0,0.03398061787158169,0.0,0,0.0,0,2.0853919057812877,,,,,,,,,,,
8984,11/4/1991,0.676,0.010,11.000,5.054,0.01,0.0,5.0440000000000005,0.0,0.0,0.0,2.0853919057812877,0.0,0.0,0.07068792776557781,2.01470397801571,0.16622938127452894,0.0,0.0,0.0,0.03191412349573471,0.0,0,0.0,0,2.01470397801571,,,,,,,,,,,
8985,11/5/1991,0.676,0.563,11.000,5.054,0.563,0.0,4.4910000000000005,0.0,0.0,0.0,2.01470397801571,0.0,0.0,0.06673974112242317,1.947964236893287,0.1574324548991257,0.0,0.0,0.0,0.030017862323521903,0.0,0,0.0,0,1.947964236893287,,,,,,,,,,,
8986,11/6/1991,0.676,0.000,11.000,5.054,0.0,0.0,5.054,0.0,0.0,0.0,1.947964236893287,0.0,0.0,0.06309584244123258,1.8848683944520543,0.14928550912232752,0.0,0.0,0.0,0.028274278006281833,0.0,0,0.0,0,1.8848683944520543,,,,,,,,,,,
8987,11/7/1991,0.676,0.000,11.000,5.054,0.0,0.0,5.054,0.0,0.0,0.0,1.8848683944520543,0.0,0.0,0.05972655948725112,1.8251418349648032,0.14172733716796806,0.0,0.0,0.0,0.026667975084766257,0.0,0,0.0,0,1.8251418349648032,,,,,,,,,,,
8988,11/8/1991,0.676,0.046,11.000,5.054,0.046,0.0,5.008,0.0,0.0,0.0,1.8251418349648032,0.0,0.0,0.05660569725373335,1.7685361377110698,0.13470369348639563,0.0,0.0,0.0,0.02518541158810444,0.0,0,0.0,0,1.7685361377110698,,,,,,,,,,,
8989,11/9/1991,0.676,0.167,11.000,5.054,0.167,0.0,4.8870000000000005,0.0,0.0,0.0,1.7685361377110698,0.0,0.0,0.053710064666816555,1.7148260730442533,0.12816637078179852,0.0,0.0,0.0,0.023814641026500924,0.0,0,0.0,0,1.7148260730442533,,,,,,,,,,,
8990,11/10/1991,0.676,0.116,11.000,5.054,0.116,0.0,4.938000000000001,0.0,0.0,0.0,1.7148260730442533,0.0,0.0,0.05101907432688081,1.6638069987173725,0.12207241617546088,0.0,0.0,0.0,0.022545094966293422,0.0,0,0.0,0,1.6638069987173725,,,,,,,,,,,
8991,11/11/1991,0.676,0.000,11.000,5.054,0.0,0.0,5.054,0.0,0.0,0.0,1.6638069987173725,0.0,0.0,0.04851440273696112,1.6152925959804114,0.11638346309730752,0.0,0.0,0.0,0.021367399097881996,0.0,0,0.0,0,1.6152925959804114,,,,,,,,,,,
8992,11/12/1991,0.676,0.000,11.000,5.054,0.0,0.0,5.054,0.0,0.0,0.0,1.6152925959804114,0.0,0.0,0.04617970083649895,1.5691128951439124,0.11106515983033748,0.0,0.0,0.0,0.02027321706424532,0.0,0,0.0,0,1.5691128951439124,,,,,,,,,,,
8993,11/13/1991,0.676,0.041,11.000,5.054,0.041,0.0,5.013,0.0,0.0,0.0,1.5691128951439124,0.0,0.0,0.04400034654132377,1.5251125486025887,0.10608667909270367,0.0,0.0,0.0,0.01925511739326561,0.0,0,0.0,0,1.5251125486025887,,,,,,,,,,,
8994,11/14/1991,0.784,0.514,11.000,5.054,0.514,0.0,4.54,0.0,0.0,0.0,1.5251125486025887,0.0,0.0,0.04196323249521226,1.4831493161073765,0.10142029581944591,0.0,0.0,0.0,0.018306459733733276,0.0,0,0.0,0,1.4831493161073765,,,,,,,,,,,
8995,11/15/1991,0.784,1.588,11.000,5.054,1.588,0.0,3.466,0.0,0.0,0.0,1.4831493161073765,0.0,0.0,0.04005658344645479,1.4430927326609218,0.0970410225455276,0.0,0.0,0.0,0.017421297280577307,0.0,0,0.0,0,1.4430927326609218,,,,,,,,,,,
8996,11/16/1991,0.784,1.320,11.000,5.054,1.32,0.0,3.734,0.0,0.0,0.0,1.4430927326609218,0.0,0.0,0.038269798637445465,1.4048229340234764,0.09292629360608459,0.0,0.0,0.0,0.016594292826269147,0.0,0,0.0,0,1.4048229340234764,,,,,,,,,,,
8997,11/17/1991,0.784,0.058,11.000,5.054,0.058,0.0,4.996,0.0,0.0,0.0,1.4048229340234764,0.0,0.0,0.036593315385019344,1.368229618638457,0.08905569084582149,0.0,0.0,0.0,0.015820646320765047,0.0,0,0.0,0,1.368229618638457,,,,,,,,,,,
8998,11/18/1991,0.784,0.382,11.000,5.054,0.382,0.0,4.672000000000001,0.0,0.0,0.0,1.368229618638457,0.0,0.0,0.035018490671883465,1.3332111279665735,0.0854107047353266,0.0,0.0,0.0,0.015096032183707881,0.0,0,0.0,0,1.3332111279665735,,,,,,,,,,,
8999,11/19/1991,0.784,7.099,11.000,5.054,5.054,2.045,0.0,0,1.9555585542815699,0.0,3.2887696822481436,0.0,0.0,0.1510386904769036,3.13773099177124,0.34020538107410286,0.08944144571843,0.08944144571843,0.0,0.07168414583398318,0.08944144571843,0,0.0,0,3.13773099177124,,,,,,,,,,,
9000,11/20/1991,1.228,1.267,11.000,5.054,1.267,0.0,3.7870000000000004,0.0,0.0,0.08944144571843,3.13773099177124,0.08944144571843,0.0,0.1396556863135402,2.9980753054577,0.31602718162142623,0.0,0.0,0.0,0.06594082321179723,0.0,0,0.0,0,2.9980753054577,,,,,,,,,,,
9001,11/21/1991,0.784,0.088,11.000,5.054,0.088,0.0,4.966,0.0,0.0,0.0,2.9980753054577,0.0,0.0,0.12945038306664794,2.868624922391052,0.29423870818820275,0.0,0.0,0.0,0.06081778639555031,0.0,0,0.0,0,2.868624922391052,,,,,,,,,,,
9002,11/22/1991,0.784,0.721,11.000,5.054,0.721,0.0,4.333,0.0,0.0,0.0,2.868624922391052,0.0,0.0,0.12026946799356678,2.748355454397485,0.27454036964220757,0.0,0.0,0.0,0.056231603717954236,0.0,0,0.0,0,2.748355454397485,,,,,,,,,,,
9003,11/23/1991,1.142,5.296,11.000,5.054,5.054,0.242,0.0,0,0.15335381457302655,0.0,2.9017092689705115,0.0,0.0,0.12259015840333294,2.7791191105671786,0.279528621336605,0.08864618542697343,0.08864618542697343,0.0,0.05738876038077193,0.08864618542697343,0,0.0,0,2.7791191105671786,,,,,,,,,,,
9004,11/24/1991,0.821,0.582,11.000,5.054,0.582,0.0,4.472,0.0,0.0,0.08864618542697343,2.7791191105671786,0.08864618542697343,0.0,0.11408040271645505,2.6650387078507234,0.26120606970438354,0.0,0.0,0.0,0.05315282816159114,0.0,0,0.0,0,2.6650387078507234,,,,,,,,,,,
9005,11/25/1991,0.747,0.933,11.000,5.054,0.933,0.0,4.121,0.0,0.0,0.0,2.6650387078507234,0.0,0.0,0.10638285629167137,2.558655851559052,0.24455581922218417,0.0,0.0,0.0,0.049339032902159255,0.0,0,0.0,0,2.558655851559052,,,,,,,,,,,
9006,11/26/1991,0.676,1.186,11.000,5.054,1.186,0.0,3.8680000000000003,0.0,0.0,0.0,2.558655851559052,0.0,0.0,0.09939981373849208,2.45925603782056,0.22938398926535422,0.0,0.0,0.0,0.045894892802030275,0.0,0,0.0,0,2.45925603782056,,,,,,,,,,,
9007,11/27/1991,0.676,0.442,11.000,5.054,0.442,0.0,4.612,0.0,0.0,0.0,2.45925603782056,0.0,0.0,0.09304763841476098,2.366208399405799,0.2155237501542389,0.0,0.0,0.0,0.042775685045808,0.0,0,0.0,0,2.366208399405799,,,,,,,,,,,
9008,11/28/1991,0.676,0.000,11.000,5.054,0.0,0.0,5.054,0.0,0.0,0.0,2.366208399405799,0.0,0.0,0.08725441891383282,2.2789539804919663,0.20283093949866715,0.0,0.0,0.0,0.03994312479909754,0.0,0,0.0,0,2.2789539804919663,,,,,,,,,,,
9009,11/29/1991,0.676,0.074,11.000,5.054,0.074,0.0,4.98,0.0,0.0,0.0,2.2789539804919663,0.0,0.0,0.08195806637178994,2.1969959141201763,0.1911804832036034,0.0,0.0,0.0,0.037364297333401575,0.0,0,0.0,0,2.1969959141201763,,,,,,,,,,,
9010,11/30/1991,0.676,0.054,11.000,5.054,0.054,0.0,5.0,0.0,0.0,0.0,2.1969959141201763,0.0,0.0,0.07710476062743352,2.119891153492743,0.1804634569101758,0.0,0.0,0.0,0.035010789619153056,0.0,0,0.0,0,2.119891153492743,,,,,,,,,,,
9011,12/1/1991,0.676,0.005,12.000,5.337,0.005,0.0,5.332,0.0,0.0,0.0,2.119891153492743,0.0,0.0,0.07264767425552685,2.047243479237216,0.1705846603840358,0.0,0.0,0.0,0.032857980144563155,0.0,0,0.0,0,2.047243479237216,,,,,,,,,,,
9012,12/2/1991,0.676,0.000,12.000,5.337,0.0,0.0,5.337,0.0,0.0,0.0,2.047243479237216,0.0,0.0,0.0685459192996201,1.978697559937596,0.16146060519411903,0.0,0.0,0.0,0.030884455032072707,0.0,0,0.0,0,1.978697559937596,,,,,,,,,,,
9013,12/3/1991,0.676,0.000,12.000,5.337,0.0,0.0,5.337,0.0,0.0,0.0,1.978697559937596,0.0,0.0,0.06476367352668572,1.9139338864109103,0.15301783726819482,0.0,0.0,0.0,0.029071525564989577,0.0,0,0.0,0,1.9139338864109103,,,,,,,,,,,
9014,12/4/1991,0.676,0.059,12.000,5.337,0.059,0.0,5.278,0.0,0.0,0.0,1.9139338864109103,0.0,0.0,0.061269452197030894,1.8526644342138794,0.14519153224249573,0.0,0.0,0.0,0.027402827598869306,0.0,0,0.0,0,1.8526644342138794,,,,,,,,,,,
9015,12/5/1991,0.676,0.253,12.000,5.337,0.253,0.0,5.084,0.0,0.0,0.0,1.8526644342138794,0.0,0.0,0.05803549840345655,1.7946289358104228,0.1379243141622813,0.0,0.0,0.0,0.025863987444460484,0.0,0,0.0,0,1.7946289358104228,,,,,,,,,,,
9016,12/6/1991,0.676,0.316,12.000,5.337,0.316,0.0,5.021,0.0,0.0,0.0,1.7946289358104228,0.0,0.0,0.055037270505063865,1.739591665305359,0.1311652579356721,0.0,0.0,0.0,0.024442341983961807,0.0,0,0.0,0,1.739591665305359,,,,,,,,,,,
9017,12/7/1991,0.540,0.116,12.000,5.337,0.116,0.0,5.221,0.0,0.0,0.0,1.739591665305359,0.0,0.0,0.05225300944770399,1.6873386558576549,0.12486904365899666,0.0,0.0,0.0,0.023126703249160094,0.0,0,0.0,0,1.6873386558576549,,,,,,,,,,,
9018,12/8/1991,0.540,0.514,12.000,5.337,0.514,0.0,4.8229999999999995,0.0,0.0,0.0,1.6873386558576549,0.0,0.0,0.049663372109977934,1.637675283747677,0.11899523701398414,0.0,0.0,0.0,0.021907159618252865,0.0,0,0.0,0,1.637675283747677,,,,,,,,,,,
9019,12/9/1991,0.508,0.015,12.000,5.337,0.015,0.0,5.322,0.0,0.0,0.0,1.637675283747677,0.0,0.0,0.04725111945407713,1.5904241642935997,0.11350767475790215,0.0,0.0,0.0,0.020774907304075677,0.0,0,0.0,0,1.5904241642935997,,,,,,,,,,,
9020,12/10/1991,0.477,0.000,12.000,5.337,0.0,0.0,5.337,0.0,0.0,0.0,1.5904241642935997,0.0,0.0,0.04500085035503828,1.5454233139385614,0.10837393816892554,0.0,0.0,0.0,0.01972210700476225,0.0,0,0.0,0,1.5454233139385614,,,,,,,,,,,
9021,12/11/1991,0.446,0.000,12.000,5.337,0.0,0.0,5.337,0.0,0.0,0.0,1.5454233139385614,0.0,0.0,0.04289877365170603,1.5025245402868552,0.10356490038510423,0.0,0.0,0.0,0.01874176154007439,0.0,0,0.0,0,1.5025245402868552,,,,,,,,,,,
9022,12/12/1991,0.446,0.000,12.000,5.337,0.0,0.0,5.337,0.0,0.0,0.0,1.5025245402868552,0.0,0.0,0.04093251230049816,1.461592027986357,0.0990543360505339,0.0,0.0,0.0,0.01782761105707898,0.0,0,0.0,0,1.461592027986357,,,,,,,,,,,
9023,12/13/1991,0.416,0.000,12.000,5.337,0.0,0.0,5.337,0.0,0.0,0.0,1.461592027986357,0.0,0.0,0.03909093459000012,1.4225010933963569,0.09481858368327077,0.0,0.0,0.0,0.016974042999053557,0.0,0,0.0,0,1.4225010933963569,,,,,,,,,,,
9024,12/14/1991,0.416,0.000,12.000,5.337,0.0,0.0,5.337,0.0,0.0,0.0,1.4225010933963569,0.0,0.0,0.037364008245269247,1.3851370851510876,0.09083625280418395,0.0,0.0,0.0,0.016176014523397078,0.0,0,0.0,0,1.3851370851510876,,,,,,,,,,,
9025,12/15/1991,0.416,0.000,12.000,5.337,0.0,0.0,5.337,0.0,0.0,0.0,1.3851370851510876,0.0,0.0,0.035742673957995186,1.3493944111930924,0.08708796919065974,0.0,0.0,0.0,0.01542898545259149,0.0,0,0.0,0,1.3493944111930924,,,,,,,,,,,
9026,12/16/1991,0.416,0.002,12.000,5.337,0.002,0.0,5.335,0.0,0.0,0.0,1.3493944111930924,0.0,0.0,0.03421873545546094,1.3151756757376316,0.08355615270360921,0.0,0.0,0.0,0.01472886016608397,0.0,0,0.0,0,1.3151756757376316,,,,,,,,,,,
9027,12/17/1991,0.416,0.000,12.000,5.337,0.0,0.0,5.337,0.0,0.0,0.0,1.3151756757376316,0.0,0.0,0.03278476369352607,1.2823909120441055,0.08022482302759802,0.0,0.0,0.0,0.014071937105320982,0.0,0,0.0,0,1.2823909120441055,,,,,,,,,,,
9028,12/18/1991,0.387,0.088,12.000,5.337,0.088,0.0,5.249,0.0,0.0,0.0,1.2823909120441055,0.0,0.0,0.03143401314703509,1.2509568988970705,0.07707942939926542,0.0,0.0,0.0,0.013454864780823523,0.0,0,0.0,0,1.2509568988970705,,,,,,,,,,,
9029,12/19/1991,0.416,0.000,12.000,5.337,0.0,0.0,5.337,0.0,0.0,0.0,1.2509568988970705,0.0,0.0,0.030160348491292982,1.2207965504057776,0.07410670100802197,0.0,0.0,0.0,0.012874603348420853,0.0,0,0.0,0,1.2207965504057776,,,,,,,,,,,
9030,12/20/1991,0.416,0.000,12.000,5.337,0.0,0.0,5.337,0.0,0.0,0.0,1.2207965504057776,0.0,0.0,0.028958180233376908,1.1918383701724007,0.07129451525883326,0.0,0.0,0.0,0.012328390968902753,0.0,0,0.0,0,1.1918383701724007,,,,,,,,,,,
9031,12/21/1991,0.304,0.231,12.000,5.337,0.231,0.0,5.106,0.0,0.0,0.0,1.1918383701724007,0.0,0.0,0.02782240807230521,1.1640159621000954,0.06863178150854175,0.0,0.0,0.0,0.011813714287251743,0.0,0,0.0,0,1.1640159621000954,,,,,,,,,,,
9032,12/22/1991,0.304,0.018,12.000,5.337,0.018,0.0,5.319,0.0,0.0,0.0,1.1640159621000954,0.0,0.0,0.02674837095066082,1.1372675911494345,0.0661083382397897,0.0,0.0,0.0,0.01132828246894453,0.0,0,0.0,0,1.1372675911494345,,,,,,,,,,,
9033,12/23/1991,0.304,0.021,12.000,5.337,0.021,0.0,5.316,0.0,0.0,0.0,1.1372675911494345,0.0,0.0,0.02573180291376082,1.1115357882356738,0.06371486193240251,0.0,0.0,0.0,0.010870004315310535,0.0,0,0.0,0,1.1115357882356738,,,,,,,,,,,
9034,12/24/1991,0.304,0.103,12.000,5.337,0.103,0.0,5.234,0.0,0.0,0.0,1.1115357882356738,0.0,0.0,0.024768794021200916,1.0867669942144729,0.061442786140973975,0.0,0.0,0.0,0.010436968050619628,0.0,0,0.0,0,1.0867669942144729,,,,,,,,,,,
9035,12/25/1991,0.304,0.000,12.000,5.337,0.0,0.0,5.337,0.0,0.0,0.0,1.0867669942144729,0.0,0.0,0.023855755663896437,1.0629112385505763,0.059284229497408275,0.0,0.0,0.0,0.010027423432877124,0.0,0,0.0,0,1.0629112385505763,,,,,,,,,,,
9036,12/26/1991,0.304,0.000,12.000,5.337,0.0,0.0,5.337,0.0,0.0,0.0,1.0629112385505763,0.0,0.0,0.0229893897310984,1.039921848819478,0.05723193153488732,0.0,0.0,0.0,0.009639765890208781,0.0,0,0.0,0,1.039921848819478,,,,,,,,,,,
9037,12/27/1991,0.304,0.113,12.000,5.337,0.113,0.0,5.223999999999999,0.0,0.0,0.0,1.039921848819478,0.0,0.0,0.022166661149146363,1.0177551876703315,0.05527919538051911,0.0,0.0,0.0,0.009272522426829586,0.0,0,0.0,0,1.0177551876703315,,,,,,,,,,,
9038,12/28/1991,0.359,0.114,12.000,5.337,0.114,0.0,5.223,0.0,0.0,0.0,1.0177551876703315,0.0,0.0,0.021384773379273008,0.9963704142910584,0.053419836492200515,0.0,0.0,0.0,0.008924339078222134,0.0,0,0.0,0,0.9963704142910584,,,,,,,,,,,
9039,12/29/1991,0.387,0.090,12.000,5.337,0.09,0.0,5.247,0.0,0.0,0.0,0.9963704142910584,0.0,0.0,0.020641146517523218,0.9757292677735352,0.051648136724631366,0.0,0.0,0.0,0.008593969725379276,0.0,0,0.0,0,0.9757292677735352,,,,,,,,,,,
9040,12/30/1991,0.416,0.004,12.000,5.337,0.004,0.0,5.333,0.0,0.0,0.0,0.9757292677735352,0.0,0.0,0.01993339768737905,0.9557958700861562,0.04995880310295479,0.0,0.0,0.0,0.008280266103676185,0.0,0,0.0,0,0.9557958700861562,,,,,,,,,,,
9041,12/31/1991,0.416,0.087,12.000,5.337,0.087,0.0,5.25,0.0,0.0,0.0,0.9557958700861562,0.0,0.0,0.01925932345630202,0.9365365466298542,0.048346930762660105,0.0,0.0,0.0,0.007982168863858859,0.0,0,0.0,0,0.9365365466298542,,,,,,,,,,,
9042,1/1/1992,0.387,0.055,1.000,5.134,0.055,0.0,5.079000000000001,0.0,0.0,0.0,0.9365365466298542,0.0,0.0,0.018616884042201527,0.9179196625876527,0.04680796958324345,0.0,0.0,0.0,0.007698699561372034,0.0,0,0.0,0,0.9179196625876527,,,,,,,,,,,
9043,1/2/1992,0.416,0.237,1.000,5.134,0.237,0.0,4.897,0.0,0.0,0.0,0.9179196625876527,0.0,0.0,0.018004189105716748,0.8999154734819359,0.04533769410240231,0.0,0.0,0.0,0.007428953466300161,0.0,0,0.0,0,0.8999154734819359,,,,,,,,,,,
9044,1/3/1992,0.416,0.022,1.000,5.134,0.022,0.0,5.112,0.0,0.0,0.0,0.8999154734819359,0.0,0.0,0.017419484949910365,0.8824959885320255,0.04393217634868699,0.0,0.0,0.0,0.007172093099976124,0.0,0,0.0,0,0.8824959885320255,,,,,,,,,,,
9045,1/4/1992,0.416,0.029,1.000,5.134,0.029,0.0,5.105,0.0,0.0,0.0,0.8824959885320255,0.0,0.0,0.01686114297114622,0.8656348455608792,0.04258776127475441,0.0,0.0,0.0,0.006927342416170833,0.0,0,0.0,0,0.8656348455608792,,,,,,,,,,,
9046,1/5/1992,0.387,0.000,1.000,5.134,0.0,0.0,5.134,0.0,0.0,0.0,0.8656348455608792,0.0,0.0,0.016327649224085274,0.849307196336794,0.04130104451168283,0.0,0.0,0.0,0.006693981555002473,0.0,0,0.0,0,0.849307196336794,,,,,,,,,,,
9047,1/6/1992,0.387,0.000,1.000,5.134,0.0,0.0,5.134,0.0,0.0,0.0,0.849307196336794,0.0,0.0,0.01581759498032852,0.8334896013564654,0.04006885219806658,0.0,0.0,0.0,0.006471342106540288,0.0,0,0.0,0,0.8334896013564654,,,,,,,,,,,
9048,1/7/1992,0.304,0.000,1.000,5.134,0.0,0.0,5.134,0.0,0.0,0.0,0.8334896013564654,0.0,0.0,0.015329668174634162,0.8181599331818312,0.03888822266653963,0.0,0.0,0.0,0.006258802828728386,0.0,0,0.0,0,0.8181599331818312,,,,,,,,,,,
9049,1/8/1992,0.304,0.000,1.000,5.134,0.0,0.0,5.134,0.0,0.0,0.0,0.8181599331818312,0.0,0.0,0.014862645645153834,0.8032972875366774,0.037756389795587056,0.0,0.0,0.0,0.00605578577089216,0.0,0,0.0,0,0.8032972875366774,,,,,,,,,,,
9050,1/9/1992,0.278,0.175,1.000,5.134,0.175,0.0,4.9590000000000005,0.0,0.0,0.0,0.8032972875366774,0.0,0.0,0.014415386085035528,0.7888819014516418,0.036670767856513374,0.0,0.0,0.0,0.005861752759858896,0.0,0,0.0,0,0.7888819014516418,,,,,,,,,,,
9051,1/10/1992,0.253,0.023,1.000,5.134,0.023,0.0,5.111000000000001,0.0,0.0,0.0,0.7888819014516418,0.0,0.0,0.013986823632254427,0.7748950778193874,0.03562893770468574,0.0,0.0,0.0,0.00567620221074765,0.0,0,0.0,0,0.7748950778193874,,,,,,,,,,,
9052,1/11/1992,0.359,0.000,1.000,5.134,0.0,0.0,5.134,0.0,0.0,0.0,0.7748950778193874,0.0,0.0,0.013575962032849078,0.7613191157865383,0.03462863418103554,0.0,0.0,0.0,0.005498666228865911,0.0,0,0.0,0,0.7613191157865383,,,,,,,,,,,
9053,1/12/1992,0.416,0.285,1.000,5.134,0.285,0.0,4.849,0.0,0.0,0.0,0.7613191157865383,0.0,0.0,0.013181869320022322,0.748137246466516,0.03366773460460167,0.0,0.0,0.0,0.005328707972980258,0.0,0,0.0,0,0.748137246466516,,,,,,,,,,,
9054,1/13/1992,0.416,0.074,1.000,5.134,0.074,0.0,5.0600000000000005,0.0,0.0,0.0,0.748137246466516,0.0,0.0,0.01280367295795384,0.7353335735085622,0.03274424824991,0.0,0.0,0.0,0.005165919253580856,0.0,0,0.0,0,0.7353335735085622,,,,,,,,,,,
9055,1/14/1992,0.278,0.030,1.000,5.134,0.03,0.0,5.104,0.0,0.0,0.0,0.7353335735085622,0.0,0.0,0.01244055540478276,0.7228930181037795,0.03185630671443834,0.0,0.0,0.0,0.005009918342699279,0.0,0,0.0,0,0.7228930181037795,,,,,,,,,,,
9056,1/15/1992,0.304,0.000,1.000,5.134,0.0,0.0,5.134,0.0,0.0,0.0,0.7228930181037795,0.0,0.0,0.012091750054157083,0.7108012680496224,0.03100215509151833,0.0,0.0,0.0,0.0048603479744211186,0.0,0,0.0,0,0.7108012680496224,,,,,,,,,,,
9057,1/16/1992,0.331,0.116,1.000,5.134,0.116,0.0,5.018000000000001,0.0,0.0,0.0,0.7108012680496224,0.0,0.0,0.011756537519098918,0.6990447305305235,0.03018014387294721,0.0,0.0,0.0,0.0047168735175060345,0.0,0,0.0,0,0.6990447305305235,,,,,,,,,,,
9058,1/17/1992,0.416,0.028,1.000,5.134,0.028,0.0,5.106000000000001,0.0,0.0,0.0,0.6990447305305235,0.0,0.0,0.011434242225776372,0.6876104883047471,0.02938872151347451,0.0,0.0,0.0,0.004579181303528969,0.0,0,0.0,0,0.6876104883047471,,,,,,,,,,,
9059,1/18/1992,0.387,0.037,1.000,5.134,0.037,0.0,5.097,0.0,0.0,0.0,0.6876104883047471,0.0,0.0,0.011124229288169132,0.676486259016578,0.028626427596318497,0.0,0.0,0.0,0.004446977095721941,0.0,0,0.0,0,0.676486259016578,,,,,,,,,,,
9060,1/19/1992,0.359,0.064,1.000,5.134,0.064,0.0,5.07,0.0,0.0,0.0,0.676486259016578,0.0,0.0,0.010825901637621456,0.6656603573789566,0.027891886545068714,0.0,0.0,0.0,0.004319984685256086,0.0,0,0.0,0,0.6656603573789566,,,,,,,,,,,
9061,1/20/1992,0.416,0.109,1.000,5.134,0.109,0.0,5.025,0.0,0.0,0.0,0.6656603573789566,0.0,0.0,0.010538697383941897,0.6551216599950147,0.027183801832838778,0.0,0.0,0.0,0.004197944603084387,0.0,0,0.0,0,0.6551216599950147,,,,,,,,,,,
9062,1/21/1992,0.477,1.960,1.000,5.134,1.96,0.0,3.1740000000000004,0.0,0.0,0.0,0.6551216599950147,0.0,0.0,0.010262087387075538,0.6448595726079391,0.02650095064443361,0.0,0.0,0.0,0.0040806129366891325,0.0,0,0.0,0,0.6448595726079391,,,,,,,,,,,
9063,1/22/1992,0.540,1.508,1.000,5.134,1.508,0.0,3.6260000000000003,0.0,0.0,0.0,0.6448595726079391,0.0,0.0,0.009995573020478392,0.6348639995874608,0.02584217895165917,0.0,0.0,0.0,0.003967760242164054,0.0,0,0.0,0,0.6348639995874608,,,,,,,,,,,
9064,1/23/1992,0.784,8.605,1.000,5.134,5.134,3.471,0.0,0,3.38155855428157,0.0,4.016422553869031,0.0,0.0,0.21074863633892593,3.805673917530105,0.4651949413234928,0.08944144571843,0.08944144571843,0.0,0.10223967442196251,0.08944144571843,0,0.0,0,3.805673917530105,,,,,,,,,,,
9065,1/24/1992,1.453,8.569,1.000,5.134,5.134,3.4350000000000005,0.0,0,3.4350000000000005,0.08944144571843,7.241072066789508,0.0,0.08944144571843,0.5628213467417861,6.678250720047722,1.1641822470225707,0.0,0.0,0.00039814925940304455,0.29127022723222934,0.08904329645902696,0,0.0,0,6.678250720047722,,,,,,,,,,,
9066,1/25/1992,1.642,9.116,1.000,5.134,5.134,3.9819999999999993,0.0,0,3.981601850740596,0.08904329645902696,10.660248947683339,0.0,0.08904329645902696,1.0722877785696905,9.58796116911365,2.1149246635676606,0.0003981492594030382,0.0003981492594030382,0.0003963768950199571,0.578971408612164,0.08904506882341005,0,0.0,0,9.58796116911365,,,,,,,,,,,
9067,1/26/1992,2.045,9.476,1.000,5.134,5.134,4.3420000000000005,0.0,0,4.34160362310498,0.08904506882341005,13.929961177003342,0.0,0.08904506882341005,1.6747460217854575,12.255215155217885,3.187761049893909,0.00039637689501995115,0.00039637689501995115,0.000396384784713162,0.9311853945369746,0.08904506093371685,0,0.0,0,12.255215155217885,,,,,,,,,,,
9068,1/27/1992,2.204,5.179,1.000,5.134,5.134,0.04499999999999993,0.0,0,0.044748733225633684,0.08904506093371685,12.30036027319311,0.0,0.08904506093371685,1.3611171246289087,10.939243148564202,2.6347586268149796,0.00025126677436624543,0.00025126677436624543,0.0003963847495921342,0.7465469775759801,0.08889994295849096,0,0.0,0,10.939243148564202,,,,,,,,,,,
9069,1/28/1992,2.368,8.056,1.000,5.134,5.134,2.921999999999999,0.0,0,2.9214584972400597,0.08889994295849096,13.86109738456011,0.0,0.08889994295849096,1.6609700547615143,12.200127329798597,3.163690735977858,0.0005415027599390426,0.0005415027599390426,0.00039573875584842673,0.9230239442328722,0.08904570696258157,0,0.0,0,12.200127329798597,,,,,,,,,,,
9070,1/29/1992,6.034,12.528,1.000,5.134,5.134,7.394,0.0,0,7.3936042612441515,0.08904570696258157,19.59412797866814,0.0,0.08904570696258157,2.9573928053149485,16.63673517335319,5.360414878532954,0.00039573875584843454,0.00039573875584843454,0.00039638762539441995,1.707050202149409,0.08904505809303559,0,0.0,0,16.63673517335319,,,,,,,,,,,
9071,1/30/1992,4.017,2.823,1.000,5.134,2.823,0.0,2.3110000000000004,0.0,0.0,0.08904505809303559,16.63673517335319,0.08904505809303559,0.0,2.2515380146981396,14.385197158655052,4.18010289352141,0.0,0.0,0.0,1.2765088701600256,0.0,0,0.0,0,14.385197158655052,,,,,,,,,,,
9072,1/31/1992,0.937,0.671,1.000,5.134,0.671,0.0,4.463,0.0,0.0,0.0,14.385197158655052,0.0,0.0,1.766954944958518,12.618242213696533,3.3483939740469797,0.0,0.0,0.0,0.9859259140340474,0.0,0,0.0,0,12.618242213696533,,,,,,,,,,,
9073,2/1/1992,0.607,0.399,2.000,4.866,0.399,0.0,4.467,0.0,0.0,0.0,12.618242213696533,0.0,0.0,1.420246989957856,11.197995223738676,2.739860380789531,0.0,0.0,0.0,0.7811613522871992,0.0,0,0.0,0,11.197995223738676,,,,,,,,,,,
9074,2/2/1992,0.676,0.589,2.000,4.866,0.589,0.0,4.276999999999999,0.0,0.0,0.0,11.197995223738676,0.0,0.0,1.1639462030740646,10.034049020664611,2.2811262919376003,0.0,0.0,0.0,0.6318625023454364,0.0,0,0.0,0,10.034049020664611,,,,,,,,,,,
9075,2/3/1992,0.711,1.608,2.000,4.866,1.608,0.0,3.2579999999999996,0.0,0.0,0.0,10.034049020664611,0.0,0.0,0.9693772177497623,9.064671802914848,1.9267972791068924,0.0,0.0,0.0,0.5199424668354576,0.0,0,0.0,0,9.064671802914848,,,,,,,,,,,
9076,2/4/1992,0.747,0.753,2.000,4.866,0.753,0.0,4.1129999999999995,0.0,0.0,0.0,9.064671802914848,0.0,0.0,0.818375436671945,8.246296366242904,1.647507774462087,0.0,0.0,0.0,0.4340863086594953,0.0,0,0.0,0,8.246296366242904,,,,,,,,,,,
9077,2/5/1992,1.185,6.009,2.000,4.866,4.866,1.1430000000000007,0.0,0,1.0535585542829917,0.0,9.299854920525895,0.0,0.0,0.8540685580928586,8.445786362433036,1.7138998957380964,0.08944144571700899,0.08944144571700899,0.0,0.4542931478378958,0.08944144571700899,0,0.0,0,8.445786362433036,,,,,,,,,,,
9078,2/6/1992,0.784,5.061,2.000,4.866,4.866,0.19500000000000028,0.0,0,0.19499999999859743,0.08944144571700899,8.64118451169103,0.0,0.08944144571700899,0.7556509667029254,7.885533544988105,1.5302270492831425,1.40286102960457e-12,1.40286102960457e-12,0.0003981492593967189,0.39871813303415465,0.08904329645901514,0,0.0,0,7.885533544988105,,,,,,,,,,,
9079,2/7/1992,0.446,3.196,2.000,4.866,3.196,0.0,1.6699999999999995,0.0,0.0,0.08904329645901514,7.885533544988105,0.08904329645901514,0.0,0.6487602770907256,7.236773267897379,1.3284229493040842,0.0,0.0,0.0,0.3388992222702277,0.0,0,0.0,0,7.236773267897379,,,,,,,,,,,
9080,2/8/1992,0.416,1.204,2.000,4.866,1.204,0.0,3.662,0.0,0.0,0.0,7.236773267897379,0.0,0.0,0.562264574451889,6.674508693445491,1.1631118175382928,0.0,0.0,0.0,0.2909631377781212,0.0,0,0.0,0,6.674508693445491,,,,,,,,,,,
9081,2/9/1992,0.859,1.606,2.000,4.866,1.606,0.0,3.26,0.0,0.0,0.0,6.674508693445491,0.0,0.0,0.49135790766375176,6.183150785781739,1.02605912174216,0.0,0.0,0.0,0.2520246727645992,0.0,0,0.0,0,6.183150785781739,,,,,,,,,,,
9082,2/10/1992,1.185,7.222,2.000,4.866,4.866,2.3560000000000008,0.0,0,2.2665585542815707,0.0,8.44970934006331,0.0,0.0,0.7279508564884808,7.7217584835748285,1.478174711215533,0.08944144571843,0.08944144571843,0.0,0.38315948152301843,0.08944144571843,0,0.0,0,7.7217584835748285,,,,,,,,,,,
9083,2/11/1992,2.592,6.623,2.000,4.866,4.866,1.7570000000000006,0.0,0,1.7570000000000006,0.08944144571843,9.479156632834233,0.0,0.08944144571843,0.8816887052021153,8.597467927632117,1.7651113823484976,0.0,0.0,0.00039814925940304455,0.4699679688984436,0.08904329645902696,0,0.0,0,8.597467927632117,,,,,,,,,,,
9084,2/12/1992,3.950,14.364,2.000,4.866,4.866,9.498000000000001,0.0,0,9.497601850740597,0.08904329645902696,18.095466155267733,0.0,0.08904329645902696,2.5900932722246663,15.505372883043066,4.750353208583181,0.0003981492594030382,0.0003981492594030382,0.0003963768950199571,1.4820504935654857,0.08904506882341005,0,0.0,0,15.505372883043066,,,,,,,,,,,
9085,2/13/1992,1.691,7.401,2.000,4.866,4.866,2.535,0.0,0,2.53460362310498,0.08904506882341005,18.040372890932762,0.0,0.08904506882341005,2.5769636641917866,15.463409226740975,4.728386479026865,0.00039637689501995115,0.00039637689501995115,0.000396384784713162,1.4740447310630092,0.08904506093371685,0,0.0,0,15.463409226740975,,,,,,,,,,,
9086,2/14/1992,1.642,8.204,2.000,4.866,4.866,3.338000000000001,0.0,0,3.3376036152152877,0.08904506093371685,18.801409226705854,0.0,0.08904506093371685,2.76068241307767,16.040726813628183,5.034738736415798,0.0003963847847131611,0.0003963847847131611,0.0003963847495921342,1.5863053395494782,0.08904506096883787,0,0.0,0,16.040726813628183,,,,,,,,,,,
9087,2/15/1992,1.890,5.640,2.000,4.866,4.866,0.774,0.0,0,0.7736036152625018,0.08904506096883787,16.814726813640434,0.0,0.08904506096883787,2.2918286160535897,14.522898197586844,4.2483996127723005,0.0003963847374982313,0.0003963847374982313,0.00039638474974847566,1.3008689326167413,0.08904506095658762,0,0.0,0,14.522898197586844,,,,,,,,,,,
9088,2/16/1992,3.123,3.902,2.000,4.866,3.902,0.0,0.9639999999999995,0.0,0.0,0.08904506095658762,14.52292898623769,0.08212860593816075,0.006916455018426873,1.7952411772297003,12.727687809007989,3.3975064404031534,0.0,0.0,3.0788650844825236e-05,1.0027564268463538,0.006885666367582048,0,0.0,0,12.727687809007989,,,,,,,,,,,
9089,2/17/1992,4.017,11.347,2.000,4.866,4.866,6.481,0.0,0,6.398444220649152,0.006885666367582048,19.12616268125208,0.0,0.006885666367582048,2.8406137648982717,16.285548916353807,5.167357352320724,0.08255577935084794,0.08255577935084794,3.065159493709229e-05,1.6353027600986711,0.0894107941234929,0,0.0,0,16.285548916353807,,,,,,,,,,,
9090,2/18/1992,3.184,12.923,2.000,4.866,4.866,8.057,0.0,0,8.056969348405064,0.0894107941234929,24.342916277572474,0.0,0.0894107941234929,4.246066457062214,20.09684982051026,7.4431327962923195,3.065159493711124e-05,3.065159493711124e-05,0.000398012813600702,2.5099198626086987,0.0890434329048293,0,0.0,0,20.09684982051026,,,,,,,,,,,
9091,2/19/1992,1.890,2.659,2.000,4.866,2.659,0.0,2.207,0.0,0.0,0.0890434329048293,20.09684982051026,0.0890434329048293,0.0,3.084933145222129,17.011916675288134,5.570349362630838,0.0,0.0,0.0,1.7856223119309016,0.0,0,0.0,0,17.011916675288134,,,,,,,,,,,
9092,2/20/1992,2.045,1.165,2.000,4.866,1.165,0.0,3.7009999999999996,0.0,0.0,0.0,17.011916675288134,0.0,0.0,2.3367980931094423,14.675118582178692,4.324484841265712,0.0,0.0,0.0,1.3280911634588954,0.0,0,0.0,0,14.675118582178692,,,,,,,,,,,
9093,2/21/1992,1.228,4.062,2.000,4.866,4.062,0.0,0.8039999999999994,0.0,0.0,0.0,14.675118582178692,0.0,0.0,1.8267052495920058,12.848413332586686,3.452048599661046,0.0,0.0,0.0,1.021498277713847,0.0,0,0.0,0,12.848413332586686,,,,,,,,,,,
9094,2/22/1992,0.937,1.740,2.000,4.866,1.74,0.0,3.1259999999999994,0.0,0.0,0.0,12.848413332586686,0.0,0.0,1.4636872071933928,11.384726125393293,2.8168138575101973,0.0,0.0,0.0,0.8066518002257952,0.0,0,0.0,0,11.384726125393293,,,,,,,,,,,
9095,2/23/1992,0.859,1.736,2.000,4.866,1.736,0.0,3.13,0.0,0.0,0.0,11.384726125393293,0.0,0.0,1.196474436335237,10.188251689058056,2.339820895279021,0.0,0.0,0.0,0.6506999365179821,0.0,0,0.0,0,10.188251689058056,,,,,,,,,,,
9096,2/24/1992,0.711,3.041,2.000,4.866,3.041,0.0,1.8249999999999997,0.0,0.0,0.0,10.188251689058056,0.0,0.0,0.9943330769749479,9.193918612083108,1.972573766197278,0.0,0.0,0.0,0.5342207398421618,0.0,0,0.0,0,9.193918612083108,,,,,,,,,,,
9097,2/25/1992,3.184,4.983,2.000,4.866,4.866,0.11699999999999999,0.0,0,0.03974060995685903,0.0,9.233659222039966,0.0,0.0,0.8439606191377799,8.389698602902186,1.695122929755396,0.07725939004314096,0.07725939004314096,0.0,0.4485650266876631,0.07725939004314096,0,0.0,0,8.389698602902186,,,,,,,,,,,
9098,2/26/1992,2.204,9.234,2.000,4.866,4.866,4.368,0.0,0,4.355817944324711,0.07725939004314096,12.745860467975053,0.0,0.07725939004314096,1.4442677415164211,11.301592726458631,2.7824394243770407,0.012182055675289044,0.012182055675289044,0.0003439207481556737,0.7952503367333509,0.08909752497027433,0,0.0,0,11.301592726458631,,,,,,,,,,,
9099,2/27/1992,1.272,0.532,2.000,4.866,0.532,0.0,4.334,0.0,0.0,0.08909752497027433,11.301592726458631,0.08909752497027433,0.0,1.1819484419170734,10.119644284541558,2.313627987306893,0.0,0.0,0.0,0.6422835641123797,0.0,0,0.0,0,10.119644284541558,,,,,,,,,,,
9100,2/28/1992,1.316,0.454,2.000,4.866,0.454,0.0,4.412,0.0,0.0,0.0,10.119644284541558,0.0,0.0,0.9831984597899143,9.136445824751643,1.9521622018438338,0.0,0.0,0.0,0.5278472184093568,0.0,0,0.0,0,9.136445824751643,,,,,,,,,,,
9101,2/29/1992,0.977,0.023,2.000,4.866,0.023,0.0,4.843,0.0,0.0,0.0,9.136445824751643,0.0,0.0,0.8292037363668354,8.307242088384807,1.6676750759531445,0.0,0.0,0.0,0.4402104880919529,0.0,0,0.0,0,8.307242088384807,,,,,,,,,,,
9102,3/1/1992,0.747,0.241,3.000,4.631,0.241,0.0,4.390000000000001,0.0,0.0,0.0,8.307242088384807,0.0,0.0,0.7076098820091095,7.5996322063756985,1.4398453034619834,0.0,0.0,0.0,0.37175902611807415,0.0,0,0.0,0,7.5996322063756985,,,,,,,,,,,
9103,3/2/1992,0.784,0.392,3.000,4.631,0.392,0.0,4.239,0.0,0.0,0.0,7.5996322063756985,0.0,0.0,0.6100331029615984,6.9895991034141005,1.2546457924735097,0.0,0.0,0.0,0.31738092551645375,0.0,0,0.0,0,6.9895991034141005,,,,,,,,,,,
9104,3/3/1992,0.821,1.570,3.000,4.631,1.57,0.0,3.061,0.0,0.0,0.0,6.9895991034141005,0.0,0.0,0.5306231861102629,6.458975917303838,1.102135821045548,0.0,0.0,0.0,0.2735446944720885,0.0,0,0.0,0,6.458975917303838,,,,,,,,,,,
9105,3/4/1992,0.416,0.047,3.000,4.631,0.047,0.0,4.5840000000000005,0.0,0.0,0.0,6.458975917303838,0.0,0.0,0.46519876532918436,5.993777151974654,0.9751091024851725,0.0,0.0,0.0,0.23774986795850148,0.0,0,0.0,0,5.993777151974654,,,,,,,,,,,
9106,3/5/1992,0.359,0.531,3.000,4.631,0.531,0.0,4.1000000000000005,0.0,0.0,0.0,5.993777151974654,0.0,0.0,0.4107082541576902,5.583068897816964,0.868237479268868,0.0,0.0,0.0,0.2081876779346741,0.0,0,0.0,0,5.583068897816964,,,,,,,,,,,
9107,3/6/1992,0.821,1.450,3.000,4.631,1.45,0.0,3.181,0.0,0.0,0.0,5.583068897816964,0.0,0.0,0.3648833866350523,5.218185511181911,0.7775124612226887,0.0,0.0,0.0,0.18352485809054467,0.0,0,0.0,0,5.218185511181911,,,,,,,,,,,
9108,3/7/1992,1.142,9.322,3.000,4.631,4.631,4.690999999999999,0.0,0,4.601558554281569,0.0,9.81974406546348,0.0,0.0,0.9351172304933809,8.8846268349701,1.8637849687239647,0.08944144571843,0.08944144571843,0.0,0.5003804046428966,0.08944144571843,0,0.0,0,8.8846268349701,,,,,,,,,,,
9109,3/8/1992,1.361,7.608,3.000,4.631,4.631,2.9769999999999994,0.0,0,2.9769999999999994,0.08944144571843,11.862024984229503,0.0,0.08944144571843,1.2812400393790642,10.58078494485044,2.492103146118553,0.0,0.0,0.00039814925940304455,0.6999449706795143,0.08904329645902696,0,0.0,0,10.58078494485044,,,,,,,,,,,
9110,3/9/1992,1.453,8.113,3.000,4.631,4.631,3.4819999999999993,0.0,0,3.481601850740596,0.08904329645902696,14.062783172486055,0.0,0.08904329645902696,1.7014449905839484,12.361338181902108,3.2343575123891153,0.0003981492594030382,0.0003981492594030382,0.0003963768950199571,0.9470155139022092,0.08904506882341005,0,0.0,0,12.361338181902108,,,,,,,,,,,
9111,3/10/1992,1.228,3.965,3.000,4.631,3.965,0.0,0.6660000000000004,0.0,0.0,0.08904506882341005,12.361481986788064,0.05674030723569216,0.032304761587717896,1.3724083297522862,10.989073657035778,2.6548606470730385,0.0,0.0,0.00014380488595670674,0.7531492895991231,0.03216095670176119,0,0.0,0,10.989073657035778,,,,,,,,,,,
9112,3/11/1992,1.100,2.871,3.000,4.631,2.871,0.0,1.7600000000000002,0.0,0.0,0.03216095670176119,10.989073657035778,0.03216095670176119,0.0,1.1279787516166495,9.86109490541913,2.216052979504863,0.0,0.0,0.0,0.6110737146122779,0.0,0,0.0,0,9.86109490541913,,,,,,,,,,,
9113,3/12/1992,6.986,15.061,3.000,4.631,4.631,10.43,0.0,0,10.34055855428157,0.0,20.2016534597007,0.0,0.0,3.111792571357309,17.08986088834339,5.614442440169053,0.08944144571843,0.08944144571843,0.0,1.8021968152382797,0.08944144571843,0,0.0,0,17.08986088834339,,,,,,,,,,,
9114,3/13/1992,5.061,17.872,3.000,4.631,4.631,13.241,0.0,0,13.241,0.08944144571843,30.331259037602795,0.0,0.08944144571843,6.126087208924069,24.205171828678726,10.359700335480406,0.0,0.0,0.00039814925940304455,3.7096371805216912,0.08904329645902696,0,0.0,0,24.205171828678726,,,,,,,,,,,
9115,3/14/1992,3.062,2.233,3.000,4.631,2.233,0.0,2.398,0.0,0.0,0.08904329645902696,24.205171828678726,0.08904329645902696,0.0,4.20609807255905,19.999073756119675,7.379701585667315,0.0,0.0,0.0,2.484747113669571,0.0,0,0.0,0,19.999073756119675,,,,,,,,,,,
9116,3/15/1992,2.649,0.841,3.000,4.631,0.841,0.0,3.79,0.0,0.0,0.0,19.999073756119675,0.0,0.0,3.059958817761469,16.939114938358205,5.5293144017116855,0.0,0.0,0.0,1.7702195868590649,0.0,0,0.0,0,16.939114938358205,,,,,,,,,,,
9117,3/16/1992,4.287,15.327,3.000,4.631,4.631,10.696,0.0,0,10.60655855428157,0.0,27.545673492639775,0.0,0.0,5.2174076478287015,22.328265844811074,8.965393473669765,0.08944144571843,0.08944144571843,0.0,3.1261864143447156,0.08944144571843,0,0.0,0,22.328265844811074,,,,,,,,,,,
9118,3/17/1992,19.542,34.545,3.000,4.631,4.631,29.914,0.0,0,29.914,0.08944144571843,52.242663994070476,0.0,0.08944144571843,15.16146971478117,37.081194279289306,23.22086877825279,0.0,0.0,0.00039814925940304455,9.745090166951828,0.08904329645902696,0,0.0,0,37.081194279289306,,,,,,,,,,,
9119,3/18/1992,9.576,1.293,3.000,4.631,1.293,0.0,3.338,0.0,0.0,0.08904329645902696,37.081194279289306,0.08904329645902696,0.0,8.56292157959631,28.518272699692996,13.985292577658885,0.0,0.0,0.0,5.300784688362358,0.0,0,0.0,0,28.518272699692996,,,,,,,,,,,
9120,3/19/1992,3.308,0.453,3.000,4.631,0.453,0.0,4.178,0.0,0.0,0.0,28.518272699692996,0.0,0.0,5.528039540679949,22.990233159013048,9.445030133101145,0.0,0.0,0.0,3.3249407449332486,0.0,0,0.0,0,22.990233159013048,,,,,,,,,,,
9121,3/20/1992,2.423,0.595,3.000,4.631,0.595,0.0,4.0360000000000005,0.0,0.0,0.0,22.990233159013048,0.0,0.0,3.860154948086048,19.130078210927,6.82779252997248,0.0,0.0,0.0,2.2675394361806607,0.0,0,0.0,0,19.130078210927,,,,,,,,,,,
9122,3/21/1992,2.204,0.598,3.000,4.631,0.598,0.0,4.033,0.0,0.0,0.0,19.130078210927,0.0,0.0,2.841583053812963,16.288495157114035,5.168963144246731,0.0,0.0,0.0,1.6358974903080377,0.0,0,0.0,0,16.288495157114035,,,,,,,,,,,
9123,3/22/1992,1.100,1.910,3.000,4.631,1.91,0.0,2.721,0.0,0.0,0.0,16.288495157114035,0.0,0.0,2.1735387299504425,14.114956427163593,4.047534943271368,0.0,0.0,0.0,1.2294316986755693,0.0,0,0.0,0,14.114956427163593,,,,,,,,,,,
9124,3/23/1992,0.711,2.291,3.000,4.631,2.291,0.0,2.3400000000000003,0.0,0.0,0.0,14.114956427163593,0.0,0.0,1.7119786637599603,12.402977763403632,3.2527220950974347,0.0,0.0,0.0,0.9532655596594692,0.0,0,0.0,0,12.402977763403632,,,,,,,,,,,
9125,3/24/1992,0.711,1.840,3.000,4.631,1.84,0.0,2.7910000000000004,0.0,0.0,0.0,12.402977763403632,0.0,0.0,1.3800952248547727,11.02288253854886,2.6685370458528,0.0,0.0,0.0,0.7576460987773467,0.0,0,0.0,0,11.02288253854886,,,,,,,,,,,
9126,3/25/1992,1.499,3.825,3.000,4.631,3.825,0.0,0.806,0.0,0.0,0.0,11.02288253854886,0.0,0.0,1.1337685626476057,9.889113975901253,2.2265405382518204,0.0,0.0,0.0,0.6144172520241834,0.0,0,0.0,0,9.889113975901253,,,,,,,,,,,
9127,3/26/1992,1.142,3.104,3.000,4.631,3.104,0.0,1.5270000000000001,0.0,0.0,0.0,9.889113975901253,0.0,0.0,0.9461530970240492,8.942960878877203,1.8841042877645309,0.0,0.0,0.0,0.5066766920851108,0.0,0,0.0,0,8.942960878877203,,,,,,,,,,,
9128,3/27/1992,1.642,3.942,3.000,4.631,3.942,0.0,0.6890000000000001,0.0,0.0,0.0,8.942960878877203,0.0,0.0,0.8001437112711265,8.142817167606077,1.6135000998059834,0.0,0.0,0.0,0.42378703726096034,0.0,0,0.0,0,8.142817167606077,,,,,,,,,,,
9129,3/28/1992,5.804,17.723,3.000,4.631,4.631,13.091999999999999,0.0,0,13.002558554281569,0.0,21.145375721887646,0.0,0.0,3.357825493200135,17.78755022868751,6.016497161778878,0.08944144571843,0.08944144571843,0.0,1.9544485356957746,0.08944144571843,0,0.0,0,17.78755022868751,,,,,,,,,,,
9130,3/29/1992,3.002,9.036,3.000,4.631,4.631,4.404999999999999,0.0,0,4.404999999999999,0.08944144571843,22.192948377946912,0.0,0.08944144571843,3.6396317908030786,18.553316587143833,6.473144004904158,0.0,0.0,0.00039814925940304455,2.1297397564812215,0.08904329645902696,0,0.0,0,18.553316587143833,,,,,,,,,,,
9131,3/30/1992,12.148,27.662,3.000,4.631,4.631,23.031,0.0,0,23.030601850740595,0.08904329645902696,41.58431481477945,0.0,0.08904329645902696,10.365295671835453,31.219019142943992,16.581052017300983,0.0003981492594030382,0.0003981492594030382,0.0003963768950199571,6.4976853819003395,0.08904506882341005,0,0.0,0,31.219019142943992,,,,,,,,,,,
9132,3/31/1992,27.986,26.081,3.000,4.631,4.631,21.45,0.0,0,21.44960362310498,0.08904506882341005,52.669019150833684,0.0,0.08904506882341005,15.36825280527149,37.300766345562195,23.499806772314514,0.00039637689501995115,0.00039637689501995115,0.000396384784713162,9.886809626077786,0.08904506093371685,0,0.0,0,37.300766345562195,,,,,,,,,,,
9133,4/1/1992,24.709,13.134,4.000,4.235,4.235,8.899000000000001,0.0,0,8.898603615215288,0.08904506093371685,46.199766345527074,0.0,0.08904506093371685,12.352800005342585,33.84696634018449,19.3749891585906,0.0003963847847131611,0.0003963847847131611,0.0003963847495921342,7.833490412745097,0.08904506096883787,0,0.0,0,33.84696634018449,,,,,,,,,,,
9134,4/2/1992,12.248,7.512,4.000,4.235,4.235,3.2769999999999992,0.0,0,3.276603615250407,0.08904506096883787,37.123966340184644,0.0,0.08904506096883787,8.579389702831214,28.54457663735343,14.00931019184404,0.0003963847495921373,0.0003963847495921373,0.00039638474974847566,5.311650587343623,0.08904506096868153,0,0.0,0,28.54457663735343,,,,,,,,,,,
9135,4/3/1992,5.061,2.573,4.000,4.235,2.573,0.0,1.6620000000000004,0.0,0.0,0.08904506096868153,28.54457663735343,0.08904506096868153,0.0,5.536540167084688,23.008036470268742,9.458110527124038,0.0,0.0,0.0,3.3303903063955116,0.0,0,0.0,0,23.008036470268742,,,,,,,,,,,
9136,4/4/1992,3.950,3.233,4.000,4.235,3.233,0.0,1.0020000000000002,0.0,0.0,0.0,23.008036470268742,0.0,0.0,3.8651383162813344,19.142898153987407,6.835780686662574,0.0,0.0,0.0,2.2706595283317017,0.0,0,0.0,0,19.142898153987407,,,,,,,,,,,
9137,4/5/1992,3.184,4.609,4.000,4.235,4.235,0.37399999999999967,0.0,0,0.2846002851047721,0.0,19.42749843909218,0.0,0.0,2.915595353133072,16.51190308595911,5.29140942090458,0.08939971489522756,0.08939971489522756,0.0,1.681348605508345,0.08939971489522756,0,0.0,0,16.51190308595911,,,,,,,,,,,
9138,4/6/1992,3.123,5.361,4.000,4.235,4.235,1.1259999999999994,0.0,0,1.1259582691767975,0.08939971489522756,17.63825931863024,0.0,0.08939971489522756,2.4819440307900087,15.156315287840231,4.569065790511694,4.173082320195043e-05,4.173082320195043e-05,0.00039796349433385465,1.416187416050793,0.08904348222409567,0,0.0,0,15.156315287840231,,,,,,,,,,,
9139,4/7/1992,1.941,1.804,4.000,4.235,1.804,0.0,2.431,0.0,0.0,0.08904348222409567,15.156315287840231,0.08904348222409567,0.0,1.9276218030202084,13.228693484820022,3.6263771133960847,0.0,0.0,0.0,1.0817518651947007,0.0,0,0.0,0,13.228693484820022,,,,,,,,,,,
9140,4/8/1992,1.361,4.699,4.000,4.235,4.235,0.4639999999999995,0.0,0,0.374564132962278,0.0,13.603257617782301,0.0,0.0,1.6097952789539476,11.993462338828353,3.074106292153779,0.08943586703772154,0.08943586703772154,0.0,0.8927451716698885,0.08943586703772154,0,0.0,0,11.993462338828353,,,,,,,,,,,
9141,4/9/1992,2.258,3.458,4.000,4.235,3.458,0.0,0.7770000000000001,0.0,0.0,0.08943586703772154,11.99356455040515,0.06647475137062414,0.022961115667097395,1.3050071953311748,10.688557355073975,2.5346331943091855,0.0,0.0,0.00010221157679742996,0.7137917879316501,0.022858904090299965,0,0.0,0,10.688557355073975,,,,,,,,,,,
9142,4/10/1992,1.740,1.520,4.000,4.235,1.52,0.0,2.7150000000000003,0.0,0.0,0.022858904090299965,10.688557355073975,0.022858904090299965,0.0,1.077037764653742,9.611519590420233,2.1235680873667397,0.0,0.0,0.0,0.5817052744409561,0.0,0,0.0,0,9.611519590420233,,,,,,,,,,,
9143,4/11/1992,0.898,0.504,4.000,4.235,0.504,0.0,3.7310000000000003,0.0,0.0,0.0,9.611519590420233,0.0,0.0,0.9023032822219023,8.70921630819833,1.8032429921546558,0.0,0.0,0.0,0.4816881641682544,0.0,0,0.0,0,8.70921630819833,,,,,,,,,,,
9144,4/12/1992,0.508,2.092,4.000,4.235,2.092,0.0,2.1430000000000002,0.0,0.0,0.0,8.70921630819833,0.0,0.0,0.7655923289145571,7.943623979283774,1.548868669294645,0.0,0.0,0.0,0.40431124754097736,0.0,0,0.0,0,7.943623979283774,,,,,,,,,,,
9145,4/13/1992,0.676,1.022,4.000,4.235,1.022,0.0,3.213,0.0,0.0,0.0,7.943623979283774,0.0,0.0,0.6567452014175802,7.286878777866193,1.343588783836709,0.0,0.0,0.0,0.34334664260562076,0.0,0,0.0,0,7.286878777866193,,,,,,,,,,,
9146,4/14/1992,0.359,1.406,4.000,4.235,1.406,0.0,2.8290000000000006,0.0,0.0,0.0,7.286878777866193,0.0,0.0,0.5687678234535575,6.718110954412636,1.175609390063121,0.0,0.0,0.0,0.2945512677604535,0.0,0,0.0,0,6.718110954412636,,,,,,,,,,,
9147,4/15/1992,0.359,0.385,4.000,4.235,0.385,0.0,3.8500000000000005,0.0,0.0,0.0,6.718110954412636,0.0,0.0,0.4967193346171759,6.22139161979546,1.036474665017941,0.0,0.0,0.0,0.2549566240546792,0.0,0,0.0,0,6.22139161979546,,,,,,,,,,,
9148,4/16/1992,0.359,0.196,4.000,4.235,0.196,0.0,4.039000000000001,0.0,0.0,0.0,6.22139161979546,0.0,0.0,0.43703043024273497,5.784361189552725,0.9199925818916767,0.0,0.0,0.0,0.22243772691633829,0.0,0,0.0,0,5.784361189552725,,,,,,,,,,,
9149,4/17/1992,0.540,0.049,4.000,4.235,0.049,0.0,4.186,0.0,0.0,0.0,5.784361189552725,0.0,0.0,0.3870717273209825,5.397289462231742,0.8215441766229422,0.0,0.0,0.0,0.19544258896306715,0.0,0,0.0,0,5.397289462231742,,,,,,,,,,,
9150,4/18/1992,0.711,0.145,4.000,4.235,0.145,0.0,4.090000000000001,0.0,0.0,0.0,5.397289462231742,0.0,0.0,0.34487255024931507,5.052416911982427,0.7376271525853095,0.0,0.0,0.0,0.1728174621585378,0.0,0,0.0,0,5.052416911982427,,,,,,,,,,,
9151,4/19/1992,0.416,0.152,4.000,4.235,0.152,0.0,4.083,0.0,0.0,0.0,5.052416911982427,0.0,0.0,0.30893307810132364,4.743483833881104,0.6655470058310189,0.0,0.0,0.0,0.15369103160742728,0.0,0,0.0,0,4.743483833881104,,,,,,,,,,,
9152,4/20/1992,0.821,0.049,4.000,4.235,0.049,0.0,4.186,0.0,0.0,0.0,4.743483833881104,0.0,0.0,0.27809604935494153,4.465387784526163,0.6032035019852569,0.0,0.0,0.0,0.13739592557697952,0.0,0,0.0,0,4.465387784526163,,,,,,,,,,,
9153,4/21/1992,0.898,1.352,4.000,4.235,1.352,0.0,2.883,0.0,0.0,0.0,4.465387784526163,0.0,0.0,0.2514573944995971,4.213930390026566,0.5489402452056996,0.0,0.0,0.0,0.12341443686929722,0.0,0,0.0,0,4.213930390026566,,,,,,,,,,,
9154,4/22/1992,0.937,2.790,4.000,4.235,2.79,0.0,1.4450000000000003,0.0,0.0,0.0,4.213930390026566,0.0,0.0,0.22830287117561668,3.9856275188509493,0.501436876705085,0.0,0.0,0.0,0.11134030317486837,0.0,0,0.0,0,3.9856275188509493,,,,,,,,,,,
9155,4/23/1992,1.017,0.230,4.000,4.235,0.23,0.0,4.005,0.0,0.0,0.0,3.9856275188509493,0.0,0.0,0.20806241061104241,3.777565108239907,0.45963062432729873,0.0,0.0,0.0,0.10085135244882784,0.0,0,0.0,0,3.777565108239907,,,,,,,,,,,
9156,4/24/1992,1.142,0.530,4.000,4.235,0.53,0.0,3.705,0.0,0.0,0.0,3.777565108239907,0.0,0.0,0.19027674282217633,3.5872883654177308,0.42265840793802756,0.0,0.0,0.0,0.09168963230813572,0.0,0,0.0,0,3.5872883654177308,,,,,,,,,,,
9157,4/25/1992,1.228,1.245,4.000,4.235,1.245,0.0,2.99,0.0,0.0,0.0,3.5872883654177308,0.0,0.0,0.17457267212246322,3.4127156932952674,0.3898135657178587,0.0,0.0,0.0,0.08364677934113786,0.0,0,0.0,0,3.4127156932952674,,,,,,,,,,,
9158,4/26/1992,1.316,1.710,4.000,4.235,1.71,0.0,2.5250000000000004,0.0,0.0,0.0,3.4127156932952674,0.0,0.0,0.160644536741584,3.2520711565536833,0.36051312824705367,0.0,0.0,0.0,0.07655311220409762,0.0,0,0.0,0,3.2520711565536833,,,,,,,,,,,
9159,4/27/1992,1.316,0.358,4.000,4.235,0.358,0.0,3.8770000000000002,0.0,0.0,0.0,3.2520711565536833,0.0,0.0,0.1482401493353121,3.1038310072183712,0.3342728014449674,0.0,0.0,0.0,0.07026940748099414,0.0,0,0.0,0,3.1038310072183712,,,,,,,,,,,
9160,4/28/1992,0.676,0.023,4.000,4.235,0.023,0.0,4.212000000000001,0.0,0.0,0.0,3.1038310072183712,0.0,0.0,0.1371500247241615,2.9666809824942098,0.31068765133232357,0.0,0.0,0.0,0.06468063279445307,0.0,0,0.0,0,2.9666809824942098,,,,,,,,,,,
9161,4/29/1992,0.676,0.016,4.000,4.235,0.016,0.0,4.219,0.0,0.0,0.0,2.9666809824942098,0.0,0.0,0.1271990469300488,2.839481935564161,0.28941705301288667,0.0,0.0,0.0,0.059691124564967064,0.0,0,0.0,0,2.839481935564161,,,,,,,,,,,
9162,4/30/1992,0.359,0.267,4.000,4.235,0.267,0.0,3.9680000000000004,0.0,0.0,0.0,2.839481935564161,0.0,0.0,0.11823996560105937,2.7212419699631014,0.2701728615968588,0.0,0.0,0.0,0.05522084362478587,0.0,0,0.0,0,2.7212419699631014,,,,,,,,,,,
9163,5/1/1992,0.359,0.031,5.000,3.714,0.031,0.0,3.683,0.0,0.0,0.0,2.7212419699631014,0.0,0.0,0.11014827800697745,2.611093691956124,0.25271004086492516,0.0,0.0,0.0,0.051202443122720015,0.0,0,0.0,0,2.611093691956124,,,,,,,,,,,
9164,5/2/1992,0.359,0.501,5.000,3.714,0.501,0.0,3.213,0.0,0.0,0.0,2.611093691956124,0.0,0.0,0.102818170149231,2.508275521806893,0.23681918346936948,0.0,0.0,0.0,0.047578954333221735,0.0,0,0.0,0,2.508275521806893,,,,,,,,,,,
9165,5/3/1992,0.821,1.611,5.000,3.714,1.611,0.0,2.1029999999999998,0.0,0.0,0.0,2.508275521806893,0.0,0.0,0.09615927442849848,2.4121162473783944,0.22232049905462273,0.0,0.0,0.0,0.04430194662384617,0.0,0,0.0,0,2.4121162473783944,,,,,,,,,,,
9166,5/4/1992,1.100,2.651,5.000,3.714,2.651,0.0,1.0630000000000002,0.0,0.0,0.0,2.4121162473783944,0.0,0.0,0.09009406194791225,2.322022185430482,0.20905895045356976,0.0,0.0,0.0,0.04133005426410569,0.0,0,0.0,0,2.322022185430482,,,,,,,,,,,
9167,5/5/1992,0.676,3.968,5.000,3.714,3.714,0.254,0.0,0,0.1651672900653257,0.0,2.487189475495808,0.0,0.0,0.09481576718154515,2.392373708314263,0.21938761124254663,0.08883270993467429,0.08883270993467429,0.0,0.043642549593142996,0.08883270993467429,0,0.0,0,2.392373708314263,,,,,,,,,,,
9168,5/6/1992,0.676,1.239,5.000,3.714,1.239,0.0,2.4749999999999996,0.0,0.0,0.08883270993467429,2.392373708314263,0.08883270993467429,0.0,0.08886842420972163,2.303505284104541,0.20637237193395733,0.0,0.0,0.0,0.040731073912691845,0.0,0,0.0,0,2.303505284104541,,,,,,,,,,,
9169,5/7/1992,0.359,0.171,5.000,3.714,0.171,0.0,3.543,0.0,0.0,0.0,2.303505284104541,0.0,0.0,0.08343490950406422,2.220070374600477,0.1944337138674688,0.0,0.0,0.0,0.038082308735459355,0.0,0,0.0,0,2.220070374600477,,,,,,,,,,,
9170,5/8/1992,0.784,2.052,5.000,3.714,2.052,0.0,1.662,0.0,0.0,0.0,2.220070374600477,0.0,0.0,0.07845916472203376,2.1416112098784432,0.1834583333055717,0.0,0.0,0.0,0.035666624361710315,0.0,0,0.0,0,2.1416112098784432,,,,,,,,,,,
9171,5/9/1992,0.784,3.119,5.000,3.714,3.119,0.0,0.5949999999999998,0.0,0.0,0.0,2.1416112098784432,0.0,0.0,0.07389246652727548,2.067718743351168,0.1733473025177708,0.0,0.0,0.0,0.03345837282497747,0.0,0,0.0,0,2.067718743351168,,,,,,,,,,,
9172,5/10/1992,0.859,0.160,5.000,3.714,0.16,0.0,3.554,0.0,0.0,0.0,2.067718743351168,0.0,0.0,0.06969231411434909,1.9980264292368188,0.16401394736629524,0.0,0.0,0.0,0.03143527048015296,0.0,0,0.0,0,1.9980264292368188,,,,,,,,,,,
9173,5/11/1992,0.821,0.269,5.000,3.714,0.269,0.0,3.445,0.0,0.0,0.0,1.9980264292368188,0.0,0.0,0.06582150763452041,1.9322049216022985,0.15538208047519575,0.0,0.0,0.0,0.029577888551102615,0.0,0,0.0,0,1.9322049216022985,,,,,,,,,,,
9174,5/12/1992,0.359,0.114,5.000,3.714,0.114,0.0,3.6,0.0,0.0,0.0,1.9322049216022985,0.0,0.0,0.062247381119830116,1.8699575404824684,0.14738452362452886,0.0,0.0,0.0,0.02786923071341219,0.0,0,0.0,0,1.8699575404824684,,,,,,,,,,,
9175,5/13/1992,0.359,0.638,5.000,3.714,0.638,0.0,3.076,0.0,0.0,0.0,1.8699575404824684,0.0,0.0,0.058941161109980746,1.8110163793724876,0.1399618666091712,0.0,0.0,0.0,0.02629438122343706,0.0,0,0.0,0,1.8110163793724876,,,,,,,,,,,
9176,5/14/1992,0.359,0.267,5.000,3.714,0.267,0.0,3.447,0.0,0.0,0.0,1.8110163793724876,0.0,0.0,0.055877428070819225,1.7551389513016684,0.13306142037458263,0.0,0.0,0.0,0.02484021052291315,0.0,0,0.0,0,1.7551389513016684,,,,,,,,,,,
9177,5/15/1992,0.359,0.551,5.000,3.714,0.551,0.0,3.163,0.0,0.0,0.0,1.7551389513016684,0.0,0.0,0.053033662273586184,1.7021052890280823,0.12663633051345824,0.0,0.0,0.0,0.023495127899384276,0.0,0,0.0,0,1.7021052890280823,,,,,,,,,,,
9178,5/16/1992,0.359,0.239,5.000,3.714,0.239,0.0,3.475,0.0,0.0,0.0,1.7021052890280823,0.0,0.0,0.05038985939113745,1.651715429636945,0.12064482371667987,0.0,0.0,0.0,0.022248872851370727,0.0,0,0.0,0,1.651715429636945,,,,,,,,,,,
9179,5/17/1992,0.416,0.096,5.000,3.714,0.096,0.0,3.618,0.0,0.0,0.0,1.651715429636945,0.0,0.0,0.047928203892627724,1.6037872257443173,0.1150495649234344,0.0,0.0,0.0,0.021092338430885857,0.0,0,0.0,0,1.6037872257443173,,,,,,,,,,,
9180,5/18/1992,0.477,0.510,5.000,3.714,0.51,0.0,3.2039999999999997,0.0,0.0,0.0,1.6037872257443173,0.0,0.0,0.04563279055566508,1.5581544351886523,0.10981710701393652,0.0,0.0,0.0,0.02001742111741501,0.0,0,0.0,0,1.5581544351886523,,,,,,,,,,,
9181,5/19/1992,0.508,0.365,5.000,3.714,0.365,0.0,3.349,0.0,0.0,0.0,1.5581544351886523,0.0,0.0,0.04348938619625958,1.5146650489923927,0.10491741816572454,0.0,0.0,0.0,0.01901689279428586,0.0,0,0.0,0,1.5146650489923927,,,,,,,,,,,
9182,5/20/1992,0.676,0.354,5.000,3.714,0.354,0.0,3.36,0.0,0.0,0.0,1.5146650489923927,0.0,0.0,0.041485225142111656,1.4731798238502811,0.10032347462824767,0.0,0.0,0.0,0.01808429120924685,0.0,0,0.0,0,1.4731798238502811,,,,,,,,,,,
9183,5/21/1992,0.676,0.149,5.000,3.714,0.149,0.0,3.565,0.0,0.0,0.0,1.4731798238502811,0.0,0.0,0.039608833120558594,1.4335709907297225,0.09601090879676304,0.0,0.0,0.0,0.017213825950873174,0.0,0,0.0,0,1.4335709907297225,,,,,,,,,,,
9184,5/22/1992,0.676,0.548,5.000,3.714,0.548,0.0,3.166,0.0,0.0,0.0,1.4335709907297225,0.0,0.0,0.03784987515783466,1.3957211155718878,0.09195770419085414,0.0,0.0,0.0,0.016400297495557385,0.0,0,0.0,0,1.3957211155718878,,,,,,,,,,,
9185,5/23/1992,0.676,0.072,5.000,3.714,0.072,0.0,3.642,0.0,0.0,0.0,1.3957211155718878,0.0,0.0,0.03619902383689269,1.359522091734995,0.08814393034715998,0.0,0.0,0.0,0.01563902730287955,0.0,0,0.0,0,1.359522091734995,,,,,,,,,,,
9186,5/24/1992,0.676,0.226,5.000,3.714,0.226,0.0,3.488,0.0,0.0,0.0,1.359522091734995,0.0,0.0,0.03464784487244641,1.3248742468625487,0.0845515117842572,0.0,0.0,0.0,0.014925797280704204,0.0,0,0.0,0,1.3248742468625487,,,,,,,,,,,
9187,5/25/1992,0.359,0.744,5.000,3.714,0.744,0.0,2.9699999999999998,0.0,0.0,0.0,1.3248742468625487,0.0,0.0,0.0331886974619449,1.2916855494006039,0.08116402614041185,0.0,0.0,0.0,0.014256797221497015,0.0,0,0.0,0,1.2916855494006039,,,,,,,,,,,
9188,5/26/1992,0.387,1.230,5.000,3.714,1.23,0.0,2.484,0.0,0.0,0.0,1.2916855494006039,0.0,0.0,0.03181464728175445,1.2598709021188494,0.07796652736184874,0.0,0.0,0.0,0.013628579040694902,0.0,0,0.0,0,1.2598709021188494,,,,,,,,,,,
9189,5/27/1992,0.446,0.243,5.000,3.714,0.243,0.0,3.471,0.0,0.0,0.0,1.2598709021188494,0.0,0.0,0.0305193903361722,1.2293515117826772,0.07494539046178089,0.0,0.0,0.0,0.013038016836424193,0.0,0,0.0,0,1.2293515117826772,,,,,,,,,,,
9190,5/28/1992,0.477,0.691,5.000,3.714,0.691,0.0,3.023,0.0,0.0,0.0,1.2293515117826772,0.0,0.0,0.029297186146734898,1.2000543256359424,0.07208817490379307,0.0,0.0,0.0,0.012482271945293536,0.0,0,0.0,0,1.2000543256359424,,,,,,,,,,,
9191,5/29/1992,0.508,6.377,5.000,3.714,3.714,2.663,0.0,0,2.5735585542815698,0.0,3.773612879917512,0.0,0.0,0.18994506760393629,3.5836678123135757,0.42196670807765274,0.08944144571843,0.08944144571843,0.0,0.09151929941574695,0.08944144571843,0,0.0,0,3.5836678123135757,,,,,,,,,,,
9192,5/30/1992,0.508,5.161,5.000,3.714,3.714,1.4469999999999996,0.0,0,1.4469999999999996,0.08944144571843,5.0310659615729785,0.0,0.08944144571843,0.30676028329949123,4.724305678273487,0.6611698514505632,0.0,0.0,0.00039814925940304455,0.1525392291590849,0.08904329645902696,0,0.0,0,4.724305678273487,,,,,,,,,,,
9193,5/31/1992,1.361,15.106,5.000,3.714,3.714,11.392,0.0,0,11.391601850740596,0.08904329645902696,16.116303905909103,0.0,0.08904329645902696,2.1353784651050036,13.9809254408041,3.982505130778723,0.0003981492594030382,0.0003981492594030382,0.0003963768950199571,1.206439950983727,0.08904506882341005,0,0.0,0,13.9809254408041,,,,,,,,,,,
9194,6/1/1992,2.592,16.151,6.000,3.269,3.269,12.882,0.0,0,12.88160362310498,0.08904506882341005,26.862925448693794,0.0,0.08904506882341005,5.0036618965052675,21.859263552188526,8.633430921051412,0.00039637689501995115,0.00039637689501995115,0.000396384784713162,2.9898725282033114,0.08904506093371685,0,0.0,0,21.859263552188526,,,,,,,,,,,
9195,6/2/1992,4.287,5.828,6.000,3.269,3.269,2.559,0.0,0,2.558603615215287,0.08904506093371685,24.418263552153405,0.0,0.08904506093371685,4.2679934045797925,20.150270147573615,7.477903180492219,0.0003963847847131611,0.0003963847847131611,0.0003963847495921342,2.523736450447277,0.08904506096883787,0,0.0,0,20.150270147573615,,,,,,,,,,,
9196,6/3/1992,1.993,10.438,6.000,3.269,3.269,7.1690000000000005,0.0,0,7.168603615250408,0.08904506096883787,27.31927014757377,0.0,0.08904506096883787,5.146132128939747,22.173138018634024,8.8548758181653,0.0003963847495921373,0.0003963847495921373,0.00039638474974847566,3.080689671205488,0.08904506096868153,0,0.0,0,22.173138018634024,,,,,,,,,,,
9197,6/4/1992,0.977,3.440,6.000,3.269,3.269,0.17099999999999982,0.0,0,0.170612293540071,0.08904506096868153,22.344146696923843,0.0,0.08904506096868153,3.681052980257292,18.663093716666552,6.539933557770164,0.000387706459928825,0.000387706459928825,0.0003963847497477797,2.1555819608592652,0.08903638267886257,0,0.0,0,18.663093716666552,,,,,,,,,,,
9198,6/5/1992,0.477,0.392,6.000,3.269,0.392,0.0,2.8770000000000002,0.0,0.0,0.08903638267886257,18.663093716666552,0.08903638267886257,0.0,2.7269164990228405,15.936177217643712,4.978596294320611,0.0,0.0,0.0,1.565634920673294,0.0,0,0.0,0,15.936177217643712,,,,,,,,,,,
9199,6/6/1992,0.387,0.230,6.000,3.269,0.23,0.0,3.039,0.0,0.0,0.0,15.936177217643712,0.0,0.0,2.09574945820167,13.840427759442042,3.9148497557100885,0.0,0.0,0.0,1.1825918863578704,0.0,0,0.0,0,13.840427759442042,,,,,,,,,,,
9200,6/7/1992,1.142,0.577,6.000,3.269,0.577,0.0,2.692,0.0,0.0,0.0,13.840427759442042,0.0,0.0,1.6568440514206677,12.183583708021374,3.1564777917542997,0.0,0.0,0.0,0.9205803948925712,0.0,0,0.0,0,12.183583708021374,,,,,,,,,,,
9201,6/8/1992,1.546,7.511,6.000,3.269,3.269,4.242,0.0,0,4.15255855428157,0.0,16.336142262302943,0.0,0.0,2.1841457847448615,14.15199647755808,4.065590359711666,0.08944144571843,0.08944144571843,0.0,1.2358272405731772,0.08944144571843,0,0.0,0,14.15199647755808,,,,,,,,,,,
9202,6/9/1992,0.898,0.717,6.000,3.269,0.717,0.0,2.552,0.0,0.0,0.08944144571843,14.15199647755808,0.08944144571843,0.0,1.719472750845192,12.432523726712889,3.2657808029438935,0.0,0.0,0.0,0.9577136402073881,0.0,0,0.0,0,12.432523726712889,,,,,,,,,,,
9203,6/10/1992,0.641,1.170,6.000,3.269,1.17,0.0,2.099,0.0,0.0,0.0,12.432523726712889,0.0,0.0,1.3855789366033726,11.046944790109515,2.678289255573128,0.0,0.0,0.0,0.7608550606111288,0.0,0,0.0,0,11.046944790109515,,,,,,,,,,,
9204,6/11/1992,1.316,4.689,6.000,3.269,3.269,1.42,0.0,0,1.3305585542815728,0.0,12.377503344391089,0.0,0.0,1.375374174591616,11.002129169799472,2.660138269636188,0.0894414457184271,0.0894414457184271,0.0,0.7548841035418405,0.0894414457184271,0,0.0,0,11.002129169799472,,,,,,,,,,,
9205,6/12/1992,1.142,2.740,6.000,3.269,2.74,0.0,0.5289999999999999,0.0,0.0,0.0894414457184271,11.002325842570768,0.045260283546937445,0.04418116217148966,1.1302467911017038,9.872079051469065,2.2201618405318895,0.0,0.0,0.00019667277129577676,0.6123833424614807,0.04398448940019388,0,0.0,0,9.872079051469065,,,,,,,,,,,
9206,6/13/1992,0.676,0.459,6.000,3.269,0.459,0.0,2.81,0.0,0.0,0.04398448940019388,9.872079051469065,0.04398448940019388,0.0,0.943438261623399,8.928640789845666,1.879107643591577,0.0,0.0,0.0,0.5051273480174773,0.0,0,0.0,0,8.928640789845666,,,,,,,,,,,
9207,6/14/1992,0.821,0.420,6.000,3.269,0.42,0.0,2.849,0.0,0.0,0.0,8.928640789845666,0.0,0.0,0.7980094419461962,8.13063134789947,1.609514744425412,0.0,0.0,0.0,0.4225823712846513,0.0,0,0.0,0,8.13063134789947,,,,,,,,,,,
9208,6/15/1992,0.416,0.570,6.000,3.269,0.57,0.0,2.6990000000000003,0.0,0.0,0.0,8.13063134789947,0.0,0.0,0.6827151833662143,7.447916164533256,1.3928091462314691,0.0,0.0,0.0,0.35783573782440936,0.0,0,0.0,0,7.447916164533256,,,,,,,,,,,
9209,6/16/1992,0.937,3.126,6.000,3.269,3.126,0.0,0.14300000000000024,0.0,0.0,0.0,7.447916164533256,0.0,0.0,0.5898710431894129,6.858045121343843,1.2160852338561972,0.0,0.0,0.0,0.3062133018716232,0.0,0,0.0,0,6.858045121343843,,,,,,,,,,,
9210,6/17/1992,1.272,4.269,6.000,3.269,3.269,1.0,0.0,0,0.9105585543163485,0.0,7.7686036756601915,0.0,0.0,0.632806193796689,7.135797481863502,1.2980748134611992,0.08944144568365152,0.08944144568365152,0.0,0.3300239879143538,0.08944144568365152,0,0.0,0,7.135797481863502,,,,,,,,,,,
9211,6/18/1992,2.098,6.373,6.000,3.269,3.269,3.104,0.0,0,3.1039999999652217,0.08944144568365152,10.240195631087973,0.0,0.08944144568365152,1.0027966336063925,9.23739899748158,1.9880753574642103,3.4778487642819665e-11,3.4778487642819665e-11,0.00039814925924822785,0.5390684756057991,0.08904329645918177,0,0.0,0,9.23739899748158,,,,,,,,,,,
9212,6/19/1992,1.142,1.508,6.000,3.269,1.508,0.0,1.7610000000000001,0.0,0.0,0.08904329645918177,9.23739899748158,0.08904329645918177,0.0,0.8445303913175066,8.392868606164074,1.69618187689766,0.0,0.0,0.0,0.4488877943432111,0.0,0,0.0,0,8.392868606164074,,,,,,,,,,,
9213,6/20/1992,1.594,4.218,6.000,3.269,3.269,0.9489999999999998,0.0,0,0.8595585543903588,0.0,9.252427160554433,0.0,0.0,0.8468215524730403,8.405605608081393,1.7004394828489304,0.08944144560964103,0.08944144560964103,0.0,0.45018584839248627,0.08944144560964103,0,0.0,0,8.405605608081393,,,,,,,,,,,
9214,6/21/1992,21.581,35.274,6.000,3.269,3.269,32.005,0.0,0,32.00499999989121,0.08944144560964103,40.411003757231526,0.0,0.08944144560964103,9.882462493101348,30.528541264130176,15.891910501459716,1.0878897646917516e-10,1.0878897646917516e-10,0.0003981492589187696,6.175597782825965,0.08904329645951123,0,0.0,0,30.528541264130176,,,,,,,,,,,
9215,6/22/1992,6.189,2.297,6.000,3.269,2.297,0.0,0.972,0.0,0.0,0.08904329645951123,30.528569017918127,0.0828086021584308,0.0062346943010804234,6.1926498525692315,24.335919165348894,10.460827007498638,0.0,0.0,2.7753787951887396e-05,3.7526115405720306,0.006206940513128536,0,0.0,0,24.335919165348894,,,,,,,,,,,
9216,6/23/1992,3.370,6.073,6.000,3.269,3.269,2.8040000000000003,0.0,0,2.7207654947946986,0.006206940513128536,27.056712290385352,0.0,0.006206940513128536,5.063966423894092,21.992745866491262,8.727251541103765,0.08323450520530146,0.08323450520530146,2.7630241758845525e-05,3.0282929438274566,0.08941381547667114,0,0.0,0,21.992745866491262,,,,,,,,,,,
9217,6/24/1992,2.649,5.455,6.000,3.269,3.269,2.186,0.0,0,2.185972369758241,0.08941381547667114,24.17911626251268,0.0,0.08941381547667114,4.198554716444334,19.980561546068344,7.367722469144687,2.763024175886075e-05,2.763024175886075e-05,0.00039802626317679785,2.4799979442131503,0.08904341945525321,0,0.0,0,19.980561546068344,,,,,,,,,,,
9218,6/25/1992,1.941,2.431,6.000,3.269,2.431,0.0,0.8380000000000001,0.0,0.0,0.08904341945525321,19.98064011839596,0.07139269573878666,0.017650723716466546,3.055259530109348,16.925380588286615,5.52158911423228,0.0,0.0,7.857232761825562e-05,1.7673222597409846,0.01757215138884829,0,0.0,0,16.925380588286615,,,,,,,,,,,
9219,6/26/1992,0.937,4.362,6.000,3.269,3.269,1.093,0.0,0,1.0211307056733374,0.01757215138884829,17.94658951652227,0.0,0.01757215138884829,2.5546750156234093,15.39191450089886,4.691069678693138,0.07186929432666249,0.07186929432666249,7.82225623187404e-05,1.4604604060084587,0.08936322315319205,0,0.0,0,15.39191450089886,,,,,,,,,,,
9220,6/27/1992,0.477,4.776,6.000,3.269,3.269,1.5069999999999997,0.0,0,1.5069217774347616,0.08936322315319205,16.899234079384694,0.0,0.08936322315319205,2.3110578359425302,14.588176243442163,4.280952385196341,7.822256523795305e-05,7.822256523795305e-05,0.00039780105107336096,1.3125050614604474,0.08904364466735665,0,0.0,0,14.588176243442163,,,,,,,,,,,
9221,6/28/1992,0.416,3.190,6.000,3.269,3.19,0.0,0.07900000000000018,0.0,0.0,0.08904364466735665,14.588542661666716,0.006730353941113204,0.08231329072624344,1.8087795018070927,12.779763159859623,3.4209860407385846,0.0,0.0,0.000366418224553902,1.0108180214933338,0.08194687250168954,0,0.0,0,12.779763159859623,,,,,,,,,,,
9222,6/29/1992,0.387,1.897,6.000,3.269,1.897,0.0,1.372,0.0,0.0,0.08194687250168954,12.779763159859623,0.08194687250168954,0.0,1.450676092047076,11.329087067812548,2.79378761015376,0.0,0.0,0.0,0.7990116682427556,0.0,0,0.0,0,11.329087067812548,,,,,,,,,,,
9223,6/30/1992,3.753,9.941,6.000,3.269,3.269,6.672000000000001,0.0,0,6.5825585542815706,0.0,17.91164562209412,0.0,0.0,2.5463900299727857,15.365255592121335,4.677190023401073,0.08944144571843,0.08944144571843,0.0,1.4554129168431202,0.08944144571843,0,0.0,0,15.365255592121335,,,,,,,,,,,
9224,7/1/1992,3.184,4.821,7.000,3.463,3.463,1.3579999999999997,0.0,0,1.3579999999999997,0.08944144571843,16.723653741380737,0.0,0.08944144571843,2.2711773923296508,14.452476349051086,4.2134088881163105,0.0,0.0,0.00039814925940304455,1.2883794640450439,0.08904329645902696,0,0.0,0,14.452476349051086,,,,,,,,,,,
9225,7/2/1992,2.368,5.070,7.000,3.463,3.463,1.6070000000000002,0.0,0,1.6066018507405972,0.08904329645902696,16.0594745766867,0.0,0.08904329645902696,2.1228435984203355,13.936630978266365,3.961118985941314,0.0003981492594030381,0.0003981492594030381,0.0003963768950199571,1.1988935056458407,0.08904506882341005,0,0.0,0,13.936630978266365,,,,,,,,,,,
9226,7/3/1992,2.204,3.466,7.000,3.463,3.463,0.0030000000000001137,0.0,0,0.0029743354083257337,0.08904506882341005,13.940001698459403,0.0,0.08904506882341005,1.6767583943631414,12.263243304096262,3.1912756160030953,2.5664591674379955e-05,2.5664591674379955e-05,0.000396384784713162,0.9323779776324012,0.08867434863037128,0,0.0,0,12.263243304096262,,,,,,,,,,,
9227,7/4/1992,4.287,7.834,7.000,3.463,3.463,4.3709999999999996,0.0,0,4.37023290291194,0.08867434863037128,16.633870941529224,0.0,0.08867434863037128,2.250891998851028,14.382978942678196,4.179006834492435,0.0007670970880587208,0.0007670970880587208,0.0003947345210225593,1.2761185153635164,0.08904671119740744,0,0.0,0,14.382978942678196,,,,,,,,,,,
9228,7/5/1992,22.690,17.764,7.000,3.463,3.463,14.300999999999998,0.0,0,14.300605265478977,0.08904671119740744,28.683980600252923,0.0,0.08904671119740744,5.581678420803383,23.102302179449538,9.527527844433909,0.0003947345210225609,0.0003947345210225609,0.0003963920957532002,3.3593366363178636,0.0890450536226768,0,0.0,0,23.102302179449538,,,,,,,,,,,
9229,7/6/1992,13.982,8.064,7.000,3.463,3.463,4.601,0.0,0,4.6006036079042465,0.0890450536226768,27.70330217207083,0.0,0.0890450536226768,5.267263076792274,22.43603909527856,9.042593392659336,0.0003963920957532003,0.0003963920957532003,0.0003963847170469851,3.158034590164478,0.08904506100138301,0,0.0,0,22.43603909527856,,,,,,,,,,,
9230,7/7/1992,5.881,2.329,7.000,3.463,2.329,0.0,1.134,0.0,0.0,0.08904506100138301,22.43603909527856,0.08904506100138301,0.0,3.7063186788179827,18.729720416460577,6.5806328572605635,0.0,0.0,0.0,2.1713543516769986,0.0,0,0.0,0,18.729720416460577,,,,,,,,,,,
9231,7/8/1992,3.123,0.843,7.000,3.463,0.843,0.0,2.62,0.0,0.0,0.0,18.729720416460577,0.0,0.0,2.743160819498102,15.986559596962476,5.005614614767965,0.0,0.0,0.0,1.575577087698345,0.0,0,0.0,0,15.986559596962476,,,,,,,,,,,
9232,7/9/1992,2.824,3.107,7.000,3.463,3.107,0.0,0.35599999999999987,0.0,0.0,0.0,15.986559596962476,0.0,0.0,2.1068039786885073,13.879755618273968,3.93373492813249,0.0,0.0,0.0,1.189241349366336,0.0,0,0.0,0,13.879755618273968,,,,,,,,,,,
9233,7/10/1992,2.423,2.793,7.000,3.463,2.793,0.0,0.6699999999999999,0.0,0.0,0.0,13.879755618273968,0.0,0.0,1.6646980749844447,12.215057543289523,3.1702064663428415,0.0,0.0,0.0,0.9252321389477614,0.0,0,0.0,0,12.215057543289523,,,,,,,,,,,
9234,7/11/1992,0.784,2.353,7.000,3.463,2.353,0.0,1.1099999999999999,0.0,0.0,0.0,12.215057543289523,0.0,0.0,1.3454213242956727,10.86963621899385,2.6067893076655486,0.0,0.0,0.0,0.7373751557232379,0.0,0,0.0,0,10.86963621899385,,,,,,,,,,,
9235,7/12/1992,2.942,7.524,7.000,3.463,3.463,4.061,0.0,0,3.97155855428157,0.0,14.84119477327542,0.0,0.0,1.8612893225653258,12.979905450710095,3.511894131276613,0.08944144571843,0.08944144571843,0.0,1.0421230920320772,0.08944144571843,0,0.0,0,12.979905450710095,,,,,,,,,,,
9236,7/13/1992,2.368,2.405,7.000,3.463,2.405,0.0,1.0580000000000003,0.0,0.0,0.08944144571843,12.979905450710095,0.08944144571843,0.0,1.4887381798922408,11.491167270817854,2.8610936487288487,0.0,0.0,0.0,0.8213742982310746,0.0,0,0.0,0,11.491167270817854,,,,,,,,,,,
9237,7/14/1992,3.433,11.955,7.000,3.463,3.463,8.492,0.0,0,8.40255855428157,0.0,19.893725825099423,0.0,0.0,3.0331414114105084,16.860584413688915,5.485211621789596,0.08944144571843,0.08944144571843,0.0,1.753689366463702,0.08944144571843,0,0.0,0,16.860584413688915,,,,,,,,,,,
9238,7/15/1992,4.287,12.874,7.000,3.463,3.463,9.411000000000001,0.0,0,9.411000000000001,0.08944144571843,26.27198256294832,0.0,0.08944144571843,4.821555721746346,21.450426841201974,8.349315019004445,0.0,0.0,0.00039814925940304455,2.874037756799526,0.08904329645902696,0,0.0,0,21.450426841201974,,,,,,,,,,,
9239,7/16/1992,2.423,1.844,7.000,3.463,1.844,0.0,1.619,0.0,0.0,0.08904329645902696,21.450426841201974,0.08904329645902696,0.0,3.4389485298160523,18.011478311385922,6.148361754415607,0.0,0.0,0.0,2.0048135206013558,0.0,0,0.0,0,18.011478311385922,,,,,,,,,,,
9240,7/17/1992,2.313,1.713,7.000,3.463,1.713,0.0,1.75,0.0,0.0,0.0,18.011478311385922,0.0,0.0,2.570088296225931,15.44139001515999,4.716878933467528,0.0,0.0,0.0,1.4698535535556811,0.0,0,0.0,0,15.44139001515999,,,,,,,,,,,
9241,7/18/1992,2.151,1.160,7.000,3.463,1.16,0.0,2.303,0.0,0.0,0.0,15.44139001515999,0.0,0.0,1.9884275213905203,13.452962493769471,3.730982783051325,0.0,0.0,0.0,1.1181578070054783,0.0,0,0.0,0,13.452962493769471,,,,,,,,,,,
9242,7/19/1992,1.890,1.166,7.000,3.463,1.166,0.0,2.297,0.0,0.0,0.0,13.452962493769471,0.0,0.0,1.5802616368472773,11.872700856922194,3.0222829808686895,0.0,0.0,0.0,0.875299566665785,0.0,0,0.0,0,11.872700856922194,,,,,,,,,,,
9243,7/20/1992,1.740,2.878,7.000,3.463,2.878,0.0,0.585,0.0,0.0,0.0,11.872700856922194,0.0,0.0,1.283162484982555,10.58953837193964,2.4955459343735966,0.0,0.0,0.0,0.701064369331136,0.0,0,0.0,0,10.58953837193964,,,,,,,,,,,
9244,7/21/1992,1.691,0.749,7.000,3.463,0.749,0.0,2.714,0.0,0.0,0.0,10.58953837193964,0.0,0.0,1.060459675024248,9.529078696915391,2.0933865030621006,0.0,0.0,0.0,0.5721671848006891,0.0,0,0.0,0,9.529078696915391,,,,,,,,,,,
9245,7/22/1992,1.228,2.453,7.000,3.463,2.453,0.0,1.0100000000000002,0.0,0.0,0.0,9.529078696915391,0.0,0.0,0.8894413190597366,8.639637377855655,1.7794606756952982,0.0,0.0,0.0,0.4743735409312473,0.0,0,0.0,0,8.639637377855655,,,,,,,,,,,
9246,7/23/1992,0.711,0.625,7.000,3.463,0.625,0.0,2.838,0.0,0.0,0.0,8.639637377855655,0.0,0.0,0.7554254915566699,7.884211886298985,1.5298040081953677,0.0,0.0,0.0,0.3985913342603294,0.0,0,0.0,0,7.884211886298985,,,,,,,,,,,
9247,7/24/1992,0.747,0.875,7.000,3.463,0.875,0.0,2.588,0.0,0.0,0.0,7.884211886298985,0.0,0.0,0.6485790609122014,7.235632825386784,1.3280785854188848,0.0,0.0,0.0,0.33879833062747416,0.0,0,0.0,0,7.235632825386784,,,,,,,,,,,
9248,7/25/1992,0.416,0.739,7.000,3.463,0.739,0.0,2.724,0.0,0.0,0.0,7.235632825386784,0.0,0.0,0.5621169034953056,6.673515921891478,1.162827896516363,0.0,0.0,0.0,0.29088169276816644,0.0,0,0.0,0,6.673515921891478,,,,,,,,,,,
9249,7/26/1992,1.453,2.459,7.000,3.463,2.459,0.0,1.004,0.0,0.0,0.0,6.673515921891478,0.0,0.0,0.49123610544825924,6.182279816443218,1.0258223944106315,0.0,0.0,0.0,0.2519580883400149,0.0,0,0.0,0,6.182279816443218,,,,,,,,,,,
9250,7/27/1992,1.361,2.074,7.000,3.463,2.074,0.0,1.3890000000000002,0.0,0.0,0.0,6.182279816443218,0.0,0.0,0.4324609263980339,5.7498188900451845,0.9110257444341988,0.0,0.0,0.0,0.21995978112130327,0.0,0,0.0,0,5.7498188900451845,,,,,,,,,,,
9251,7/28/1992,2.204,4.227,7.000,3.463,3.463,0.7640000000000002,0.0,0,0.6745585610918916,0.0,6.424377451137076,0.0,0.0,0.4610530080391515,5.963324443097925,0.967013981695369,0.08944143890810866,0.08944143890810866,0.0,0.23549233660444924,0.08944143890810866,0,0.0,0,5.963324443097925,,,,,,,,,,,
9252,7/29/1992,4.917,8.245,7.000,3.463,3.463,4.781999999999999,0.0,0,4.781999993189678,0.08944143890810866,10.74572258551669,0.0,0.08944143890810866,1.086655340954272,9.659067244562419,2.141058533863769,6.8103213454282515e-09,6.8103213454282515e-09,0.00039814922908684854,0.5872431198066285,0.08904329648934316,0,0.0,0,9.659067244562419,,,,,,,,,,,
9253,7/30/1992,2.368,1.684,7.000,3.463,1.684,0.0,1.7790000000000001,0.0,0.0,0.08904329648934316,9.659067244562419,0.08904329648934316,0.0,0.9097549500614326,8.749312294500985,1.817007954069325,0.0,0.0,0.0,0.4859290883055039,0.0,0,0.0,0,8.749312294500985,,,,,,,,,,,
9254,7/31/1992,2.313,5.332,7.000,3.463,3.463,1.8689999999999998,0.0,0,1.7795585542815697,0.0,10.528870848782555,0.0,0.0,1.0503533918404286,9.478517456942127,2.074966712020286,0.08944144571843,0.08944144571843,0.0,0.5663574066454675,0.08944144571843,0,0.0,0,9.478517456942127,,,,,,,,,,,
9255,8/1/1992,1.407,3.853,8.000,3.792,3.792,0.06100000000000039,0.0,0,0.06100000000000039,0.08944144571843,9.53991560620153,0.0,0.08944144571843,0.8911278144408084,8.648787791760721,1.7825807676810324,0.0,0.0,0.00039814925940304455,0.4753322598203945,0.08904329645902696,0,0.0,0,8.648787791760721,,,,,,,,,,,
9256,8/2/1992,1.316,1.149,8.000,3.792,1.149,0.0,2.643,0.0,0.0,0.08904329645902696,8.648787791760721,0.08904329645902696,0.0,0.7567594395199564,7.892028352240765,1.5323066335293367,0.0,0.0,0.0,0.39934153280389195,0.0,0,0.0,0,7.892028352240765,,,,,,,,,,,
9257,8/3/1992,1.316,0.639,8.000,3.792,0.639,0.0,3.1529999999999996,0.0,0.0,0.0,7.892028352240765,0.0,0.0,0.6496510918213275,7.242377260419437,1.330115642988942,0.0,0.0,0.0,0.3393952080414588,0.0,0,0.0,0,7.242377260419437,,,,,,,,,,,
9258,8/4/1992,1.453,2.562,8.000,3.792,2.562,0.0,1.23,0.0,0.0,0.0,7.242377260419437,0.0,0.0,0.5629904365683992,6.679386823851038,1.1645073158005033,0.0,0.0,0.0,0.2913634931998281,0.0,0,0.0,0,6.679386823851038,,,,,,,,,,,
9259,8/5/1992,1.594,4.626,8.000,3.792,3.792,0.8340000000000005,0.0,0,0.7445585557051428,0.0,7.423945379556181,0.0,0.0,0.5867103163274066,6.837235063228775,1.210030580097067,0.08944144429485763,0.08944144429485763,0.0,0.3044648521773366,0.08944144429485763,0,0.0,0,6.837235063228775,,,,,,,,,,,
9260,8/6/1992,1.642,3.172,8.000,3.792,3.172,0.0,0.6199999999999997,0.0,0.0,0.08944144429485763,6.837397077471016,0.05304607820821587,0.03639536608664176,0.5115056650706249,6.3258914124003915,1.0651537816918626,0.0,0.0,0.00016201424224198533,0.2630534123344126,0.036233351844399776,0,0.0,0,6.3258914124003915,,,,,,,,,,,
9261,8/7/1992,1.840,4.435,8.000,3.792,3.792,0.6429999999999998,0.0,0,0.5897919492738287,0.036233351844399776,6.91584465470886,0.0,0.036233351844399776,0.5213241300098386,6.394520524699022,1.084160750274466,0.053208050726171054,0.053208050726171054,0.00016129303464026048,0.26843841025393134,0.08928010953593057,0,0.0,0,6.394520524699022,,,,,,,,,,,
9262,8/8/1992,1.594,3.497,8.000,3.792,3.497,0.0,0.29499999999999993,0.0,0.0,0.08928010953593057,6.394805794960491,0.025196141014845415,0.06408396852108517,0.45752136340555455,5.937284431554937,0.9601134806066322,0.0,0.0,0.0002852702614691809,0.2335702671044843,0.06379869825961598,0,0.0,0,5.937284431554937,,,,,,,,,,,
9263,8/9/1992,1.642,2.365,8.000,3.792,2.365,0.0,1.4269999999999996,0.0,0.0,0.06379869825961598,5.937284431554937,0.06379869825961598,0.0,0.40427684632356103,5.533007585231376,0.8555534242678918,0.0,0.0,0.0,0.20471488705613325,0.0,0,0.0,0,5.533007585231376,,,,,,,,,,,
9264,8/10/1992,2.479,7.441,8.000,3.792,3.792,3.649,0.0,0,3.55955855428157,0.0,9.092566139512947,0.0,0.0,0.8225769948975808,8.269989144615366,1.6553357162967004,0.08944144571843,0.08944144571843,0.0,0.43646196172802926,0.08944144571843,0,0.0,0,8.269989144615366,,,,,,,,,,,
9265,8/11/1992,2.368,3.410,8.000,3.792,3.41,0.0,0.3819999999999997,0.0,0.0,0.08944144571843,8.270241804236854,0.03268322932879136,0.05675821638963864,0.7023648849036808,7.567876919333173,1.42994704052612,0.0,0.0,0.0002526596214881604,0.3688228465438421,0.05650555676815048,0,0.0,0,7.567876919333173,,,,,,,,,,,
9266,8/12/1992,2.313,2.414,8.000,3.792,2.414,0.0,1.3779999999999997,0.0,0.0,0.05650555676815048,7.567876919333173,0.05650555676815048,0.0,0.6057906209181882,6.9620862984149845,1.2465406839843296,0.0,0.0,0.0,0.3150289990880363,0.0,0,0.0,0,6.9620862984149845,,,,,,,,,,,
9267,8/13/1992,1.453,1.934,8.000,3.792,1.934,0.0,1.8579999999999999,0.0,0.0,0.0,6.9620862984149845,0.0,0.0,0.5271466469856264,6.434939651429358,1.0954186514016488,0.0,0.0,0.0,0.2716349675380703,0.0,0,0.0,0,6.434939651429358,,,,,,,,,,,
9268,8/14/1992,0.821,1.078,8.000,3.792,1.078,0.0,2.7139999999999995,0.0,0.0,0.0,6.434939651429358,0.0,0.0,0.4623170481514023,5.972622603277956,0.9694827859482495,0.0,0.0,0.0,0.23618051622712954,0.0,0,0.0,0,5.972622603277956,,,,,,,,,,,
9269,8/15/1992,0.711,0.263,8.000,3.792,0.263,0.0,3.529,0.0,0.0,0.0,5.972622603277956,0.0,0.0,0.4082951619550772,5.564327441322879,0.8634801778888078,0.0,0.0,0.0,0.20688424920520174,0.0,0,0.0,0,5.564327441322879,,,,,,,,,,,
9270,8/16/1992,0.508,0.325,8.000,3.792,0.325,0.0,3.4669999999999996,0.0,0.0,0.0,5.564327441322879,0.0,0.0,0.36284424784662056,5.201483193476259,0.7734558201736363,0.0,0.0,0.0,0.18243195037644508,0.0,0,0.0,0,5.201483193476259,,,,,,,,,,,
9271,8/17/1992,0.359,1.781,8.000,3.792,1.781,0.0,2.011,0.0,0.0,0.0,5.201483193476259,0.0,0.0,0.3242732397880345,4.877209953688224,0.6963859865464722,0.0,0.0,0.0,0.16183785242398432,0.0,0,0.0,0,4.877209953688224,,,,,,,,,,,
9272,8/18/1992,2.313,7.138,8.000,3.792,3.792,3.346,0.0,0,3.25655855428157,0.0,8.133768507969794,0.0,0.0,0.6831542764237393,7.450614231546055,1.3936399959055232,0.08944144571843,0.08944144571843,0.0,0.35808103119145585,0.08944144571843,0,0.0,0,7.450614231546055,,,,,,,,,,,
9273,8/19/1992,2.045,4.112,8.000,3.792,3.792,0.3200000000000003,0.0,0,0.3200000000000003,0.08944144571843,7.771012380805458,0.0,0.08944144571843,0.6331332369238043,7.137879143881654,1.2986975487806,0.0,0.0,0.00039814925940304455,0.33020577502715176,0.08904329645902696,0,0.0,0,7.137879143881654,,,,,,,,,,,
9274,8/20/1992,0.898,0.675,8.000,3.792,0.675,0.0,3.117,0.0,0.0,0.08904329645902696,7.137879143881654,0.08904329645902696,0.0,0.5495169529956581,6.588362190885996,1.138580094082721,0.0,0.0,0.0,0.28393765904043505,0.0,0,0.0,0,6.588362190885996,,,,,,,,,,,
9275,8/21/1992,1.453,0.226,8.000,3.792,0.226,0.0,3.566,0.0,0.0,0.0,6.588362190885996,0.0,0.0,0.4808336889872102,6.107528501898786,1.0055875976053525,0.0,0.0,0.0,0.24627553574871208,0.0,0,0.0,0,6.107528501898786,,,,,,,,,,,
9276,8/22/1992,1.058,0.106,8.000,3.792,0.106,0.0,3.686,0.0,0.0,0.0,6.107528501898786,0.0,0.0,0.42378113057184413,5.683747371326942,0.8939727971548571,0.0,0.0,0.0,0.21525766742906283,0.0,0,0.0,0,5.683747371326942,,,,,,,,,,,
9277,8/23/1992,1.142,0.983,8.000,3.792,0.983,0.0,2.8089999999999997,0.0,0.0,0.0,5.683747371326942,0.0,0.0,0.37591563447683124,5.307831736850111,0.7994302413555421,0.0,0.0,0.0,0.18944467809083868,0.0,0,0.0,0,5.307831736850111,,,,,,,,,,,
9278,8/24/1992,1.100,0.148,8.000,3.792,0.148,0.0,3.6439999999999997,0.0,0.0,0.0,5.307831736850111,0.0,0.0,0.3353984280010987,4.972433308849012,0.7186830101490636,0.0,0.0,0.0,0.16776215242860865,0.0,0,0.0,0,4.972433308849012,,,,,,,,,,,
9279,8/25/1992,0.937,0.137,8.000,3.792,0.137,0.0,3.655,0.0,0.0,0.0,4.972433308849012,0.0,0.0,0.30082509068081964,4.671608218168192,0.64920147208185,0.0,0.0,0.0,0.14939571870581414,0.0,0,0.0,0,4.671608218168192,,,,,,,,,,,
9280,8/26/1992,0.937,0.094,8.000,3.792,0.094,0.0,3.698,0.0,0.0,0.0,4.671608218168192,0.0,0.0,0.2711085000583877,4.4004997181098044,0.5890079058109426,0.0,0.0,0.0,0.1337195674990682,0.0,0,0.0,0,4.4004997181098044,,,,,,,,,,,
9281,8/27/1992,0.937,0.067,8.000,3.792,0.067,0.0,3.7249999999999996,0.0,0.0,0.0,4.4004997181098044,0.0,0.0,0.24539691975093555,4.155102798358869,0.5365382449290985,0.0,0.0,0.0,0.12024678845249398,0.0,0,0.0,0,4.155102798358869,,,,,,,,,,,
9282,8/28/1992,0.937,1.047,8.000,3.792,1.047,0.0,2.745,0.0,0.0,0.0,4.155102798358869,0.0,0.0,0.22301568019001136,3.932087118168858,0.49054260771352837,0.0,0.0,0.0,0.10859425293287214,0.0,0,0.0,0,3.932087118168858,,,,,,,,,,,
9283,8/29/1992,1.361,5.603,8.000,3.792,3.792,1.811,0.0,0,1.72155855428157,0.0,5.653645672450428,0.0,0.0,0.3726033505324824,5.281042321917946,0.7928549383547501,0.08944144571843,0.08944144571843,0.0,0.18766611525892404,0.08944144571843,0,0.0,0,5.281042321917946,,,,,,,,,,,
9284,8/30/1992,1.228,3.391,8.000,3.792,3.391,0.0,0.4009999999999998,0.0,0.0,0.08944144571843,5.281287745143831,0.03430883497603492,0.05513261074239508,0.33260759471000134,4.948680150433829,0.7130949249310293,0.0,0.0,0.000245423225885064,0.16627476694454746,0.05488718751651002,0,0.0,0,4.948680150433829,,,,,,,,,,,
9285,8/31/1992,1.228,0.720,8.000,3.792,0.72,0.0,3.072,0.0,0.0,0.05488718751651002,4.948680150433829,0.05488718751651002,0.0,0.2984338529885738,4.650246297445255,0.6443745923827837,0.0,0.0,0.0,0.14813037396492676,0.0,0,0.0,0,4.650246297445255,,,,,,,,,,,
9286,9/1/1992,1.228,1.386,9.000,4.609,1.386,0.0,3.223,0.0,0.0,0.0,4.650246297445255,0.0,0.0,0.2690454823356706,4.381200815109585,0.5848116921183384,0.0,0.0,0.0,0.13263533684241596,0.0,0,0.0,0,4.381200815109585,,,,,,,,,,,
9287,9/2/1992,1.316,3.929,9.000,4.609,3.929,0.0,0.6800000000000002,0.0,0.0,0.0,4.381200815109585,0.0,0.0,0.24360584865720222,4.137594966452383,0.5328688441802995,0.0,0.0,0.0,0.1193116227668821,0.0,0,0.0,0,4.137594966452383,,,,,,,,,,,
9288,9/3/1992,1.272,3.975,9.000,4.609,3.975,0.0,0.6339999999999999,0.0,0.0,0.0,4.137594966452383,0.0,0.0,0.22145172591320503,3.916143240539178,0.4873165774788096,0.0,0.0,0.0,0.10778278575510038,0.0,0,0.0,0,3.916143240539178,,,,,,,,,,,
9289,9/4/1992,1.316,1.909,9.000,4.609,1.909,0.0,2.7,0.0,0.0,0.0,3.916143240539178,0.0,0.0,0.20205211100059858,3.7140911295385792,0.44716233699817615,0.0,0.0,0.0,0.0977493409446915,0.0,0,0.0,0,3.7140911295385792,,,,,,,,,,,
9290,9/5/1992,1.228,0.753,9.000,4.609,0.753,0.0,3.856,0.0,0.0,0.0,3.7140911295385792,0.0,0.0,0.1849779818969615,3.5291131476416178,0.4115978691058215,0.0,0.0,0.0,0.08897079536814399,0.0,0,0.0,0,3.5291131476416178,,,,,,,,,,,
9291,9/6/1992,1.142,0.211,9.000,4.609,0.211,0.0,4.398,0.0,0.0,0.0,3.5291131476416178,0.0,0.0,0.16987980307563932,3.3592333445659786,0.37995974068833144,0.0,0.0,0.0,0.08125236246970394,0.0,0,0.0,0,3.3592333445659786,,,,,,,,,,,
9292,9/7/1992,0.711,0.182,9.000,4.609,0.182,0.0,4.427,0.0,0.0,0.0,3.3592333445659786,0.0,0.0,0.15647059432948662,3.202762750236492,0.3516993743694566,0.0,0.0,0.0,0.07443502035892337,0.0,0,0.0,0,3.202762750236492,,,,,,,,,,,
9293,9/8/1992,0.784,0.195,9.000,4.609,0.195,0.0,4.414,0.0,0.0,0.0,3.202762750236492,0.0,0.0,0.1445130473865068,3.0582497028499853,0.3263600663014399,0.0,0.0,0.0,0.06838798913722827,0.0,0,0.0,0,3.0582497028499853,,,,,,,,,,,
9294,9/9/1992,0.859,0.136,9.000,4.609,0.136,0.0,4.473,0.0,0.0,0.0,3.0582497028499853,0.0,0.0,0.13380962334612423,2.924440079503861,0.30355918760592987,0.0,0.0,0.0,0.06300297993387191,0.0,0,0.0,0,2.924440079503861,,,,,,,,,,,
9295,9/10/1992,0.977,0.000,9.000,4.609,0.0,0.0,4.609,0.0,0.0,0.0,2.924440079503861,0.0,0.0,0.12419486984735421,2.8002452096565067,0.2829742757288201,0.0,0.0,0.0,0.05818975633261659,0.0,0,0.0,0,2.8002452096565067,,,,,,,,,,,
9296,9/11/1992,0.387,0.000,9.000,4.609,0.0,0.0,4.609,0.0,0.0,0.0,2.8002452096565067,0.0,0.0,0.1155294084130375,2.684715801243469,0.2643320742313217,0.0,0.0,0.0,0.053872678237519685,0.0,0,0.0,0,2.684715801243469,,,,,,,,,,,
9297,9/12/1992,0.477,0.594,9.000,4.609,0.594,0.0,4.015,0.0,0.0,0.0,2.684715801243469,0.0,0.0,0.107695190638268,2.577020610605201,0.24739982832486762,0.0,0.0,0.0,0.049987988419793135,0.0,0,0.0,0,2.577020610605201,,,,,,,,,,,
9298,9/13/1992,1.100,3.312,9.000,4.609,3.312,0.0,1.2970000000000002,0.0,0.0,0.0,2.577020610605201,0.0,0.0,0.10059172703187787,2.4764288835733232,0.23197832126582,0.0,0.0,0.0,0.04648166565378185,0.0,0,0.0,0,2.4764288835733232,,,,,,,,,,,
9299,9/14/1992,1.228,5.360,9.000,4.609,4.609,0.7510000000000003,0.0,0,0.6615585633893801,0.0,3.137987446962703,0.0,0.0,0.1396747108898069,2.9983127360728963,0.3160676981825102,0.08944143661062016,0.08944143661062016,0.0,0.06595039710493493,0.08944143661062016,0,0.0,0,2.9983127360728963,,,,,,,,,,,
9300,9/15/1992,1.890,16.661,9.000,4.609,4.609,12.052000000000001,0.0,0,12.051999990892192,0.08944143661062016,15.050710876183949,0.0,0.08944143661062016,1.9052887356186547,13.145422140565294,3.5878761879376944,9.107809837087445e-09,9.107809837087445e-09,0.0003981492188595615,1.0683993241988012,0.08904329649957045,0,0.0,0,13.145422140565294,,,,,,,,,,,
9301,9/16/1992,12.148,37.651,9.000,4.609,4.609,33.042,0.0,0,33.04160185078114,0.08904329649957045,46.18742036824164,0.0,0.08904329649957045,12.347298758074393,33.840121610167245,19.36734450954847,0.00039814921885955086,0.00039814921885955086,0.00039637689520043677,7.829772316706841,0.08904506882322957,0,0.0,0,33.840121610167245,,,,,,,,,,,
9302,9/17/1992,9.851,5.675,9.000,4.609,4.609,1.0659999999999998,0.0,0,1.0656036231048172,0.08904506882322957,34.90612161805678,0.0,0.08904506882322957,7.7422722839827065,27.163849334074072,12.780737558872296,0.0003963768951827741,0.0003963768951827741,0.00039638478471235863,4.761103655835498,0.08904506093369999,0,0.0,0,27.163849334074072,,,,,,,,,,,
9303,9/18/1992,4.151,1.899,9.000,4.609,1.899,0.0,2.71,0.0,0.0,0.08904506093369999,27.163849334074072,0.08904506093369999,0.0,5.097430342934904,22.06641899113917,8.77925826281453,0.0,0.0,0.0,3.0496260444000267,0.0,0,0.0,0,22.06641899113917,,,,,,,,,,,
9304,9/19/1992,2.942,3.080,9.000,4.609,3.08,0.0,1.529,0.0,0.0,0.0,22.06641899113917,0.0,0.0,3.6051129711194863,18.461306020019684,6.4174208519792275,0.0,0.0,0.0,2.108218630756687,0.0,0,0.0,0,18.461306020019684,,,,,,,,,,,
9305,9/20/1992,2.368,1.379,9.000,4.609,1.379,0.0,3.23,0.0,0.0,0.0,18.461306020019684,0.0,0.0,2.6779542116328168,15.783351808386868,4.897058473967718,0.0,0.0,0.0,1.535691722825157,0.0,0,0.0,0,15.783351808386868,,,,,,,,,,,
9306,9/21/1992,1.642,1.202,9.000,4.609,1.202,0.0,3.407,0.0,0.0,0.0,15.783351808386868,0.0,0.0,2.062360140463504,13.720991667923364,3.857748298139677,0.0,0.0,0.0,1.1625217587796037,0.0,0,0.0,0,13.720991667923364,,,,,,,,,,,
9307,9/22/1992,1.642,4.041,9.000,4.609,4.041,0.0,0.5679999999999996,0.0,0.0,0.0,13.720991667923364,0.0,0.0,1.633083079650648,12.087908588272716,3.114906108382165,0.0,0.0,0.0,0.9065162186100892,0.0,0,0.0,0,12.087908588272716,,,,,,,,,,,
9308,9/23/1992,1.453,1.972,9.000,4.609,1.972,0.0,2.637,0.0,0.0,0.0,12.087908588272716,0.0,0.0,1.32216114417785,10.765747444094867,2.565284963842693,0.0,0.0,0.0,0.7237960638185629,0.0,0,0.0,0,10.765747444094867,,,,,,,,,,,
9309,9/24/1992,1.316,0.453,9.000,4.609,0.453,0.0,4.156,0.0,0.0,0.0,10.765747444094867,0.0,0.0,1.0900324418361764,9.675715002258691,2.14719681546316,0.0,0.0,0.0,0.5891884369240556,0.0,0,0.0,0,9.675715002258691,,,,,,,,,,,
9310,9/25/1992,1.228,1.237,9.000,4.609,1.237,0.0,3.372,0.0,0.0,0.0,9.675715002258691,0.0,0.0,0.912369778031202,8.76334522422749,1.8218358218114343,0.0,0.0,0.0,0.4874177928581135,0.0,0,0.0,0,8.76334522422749,,,,,,,,,,,
9311,9/26/1992,1.142,0.569,9.000,4.609,0.569,0.0,4.04,0.0,0.0,0.0,8.76334522422749,0.0,0.0,0.7735391742146677,7.989806050012821,1.563755502687257,0.0,0.0,0.0,0.4087856672100882,0.0,0,0.0,0,7.989806050012821,,,,,,,,,,,
9312,9/27/1992,1.100,0.075,9.000,4.609,0.075,0.0,4.534,0.0,0.0,0.0,7.989806050012821,0.0,0.0,0.6631210889725129,7.326684961040308,1.3556875953307663,0.0,0.0,0.0,0.34690042407334165,0.0,0,0.0,0,7.326684961040308,,,,,,,,,,,
9313,9/28/1992,1.058,0.002,9.000,4.609,0.002,0.0,4.607,0.0,0.0,0.0,7.326684961040308,0.0,0.0,0.5739556132881438,6.752729347752164,1.1855706804067145,0.0,0.0,0.0,0.29741553861725034,0.0,0,0.0,0,6.752729347752164,,,,,,,,,,,
9314,9/29/1992,0.977,0.000,9.000,4.609,0.0,0.0,4.609,0.0,0.0,0.0,6.752729347752164,0.0,0.0,0.5009926451921343,6.25173670256003,1.0447699448528414,0.0,0.0,0.0,0.25729502063178783,0.0,0,0.0,0,6.25173670256003,,,,,,,,,,,
9315,9/30/1992,0.898,0.021,9.000,4.609,0.021,0.0,4.588,0.0,0.0,0.0,6.25173670256003,0.0,0.0,0.44058892520456955,5.81114777735546,0.9269704269316943,0.0,0.0,0.0,0.224368605895171,0.0,0,0.0,0,5.81114777735546,,,,,,,,,,,
9316,10/1/1992,1.058,0.129,10.000,5.054,0.129,0.0,4.925000000000001,0.0,0.0,0.0,5.81114777735546,0.0,0.0,0.39006379709455863,5.421083980260901,0.8274667885189793,0.0,0.0,0.0,0.19705318096982222,0.0,0,0.0,0,5.421083980260901,,,,,,,,,,,
9317,10/2/1992,1.185,0.058,10.000,5.054,0.058,0.0,4.996,0.0,0.0,0.0,5.421083980260901,0.0,0.0,0.34741028373937494,5.073673696521526,0.742694820058592,0.0,0.0,0.0,0.17417313778850615,0.0,0,0.0,0,5.073673696521526,,,,,,,,,,,
9318,10/3/1992,1.316,0.000,10.000,5.054,0.0,0.0,5.054,0.0,0.0,0.0,5.073673696521526,0.0,0.0,0.31110237953332387,4.762571316988202,0.6699148424442106,0.0,0.0,0.0,0.15484151410005567,0.0,0,0.0,0,4.762571316988202,,,,,,,,,,,
9319,10/4/1992,1.017,0.000,10.000,5.054,0.0,0.0,5.054,0.0,0.0,0.0,4.762571316988202,0.0,0.0,0.2799636184755217,4.48260769851268,0.6069931304512162,0.0,0.0,0.0,0.13837954559501287,0.0,0,0.0,0,4.48260769851268,,,,,,,,,,,
9320,10/5/1992,0.747,0.392,10.000,5.054,0.392,0.0,4.662,0.0,0.0,0.0,4.48260769851268,0.0,0.0,0.25307563333564104,4.22953206517704,0.5522481014253013,0.0,0.0,0.0,0.12426110230099936,0.0,0,0.0,0,4.22953206517704,,,,,,,,,,,
9321,10/6/1992,0.747,0.916,10.000,5.054,0.916,0.0,4.138,0.0,0.0,0.0,4.22953206517704,0.0,0.0,0.2297133917468215,3.999818673430218,0.5043402075443743,0.0,0.0,0.0,0.11207360783616563,0.0,0,0.0,0,3.999818673430218,,,,,,,,,,,
9322,10/7/1992,0.784,0.357,10.000,5.054,0.357,0.0,4.697,0.0,0.0,0.0,3.999818673430218,0.0,0.0,0.20929858099759924,3.790520092432619,0.46219188354192503,0.0,0.0,0.0,0.10149009678043087,0.0,0,0.0,0,3.790520092432619,,,,,,,,,,,
9323,10/8/1992,0.784,0.000,10.000,5.054,0.0,0.0,5.054,0.0,0.0,0.0,3.790520092432619,0.0,0.0,0.19136556104116328,3.5991545313914557,0.42492852132200354,0.0,0.0,0.0,0.09224893564024916,0.0,0,0.0,0,3.5991545313914557,,,,,,,,,,,
9324,10/9/1992,0.821,0.000,10.000,5.054,0.0,0.0,5.054,0.0,0.0,0.0,3.5991545313914557,0.0,0.0,0.17553616289099946,3.423618368500456,0.39183438613152644,0.0,0.0,0.0,0.08413890400951006,0.0,0,0.0,0,3.423618368500456,,,,,,,,,,,
9325,10/10/1992,0.898,0.002,10.000,5.054,0.002,0.0,5.0520000000000005,0.0,0.0,0.0,3.423618368500456,0.0,0.0,0.16150080480939116,3.262117563691065,0.362319302340011,0.0,0.0,0.0,0.07698808146046345,0.0,0,0.0,0,3.262117563691065,,,,,,,,,,,
9326,10/11/1992,0.676,0.119,10.000,5.054,0.119,0.0,4.9350000000000005,0.0,0.0,0.0,3.262117563691065,0.0,0.0,0.14900418240624333,3.1131133812848217,0.3358932038038045,0.0,0.0,0.0,0.07065547389273304,0.0,0,0.0,0,3.1131133812848217,,,,,,,,,,,
9327,10/12/1992,0.676,0.007,10.000,5.054,0.007,0.0,5.047000000000001,0.0,0.0,0.0,3.1131133812848217,0.0,0.0,0.13783431160778542,2.975279069677036,0.31214649688490764,0.0,0.0,0.0,0.06502463692251281,0.0,0,0.0,0,2.975279069677036,,,,,,,,,,,
9328,10/13/1992,0.676,0.039,10.000,5.054,0.039,0.0,5.015000000000001,0.0,0.0,0.0,2.975279069677036,0.0,0.0,0.1278140578490731,2.847465011827963,0.29073476756537,0.0,0.0,0.0,0.05999877221433488,0.0,0,0.0,0,2.847465011827963,,,,,,,,,,,
9329,10/14/1992,1.058,0.146,10.000,5.054,0.146,0.0,4.908,0.0,0.0,0.0,2.847465011827963,0.0,0.0,0.1187945286066767,2.7286704832212867,0.27136676874458876,0.0,0.0,0.0,0.05549692203455432,0.0,0,0.0,0,2.7286704832212867,,,,,,,,,,,
9330,10/15/1992,1.058,0.000,10.000,5.054,0.0,0.0,5.054,0.0,0.0,0.0,2.7286704832212867,0.0,0.0,0.11064987634320657,2.6180206068780802,0.2537949082057103,0.0,0.0,0.0,0.05145099092355142,0.0,0,0.0,0,2.6180206068780802,,,,,,,,,,,
9331,10/16/1992,0.416,0.000,10.000,5.054,0.0,0.0,5.054,0.0,0.0,0.0,2.6180206068780802,0.0,0.0,0.10327317893129195,2.514747427946788,0.23780766008171458,0.0,0.0,0.0,0.04780339618181688,0.0,0,0.0,0,2.514747427946788,,,,,,,,,,,
9332,10/17/1992,0.387,0.065,10.000,5.054,0.065,0.0,4.989,0.0,0.0,0.0,2.514747427946788,0.0,0.0,0.09657315034508113,2.418174277601707,0.22322346826425674,0.0,0.0,0.0,0.04450520062072004,0.0,0,0.0,0,2.418174277601707,,,,,,,,,,,
9333,10/18/1992,0.359,0.039,10.000,5.054,0.039,0.0,5.015000000000001,0.0,0.0,0.0,2.418174277601707,0.0,0.0,0.09047149631553829,2.3277027812861686,0.2098858161044656,0.0,0.0,0.0,0.04151461823385457,0.0,0,0.0,0,2.3277027812861686,,,,,,,,,,,
9334,10/19/1992,0.359,0.033,10.000,5.054,0.033,0.0,5.021,0.0,0.0,0.0,2.3277027812861686,0.0,0.0,0.08490077481599198,2.2428020064701766,0.19765921455166444,0.0,0.0,0.0,0.03879581046856406,0.0,0,0.0,0,2.2428020064701766,,,,,,,,,,,
9335,10/20/1992,0.359,0.070,10.000,5.054,0.07,0.0,4.984,0.0,0.0,0.0,2.2428020064701766,0.0,0.0,0.07980265451939837,2.1629993519507784,0.186425918559472,0.0,0.0,0.0,0.03631791059730643,0.0,0,0.0,0,2.1629993519507784,,,,,,,,,,,
9336,10/21/1992,0.359,0.002,10.000,5.054,0.002,0.0,5.0520000000000005,0.0,0.0,0.0,2.1629993519507784,0.0,0.0,0.07512648910286746,2.087872862847911,0.17608322473539811,0.0,0.0,0.0,0.03405422835843506,0.0,0,0.0,0,2.087872862847911,,,,,,,,,,,
9337,10/22/1992,0.359,0.000,10.000,5.054,0.0,0.0,5.054,0.0,0.0,0.0,2.087872862847911,0.0,0.0,0.07082814381697412,2.017044719030937,0.16654123575070834,0.0,0.0,0.0,0.03198159798768261,0.0,0,0.0,0,2.017044719030937,,,,,,,,,,,
9338,10/23/1992,0.359,0.000,10.000,5.054,0.0,0.0,5.054,0.0,0.0,0.0,2.017044719030937,0.0,0.0,0.06686902474902578,1.950175694281911,0.15772100176087614,0.0,0.0,0.0,0.030079841004064994,0.0,0,0.0,0,1.950175694281911,,,,,,,,,,,
9339,10/24/1992,0.359,0.098,10.000,5.054,0.098,0.0,4.956,0.0,0.0,0.0,1.950175694281911,0.0,0.0,0.06321527187798098,1.88696042240393,0.14955296802524096,0.0,0.0,0.0,0.028331321364995908,0.0,0,0.0,0,1.88696042240393,,,,,,,,,,,
9340,10/25/1992,0.387,1.741,10.000,5.054,1.741,0.0,3.313,0.0,0.0,0.0,1.88696042240393,0.0,0.0,0.05983708520006863,1.8271233372038613,0.14197567251675478,0.0,0.0,0.0,0.026720575380709134,0.0,0,0.0,0,1.8271233372038613,,,,,,,,,,,
9341,10/26/1992,0.359,3.307,10.000,5.054,3.307,0.0,1.7470000000000003,0.0,0.0,0.0,1.8271233372038613,0.0,0.0,0.05670815952085186,1.7704151776830095,0.13493464864624957,0.0,0.0,0.0,0.025234002451174974,0.0,0,0.0,0,1.7704151776830095,,,,,,,,,,,
9342,10/27/1992,0.387,0.915,10.000,5.054,0.915,0.0,4.139,0.0,0.0,0.0,1.7704151776830095,0.0,0.0,0.053805208417985195,1.7166099692650243,0.12838149707750957,0.0,0.0,0.0,0.023859605532464884,0.0,0,0.0,0,1.7166099692650243,,,,,,,,,,,
9343,10/28/1992,0.359,1.907,10.000,5.054,1.907,0.0,3.1470000000000002,0.0,0.0,0.0,1.7166099692650243,0.0,0.0,0.05110756171655786,1.6655024075484663,0.12227309756431658,0.0,0.0,0.0,0.022586772454902256,0.0,0,0.0,0,1.6655024075484663,,,,,,,,,,,
9344,10/29/1992,0.359,1.559,10.000,5.054,1.559,0.0,3.495,0.0,0.0,0.0,1.6655024075484663,0.0,0.0,0.04859682383684122,1.616905583711625,0.11657093723616067,0.0,0.0,0.0,0.021406090951404947,0.0,0,0.0,0,1.616905583711625,,,,,,,,,,,
9345,10/30/1992,0.359,1.033,10.000,5.054,1.033,0.0,4.021000000000001,0.0,0.0,0.0,1.616905583711625,0.0,0.0,0.046256582760759384,1.5706490009508658,0.11124053612523734,0.0,0.0,0.0,0.020309191622552278,0.0,0,0.0,0,1.5706490009508658,,,,,,,,,,,
9346,10/31/1992,0.416,0.545,10.000,5.054,0.545,0.0,4.509,0.0,0.0,0.0,1.5706490009508658,0.0,0.0,0.044072161260604016,1.5265768396902617,0.1062509542138095,0.0,0.0,0.0,0.019288614148878263,0.0,0,0.0,0,1.5265768396902617,,,,,,,,,,,
9347,11/1/1992,0.359,0.201,11.000,5.054,0.201,0.0,4.853000000000001,0.0,0.0,0.0,1.5265768396902617,0.0,0.0,0.04203040354938164,1.48454643614088,0.10157436707891895,0.0,0.0,0.0,0.018337692924135052,0.0,0,0.0,0,1.48454643614088,,,,,,,,,,,
9348,11/2/1992,0.359,0.403,11.000,5.054,0.403,0.0,4.651,0.0,0.0,0.0,1.48454643614088,0.0,0.0,0.04011949172923134,1.4444269444116487,0.09718569946737454,0.0,0.0,0.0,0.017450458974110454,0.0,0,0.0,0,1.4444269444116487,,,,,,,,,,,
9349,11/3/1992,0.359,0.189,11.000,5.054,0.189,0.0,4.865,0.0,0.0,0.0,1.4444269444116487,0.0,0.0,0.03832878739601956,1.406098157015629,0.09306230796113445,0.0,0.0,0.0,0.016621555581051637,0.0,0,0.0,0,1.406098157015629,,,,,,,,,,,
9350,11/4/1992,0.359,0.447,11.000,5.054,0.447,0.0,4.607,0.0,0.0,0.0,1.406098157015629,0.0,0.0,0.03664869455354774,1.3694494624620812,0.08918370537953134,0.0,0.0,0.0,0.015846165482381883,0.0,0,0.0,0,1.3694494624620812,,,,,,,,,,,
9351,11/5/1992,0.359,0.443,11.000,5.054,0.443,0.0,4.611000000000001,0.0,0.0,0.0,1.3694494624620812,0.0,0.0,0.03507054063791455,1.3343789218241666,0.08553132077887828,0.0,0.0,0.0,0.015119947876311386,0.0,0,0.0,0,1.3343789218241666,,,,,,,,,,,
9352,11/6/1992,0.359,1.755,11.000,5.054,1.755,0.0,3.2990000000000004,0.0,0.0,0.0,1.3343789218241666,0.0,0.0,0.033586472981233344,1.3007924488429332,0.08208828990565388,0.0,0.0,0.0,0.014438983763359035,0.0,0,0.0,0,1.3007924488429332,,,,,,,,,,,
9353,11/7/1992,0.359,2.384,11.000,5.054,2.384,0.0,2.6700000000000004,0.0,0.0,0.0,1.3007924488429332,0.0,0.0,0.03218936847749481,1.2686030803654385,0.07883927177913153,0.0,0.0,0.0,0.013799728395200803,0.0,0,0.0,0,1.2686030803654385,,,,,,,,,,,
9354,11/8/1992,0.359,0.322,11.000,5.054,0.322,0.0,4.732,0.0,0.0,0.0,1.2686030803654385,0.0,0.0,0.030872754570323995,1.2377303257951144,0.07577028775657782,0.0,0.0,0.0,0.013198969801244744,0.0,0,0.0,0,1.2377303257951144,,,,,,,,,,,
9355,11/9/1992,0.359,0.235,11.000,5.054,0.235,0.0,4.819,0.0,0.0,0.0,1.2377303257951144,0.0,0.0,0.029630739977319593,1.2080995858177948,0.07286857999572943,0.0,0.0,0.0,0.012633792527279681,0.0,0,0.0,0,1.2080995858177948,,,,,,,,,,,
9356,11/10/1992,0.359,0.718,11.000,5.054,0.718,0.0,4.336,0.0,0.0,0.0,1.2080995858177948,0.0,0.0,0.028457953810211805,1.1796416320075829,0.07012248669651083,0.0,0.0,0.0,0.012101545856103619,0.0,0,0.0,0,1.1796416320075829,,,,,,,,,,,
9357,11/11/1992,0.359,0.426,11.000,5.054,0.426,0.0,4.628,0.0,0.0,0.0,1.1796416320075829,0.0,0.0,0.027349491953523354,1.1522921400540596,0.06752133189400099,0.0,0.0,0.0,0.011599815892506403,0.0,0,0.0,0,1.1522921400540596,,,,,,,,,,,
9358,11/12/1992,0.359,2.031,11.000,5.054,2.031,0.0,3.023,0.0,0.0,0.0,1.1522921400540596,0.0,0.0,0.02630086973422626,1.1259912703198334,0.0650553279012878,0.0,0.0,0.0,0.01112640098860081,0.0,0,0.0,0,1.1259912703198334,,,,,,,,,,,
9359,11/13/1992,0.359,2.942,11.000,5.054,2.942,0.0,2.112,0.0,0.0,0.0,1.1259912703198334,0.0,0.0,0.02530798005705956,1.100683290262774,0.0627154887752106,0.0,0.0,0.0,0.010679290063672898,0.0,0,0.0,0,1.100683290262774,,,,,,,,,,,
9360,11/14/1992,0.359,2.464,11.000,5.054,2.464,0.0,2.5900000000000003,0.0,0.0,0.0,1.100683290262774,0.0,0.0,0.02436705629956968,1.0763162339632042,0.060493553409129104,0.0,0.0,0.0,0.010256643438204607,0.0,0,0.0,0,1.0763162339632042,,,,,,,,,,,
9361,11/15/1992,0.359,0.553,11.000,5.054,0.553,0.0,4.501,0.0,0.0,0.0,1.0763162339632042,0.0,0.0,0.023474639361496536,1.0528415946017076,0.058381917052139215,0.0,0.0,0.0,0.009856775856732818,0.0,0,0.0,0,1.0528415946017076,,,,,,,,,,,
9362,11/16/1992,0.359,0.251,11.000,5.054,0.251,0.0,4.803,0.0,0.0,0.0,1.0528415946017076,0.0,0.0,0.022627548348066105,1.0302140462536415,0.0563735702195977,0.0,0.0,0.0,0.009478141420556436,0.0,0,0.0,0,1.0302140462536415,,,,,,,,,,,
9363,11/17/1992,0.359,0.183,11.000,5.054,0.183,0.0,4.871,0.0,0.0,0.0,1.0302140462536415,0.0,0.0,0.021822854438687127,1.0083911918149544,0.05446204410035393,0.0,0.0,0.0,0.009119320190459383,0.0,0,0.0,0,1.0083911918149544,,,,,,,,,,,
9364,11/18/1992,0.359,0.603,11.000,5.054,0.603,0.0,4.4510000000000005,0.0,0.0,0.0,1.0083911918149544,0.0,0.0,0.021057857553637534,0.9873333342613169,0.052641361685776815,0.0,0.0,0.0,0.008779006252787007,0.0,0,0.0,0,0.9873333342613169,,,,,,,,,,,
9365,11/19/1992,0.359,0.225,11.000,5.054,0.225,0.0,4.829000000000001,0.0,0.0,0.0,0.9873333342613169,0.0,0.0,0.020330065483333656,0.9670032687779833,0.05090599394785373,0.0,0.0,0.0,0.00845599707038491,0.0,0,0.0,0,0.9670032687779833,,,,,,,,,,,
9366,11/20/1992,0.359,0.714,11.000,5.054,0.714,0.0,4.34,0.0,0.0,0.0,0.9670032687779833,0.0,0.0,0.019637175189162186,0.9473660935888211,0.04925082048109828,0.0,0.0,0.0,0.008149183963895586,0.0,0,0.0,0,0.9473660935888211,,,,,,,,,,,
9367,11/21/1992,0.359,1.057,11.000,5.054,1.057,0.0,3.9970000000000003,0.0,0.0,0.0,0.9473660935888211,0.0,0.0,0.01897705602282921,0.9283890375659919,0.04767109409803314,0.0,0.0,0.0,0.00785754358938171,0.0,0,0.0,0,0.9283890375659919,,,,,,,,,,,
9368,11/22/1992,0.359,0.871,11.000,5.054,0.871,0.0,4.183,0.0,0.0,0.0,0.9283890375659919,0.0,0.0,0.01834773464374422,0.9100413029222477,0.04616240893252685,0.0,0.0,0.0,0.007580130295760552,0.0,0,0.0,0,0.9100413029222477,,,,,,,,,,,
9369,11/23/1992,0.676,2.469,11.000,5.054,2.469,0.0,2.5850000000000004,0.0,0.0,0.0,0.9100413029222477,0.0,0.0,0.0177473814419442,0.8922939214803035,0.04472067166085563,0.0,0.0,0.0,0.0073160692605540876,0.0,0,0.0,0,0.8922939214803035,,,,,,,,,,,
9370,11/24/1992,0.676,1.329,11.000,5.054,1.329,0.0,3.7250000000000005,0.0,0.0,0.0,0.8922939214803035,0.0,0.0,0.017174298298170004,0.8751196231821335,0.043342075498370575,0.0,0.0,0.0,0.007064550315368069,0.0,0,0.0,0,0.8751196231821335,,,,,,,,,,,
9371,11/25/1992,0.676,0.472,11.000,5.054,0.472,0.0,4.582000000000001,0.0,0.0,0.0,0.8751196231821335,0.0,0.0,0.01662690753351577,0.8584927156486177,0.04202307667119596,0.0,0.0,0.0,0.006824822383631191,0.0,0,0.0,0,0.8584927156486177,,,,,,,,,,,
9372,11/26/1992,0.676,1.596,11.000,5.054,1.596,0.0,3.458,0.0,0.0,0.0,0.8584927156486177,0.0,0.0,0.016103741919071494,0.8423889737295462,0.040760373098411275,0.0,0.0,0.0,0.006596188462721449,0.0,0,0.0,0,0.8423889737295462,,,,,,,,,,,
9373,11/27/1992,0.676,0.339,11.000,5.054,0.339,0.0,4.715,0.0,0.0,0.0,0.8423889737295462,0.0,0.0,0.015603435631579135,0.8267855380979671,0.039550885051470586,0.0,0.0,0.0,0.006378001090905877,0.0,0,0.0,0,0.8267855380979671,,,,,,,,,,,
9374,11/28/1992,0.676,0.058,11.000,5.054,0.058,0.0,4.996,0.0,0.0,0.0,0.8267855380979671,0.0,0.0,0.015124716054670112,0.8116608220432969,0.038391737584860676,0.0,0.0,0.0,0.006169658246711698,0.0,0,0.0,0,0.8116608220432969,,,,,,,,,,,
9375,11/29/1992,0.676,0.000,11.000,5.054,0.0,0.0,5.054,0.0,0.0,0.0,0.8116608220432969,0.0,0.0,0.014666396337039714,0.7969944257062572,0.037280244555764425,0.0,0.0,0.0,0.005970599634591271,0.0,0,0.0,0,0.7969944257062572,,,,,,,,,,,
9376,11/30/1992,0.676,0.003,11.000,5.054,0.003,0.0,5.051,0.0,0.0,0.0,0.7969944257062572,0.0,0.0,0.014227368629188684,0.7827670570770685,0.0362138940712578,0.0,0.0,0.0,0.005780303316175111,0.0,0,0.0,0,0.7827670570770685,,,,,,,,,,,
9377,12/1/1992,0.937,0.120,12.000,5.337,0.12,0.0,5.217,0.0,0.0,0.0,0.7827670570770685,0.0,0.0,0.013806597929335173,0.7689604591477334,0.035190335219742803,0.0,0.0,0.0,0.0055982826511410426,0.0,0,0.0,0,0.7689604591477334,,,,,,,,,,,
9378,12/2/1992,0.937,0.239,12.000,5.337,0.239,0.0,5.098,0.0,0.0,0.0,0.7689604591477334,0.0,0.0,0.013403116476949518,0.7555573426707839,0.03420736595925193,0.0,0.0,0.0,0.0054240835158603316,0.0,0,0.0,0,0.7555573426707839,,,,,,,,,,,
9379,12/3/1992,0.937,0.425,12.000,5.337,0.425,0.0,4.912,0.0,0.0,0.0,0.7555573426707839,0.0,0.0,0.013016018639242644,0.7425413240315413,0.03326292204925303,0.0,0.0,0.0,0.005257281771595958,0.0,0,0.0,0,0.7425413240315413,,,,,,,,,,,
9380,12/4/1992,0.937,0.071,12.000,5.337,0.071,0.0,5.266,0.0,0.0,0.0,0.7425413240315413,0.0,0.0,0.012644456241976484,0.7298968677895648,0.03235506692489299,0.0,0.0,0.0,0.005097480957194476,0.0,0,0.0,0,0.7298968677895648,,,,,,,,,,,
9381,12/5/1992,0.508,0.036,12.000,5.337,0.036,0.0,5.301,0.0,0.0,0.0,0.7298968677895648,0.0,0.0,0.012287634301272861,0.7176092334882919,0.03148198242346443,0.0,0.0,0.0,0.004944310183991239,0.0,0,0.0,0,0.7176092334882919,,,,,,,,,,,
9382,12/6/1992,0.508,0.005,12.000,5.337,0.005,0.0,5.332,0.0,0.0,0.0,0.7176092334882919,0.0,0.0,0.011944807117771527,0.7056644263705203,0.03064196028244977,0.0,0.0,0.0,0.004797422213090629,0.0,0,0.0,0,0.7056644263705203,,,,,,,,,,,
9383,12/7/1992,0.446,0.096,12.000,5.337,0.096,0.0,5.241,0.0,0.0,0.0,0.7056644263705203,0.0,0.0,0.011615274698610442,0.6940491516719098,0.029833394336955418,0.0,0.0,0.0,0.004656491697332421,0.0,0,0.0,0,0.6940491516719098,,,,,,,,,,,
9384,12/8/1992,0.446,0.024,12.000,5.337,0.024,0.0,5.313,0.0,0.0,0.0,0.6940491516719098,0.0,0.0,0.011298379476342662,0.6827507721955671,0.029054773351834824,0.0,0.0,0.0,0.004521213572150501,0.0,0,0.0,0,0.6827507721955671,,,,,,,,,,,
9385,12/9/1992,0.416,0.003,12.000,5.337,0.003,0.0,5.334,0.0,0.0,0.0,0.6827507721955671,0.0,0.0,0.010993503297125045,0.6717572688984421,0.028304674430434672,0.0,0.0,0.0,0.00439130158120329,0.0,0,0.0,0,0.6717572688984421,,,,,,,,,,,
9386,12/10/1992,0.387,0.049,12.000,5.337,0.049,0.0,5.287999999999999,0.0,0.0,0.0,0.6717572688984421,0.0,0.0,0.010700064653367355,0.6610572042450747,0.027581756947787937,0.0,0.0,0.0,0.004266486924134813,0.0,0,0.0,0,0.6610572042450747,,,,,,,,,,,
9387,12/11/1992,0.416,0.230,12.000,5.337,0.23,0.0,5.106999999999999,0.0,0.0,0.0,0.6610572042450747,0.0,0.0,0.01041751613856137,0.6506396881065134,0.02688475696131227,0.0,0.0,0.0,0.004146517015135334,0.0,0,0.0,0,0.6506396881065134,,,,,,,,,,,
9388,12/12/1992,0.416,0.000,12.000,5.337,0.0,0.0,5.337,0.0,0.0,0.0,0.6506396881065134,0.0,0.0,0.010145342104258163,0.6404943460022552,0.02621248205673167,0.0,0.0,0.0,0.004031154342132246,0.0,0,0.0,0,0.6404943460022552,,,,,,,,,,,
9389,12/13/1992,0.416,0.000,12.000,5.337,0.0,0.0,5.337,0.0,0.0,0.0,0.6404943460022552,0.0,0.0,0.009883056501161558,0.6306112895010936,0.02556380659109103,0.0,0.0,0.0,0.003920175417473319,0.0,0,0.0,0,0.6306112895010936,,,,,,,,,,,
9390,12/14/1992,0.416,0.069,12.000,5.337,0.069,0.0,5.268,0.0,0.0,0.0,0.6306112895010936,0.0,0.0,0.00963020088808725,0.6209810886130063,0.02493766729843856,0.0,0.0,0.0,0.0038133698118815633,0.0,0,0.0,0,0.6209810886130063,,,,,,,,,,,
9391,12/15/1992,0.416,0.000,12.000,5.337,0.0,0.0,5.337,0.0,0.0,0.0,0.6209810886130063,0.0,0.0,0.00938634259412556,0.6115947460188808,0.02433305922706128,0.0,0.0,0.0,0.0037105392642773826,0.0,0,0.0,0,0.6115947460188808,,,,,,,,,,,
9392,12/16/1992,0.416,0.021,12.000,5.337,0.021,0.0,5.316,0.0,0.0,0.0,0.6115947460188808,0.0,0.0,0.009151073020764434,0.6024436729981163,0.023749031980120183,0.0,0.0,0.0,0.0036114968607915457,0.0,0,0.0,0,0.6024436729981163,,,,,,,,,,,
9393,12/17/1992,0.416,0.074,12.000,5.337,0.074,0.0,5.263,0.0,0.0,0.0,0.6024436729981163,0.0,0.0,0.008924006071997401,0.5935196669261189,0.02318468623418353,0.0,0.0,0.0,0.0035160662769420266,0.0,0,0.0,0,0.5935196669261189,,,,,,,,,,,
9394,12/18/1992,0.416,0.000,12.000,5.337,0.0,0.0,5.337,0.0,0.0,0.0,0.5935196669261189,0.0,0.0,0.008704776701576461,0.5848148902245425,0.022639170512535306,0.0,0.0,0.0,0.0034240810775282445,0.0,0,0.0,0,0.5848148902245425,,,,,,,,,,,
9395,12/19/1992,0.416,0.420,12.000,5.337,0.42,0.0,4.917,0.0,0.0,0.0,0.5848148902245425,0.0,0.0,0.008493039567587042,0.5763218506569554,0.022111678192270386,0.0,0.0,0.0,0.003335384069315505,0.0,0,0.0,0,0.5763218506569554,,,,,,,,,,,
9396,12/20/1992,0.416,0.123,12.000,5.337,0.123,0.0,5.2139999999999995,0.0,0.0,0.0,0.5763218506569554,0.0,0.0,0.00828846778543494,0.5680333828715205,0.021601444726106672,0.0,0.0,0.0,0.003249826702047631,0.0,0,0.0,0,0.5680333828715205,,,,,,,,,,,
9397,12/21/1992,0.416,0.000,12.000,5.337,0.0,0.0,5.337,0.0,0.0,0.0,0.5680333828715205,0.0,0.0,0.008090751771154864,0.5599426311003657,0.02110774506157107,0.0,0.0,0.0,0.003167268513742835,0.0,0,0.0,0,0.5599426311003657,,,,,,,,,,,
9398,12/22/1992,0.416,0.000,12.000,5.337,0.0,0.0,5.337,0.0,0.0,0.0,0.5599426311003657,0.0,0.0,0.007899598167687323,0.5520430329326783,0.020629891241770323,0.0,0.0,0.0,0.0030875766166023576,0.0,0,0.0,0,0.5520430329326783,,,,,,,,,,,
9399,12/23/1992,0.387,0.000,12.000,5.337,0.0,0.0,5.337,0.0,0.0,0.0,0.5520430329326783,0.0,0.0,0.007714728847434102,0.5443283040852442,0.020167230173360126,0.0,0.0,0.0,0.00301062522019791,0.0,0,0.0,0,0.5443283040852442,,,,,,,,,,,
9400,12/24/1992,0.387,0.005,12.000,5.337,0.005,0.0,5.332,0.0,0.0,0.0,0.5443283040852442,0.0,0.0,0.00753587998500052,0.5367924241002437,0.01971914154859106,0.0,0.0,0.0,0.0029362951889067334,0.0,0,0.0,0,0.5367924241002437,,,,,,,,,,,
9401,12/25/1992,0.387,0.003,12.000,5.337,0.003,0.0,5.334,0.0,0.0,0.0,0.5367924241002437,0.0,0.0,0.00736280119457185,0.5294296229056719,0.019285035909452748,0.0,0.0,0.0,0.0028644736308357185,0.0,0,0.0,0,0.5294296229056719,,,,,,,,,,,
9402,12/26/1992,0.387,0.010,12.000,5.337,0.01,0.0,5.327,0.0,0.0,0.0,0.5294296229056719,0.0,0.0,0.007195254726858402,0.5222343681788134,0.0188643528429719,0.0,0.0,0.0,0.0027950535157219175,0.0,0,0.0,0,0.5222343681788134,,,,,,,,,,,
9403,12/27/1992,0.387,0.283,12.000,5.337,0.283,0.0,5.053999999999999,0.0,0.0,0.0,0.5222343681788134,0.0,0.0,0.0070330147209838705,0.5152013534578296,0.018456559297655734,0.0,0.0,0.0,0.0027279333195185857,0.0,0,0.0,0,0.5152013534578296,,,,,,,,,,,
9404,12/28/1992,0.387,0.000,12.000,5.337,0.0,0.0,5.337,0.0,0.0,0.0,0.5152013534578296,0.0,0.0,0.0068758665070897135,0.5083254869507399,0.01806114801191987,0.0,0.0,0.0,0.0026630166935763147,0.0,0,0.0,0,0.5083254869507399,,,,,,,,,,,
9405,12/29/1992,0.387,0.037,12.000,5.337,0.037,0.0,5.3,0.0,0.0,0.0,0.5083254869507399,0.0,0.0,0.006723605955789084,0.5016018809949507,0.01767763604610977,0.0,0.0,0.0,0.0026002121565100486,0.0,0,0.0,0,0.5016018809949507,,,,,,,,,,,
9406,12/30/1992,0.387,0.142,12.000,5.337,0.142,0.0,5.194999999999999,0.0,0.0,0.0,0.5016018809949507,0.0,0.0,0.006576038870930633,0.4950258421240201,0.017305563410422317,0.0,0.0,0.0,0.0025394328070067833,0.0,0,0.0,0,0.4950258421240201,,,,,,,,,,,
9407,12/31/1992,0.387,0.746,12.000,5.337,0.746,0.0,4.590999999999999,0.0,0.0,0.0,0.4950258421240201,0.0,0.0,0.006432980422429138,0.488592861701591,0.01694449178166909,0.0,0.0,0.0,0.0024805960559773476,0.0,0,0.0,0,0.488592861701591,,,,,,,,,,,
